sale_id,store_id,customer_id,user_id,invoice_number,sale_date,subtotal,discount,tax,total_amount,status
1,2,188,13,INV-000001,2026-09-22 12:31:00,123446.92,8593.67,20673.58,135526.83,COMPLETED
2,1,943,1,INV-000002,2026-04-21 19:42:00,296772.0,27502.84,48468.45,317737.61,CANCELLED
3,5,408,37,INV-000003,2026-05-27 18:08:00,102853.96,5903.65,17451.06,114401.37,COMPLETED
4,2,1000,14,INV-000004,2026-05-01 20:33:00,251745.55,7075.07,44040.68,288711.16,COMPLETED
5,2,435,14,INV-000005,2026-05-24 15:44:00,170827.3,12480.25,28502.47,186849.52,COMPLETED
6,4,201,30,INV-000006,2026-05-08 20:09:00,272665.97,13907.09,46576.6,305335.48,COMPLETED
7,3,860,22,INV-000007,2026-09-09 10:28:00,262110.66,10889.41,45219.82,296441.07,COMPLETED
8,3,333,21,INV-000008,2026-09-20 17:31:00,299726.49,25894.91,49289.69,323121.27,COMPLETED
9,2,325,13,INV-000009,2026-09-15 13:45:00,351969.44,27933.58,58326.46,382362.32,COMPLETED
10,2,964,13,INV-000010,2026-09-27 20:05:00,154779.79,9289.12,26188.32,171678.99,COMPLETED
11,1,269,1,INV-000011,2026-09-06 11:05:00,141944.67,10649.98,23633.05,154927.74,COMPLETED
12,5,562,37,INV-000012,2026-07-23 11:44:00,297697.16,22104.33,49606.72,325199.55,COMPLETED
13,5,353,34,INV-000013,2026-06-13 16:34:00,151238.08,17185.92,24129.39,158181.55,COMPLETED
14,4,612,29,INV-000014,2026-05-30 09:35:00,365122.56,26833.59,60892.02,399180.99,COMPLETED
15,2,292,13,INV-000015,2026-09-14 20:34:00,190991.32,5503.32,33387.84,218875.84,COMPLETED
16,3,156,17,INV-000016,2026-04-13 17:01:00,108290.42,6669.75,18291.72,119912.39,COMPLETED
17,4,351,26,INV-000017,2026-07-17 13:50:00,381521.18,5397.8,67702.21,443825.59,COMPLETED
18,4,125,25,INV-000018,2026-06-03 15:49:00,53898.05,3456.14,9079.53,59521.44,COMPLETED
19,5,260,33,INV-000019,2026-08-02 19:19:00,39491.44,4387.6,6318.69,41422.53,COMPLETED
20,1,814,2,INV-000020,2026-06-10 18:07:00,310393.49,13343.33,53469.03,350519.19,COMPLETED
21,3,719,18,INV-000021,2026-08-16 10:08:00,208732.52,18815.85,34185.0,224101.67,COMPLETED
22,4,556,29,INV-000022,2026-09-26 16:12:00,233694.73,9249.88,40400.07,264844.92,COMPLETED
23,2,635,9,INV-000023,2026-07-03 18:15:00,124945.44,11045.54,20501.99,134401.89,COMPLETED
24,1,45,1,INV-000024,2026-05-04 11:55:00,30086.26,1752.36,5100.1,33434.0,COMPLETED
25,4,51,29,INV-000025,2026-07-03 12:38:00,71378.28,5616.75,11837.08,77598.61,COMPLETED
26,1,572,5,INV-000026,2026-07-16 14:50:00,56043.99,3557.81,9447.51,61933.69,COMPLETED
27,2,104,9,INV-000027,2026-05-30 17:24:00,142778.86,9694.93,23955.11,157039.04,COMPLETED
28,5,691,37,INV-000028,2026-07-27 20:42:00,241414.66,19469.82,39950.07,261894.91,CANCELLED
29,3,783,22,INV-000029,2026-09-10 15:52:00,247740.86,11580.62,42508.85,278669.09,COMPLETED
30,5,531,33,INV-000030,2026-05-05 13:00:00,169362.05,7849.45,29072.26,190584.86,COMPLETED
31,3,911,21,INV-000031,2026-08-28 12:14:00,83177.43,6791.5,13749.46,90135.39,COMPLETED
32,3,749,17,INV-000032,2026-08-26 15:05:00,54150.87,2260.89,9340.2,61230.18,COMPLETED
33,1,766,2,INV-000033,2026-09-15 18:59:00,4960.32,32.22,887.06,5815.16,COMPLETED
34,5,335,34,INV-000034,2026-08-07 20:14:00,177357.48,19271.51,28455.47,186541.44,COMPLETED
35,2,85,13,INV-000035,2026-07-31 18:47:00,117945.76,3716.11,20561.34,134790.99,COMPLETED
36,2,493,10,INV-000036,2026-08-22 12:31:00,178680.75,9872.07,30385.57,199194.25,COMPLETED
37,2,353,13,INV-000037,2026-08-31 19:01:00,322524.46,15245.72,55310.18,362588.92,COMPLETED
38,1,972,2,INV-000038,2026-09-06 11:55:00,247212.1,8704.36,42931.39,281439.13,COMPLETED
39,4,712,26,INV-000039,2026-09-26 19:01:00,99001.54,1080.11,17625.86,115547.29,COMPLETED
40,1,300,1,INV-000040,2026-09-14 15:14:00,224012.6,12018.43,38158.96,250153.13,COMPLETED
41,4,763,30,INV-000041,2026-05-11 09:22:00,206136.05,21666.64,33204.49,217673.9,COMPLETED
42,3,156,18,INV-000042,2026-06-27 15:42:00,80813.32,4215.05,13787.69,90385.96,COMPLETED
43,5,460,37,INV-000043,2026-08-17 11:13:00,48183.57,4685.18,7829.71,51328.1,COMPLETED
44,2,326,10,INV-000044,2026-04-18 17:34:00,8406.75,846.92,1360.77,8920.6,COMPLETED
45,3,985,22,INV-000045,2026-07-15 13:28:00,199680.39,12789.97,33640.28,220530.7,COMPLETED
46,1,82,5,INV-000046,2026-09-24 16:08:00,278881.06,13786.62,47717.02,312811.46,COMPLETED
47,2,68,10,INV-000047,2026-05-16 16:55:00,234181.05,16984.66,39095.36,256291.75,COMPLETED
48,2,753,14,INV-000048,2026-04-11 17:24:00,582031.68,32020.93,99001.93,649012.68,COMPLETED
49,4,740,25,INV-000049,2026-08-07 10:11:00,304776.84,17037.07,51793.15,339532.92,COMPLETED
50,4,88,29,INV-000050,2026-08-13 20:24:00,184074.99,8475.37,31607.93,207207.55,COMPLETED
51,2,921,9,INV-000051,2026-05-04 12:00:00,576640.89,21544.68,99917.31,655013.52,COMPLETED
52,5,635,37,INV-000052,2026-09-08 17:52:00,89324.43,571.72,15975.49,104728.2,COMPLETED
53,1,112,1,INV-000053,2026-07-16 11:10:00,117909.12,12489.04,18975.62,124395.7,COMPLETED
54,1,864,6,INV-000054,2026-08-19 10:18:00,252437.13,15975.84,42563.03,279024.32,CANCELLED
55,5,496,33,INV-000055,2026-09-24 18:59:00,212935.63,18086.44,35072.86,229922.05,COMPLETED
56,2,726,10,INV-000056,2026-06-14 12:00:00,4717.92,354.1,785.49,5149.31,COMPLETED
57,5,424,38,INV-000057,2026-04-12 14:22:00,288290.31,16188.24,48978.38,321080.45,COMPLETED
58,2,339,10,INV-000058,2026-06-26 19:30:00,388389.33,27111.51,65030.01,426307.83,COMPLETED
59,3,214,17,INV-000059,2026-08-26 19:21:00,209676.94,14705.88,35094.79,230065.85,COMPLETED
60,3,727,21,INV-000060,2026-04-09 13:26:00,96380.1,4297.59,16574.85,108657.36,COMPLETED
61,5,180,37,INV-000061,2026-04-29 14:50:00,56938.1,6240.56,9125.56,59823.1,COMPLETED
62,4,195,26,INV-000062,2026-06-27 16:46:00,109012.11,3605.9,18973.12,124379.33,COMPLETED
63,4,106,25,INV-000063,2026-08-12 19:47:00,179898.99,7680.9,30999.25,203217.34,COMPLETED
64,1,153,5,INV-000064,2026-05-11 13:07:00,7458.41,184.89,1309.23,8582.75,COMPLETED
65,2,588,13,INV-000065,2026-06-02 11:04:00,95971.06,2426.98,16837.94,110382.02,COMPLETED
66,2,632,14,INV-000066,2026-07-01 13:21:00,187841.06,13635.44,31357.01,205562.63,COMPLETED
67,4,701,29,INV-000067,2026-09-12 20:49:00,394844.82,26562.02,66290.9,434573.7,COMPLETED
68,3,473,22,INV-000068,2026-05-14 13:49:00,109277.35,6816.03,18443.04,120904.36,COMPLETED
69,4,636,26,INV-000069,2026-06-02 17:10:00,299762.53,21948.43,50006.53,327820.63,COMPLETED
70,5,334,38,INV-000070,2026-08-21 10:52:00,115132.16,6542.2,19546.19,128136.15,COMPLETED
71,2,464,10,INV-000071,2026-08-15 13:24:00,187634.57,12612.17,31504.04,206526.44,COMPLETED
72,3,379,17,INV-000072,2026-08-19 09:00:00,371995.65,24332.49,62579.38,410242.54,COMPLETED
73,3,158,22,INV-000073,2026-06-13 19:08:00,182226.03,12325.15,30582.16,200483.04,CANCELLED
74,2,141,9,INV-000074,2026-09-12 15:55:00,459822.5,24641.16,78332.64,513513.98,COMPLETED
75,2,421,13,INV-000075,2026-08-18 18:23:00,127178.56,10757.51,20955.79,137376.84,COMPLETED
76,1,748,2,INV-000076,2026-08-13 13:29:00,152642.25,10196.25,25640.28,168086.28,COMPLETED
77,3,362,22,INV-000077,2026-06-15 13:10:00,118858.02,10368.77,19528.06,128017.31,COMPLETED
78,4,587,26,INV-000078,2026-04-14 19:18:00,227909.51,8037.34,39576.99,259449.16,COMPLETED
79,4,828,29,INV-000079,2026-05-15 13:50:00,62308.28,5119.88,10293.91,67482.31,COMPLETED
80,4,789,30,INV-000080,2026-07-08 12:42:00,157884.2,5851.57,27365.86,179398.49,COMPLETED
81,4,269,30,INV-000081,2026-05-08 17:55:00,317393.19,24571.61,52707.89,345529.47,COMPLETED
82,3,822,21,INV-000082,2026-04-26 13:41:00,195210.27,14020.48,32614.17,213803.96,COMPLETED
83,4,225,29,INV-000083,2026-06-12 13:12:00,1179.48,8.05,210.86,1382.29,COMPLETED
84,1,89,1,INV-000084,2026-09-02 11:24:00,256743.71,11094.22,44216.91,289866.4,COMPLETED
85,1,398,6,INV-000085,2026-06-25 09:16:00,58950.16,5347.84,9648.42,63250.74,COMPLETED
86,5,935,33,INV-000086,2026-07-23 20:16:00,9902.75,83.67,1767.43,11586.51,COMPLETED
87,4,669,26,INV-000087,2026-09-11 09:59:00,131376.4,4200.42,22891.68,150067.66,COMPLETED
88,1,490,6,INV-000088,2026-07-21 15:54:00,9649.9,3.83,1736.29,11382.36,COMPLETED
89,5,342,37,INV-000089,2026-09-22 13:25:00,38305.79,1679.43,6592.74,43219.1,COMPLETED
90,4,664,29,INV-000090,2026-05-22 11:35:00,43733.72,1568.49,7589.74,49754.97,COMPLETED
91,3,87,22,INV-000091,2026-09-09 16:47:00,83923.34,3795.08,14423.09,94551.35,COMPLETED
92,5,990,38,INV-000092,2026-04-05 09:21:00,21959.44,1068.57,3760.36,24651.23,COMPLETED
93,5,759,34,INV-000093,2026-08-27 12:59:00,63589.28,3730.62,10774.56,70633.22,COMPLETED
94,2,177,9,INV-000094,2026-09-09 09:57:00,105603.55,6225.97,17887.96,117265.54,COMPLETED
95,2,346,14,INV-000095,2026-09-21 15:20:00,86501.1,3338.15,14969.33,98132.28,COMPLETED
96,1,344,2,INV-000096,2026-04-17 10:17:00,50407.94,2997.39,8533.9,55944.45,COMPLETED
97,1,797,6,INV-000097,2026-05-11 09:56:00,122210.89,6432.36,20840.13,136618.66,COMPLETED
98,2,626,10,INV-000098,2026-09-25 09:38:00,156275.98,6915.73,26884.85,176245.1,COMPLETED
99,1,634,1,INV-000099,2026-07-02 17:32:00,74033.8,2451.37,12884.84,84467.27,COMPLETED
100,2,687,10,INV-000100,2026-04-12 09:41:00,96970.31,4976.54,16558.88,108552.65,COMPLETED
101,5,73,33,INV-000101,2026-05-31 20:28:00,163503.43,9106.12,27791.52,182188.83,COMPLETED
102,4,222,26,INV-000102,2026-09-04 16:11:00,94206.3,3719.88,16287.55,106773.97,COMPLETED
103,4,779,26,INV-000103,2026-06-27 12:56:00,251519.5,19114.32,41832.94,274238.12,COMPLETED
104,4,15,29,INV-000104,2026-07-19 20:55:00,25855.0,2668.95,4173.49,27359.54,COMPLETED
105,1,752,6,INV-000105,2026-08-08 09:27:00,260151.23,19008.31,43405.72,284548.64,COMPLETED
106,4,166,29,INV-000106,2026-09-28 16:54:00,108764.96,7884.13,18158.54,119039.37,COMPLETED
107,4,715,29,INV-000107,2026-09-04 17:36:00,152238.1,13130.16,25039.43,164147.37,COMPLETED
108,1,393,1,INV-000108,2026-07-03 16:39:00,107221.32,2255.09,18893.92,123860.15,COMPLETED
109,2,343,10,INV-000109,2026-06-01 17:07:00,266634.32,13623.73,45541.91,298552.5,COMPLETED
110,4,482,25,INV-000110,2026-08-15 19:52:00,114075.13,8299.06,19039.69,124815.76,COMPLETED
111,2,534,10,INV-000111,2026-09-08 09:18:00,165108.17,7243.22,28415.7,186280.65,COMPLETED
112,5,672,37,INV-000112,2026-09-13 14:31:00,416813.91,28662.35,69867.28,458018.84,COMPLETED
113,3,467,21,INV-000113,2026-05-13 18:59:00,62519.5,2232.46,10851.66,71138.7,COMPLETED
114,2,43,9,INV-000114,2026-06-21 18:08:00,102327.47,6071.67,17326.04,113581.84,COMPLETED
115,4,971,26,INV-000115,2026-07-27 14:09:00,44404.59,3448.87,7372.03,48327.75,COMPLETED
116,5,819,34,INV-000116,2026-08-23 20:58:00,229656.94,20251.87,37692.92,247097.99,COMPLETED
117,3,623,17,INV-000117,2026-09-12 12:37:00,244709.5,14651.76,41410.39,271468.13,COMPLETED
118,3,152,22,INV-000118,2026-07-19 14:24:00,181163.45,11394.8,30558.36,200327.01,COMPLETED
119,4,168,29,INV-000119,2026-07-18 20:57:00,266027.8,6153.99,46777.29,306651.1,COMPLETED
120,2,728,14,INV-000120,2026-08-24 11:12:00,98248.3,7204.59,16387.87,107431.58,COMPLETED
121,5,230,38,INV-000121,2026-04-07 09:09:00,228023.69,14760.67,38387.35,251650.37,COMPLETED
122,3,994,22,INV-000122,2026-04-18 18:47:00,126305.57,12631.18,20461.39,134135.78,COMPLETED
123,3,596,18,INV-000123,2026-04-15 11:20:00,350275.62,14204.91,60492.72,396563.43,COMPLETED
124,2,614,9,INV-000124,2026-05-13 17:20:00,182120.01,13986.5,30264.04,198397.55,COMPLETED
125,4,349,30,INV-000125,2026-05-12 10:13:00,26685.52,1617.6,4512.22,29580.14,COMPLETED
126,2,492,9,INV-000126,2026-06-29 13:44:00,155827.87,1612.65,27758.74,181973.96,COMPLETED
127,2,129,13,INV-000127,2026-05-24 11:05:00,225812.33,15976.82,37770.39,247605.9,COMPLETED
128,1,45,5,INV-000128,2026-04-17 13:42:00,5562.52,522.23,907.25,5947.54,COMPLETED
129,2,687,10,INV-000129,2026-06-29 09:05:00,65578.32,4601.12,10975.9,71953.1,COMPLETED
130,5,102,33,INV-000130,2026-08-27 09:33:00,80793.43,6060.17,13451.99,88185.25,COMPLETED
131,5,376,38,INV-000131,2026-09-26 18:11:00,308260.84,12953.55,53155.31,348462.6,COMPLETED
132,3,571,21,INV-000132,2026-04-11 10:20:00,286542.14,8998.51,49957.86,327501.49,COMPLETED
133,3,14,18,INV-000133,2026-09-20 16:43:00,138269.6,8672.2,23327.53,152924.93,COMPLETED
134,4,712,30,INV-000134,2026-08-30 10:47:00,194600.88,4204.44,34271.36,224667.8,COMPLETED
135,5,775,37,INV-000135,2026-09-12 15:22:00,352752.45,10754.22,61559.69,403557.92,COMPLETED
136,1,511,1,INV-000136,2026-09-21 09:11:00,218282.58,16980.36,36234.41,237536.63,COMPLETED
137,3,976,17,INV-000137,2026-04-09 15:56:00,87467.44,3301.64,15149.84,99315.64,COMPLETED
138,1,571,2,INV-000138,2026-09-16 13:56:00,201587.62,11177.37,34273.85,224684.1,COMPLETED
139,5,488,38,INV-000139,2026-08-22 11:32:00,138469.83,8219.98,23444.97,153694.82,CANCELLED
140,5,785,37,INV-000140,2026-06-12 14:03:00,37157.0,571.61,6585.37,43170.76,COMPLETED
141,3,100,22,INV-000141,2026-07-19 14:22:00,170098.08,11147.74,28611.05,187561.39,COMPLETED
142,4,582,30,INV-000142,2026-08-10 15:17:00,160240.6,11306.37,26808.16,175742.39,CANCELLED
143,4,331,30,INV-000143,2026-08-25 10:51:00,254188.41,8201.02,44277.74,290265.13,COMPLETED
144,5,295,34,INV-000144,2026-06-07 09:19:00,307226.11,15625.79,52488.06,344088.38,COMPLETED
145,3,680,22,INV-000145,2026-08-17 14:12:00,207404.64,18571.06,33990.04,222823.62,COMPLETED
146,5,958,38,INV-000146,2026-08-23 20:40:00,59031.48,2580.44,10161.19,66612.23,COMPLETED
147,3,421,22,INV-000147,2026-06-21 10:40:00,50286.97,3287.07,8459.98,55459.88,COMPLETED
148,1,197,2,INV-000148,2026-04-08 12:51:00,277488.98,9823.72,48179.75,315845.01,COMPLETED
149,5,660,34,INV-000149,2026-04-11 20:31:00,37893.41,1427.39,6563.88,43029.9,COMPLETED
150,4,688,29,INV-000150,2026-09-16 10:25:00,57449.98,3525.55,9706.4,63630.83,COMPLETED
151,3,853,21,INV-000151,2026-08-28 20:24:00,130067.38,2678.69,22929.97,150318.66,COMPLETED
152,5,503,33,INV-000152,2026-08-15 14:44:00,43777.8,2494.57,7430.98,48714.21,COMPLETED
153,2,487,13,INV-000153,2026-07-04 13:01:00,163365.4,11320.12,27368.14,179413.42,COMPLETED
154,1,950,6,INV-000154,2026-06-05 13:05:00,53292.14,5792.9,8549.86,56049.1,COMPLETED
155,1,888,5,INV-000155,2026-04-21 16:30:00,244384.21,18221.91,40709.21,266871.51,COMPLETED
156,1,657,1,INV-000156,2026-09-12 11:40:00,306826.66,10687.04,53305.14,349444.76,COMPLETED
157,5,812,38,INV-000157,2026-06-21 16:30:00,133361.98,12162.75,21815.86,143015.09,COMPLETED
158,4,22,26,INV-000158,2026-04-06 17:41:00,315256.67,11417.15,54691.11,358530.63,COMPLETED
159,5,792,38,INV-000159,2026-07-26 19:31:00,86028.0,1967.06,15130.97,99191.91,COMPLETED
160,4,134,30,INV-000160,2026-07-20 12:38:00,107189.78,8515.85,17761.31,116435.24,COMPLETED
161,5,930,38,INV-000161,2026-06-03 14:37:00,277027.39,21105.23,46065.99,301988.15,COMPLETED
162,2,931,14,INV-000162,2026-06-30 18:42:00,204095.23,13345.26,34335.0,225084.97,COMPLETED
163,3,136,22,INV-000163,2026-04-23 14:45:00,354637.35,33476.58,57808.95,378969.72,COMPLETED
164,3,915,22,INV-000164,2026-05-13 14:47:00,322961.78,2446.28,57692.79,378208.29,COMPLETED
165,4,453,25,INV-000165,2026-07-01 20:35:00,63161.79,2411.47,10935.06,71685.38,COMPLETED
166,1,427,2,INV-000166,2026-04-20 12:49:00,96086.93,3842.82,16603.94,108848.05,COMPLETED
167,3,338,17,INV-000167,2026-04-12 19:39:00,128749.72,6889.49,21934.84,143795.07,COMPLETED
168,4,183,29,INV-000168,2026-06-01 15:05:00,23545.72,460.39,4155.36,27240.69,COMPLETED
169,2,306,9,INV-000169,2026-08-04 15:47:00,141205.13,9712.94,23668.6,155160.79,COMPLETED
170,5,93,38,INV-000170,2026-07-18 14:39:00,214888.13,14536.54,36063.29,236414.88,COMPLETED
171,4,298,25,INV-000171,2026-07-29 15:05:00,298848.79,16716.35,50783.85,332916.29,COMPLETED
172,4,364,29,INV-000172,2026-06-05 18:05:00,326562.32,25139.92,54256.03,355678.43,COMPLETED
173,2,190,10,INV-000173,2026-04-21 20:38:00,170663.71,9420.76,29023.73,190266.68,COMPLETED
174,5,311,38,INV-000174,2026-09-06 18:23:00,165248.9,5824.15,28696.46,188121.21,COMPLETED
175,5,89,34,INV-000175,2026-06-17 16:09:00,183794.44,13686.19,30619.48,200727.73,COMPLETED
176,3,106,17,INV-000176,2026-09-09 20:27:00,203825.71,5222.6,35748.55,234351.66,COMPLETED
177,1,915,5,INV-000177,2026-09-13 15:56:00,191552.77,8693.54,32914.66,215773.89,COMPLETED
178,3,135,22,INV-000178,2026-06-15 20:45:00,198070.67,16618.81,32661.34,214113.2,COMPLETED
179,5,104,38,INV-000179,2026-07-16 16:19:00,74593.92,7954.84,11995.04,78634.12,COMPLETED
180,5,827,33,INV-000180,2026-04-17 14:27:00,36572.16,529.66,6487.65,42530.15,COMPLETED
181,3,789,17,INV-000181,2026-08-21 13:57:00,163010.94,15498.44,26552.25,174064.75,COMPLETED
182,5,844,33,INV-000182,2026-08-22 09:32:00,16510.19,1725.39,2661.26,17446.06,COMPLETED
183,3,781,22,INV-000183,2026-08-08 16:46:00,33142.26,1330.76,5726.07,37537.57,COMPLETED
184,4,252,25,INV-000184,2026-07-31 14:18:00,289440.28,17719.58,48909.73,320630.43,COMPLETED
185,4,789,26,INV-000185,2026-04-03 20:51:00,179331.67,13417.19,29864.61,195779.09,COMPLETED
186,3,9,21,INV-000186,2026-06-11 17:39:00,83020.72,6825.94,13715.06,89909.84,COMPLETED
187,2,87,13,INV-000187,2026-04-10 17:21:00,176839.68,6107.35,30731.81,201464.14,COMPLETED
188,3,518,22,INV-000188,2026-04-29 20:03:00,180308.37,4803.52,31590.88,207095.73,CANCELLED
189,5,359,34,INV-000189,2026-06-16 13:42:00,244936.6,8416.03,42573.69,279094.26,COMPLETED
190,2,80,14,INV-000190,2026-07-04 19:33:00,561322.32,49647.35,92101.5,603776.47,COMPLETED
191,5,497,34,INV-000191,2026-07-27 11:45:00,457791.7,33880.71,76303.98,500214.97,COMPLETED
192,5,121,34,INV-000192,2026-07-05 13:23:00,288773.48,11386.46,49929.66,327316.68,COMPLETED
193,1,70,5,INV-000193,2026-04-12 15:30:00,166301.22,7593.93,28567.32,187274.61,COMPLETED
194,2,348,14,INV-000194,2026-08-17 09:42:00,131005.65,9990.68,21782.7,142797.67,COMPLETED
195,5,769,34,INV-000195,2026-07-31 17:57:00,89106.76,10290.51,14186.92,93003.17,COMPLETED
196,5,87,38,INV-000196,2026-08-15 18:20:00,143787.78,5466.25,24897.88,163219.41,COMPLETED
197,2,262,10,INV-000197,2026-04-23 11:19:00,349355.18,21430.98,59026.36,386950.56,COMPLETED
198,2,771,10,INV-000198,2026-08-31 18:15:00,165112.46,5643.5,28704.41,188173.37,COMPLETED
199,5,253,33,INV-000199,2026-08-21 19:50:00,20832.92,1136.7,3545.32,23241.54,COMPLETED
200,2,985,14,INV-000200,2026-08-21 16:02:00,42926.36,4950.86,6835.59,44811.09,COMPLETED
201,1,280,6,INV-000201,2026-09-01 13:53:00,256854.73,17103.75,43155.17,282906.15,CANCELLED
202,4,626,26,INV-000202,2026-08-08 14:56:00,198608.18,13113.4,33389.06,218883.84,COMPLETED
203,1,5,6,INV-000203,2026-04-03 19:11:00,281811.85,23458.74,46503.55,304856.66,COMPLETED
204,5,397,37,INV-000204,2026-05-16 20:00:00,110713.17,12438.6,17689.42,115963.99,COMPLETED
205,1,697,5,INV-000205,2026-07-01 12:05:00,314861.62,23021.78,52531.18,344371.02,COMPLETED
206,5,676,34,INV-000206,2026-08-23 19:43:00,259510.74,17145.48,43625.75,285991.01,COMPLETED
207,1,443,5,INV-000207,2026-07-14 13:07:00,300951.36,10731.66,52239.54,342459.24,COMPLETED
208,2,981,14,INV-000208,2026-04-20 12:12:00,18282.75,687.65,3167.11,20762.21,COMPLETED
209,3,254,21,INV-000209,2026-04-28 16:15:00,159670.38,12535.57,26484.27,173619.08,COMPLETED
210,1,387,1,INV-000210,2026-06-20 20:04:00,220278.84,1543.58,39372.35,258107.61,COMPLETED
211,4,99,30,INV-000211,2026-09-06 15:14:00,253727.61,17270.57,42562.26,279019.3,COMPLETED
212,1,927,2,INV-000212,2026-08-25 11:40:00,276676.75,13430.14,47384.39,310631.0,COMPLETED
213,4,618,29,INV-000213,2026-06-27 13:23:00,76075.88,523.26,13599.47,89152.09,COMPLETED
214,3,1000,18,INV-000214,2026-05-22 19:58:00,134671.19,7136.57,22956.23,150490.85,CANCELLED
215,5,873,37,INV-000215,2026-08-27 18:21:00,213221.27,15373.29,35612.65,233460.63,COMPLETED
216,4,410,26,INV-000216,2026-05-18 09:23:00,111595.41,401.98,20014.82,131208.25,COMPLETED
217,2,45,13,INV-000217,2026-04-08 12:12:00,112058.6,8050.77,18721.41,122729.24,COMPLETED
218,1,852,1,INV-000218,2026-09-21 11:24:00,43918.88,1607.81,7615.99,49927.06,COMPLETED
219,2,900,14,INV-000219,2026-04-17 10:09:00,139160.94,5505.99,24057.89,157712.84,COMPLETED
220,1,875,2,INV-000220,2026-08-16 13:50:00,13962.47,1145.35,2307.08,15124.2,COMPLETED
221,1,810,6,INV-000221,2026-09-17 18:04:00,311869.88,11484.03,54069.46,354455.31,COMPLETED
222,4,275,30,INV-000222,2026-08-27 15:40:00,302057.38,15221.73,51630.42,338466.07,COMPLETED
223,4,236,29,INV-000223,2026-08-28 09:29:00,184084.08,6411.24,31981.12,209653.96,COMPLETED
224,3,101,18,INV-000224,2026-05-01 10:23:00,24498.78,981.2,4233.16,27750.74,COMPLETED
225,3,723,18,INV-000225,2026-09-02 11:54:00,272050.7,25173.82,44437.85,291314.73,COMPLETED
226,5,740,38,INV-000226,2026-07-28 14:50:00,6572.16,338.17,1122.12,7356.11,COMPLETED
227,4,874,30,INV-000227,2026-08-21 09:23:00,97134.82,4296.63,16710.87,109549.06,COMPLETED
228,2,436,14,INV-000228,2026-09-23 15:48:00,199958.67,17452.88,32851.05,215356.84,COMPLETED
229,4,337,25,INV-000229,2026-08-24 16:40:00,209159.14,810.26,37502.8,245851.68,COMPLETED
230,2,676,13,INV-000230,2026-08-13 10:29:00,8312.81,171.4,1465.45,9606.86,COMPLETED
231,2,133,9,INV-000231,2026-08-16 15:30:00,93548.68,1458.6,16576.21,108666.29,COMPLETED
232,4,619,26,INV-000232,2026-08-26 13:37:00,24110.07,1802.18,4015.42,26323.31,COMPLETED
233,2,933,13,INV-000233,2026-08-24 16:29:00,338122.08,18125.79,57599.33,377595.62,COMPLETED
234,4,716,26,INV-000234,2026-08-24 10:25:00,68604.52,2253.87,11943.12,78293.77,COMPLETED
235,1,931,2,INV-000235,2026-08-05 15:48:00,187837.51,9143.95,32164.84,210858.4,COMPLETED
236,1,257,1,INV-000236,2026-04-30 20:58:00,44490.87,2536.9,7551.71,49505.68,COMPLETED
237,4,862,29,INV-000237,2026-05-12 11:53:00,36965.82,786.2,6512.33,42691.95,COMPLETED
238,1,694,1,INV-000238,2026-06-09 11:28:00,95087.95,6128.69,16012.67,104971.93,COMPLETED
239,3,54,22,INV-000239,2026-09-01 09:03:00,181280.69,5343.42,31668.71,207605.98,COMPLETED
240,1,742,2,INV-000240,2026-05-13 09:26:00,213894.93,11079.88,36506.72,239321.77,COMPLETED
241,2,226,14,INV-000241,2026-04-17 19:52:00,79827.19,4914.4,13484.3,88397.09,COMPLETED
242,1,647,5,INV-000242,2026-09-26 15:43:00,139360.22,14745.18,22430.71,147045.75,COMPLETED
243,5,516,34,INV-000243,2026-08-29 20:00:00,157177.61,13763.18,25814.6,169229.03,COMPLETED
244,3,304,22,INV-000244,2026-05-22 11:24:00,202732.26,19654.14,32954.06,216032.18,COMPLETED
245,1,664,6,INV-000245,2026-06-13 09:14:00,57494.55,5385.71,9379.59,61488.43,COMPLETED
246,4,67,25,INV-000246,2026-08-04 10:12:00,2480.16,279.25,396.16,2597.07,COMPLETED
247,5,242,34,INV-000247,2026-08-08 10:27:00,54143.02,2302.2,9331.35,61172.17,COMPLETED
248,4,172,30,INV-000248,2026-07-30 16:27:00,345771.43,20384.3,58569.68,383956.81,COMPLETED
249,3,291,22,INV-000249,2026-07-06 17:38:00,318295.87,11154.81,55285.39,362426.45,CANCELLED
250,3,502,22,INV-000250,2026-06-18 19:37:00,18322.11,2182.1,2905.2,19045.21,COMPLETED
251,4,790,29,INV-000251,2026-06-29 17:45:00,289284.23,23500.59,47841.05,313624.69,COMPLETED
252,5,967,38,INV-000252,2026-09-22 11:16:00,91785.26,1414.24,16266.78,106637.8,COMPLETED
253,5,531,33,INV-000253,2026-05-19 15:10:00,337290.88,26850.07,55879.34,366320.15,COMPLETED
254,4,7,29,INV-000254,2026-05-14 16:00:00,67211.84,4234.04,11336.0,74313.8,COMPLETED
255,2,191,13,INV-000255,2026-09-28 11:12:00,100635.98,3003.74,17573.8,115206.04,COMPLETED
256,2,301,9,INV-000256,2026-04-22 15:07:00,170910.87,10775.78,28824.31,188959.4,COMPLETED
257,2,385,9,INV-000257,2026-09-02 17:48:00,239469.66,18550.95,39765.37,260684.08,COMPLETED
258,4,626,30,INV-000258,2026-04-15 14:55:00,222710.34,17081.31,37013.22,242642.25,COMPLETED
259,2,463,13,INV-000259,2026-09-06 19:42:00,241828.52,18650.35,40172.08,263350.25,COMPLETED
260,5,357,33,INV-000260,2026-07-19 16:42:00,58269.16,2054.78,10118.59,66332.97,COMPLETED
261,5,131,33,INV-000261,2026-08-06 10:19:00,206191.28,11766.97,34996.38,229420.69,COMPLETED
262,3,737,18,INV-000262,2026-06-05 19:30:00,65688.2,7273.55,10514.64,68929.29,COMPLETED
263,3,955,18,INV-000263,2026-08-26 18:04:00,113726.34,8601.59,18922.46,124047.21,COMPLETED
264,3,763,18,INV-000264,2026-04-30 18:23:00,50377.52,3382.7,8459.06,55453.88,COMPLETED
265,4,328,30,INV-000265,2026-07-03 19:59:00,78405.52,2006.5,13751.82,90150.84,COMPLETED
266,3,512,18,INV-000266,2026-09-22 16:09:00,287602.92,19166.54,48318.54,316754.92,COMPLETED
267,3,848,18,INV-000267,2026-05-24 20:59:00,60898.85,6299.18,9827.94,64427.61,COMPLETED
268,2,562,9,INV-000268,2026-07-10 14:27:00,362732.02,15042.7,62584.08,410273.4,COMPLETED
269,3,671,22,INV-000269,2026-05-12 18:08:00,135404.29,6333.93,23232.67,152303.03,CANCELLED
270,2,974,14,INV-000270,2026-07-19 19:53:00,171565.61,4120.37,30140.14,197585.38,COMPLETED
271,4,643,26,INV-000271,2026-07-13 12:02:00,137209.04,8045.27,23249.48,152413.25,COMPLETED
272,4,797,25,INV-000272,2026-07-28 19:24:00,250602.85,7853.28,43694.92,286444.49,COMPLETED
273,5,281,38,INV-000273,2026-09-25 20:06:00,262777.46,9798.86,45536.15,298514.75,COMPLETED
274,5,772,33,INV-000274,2026-05-24 19:57:00,68225.72,43.59,12272.78,80454.91,COMPLETED
275,1,589,2,INV-000275,2026-05-23 19:10:00,101676.0,10388.64,16431.72,107719.08,COMPLETED
276,3,990,21,INV-000276,2026-08-18 11:27:00,3104.91,17.2,555.79,3643.5,COMPLETED
277,5,144,38,INV-000277,2026-08-26 16:44:00,135787.99,6299.48,23307.93,152796.44,COMPLETED
278,5,606,34,INV-000278,2026-07-01 13:08:00,341103.4,25907.94,56735.19,371930.65,COMPLETED
279,2,578,13,INV-000279,2026-09-16 19:52:00,378621.58,20831.7,64402.17,422192.05,COMPLETED
280,3,150,21,INV-000280,2026-05-28 13:00:00,23945.68,1087.99,4114.38,26972.07,COMPLETED
281,5,603,37,INV-000281,2026-08-04 10:33:00,97893.85,5978.11,16544.83,108460.57,COMPLETED
282,5,489,38,INV-000282,2026-08-30 11:16:00,86501.1,6825.59,14341.59,94017.1,COMPLETED
283,3,695,18,INV-000283,2026-09-03 15:45:00,237301.55,14596.24,40086.95,262792.26,COMPLETED
284,1,79,1,INV-000284,2026-06-01 10:10:00,357976.61,29766.23,59077.88,387288.26,COMPLETED
285,4,251,29,INV-000285,2026-09-17 17:43:00,413233.6,27122.56,69499.99,455611.03,COMPLETED
286,5,298,33,INV-000286,2026-06-16 16:18:00,190932.87,13867.75,31871.72,208936.84,COMPLETED
287,3,631,17,INV-000287,2026-07-27 14:19:00,143317.17,4690.69,24952.77,163579.25,COMPLETED
288,1,8,6,INV-000288,2026-05-10 19:16:00,194427.74,16820.46,31969.31,209576.59,COMPLETED
289,4,166,30,INV-000289,2026-05-06 14:47:00,340084.05,17821.89,58007.19,380269.35,COMPLETED
290,3,432,17,INV-000290,2026-08-04 17:31:00,111086.08,3682.44,19332.65,126736.29,COMPLETED
291,2,513,13,INV-000291,2026-04-04 19:15:00,121083.45,6243.04,20671.27,135511.68,COMPLETED
292,4,289,29,INV-000292,2026-08-03 10:48:00,177007.18,6928.66,30614.14,200692.66,COMPLETED
293,5,194,34,INV-000293,2026-08-30 19:40:00,160673.16,17186.0,25827.69,169314.85,COMPLETED
294,5,94,34,INV-000294,2026-04-14 15:26:00,187111.98,11145.03,31674.04,207640.99,COMPLETED
295,1,54,1,INV-000295,2026-09-17 20:20:00,93032.05,9069.37,15113.29,99075.97,COMPLETED
296,3,115,21,INV-000296,2026-04-25 19:00:00,176302.34,4114.71,30993.78,203181.41,COMPLETED
297,5,198,34,INV-000297,2026-09-28 16:59:00,114960.84,4158.96,19944.34,130746.22,COMPLETED
298,2,131,9,INV-000298,2026-05-20 15:35:00,290558.72,26613.4,47510.16,311455.48,COMPLETED
299,5,171,33,INV-000299,2026-09-01 13:44:00,36293.43,3280.93,5942.25,38954.75,COMPLETED
300,4,576,30,INV-000300,2026-07-09 15:38:00,127959.15,8059.94,21581.86,141481.07,COMPLETED
301,2,726,13,INV-000301,2026-06-08 17:07:00,113788.96,6151.05,19374.83,127012.74,COMPLETED
302,1,844,2,INV-000302,2026-05-24 17:07:00,94977.39,7210.87,15797.97,103564.49,CANCELLED
303,3,970,17,INV-000303,2026-09-28 17:16:00,81136.59,4107.05,13865.32,90894.86,COMPLETED
304,3,263,18,INV-000304,2026-04-05 17:42:00,307123.25,18320.67,51984.46,340787.04,COMPLETED
305,2,96,14,INV-000305,2026-08-05 11:29:00,150291.42,15070.11,24339.84,159561.15,COMPLETED
306,3,907,18,INV-000306,2026-05-16 15:43:00,292117.43,15931.77,49713.42,325899.08,COMPLETED
307,1,255,2,INV-000307,2026-04-22 13:09:00,403847.69,35874.21,66235.24,434208.72,COMPLETED
308,3,22,17,INV-000308,2026-04-12 10:34:00,213573.0,4770.82,37584.4,246386.58,COMPLETED
309,4,504,25,INV-000309,2026-05-14 10:14:00,52370.34,479.44,9340.36,61231.26,COMPLETED
310,1,620,1,INV-000310,2026-05-09 11:27:00,371684.79,25886.03,62243.78,408042.54,COMPLETED
311,1,797,2,INV-000311,2026-09-15 11:20:00,194737.5,18820.04,31665.14,207582.6,COMPLETED
312,1,131,5,INV-000312,2026-05-17 15:22:00,109931.64,3148.84,19220.91,126003.71,COMPLETED
313,5,394,34,INV-000313,2026-04-22 18:45:00,195010.44,13484.39,32674.69,214200.74,COMPLETED
314,1,934,1,INV-000314,2026-06-29 14:54:00,127979.24,10111.05,21216.27,139084.46,COMPLETED
315,2,986,9,INV-000315,2026-09-26 20:09:00,135873.3,2854.13,23943.45,156962.62,COMPLETED
316,1,583,1,INV-000316,2026-07-16 11:48:00,128063.57,8474.23,21526.08,141115.42,COMPLETED
317,1,114,5,INV-000317,2026-05-10 09:56:00,74930.9,4525.49,12672.97,83078.38,COMPLETED
318,4,942,29,INV-000318,2026-08-25 17:19:00,77567.78,3328.24,13363.12,87602.66,CANCELLED
319,2,411,10,INV-000319,2026-09-06 09:14:00,266144.65,16995.44,44846.86,293996.07,COMPLETED
320,3,107,17,INV-000320,2026-04-20 14:38:00,109226.16,6191.73,18546.2,121580.63,COMPLETED
321,1,276,2,INV-000321,2026-04-22 18:36:00,70902.44,388.66,12692.48,83206.26,COMPLETED
322,3,982,21,INV-000322,2026-07-11 17:12:00,121579.21,9252.19,20218.86,132545.88,COMPLETED
323,4,601,30,INV-000323,2026-04-10 13:10:00,64418.69,7142.27,10309.76,67586.18,COMPLETED
324,2,987,10,INV-000324,2026-08-07 17:46:00,408272.49,20872.73,69731.96,457131.72,COMPLETED
325,1,785,2,INV-000325,2026-06-19 17:55:00,48190.05,2630.07,8200.8,53760.78,COMPLETED
326,1,591,5,INV-000326,2026-07-03 14:05:00,20062.84,621.01,3499.53,22941.36,COMPLETED
327,4,963,26,INV-000327,2026-05-02 18:31:00,107221.32,5158.71,18371.27,120433.88,COMPLETED
328,3,383,21,INV-000328,2026-04-22 19:26:00,148703.15,7607.97,25397.13,166492.31,COMPLETED
329,4,358,25,INV-000329,2026-07-29 16:41:00,263056.95,17738.43,44157.33,289475.85,COMPLETED
330,4,559,25,INV-000330,2026-05-10 16:09:00,12021.01,1305.39,1928.81,12644.43,COMPLETED
331,2,217,9,INV-000331,2026-04-06 19:27:00,59876.54,2457.78,10335.37,67754.13,COMPLETED
332,2,189,13,INV-000332,2026-04-14 10:57:00,238425.42,13964.37,40402.98,264864.03,COMPLETED
333,1,80,2,INV-000333,2026-09-18 18:39:00,234170.77,14896.82,39469.31,258743.26,COMPLETED
334,4,534,29,INV-000334,2026-04-01 16:53:00,7963.7,344.44,1371.47,8990.73,COMPLETED
335,4,357,26,INV-000335,2026-05-24 12:43:00,332351.51,23077.71,55669.28,364943.08,COMPLETED
336,2,439,14,INV-000336,2026-07-05 11:35:00,231496.42,11702.08,39562.98,259357.32,COMPLETED
337,4,684,25,INV-000337,2026-06-14 15:13:00,184807.88,13383.93,30856.31,202280.26,COMPLETED
338,4,963,25,INV-000338,2026-07-05 12:32:00,185338.15,14825.83,30692.22,201204.54,COMPLETED
339,2,861,13,INV-000339,2026-08-11 20:38:00,447188.68,19416.18,76999.05,504771.55,COMPLETED
340,4,413,26,INV-000340,2026-06-21 17:10:00,265877.32,25785.84,43216.46,283307.94,COMPLETED
341,4,644,25,INV-000341,2026-08-30 11:01:00,294081.85,11041.8,50947.21,333987.26,COMPLETED
342,3,282,17,INV-000342,2026-04-22 11:40:00,15908.19,211.77,2825.36,18521.78,COMPLETED
343,2,269,13,INV-000343,2026-05-17 10:04:00,162521.01,8572.59,27710.72,181659.14,COMPLETED
344,4,185,26,INV-000344,2026-06-16 09:57:00,11262.6,243.33,1983.47,13002.74,COMPLETED
345,5,949,37,INV-000345,2026-05-02 12:38:00,5484.92,340.94,925.92,6069.9,COMPLETED
346,3,921,17,INV-000346,2026-05-26 09:20:00,79397.2,2234.29,13889.33,91052.24,COMPLETED
347,4,525,30,INV-000347,2026-07-12 12:16:00,45136.8,3246.89,7540.19,49430.1,COMPLETED
348,2,444,14,INV-000348,2026-07-24 15:38:00,76884.62,2835.36,13328.87,87378.13,COMPLETED
349,2,982,9,INV-000349,2026-08-09 13:37:00,272398.24,11780.43,46911.21,307529.02,COMPLETED
350,2,126,13,INV-000350,2026-04-03 14:44:00,35117.49,900.86,6158.99,40375.62,COMPLETED
351,2,395,9,INV-000351,2026-06-12 18:13:00,272723.93,13902.28,46587.88,305409.53,COMPLETED
352,1,464,1,INV-000352,2026-05-14 18:20:00,210008.64,7796.96,36398.1,238609.78,COMPLETED
353,4,282,29,INV-000353,2026-06-21 14:25:00,69692.1,4129.83,11801.21,77363.48,COMPLETED
354,4,870,30,INV-000354,2026-09-12 10:53:00,135593.94,9333.66,22726.85,148987.13,COMPLETED
355,1,742,2,INV-000355,2026-07-04 17:00:00,41997.34,558.41,7459.01,48897.94,COMPLETED
356,3,277,22,INV-000356,2026-09-26 11:59:00,22748.15,1780.8,3774.13,24741.48,COMPLETED
357,4,535,25,INV-000357,2026-08-14 12:36:00,202487.64,12091.29,34271.35,224667.7,COMPLETED
358,1,996,1,INV-000358,2026-08-05 09:13:00,2121.26,119.17,360.38,2362.47,COMPLETED
359,3,834,18,INV-000359,2026-08-30 17:32:00,233460.23,20325.17,38364.31,251499.37,COMPLETED
360,5,799,34,INV-000360,2026-07-12 12:04:00,136158.44,12881.58,22189.84,145466.7,COMPLETED
361,3,488,17,INV-000361,2026-09-17 17:28:00,172902.23,6647.48,29925.85,196180.6,COMPLETED
362,1,665,1,INV-000362,2026-07-07 20:59:00,346757.08,24952.05,57924.9,379729.93,COMPLETED
363,1,245,5,INV-000363,2026-04-17 17:06:00,268167.25,12439.86,46030.94,301758.33,COMPLETED
364,3,752,21,INV-000364,2026-04-01 10:11:00,140547.49,13534.77,22862.29,149875.01,COMPLETED
365,1,998,2,INV-000365,2026-06-07 10:10:00,18166.83,2113.62,2889.58,18942.79,COMPLETED
366,2,113,14,INV-000366,2026-04-12 09:36:00,142209.86,9023.42,23973.56,157160.0,COMPLETED
367,4,374,29,INV-000367,2026-07-27 09:52:00,213079.16,17820.43,35146.58,230405.31,COMPLETED
368,4,251,25,INV-000368,2026-08-26 20:44:00,186692.69,18624.4,30252.29,198320.58,COMPLETED
369,3,401,21,INV-000369,2026-08-29 15:17:00,235679.06,19661.37,38883.18,254900.87,COMPLETED
370,1,511,1,INV-000370,2026-09-23 11:29:00,84628.89,2349.44,14810.3,97089.75,COMPLETED
371,2,846,13,INV-000371,2026-08-30 10:03:00,233343.87,20799.03,38258.06,250802.9,COMPLETED
372,2,600,14,INV-000372,2026-04-21 13:14:00,74975.46,2237.82,13092.78,85830.42,COMPLETED
373,4,915,25,INV-000373,2026-06-06 13:38:00,96491.54,5473.72,16383.21,107401.03,COMPLETED
374,3,305,17,INV-000374,2026-08-24 19:29:00,489068.89,22569.05,83969.97,550469.81,COMPLETED
375,4,774,25,INV-000375,2026-05-06 18:58:00,135237.96,2051.46,23973.57,157160.07,COMPLETED
376,5,860,38,INV-000376,2026-04-14 10:03:00,243646.02,19869.24,40279.83,264056.61,COMPLETED
377,2,576,10,INV-000377,2026-08-05 11:14:00,56809.11,5334.02,9265.52,60740.61,COMPLETED
378,1,157,1,INV-000378,2026-09-02 10:33:00,2069.94,25.74,367.96,2412.16,COMPLETED
379,1,308,1,INV-000379,2026-07-13 16:11:00,96372.94,9874.38,15569.74,102068.3,COMPLETED
380,1,146,2,INV-000380,2026-09-16 12:10:00,228220.29,10397.43,39208.12,257030.98,COMPLETED
381,3,124,22,INV-000381,2026-08-23 15:00:00,379063.33,24938.37,63742.49,417867.45,COMPLETED
382,5,526,38,INV-000382,2026-04-17 11:41:00,181260.18,8211.12,31148.83,204197.89,COMPLETED
383,4,939,25,INV-000383,2026-09-13 16:24:00,375815.98,12180.55,65454.38,429089.81,COMPLETED
384,1,512,1,INV-000384,2026-09-21 16:20:00,55784.58,4857.62,9166.85,60093.81,COMPLETED
385,1,627,1,INV-000385,2026-06-04 10:02:00,71001.3,5167.76,11850.04,77683.58,COMPLETED
386,1,387,6,INV-000386,2026-05-05 19:36:00,191004.71,4525.47,33566.26,220045.5,COMPLETED
387,4,349,25,INV-000387,2026-05-18 19:46:00,501576.54,38441.95,83364.23,546498.82,COMPLETED
388,5,104,37,INV-000388,2026-05-01 16:14:00,44041.26,119.14,7905.98,51828.1,COMPLETED
389,3,721,22,INV-000389,2026-07-01 10:55:00,164502.62,10579.62,27706.14,181629.14,COMPLETED
390,4,669,29,INV-000390,2026-04-08 09:21:00,185000.11,12969.45,30965.53,202996.19,COMPLETED
391,1,613,6,INV-000391,2026-09-04 10:56:00,237489.28,8798.29,41164.39,269855.38,COMPLETED
392,5,699,38,INV-000392,2026-09-23 20:01:00,158580.92,8096.51,27087.19,177571.6,COMPLETED
393,5,233,33,INV-000393,2026-07-15 20:48:00,263945.26,12311.97,45293.99,296927.28,COMPLETED
394,1,79,1,INV-000394,2026-06-04 17:13:00,256647.65,21123.2,42394.4,277918.85,COMPLETED
395,3,723,22,INV-000395,2026-09-07 16:17:00,24182.7,2441.75,3913.37,25654.32,COMPLETED
396,5,126,34,INV-000396,2026-07-05 20:52:00,261806.72,25315.32,42568.45,279059.85,COMPLETED
397,3,308,22,INV-000397,2026-04-22 09:17:00,180466.62,11377.09,30436.11,199525.64,COMPLETED
398,5,945,37,INV-000398,2026-06-07 18:13:00,132284.28,13742.89,21337.45,139878.84,COMPLETED
399,1,976,6,INV-000399,2026-09-21 13:54:00,266629.56,8726.32,46422.58,304325.82,COMPLETED
400,5,40,38,INV-000400,2026-09-05 13:23:00,170272.67,14471.52,28044.2,183845.35,COMPLETED
401,1,492,5,INV-000401,2026-09-11 17:13:00,349165.09,18355.83,59545.67,390354.93,COMPLETED
402,5,239,33,INV-000402,2026-04-30 19:02:00,185730.42,12883.95,31112.36,203958.83,COMPLETED
403,1,554,5,INV-000403,2026-04-12 18:15:00,192629.38,5280.43,33722.82,221071.77,COMPLETED
404,4,147,29,INV-000404,2026-04-07 14:38:00,231927.15,13454.22,39325.12,257798.05,COMPLETED
405,5,109,33,INV-000405,2026-09-03 12:51:00,200064.89,20985.83,32234.22,211313.28,COMPLETED
406,2,552,14,INV-000406,2026-05-02 17:51:00,147863.28,11696.54,24510.01,160676.75,COMPLETED
407,2,933,13,INV-000407,2026-06-02 14:15:00,145993.25,12134.97,24094.49,157952.77,COMPLETED
408,3,620,22,INV-000408,2026-05-29 16:50:00,162990.1,8699.63,27772.28,182062.75,COMPLETED
409,5,590,34,INV-000409,2026-08-05 19:56:00,47420.7,1738.43,8222.81,53905.08,COMPLETED
410,1,891,2,INV-000410,2026-04-09 15:01:00,176139.45,16564.04,28723.57,188298.98,COMPLETED
411,3,345,17,INV-000411,2026-06-26 18:38:00,321769.03,26984.11,53061.29,347846.21,COMPLETED
412,1,691,5,INV-000412,2026-09-14 16:24:00,179301.17,7847.88,30861.59,202314.88,COMPLETED
413,3,327,22,INV-000413,2026-05-16 11:02:00,243360.45,10282.22,41954.08,275032.31,COMPLETED
414,3,450,22,INV-000414,2026-05-28 11:18:00,165821.78,6492.62,28679.25,188008.41,COMPLETED
415,4,379,25,INV-000415,2026-05-23 13:36:00,267485.2,14906.25,45464.21,298043.16,COMPLETED
416,1,823,5,INV-000416,2026-04-21 20:50:00,215878.08,5706.97,37830.8,248001.91,COMPLETED
417,3,444,17,INV-000417,2026-04-26 20:50:00,178086.75,11531.99,29979.85,196534.61,COMPLETED
418,4,135,29,INV-000418,2026-05-21 19:56:00,76075.88,29.19,13688.4,89735.09,COMPLETED
419,2,429,9,INV-000419,2026-09-24 13:39:00,253172.39,18259.09,42284.39,277197.69,COMPLETED
420,4,99,29,INV-000420,2026-05-27 10:56:00,132619.36,10089.1,22055.45,144585.71,COMPLETED
421,2,861,14,INV-000421,2026-08-04 18:26:00,120330.56,5498.51,20669.76,135501.81,COMPLETED
422,3,401,22,INV-000422,2026-07-23 15:25:00,57114.74,4699.36,9434.77,61850.15,COMPLETED
423,2,971,9,INV-000423,2026-09-05 18:21:00,42290.4,4736.9,6759.63,44313.13,COMPLETED
424,3,671,17,INV-000424,2026-04-13 17:13:00,69976.26,7419.19,11260.27,73817.34,COMPLETED
425,2,37,9,INV-000425,2026-04-06 17:06:00,355283.72,19838.93,60380.06,395824.85,COMPLETED
426,1,76,1,INV-000426,2026-08-08 20:45:00,334790.35,17131.77,57178.55,374837.13,COMPLETED
427,2,271,9,INV-000427,2026-09-15 18:30:00,150932.26,10742.21,25234.21,165424.26,COMPLETED
428,2,407,9,INV-000428,2026-05-30 16:23:00,195978.24,5854.06,34222.35,224346.53,COMPLETED
429,4,61,26,INV-000429,2026-08-05 13:26:00,194785.14,15722.81,32231.21,211293.54,COMPLETED
430,4,983,29,INV-000430,2026-09-14 12:20:00,151315.26,7770.04,25838.14,169383.36,COMPLETED
431,4,40,25,INV-000431,2026-07-18 16:10:00,366348.34,21208.63,62125.15,407264.86,COMPLETED
432,2,532,13,INV-000432,2026-09-02 13:30:00,282957.08,1774.06,50612.95,331795.97,CANCELLED
433,3,205,18,INV-000433,2026-09-25 10:34:00,143476.34,7524.08,24471.4,160423.66,COMPLETED
434,3,640,21,INV-000434,2026-07-13 13:35:00,411991.4,20958.58,70385.9,461418.72,COMPLETED
435,5,215,38,INV-000435,2026-05-14 09:50:00,90090.98,3059.1,15665.74,102697.62,COMPLETED
436,5,436,38,INV-000436,2026-09-18 16:20:00,355073.48,23857.66,59618.84,390834.66,COMPLETED
437,1,979,2,INV-000437,2026-05-13 19:53:00,230268.66,18080.49,38193.87,250382.04,COMPLETED
438,3,26,18,INV-000438,2026-07-03 16:49:00,139993.91,9303.15,23524.33,154215.09,COMPLETED
439,5,337,37,INV-000439,2026-04-25 14:58:00,206210.61,4959.44,36225.22,237476.39,COMPLETED
440,1,884,1,INV-000440,2026-07-30 18:40:00,94980.27,7359.08,15771.81,103393.0,COMPLETED
441,1,455,1,INV-000441,2026-09-11 20:03:00,136003.46,13416.32,22065.68,144652.82,COMPLETED
442,2,529,13,INV-000442,2026-04-04 19:25:00,138494.68,7796.03,23525.76,154224.41,COMPLETED
443,1,281,5,INV-000443,2026-08-22 14:07:00,62500.63,2585.81,10784.67,70699.49,COMPLETED
444,1,808,2,INV-000444,2026-04-03 12:40:00,148406.3,8452.99,25191.59,165144.9,COMPLETED
445,3,579,18,INV-000445,2026-06-20 15:14:00,121204.37,3161.54,21247.71,139290.54,COMPLETED
446,3,358,21,INV-000446,2026-09-12 17:28:00,178741.44,8525.18,30638.92,200855.18,COMPLETED
447,3,93,21,INV-000447,2026-08-10 12:16:00,110692.32,7743.38,18530.81,121479.75,COMPLETED
448,5,675,38,INV-000448,2026-08-29 09:20:00,114917.37,11988.12,18527.26,121456.51,COMPLETED
449,3,664,21,INV-000449,2026-04-26 11:58:00,247998.92,21111.22,40839.79,267727.49,COMPLETED
450,2,741,13,INV-000450,2026-07-05 18:21:00,305543.49,25486.01,50410.34,330467.82,COMPLETED
451,3,975,18,INV-000451,2026-08-24 11:08:00,92262.05,7966.78,15173.15,99468.42,COMPLETED
452,2,315,13,INV-000452,2026-04-21 11:15:00,62886.85,932.22,11151.84,73106.47,COMPLETED
453,5,716,38,INV-000453,2026-05-25 16:42:00,192928.76,14073.96,32193.86,211048.66,COMPLETED
454,4,356,25,INV-000454,2026-08-04 19:47:00,241480.59,21645.5,39570.31,259405.4,COMPLETED
455,4,348,25,INV-000455,2026-07-08 19:11:00,313527.98,7906.28,55011.91,360633.61,COMPLETED
456,4,165,25,INV-000456,2026-06-21 11:36:00,358002.35,22442.15,60400.84,395961.04,COMPLETED
457,5,115,37,INV-000457,2026-05-16 15:34:00,356960.22,13916.98,61747.78,404791.02,COMPLETED
458,3,911,17,INV-000458,2026-09-01 19:23:00,129401.38,9552.74,21572.75,141421.39,COMPLETED
459,3,611,17,INV-000459,2026-04-29 14:46:00,126838.92,3784.27,22149.84,145204.49,COMPLETED
460,2,442,14,INV-000460,2026-06-10 14:29:00,109801.33,5304.49,18809.43,123306.27,COMPLETED
461,4,189,25,INV-000461,2026-06-05 20:41:00,138905.72,16087.95,22107.2,144924.97,COMPLETED
462,5,711,34,INV-000462,2026-04-13 14:36:00,284215.62,19572.68,47635.72,312278.66,COMPLETED
463,1,673,6,INV-000463,2026-05-04 13:17:00,82446.31,6038.91,13753.33,90160.73,COMPLETED
464,4,555,29,INV-000464,2026-07-09 16:59:00,328417.8,9746.13,57360.9,376032.57,COMPLETED
465,2,312,13,INV-000465,2026-06-14 14:28:00,120077.48,7912.18,20189.75,132355.05,COMPLETED
466,5,388,34,INV-000466,2026-09-03 10:06:00,264209.59,15621.72,44745.82,293333.69,COMPLETED
467,3,681,17,INV-000467,2026-09-23 19:48:00,161182.84,5995.27,27933.76,183121.33,COMPLETED
468,2,296,14,INV-000468,2026-04-01 17:53:00,281886.13,27513.95,45787.0,300159.18,COMPLETED
469,2,625,10,INV-000469,2026-09-06 17:05:00,226623.93,10768.95,38853.89,254708.87,COMPLETED
470,2,484,10,INV-000470,2026-05-22 14:08:00,301278.56,21190.54,50415.84,330503.86,COMPLETED
471,1,894,5,INV-000471,2026-05-11 12:29:00,11408.11,933.67,1885.4,12359.84,COMPLETED
472,4,802,25,INV-000472,2026-07-16 13:56:00,305010.19,18939.85,51492.66,337563.0,COMPLETED
473,3,740,17,INV-000473,2026-05-14 14:26:00,158226.38,4145.15,27734.63,181815.86,COMPLETED
474,3,303,21,INV-000474,2026-09-24 16:21:00,152215.89,9974.7,25603.42,167844.61,COMPLETED
475,2,487,13,INV-000475,2026-07-22 19:18:00,143755.88,9654.41,24138.26,158239.73,COMPLETED
476,2,152,13,INV-000476,2026-08-28 09:16:00,144355.06,14006.38,23462.76,153811.44,COMPLETED
477,4,892,26,INV-000477,2026-08-13 16:11:00,161321.11,5095.26,28120.64,184346.49,COMPLETED
478,1,760,2,INV-000478,2026-05-22 14:42:00,20030.13,2288.31,3193.53,20935.35,COMPLETED
479,5,994,33,INV-000479,2026-04-15 16:36:00,146562.36,7864.59,24965.6,163663.37,COMPLETED
480,2,63,13,INV-000480,2026-05-24 12:15:00,247109.78,8219.53,43000.23,281890.48,COMPLETED
481,4,738,25,INV-000481,2026-07-23 19:12:00,278021.51,22641.78,45968.35,301348.08,COMPLETED
482,3,641,21,INV-000482,2026-07-22 10:48:00,130218.7,11782.87,21318.45,139754.28,COMPLETED
483,3,948,17,INV-000483,2026-07-23 14:40:00,465874.37,20627.18,80144.49,525391.68,COMPLETED
484,4,873,26,INV-000484,2026-05-11 18:42:00,195582.0,17642.68,32029.08,209968.4,COMPLETED
485,3,149,21,INV-000485,2026-06-18 14:46:00,206219.56,14394.23,34528.55,226353.88,COMPLETED
486,2,786,14,INV-000486,2026-06-10 09:52:00,72827.58,685.36,12985.59,85127.81,COMPLETED
487,5,817,34,INV-000487,2026-05-26 18:32:00,281252.8,27196.69,45730.1,299786.21,COMPLETED
488,3,61,22,INV-000488,2026-04-26 09:40:00,98045.81,9971.75,15853.33,103927.39,COMPLETED
489,2,604,10,INV-000489,2026-06-16 18:12:00,108756.05,11631.81,17482.36,114606.6,COMPLETED
490,2,329,10,INV-000490,2026-07-29 12:29:00,286693.65,12108.14,49425.39,324010.9,COMPLETED
491,5,935,33,INV-000491,2026-08-10 14:01:00,211078.68,15206.9,35256.91,231128.69,COMPLETED
492,4,770,26,INV-000492,2026-04-19 19:27:00,90368.76,6072.31,15173.36,99469.81,COMPLETED
493,1,589,6,INV-000493,2026-06-15 09:39:00,331259.48,20470.88,55941.96,366730.56,COMPLETED
494,5,194,34,INV-000494,2026-05-08 12:19:00,18814.47,1834.21,3056.44,20036.7,COMPLETED
495,2,207,10,INV-000495,2026-06-17 11:27:00,161278.73,6307.26,27894.87,182866.34,COMPLETED
496,2,51,14,INV-000496,2026-07-24 16:25:00,48477.91,3426.78,8109.21,53160.34,COMPLETED
497,2,964,9,INV-000497,2026-08-04 20:38:00,96551.06,5103.58,16460.55,107908.03,COMPLETED
498,1,823,6,INV-000498,2026-07-17 15:54:00,99226.02,11260.94,15833.71,103798.79,COMPLETED
499,3,719,18,INV-000499,2026-04-22 19:41:00,206417.72,2361.8,36730.06,240785.98,COMPLETED
500,5,888,34,INV-000500,2026-09-17 13:23:00,173312.89,14370.56,28609.62,187551.95,COMPLETED
501,3,30,21,INV-000501,2026-04-07 14:01:00,251806.96,13233.05,42943.29,281517.2,COMPLETED
502,1,476,6,INV-000502,2026-07-16 17:28:00,171141.8,16972.23,27750.52,181920.09,COMPLETED
503,5,980,37,INV-000503,2026-09-05 19:45:00,37685.36,3385.89,6173.9,40473.37,COMPLETED
504,2,825,10,INV-000504,2026-05-07 12:42:00,30208.27,2600.09,4969.47,32577.65,COMPLETED
505,2,190,13,INV-000505,2026-09-16 13:21:00,204081.05,13654.35,34276.8,224703.5,COMPLETED
506,2,15,10,INV-000506,2026-05-07 19:02:00,221480.36,8145.07,38400.36,251735.65,COMPLETED
507,2,637,14,INV-000507,2026-06-07 17:28:00,90624.81,7128.12,15029.4,98526.09,COMPLETED
508,2,350,13,INV-000508,2026-08-03 17:29:00,3181.89,291.44,520.28,3410.73,COMPLETED
509,1,97,2,INV-000509,2026-05-29 16:53:00,133660.14,2025.74,23694.19,155328.59,COMPLETED
510,5,990,33,INV-000510,2026-08-08 11:25:00,254622.64,15318.21,43074.79,282379.22,COMPLETED
511,2,697,9,INV-000511,2026-05-13 19:40:00,299129.26,15408.53,51069.73,334790.46,COMPLETED
512,3,77,17,INV-000512,2026-06-04 20:35:00,131714.1,6939.62,22459.41,147233.89,COMPLETED
513,2,401,14,INV-000513,2026-08-30 12:15:00,159534.98,12756.87,26420.06,173198.17,COMPLETED
514,3,653,17,INV-000514,2026-05-01 17:19:00,255092.89,10615.76,44005.88,288483.01,COMPLETED
515,4,600,30,INV-000515,2026-05-14 20:44:00,358380.83,24444.04,60108.63,394045.42,COMPLETED
516,3,656,21,INV-000516,2026-08-09 14:26:00,220649.11,8288.83,38224.85,250585.13,COMPLETED
517,4,622,30,INV-000517,2026-08-11 19:24:00,37465.45,2654.1,6266.04,41077.39,COMPLETED
518,1,990,1,INV-000518,2026-06-01 14:37:00,212317.83,16065.64,35325.39,231577.58,COMPLETED
519,3,822,22,INV-000519,2026-04-08 20:29:00,213673.87,8327.26,36962.39,242309.0,COMPLETED
520,2,572,10,INV-000520,2026-08-19 19:20:00,141422.5,6722.52,24245.99,158945.97,COMPLETED
521,5,655,38,INV-000521,2026-05-18 15:12:00,226727.32,20520.93,37117.14,243323.53,COMPLETED
522,5,931,37,INV-000522,2026-08-08 20:41:00,251007.86,19460.34,41678.55,273226.07,COMPLETED
523,4,866,25,INV-000523,2026-06-15 18:36:00,68529.58,3639.22,11680.26,76570.62,COMPLETED
524,3,507,17,INV-000524,2026-05-28 20:14:00,232893.36,12919.18,39595.35,259569.53,COMPLETED
525,5,859,38,INV-000525,2026-07-22 15:35:00,291038.12,27135.54,47502.47,311405.05,COMPLETED
526,3,982,17,INV-000526,2026-09-25 11:20:00,29566.76,1497.91,5052.4,33121.25,COMPLETED
527,3,477,18,INV-000527,2026-06-08 18:53:00,38188.12,2278.15,6463.79,42373.76,COMPLETED
528,5,573,38,INV-000528,2026-09-14 09:57:00,230611.12,7374.05,40182.67,263419.74,COMPLETED
529,5,442,38,INV-000529,2026-09-28 11:25:00,68207.55,4155.15,11529.43,75581.83,COMPLETED
530,5,884,37,INV-000530,2026-04-02 18:03:00,256502.03,19706.26,42623.24,279419.01,COMPLETED
531,2,665,9,INV-000531,2026-08-05 20:07:00,153772.26,13605.82,25229.96,165396.4,COMPLETED
532,2,901,14,INV-000532,2026-06-04 16:05:00,104024.81,3100.95,18166.29,119090.15,COMPLETED
533,5,571,33,INV-000533,2026-04-16 19:23:00,43728.99,5056.47,6961.05,45633.57,COMPLETED
534,4,29,29,INV-000534,2026-08-24 18:23:00,7369.96,562.9,1225.27,8032.33,COMPLETED
535,1,615,2,INV-000535,2026-07-05 18:11:00,136768.08,8498.7,23088.48,151357.86,COMPLETED
536,3,605,18,INV-000536,2026-08-11 11:57:00,96380.1,6979.89,16092.04,105492.25,CANCELLED
537,3,951,22,INV-000537,2026-09-16 17:53:00,73612.65,1788.25,12928.39,84752.79,COMPLETED
538,5,869,33,INV-000538,2026-08-12 10:42:00,129301.52,7502.54,21923.82,143722.8,COMPLETED
539,4,85,30,INV-000539,2026-08-04 09:31:00,137059.16,10027.19,22865.75,149897.72,COMPLETED
540,1,193,1,INV-000540,2026-04-23 13:57:00,141094.42,9284.25,23725.83,155536.0,COMPLETED
541,5,521,34,INV-000541,2026-07-04 19:44:00,21211.66,251.11,3772.9,24733.45,COMPLETED
542,3,732,17,INV-000542,2026-05-23 16:13:00,219590.29,18282.68,36235.37,237542.98,COMPLETED
543,2,614,10,INV-000543,2026-06-03 18:42:00,200632.27,6837.87,34882.99,228677.39,COMPLETED
544,2,260,14,INV-000544,2026-09-01 09:40:00,197504.82,6950.65,34299.74,224853.91,COMPLETED
545,3,292,22,INV-000545,2026-08-16 13:18:00,321904.36,18827.79,54553.77,357630.34,COMPLETED
546,4,449,29,INV-000546,2026-05-07 16:38:00,38748.08,3573.58,6331.41,41505.91,COMPLETED
547,1,350,2,INV-000547,2026-06-04 11:22:00,281666.44,10816.38,48753.02,319603.08,COMPLETED
548,4,864,25,INV-000548,2026-06-02 18:33:00,134304.06,4575.94,23351.06,153079.18,COMPLETED
549,1,924,2,INV-000549,2026-04-27 19:14:00,20903.98,1411.55,3508.64,23001.07,COMPLETED
550,2,578,9,INV-000550,2026-08-18 10:01:00,357951.93,23743.27,60157.56,394366.22,CANCELLED
551,4,942,30,INV-000551,2026-05-10 16:34:00,283069.94,29814.85,45585.91,298841.0,COMPLETED
552,1,421,6,INV-000552,2026-08-17 12:25:00,180388.14,8757.44,30893.52,202524.22,COMPLETED
553,4,373,30,INV-000553,2026-06-26 14:42:00,226948.09,17338.63,37729.7,247339.16,COMPLETED
554,4,556,25,INV-000554,2026-09-14 16:19:00,277086.46,7447.32,48535.04,318174.18,COMPLETED
555,4,155,26,INV-000555,2026-07-15 14:29:00,139055.76,9554.01,23310.31,152812.06,COMPLETED
556,1,88,1,INV-000556,2026-04-06 09:58:00,8728.6,328.15,1512.08,9912.53,COMPLETED
557,2,315,10,INV-000557,2026-04-17 14:39:00,58165.14,3609.96,9819.93,64375.11,COMPLETED
558,4,546,25,INV-000558,2026-09-06 15:10:00,214563.6,20258.22,34974.97,229280.35,COMPLETED
559,3,599,22,INV-000559,2026-08-25 11:28:00,43888.17,4664.1,7060.33,46284.4,CANCELLED
560,3,182,17,INV-000560,2026-05-05 18:19:00,341497.02,11308.59,59433.92,389622.35,COMPLETED
561,3,197,21,INV-000561,2026-08-10 13:33:00,43888.17,4770.56,7041.17,46158.78,COMPLETED
562,3,460,21,INV-000562,2026-07-20 14:02:00,202268.26,14877.99,33730.25,221120.52,COMPLETED
563,5,310,33,INV-000563,2026-07-07 12:57:00,449071.54,19522.44,77318.83,506867.93,COMPLETED
564,2,289,14,INV-000564,2026-06-08 10:58:00,102206.48,8269.86,16908.59,110845.21,COMPLETED
565,5,798,34,INV-000565,2026-04-23 10:00:00,84199.26,8792.02,13573.3,88980.54,COMPLETED
566,4,805,29,INV-000566,2026-09-18 10:39:00,75786.82,1814.53,13315.01,87287.3,COMPLETED
567,1,4,1,INV-000567,2026-07-20 19:14:00,63870.5,3215.83,10917.84,71572.51,COMPLETED
568,2,295,14,INV-000568,2026-09-21 18:55:00,47334.2,2883.13,8001.19,52452.26,COMPLETED
569,2,717,10,INV-000569,2026-05-02 20:48:00,87689.24,8929.74,14176.71,92936.21,COMPLETED
570,4,616,29,INV-000570,2026-07-15 17:40:00,239227.99,14330.32,40481.58,265379.25,COMPLETED
571,4,925,29,INV-000571,2026-04-16 18:48:00,251978.33,11148.31,43349.41,284179.43,COMPLETED
572,3,380,22,INV-000572,2026-08-06 13:48:00,315033.11,15046.79,53997.54,353983.86,COMPLETED
573,4,157,30,INV-000573,2026-05-07 20:48:00,192830.45,8469.87,33184.9,217545.48,COMPLETED
574,1,484,6,INV-000574,2026-05-09 13:21:00,183187.31,4684.57,32130.49,210633.23,COMPLETED
575,4,500,26,INV-000575,2026-09-18 09:22:00,50408.88,4270.79,8304.86,54442.95,COMPLETED
576,5,823,38,INV-000576,2026-05-26 15:31:00,30260.68,1229.48,5225.62,34256.82,COMPLETED
577,1,543,2,INV-000577,2026-06-12 14:46:00,320933.12,8677.32,56206.04,368461.84,COMPLETED
578,2,650,13,INV-000578,2026-07-31 13:35:00,94505.02,9656.6,15272.72,100121.14,COMPLETED
579,5,912,38,INV-000579,2026-04-05 14:32:00,43733.72,3272.72,7282.98,47743.98,COMPLETED
580,5,69,37,INV-000580,2026-07-25 15:49:00,97694.67,8351.45,16081.78,105425.0,COMPLETED
581,1,365,5,INV-000581,2026-09-06 16:35:00,147546.24,9919.14,24772.88,162399.98,COMPLETED
582,5,303,33,INV-000582,2026-04-16 20:56:00,184249.79,7734.56,31772.74,208287.97,COMPLETED
583,3,148,18,INV-000583,2026-06-15 09:01:00,215099.82,17086.64,35642.38,233655.56,COMPLETED
584,5,292,38,INV-000584,2026-05-12 18:08:00,141363.87,5620.34,24433.84,160177.37,COMPLETED
585,2,628,13,INV-000585,2026-04-09 19:18:00,23826.41,2393.3,3857.96,25291.07,COMPLETED
586,1,963,2,INV-000586,2026-05-31 10:48:00,207747.82,9564.72,35672.96,233856.06,COMPLETED
587,2,834,9,INV-000587,2026-05-24 16:10:00,121370.13,3311.89,21250.48,139308.72,COMPLETED
588,2,44,14,INV-000588,2026-04-11 12:48:00,141869.3,6897.12,24294.99,159267.17,COMPLETED
589,5,505,37,INV-000589,2026-04-07 19:45:00,223684.82,8874.48,38665.87,253476.21,COMPLETED
590,2,938,9,INV-000590,2026-09-08 20:39:00,112609.48,6584.06,19084.58,125110.0,COMPLETED
591,1,463,5,INV-000591,2026-04-08 16:38:00,64553.09,4539.22,10802.5,70816.37,COMPLETED
592,1,581,2,INV-000592,2026-06-04 12:32:00,9554.15,248.13,1675.08,10981.1,COMPLETED
593,4,738,30,INV-000593,2026-06-23 16:25:00,125863.28,9221.8,20995.47,137636.95,COMPLETED
594,4,100,26,INV-000594,2026-04-14 14:13:00,135603.82,5341.5,23447.22,153709.54,COMPLETED
595,1,146,5,INV-000595,2026-06-07 16:59:00,116754.54,6218.99,19896.4,130431.95,COMPLETED
596,5,277,37,INV-000596,2026-04-06 20:36:00,312575.32,11024.55,54279.13,355829.9,CANCELLED
597,5,673,33,INV-000597,2026-04-17 13:45:00,89004.17,4964.04,15127.21,99167.34,COMPLETED
598,1,573,6,INV-000598,2026-09-27 16:50:00,32290.16,1879.72,5473.87,35884.31,COMPLETED
599,2,675,13,INV-000599,2026-07-05 20:35:00,382497.04,20711.56,65121.39,426906.87,COMPLETED
600,5,907,37,INV-000600,2026-05-06 14:59:00,154352.2,12560.47,25522.51,167314.24,COMPLETED
601,5,836,34,INV-000601,2026-05-23 20:25:00,74725.32,7897.48,12029.01,78856.85,CANCELLED
602,5,533,33,INV-000602,2026-04-27 18:00:00,266127.2,20870.56,44146.19,289402.83,COMPLETED
603,4,591,26,INV-000603,2026-06-29 20:26:00,172056.0,3214.72,30391.43,199232.71,COMPLETED
604,1,508,1,INV-000604,2026-05-07 10:44:00,140447.64,10916.0,23315.7,152847.34,COMPLETED
605,2,69,9,INV-000605,2026-06-04 16:07:00,374193.85,21275.38,63525.33,416443.8,COMPLETED
606,4,360,29,INV-000606,2026-04-08 13:44:00,267662.33,21536.85,44302.59,290428.07,COMPLETED
607,3,85,17,INV-000607,2026-06-02 20:53:00,108094.04,9716.17,17708.02,116085.89,COMPLETED
608,3,566,21,INV-000608,2026-09-28 16:13:00,399499.58,23822.98,67621.78,443298.38,COMPLETED
609,4,875,29,INV-000609,2026-05-12 09:18:00,164268.84,12365.72,27342.56,179245.68,COMPLETED
610,4,104,25,INV-000610,2026-05-13 11:08:00,268233.39,3338.16,47681.15,312576.38,COMPLETED
611,4,929,26,INV-000611,2026-05-06 10:01:00,112879.9,8942.1,18708.81,122646.61,COMPLETED
612,1,597,2,INV-000612,2026-07-15 10:35:00,49509.78,875.65,8754.14,57388.27,COMPLETED
613,3,523,17,INV-000613,2026-04-04 10:33:00,146374.75,10691.6,24422.97,160106.12,COMPLETED
614,4,491,30,INV-000614,2026-05-25 10:11:00,116901.88,9590.75,19316.01,126627.14,CANCELLED
615,1,253,2,INV-000615,2026-09-08 15:53:00,219290.01,2491.8,39023.68,255821.89,COMPLETED
616,4,767,26,INV-000616,2026-05-03 16:39:00,148232.08,7730.63,25290.26,165791.71,COMPLETED
617,3,288,22,INV-000617,2026-07-28 19:51:00,176066.38,12198.3,29496.25,193364.33,COMPLETED
618,3,709,17,INV-000618,2026-08-04 14:34:00,356802.02,26590.54,59438.06,389649.54,COMPLETED
619,3,686,22,INV-000619,2026-09-16 12:49:00,282579.25,17812.57,47658.0,312424.68,COMPLETED
620,2,613,10,INV-000620,2026-09-10 14:11:00,156072.25,9093.79,26456.12,173434.58,COMPLETED
621,1,832,2,INV-000621,2026-06-05 16:29:00,284716.55,17306.99,48133.72,315543.28,COMPLETED
622,1,868,1,INV-000622,2026-04-18 13:06:00,251119.24,17624.76,42029.02,275523.5,COMPLETED
623,5,861,37,INV-000623,2026-05-31 11:01:00,171196.71,10854.84,28861.53,189203.4,COMPLETED
624,4,914,26,INV-000624,2026-05-15 12:17:00,50487.1,4066.2,8355.76,54776.66,COMPLETED
625,2,103,10,INV-000625,2026-04-21 15:45:00,342598.47,13542.68,59230.05,388285.84,COMPLETED
626,1,520,6,INV-000626,2026-09-05 15:53:00,266605.46,10088.66,46173.03,302689.83,COMPLETED
627,2,615,14,INV-000627,2026-07-30 09:43:00,248124.08,18180.6,41389.83,271333.31,COMPLETED
628,3,162,22,INV-000628,2026-05-14 12:54:00,325518.76,14826.77,55924.56,366616.55,COMPLETED
629,2,146,13,INV-000629,2026-07-21 13:55:00,58841.64,1319.89,10353.92,67875.67,COMPLETED
630,2,562,13,INV-000630,2026-07-30 15:57:00,84019.98,5002.97,14223.06,93240.07,COMPLETED
631,1,567,6,INV-000631,2026-07-04 20:11:00,90055.44,2909.78,15686.22,102831.88,COMPLETED
632,1,404,1,INV-000632,2026-05-05 11:03:00,129460.21,7403.29,21970.25,144027.17,COMPLETED
633,4,1,26,INV-000633,2026-06-13 16:33:00,405342.64,40211.91,65723.53,430854.26,COMPLETED
634,5,130,38,INV-000634,2026-04-10 12:04:00,187148.96,9767.98,31928.57,209309.55,COMPLETED
635,3,251,22,INV-000635,2026-05-07 09:57:00,45098.32,2920.94,7591.92,49769.3,COMPLETED
636,2,983,14,INV-000636,2026-04-14 12:09:00,134686.68,858.54,24089.07,157917.21,COMPLETED
637,4,613,25,INV-000637,2026-06-15 14:52:00,366743.83,3166.64,65443.89,429021.08,COMPLETED
638,4,343,30,INV-000638,2026-09-04 16:22:00,168188.92,14343.22,27692.23,181537.93,COMPLETED
639,3,146,18,INV-000639,2026-05-21 10:39:00,227797.56,8736.06,39431.08,258492.58,COMPLETED
640,1,880,2,INV-000640,2026-04-10 13:46:00,310277.66,20315.51,52193.19,342155.34,CANCELLED
641,4,591,29,INV-000641,2026-08-21 17:56:00,196859.0,16260.61,32507.7,213106.09,COMPLETED
642,3,511,21,INV-000642,2026-07-13 09:37:00,126668.71,12850.93,20487.21,134304.99,COMPLETED
643,1,423,5,INV-000643,2026-07-12 15:36:00,66646.85,5489.59,11008.31,72165.57,COMPLETED
644,4,342,25,INV-000644,2026-07-04 10:19:00,277793.72,24208.77,45645.29,299230.24,COMPLETED
645,2,345,10,INV-000645,2026-05-11 18:20:00,103037.48,7928.73,17119.57,112228.32,COMPLETED
646,3,683,21,INV-000646,2026-08-25 10:02:00,110583.05,2344.95,19482.86,127720.96,COMPLETED
647,2,844,14,INV-000647,2026-08-04 10:17:00,377410.45,20807.49,64188.52,420791.48,COMPLETED
648,2,830,14,INV-000648,2026-07-25 14:32:00,353610.38,24180.92,59297.3,388726.76,COMPLETED
649,2,82,9,INV-000649,2026-04-16 18:56:00,28086.65,3364.42,4450.0,29172.23,COMPLETED
650,3,594,21,INV-000650,2026-06-01 20:30:00,283406.17,16268.05,48084.86,315222.98,COMPLETED
651,3,192,22,INV-000651,2026-08-06 16:42:00,350210.14,18546.9,59699.38,391362.62,COMPLETED
652,1,897,6,INV-000652,2026-06-25 11:02:00,167358.0,18365.83,26818.6,175810.77,COMPLETED
653,3,820,21,INV-000653,2026-09-05 14:21:00,51284.4,4748.33,8376.49,54912.56,COMPLETED
654,2,697,13,INV-000654,2026-09-16 20:47:00,371154.52,13501.54,64377.54,422030.52,COMPLETED
655,4,937,30,INV-000655,2026-09-03 18:14:00,269324.76,13031.08,46132.86,302426.54,COMPLETED
656,2,245,14,INV-000656,2026-07-11 09:27:00,114960.84,7384.04,19363.82,126940.62,COMPLETED
657,5,788,37,INV-000657,2026-09-01 19:03:00,279092.02,19341.28,46755.12,306505.86,COMPLETED
658,4,337,25,INV-000658,2026-09-13 12:30:00,30552.06,3413.58,4884.93,32023.41,COMPLETED
659,3,426,21,INV-000659,2026-05-12 15:13:00,78315.67,2150.97,13709.64,89874.34,COMPLETED
660,1,68,2,INV-000660,2026-06-09 11:07:00,238639.18,18185.61,39681.65,260135.22,COMPLETED
661,2,743,13,INV-000661,2026-04-05 18:51:00,51639.12,903.56,9132.4,59867.96,COMPLETED
662,3,349,17,INV-000662,2026-07-09 15:06:00,195644.03,16453.61,32254.27,211444.69,COMPLETED
663,3,922,18,INV-000663,2026-04-11 09:28:00,155314.89,6350.91,26813.52,175777.5,COMPLETED
664,4,138,25,INV-000664,2026-04-25 18:33:00,251350.05,12050.94,43073.84,282372.95,COMPLETED
665,2,836,13,INV-000665,2026-07-07 11:17:00,252132.17,4262.93,44616.46,292485.7,CANCELLED
666,3,729,18,INV-000666,2026-04-24 11:59:00,164461.01,10839.82,27651.82,181273.01,COMPLETED
667,5,929,37,INV-000667,2026-08-20 19:19:00,104681.04,9450.21,17141.55,112372.38,COMPLETED
668,3,759,21,INV-000668,2026-04-14 11:04:00,39931.59,511.9,7095.54,46515.23,COMPLETED
669,3,555,22,INV-000669,2026-04-28 13:10:00,189609.3,10928.95,32162.47,210842.82,COMPLETED
670,2,561,14,INV-000670,2026-05-31 09:27:00,138867.62,5002.19,24095.78,157961.21,COMPLETED
671,5,276,37,INV-000671,2026-06-03 18:54:00,122658.64,3753.34,21402.95,140308.25,COMPLETED
672,4,765,26,INV-000672,2026-06-04 20:08:00,197850.91,18844.23,32221.2,211227.88,COMPLETED
673,1,735,2,INV-000673,2026-04-29 20:00:00,157967.9,11144.49,26428.22,173251.63,COMPLETED
674,2,212,10,INV-000674,2026-07-09 14:12:00,79579.58,1438.74,14065.35,92206.19,COMPLETED
675,4,209,29,INV-000675,2026-07-15 10:56:00,103780.59,5647.71,17663.92,115796.8,COMPLETED
676,2,860,13,INV-000676,2026-08-01 15:17:00,58168.76,6011.48,9388.31,61545.59,COMPLETED
677,5,113,34,INV-000677,2026-06-08 20:23:00,247149.53,12692.24,42202.31,276659.6,COMPLETED
678,4,153,25,INV-000678,2026-04-06 14:49:00,342391.41,14770.43,58971.77,386592.75,COMPLETED
679,4,640,30,INV-000679,2026-05-21 12:20:00,63840.0,2733.99,10999.08,72105.09,COMPLETED
680,2,981,14,INV-000680,2026-08-22 09:44:00,25642.2,711.74,4487.48,29417.94,COMPLETED
681,4,106,25,INV-000681,2026-09-22 17:28:00,69033.22,1197.32,12210.46,80046.36,COMPLETED
682,3,915,22,INV-000682,2026-05-24 10:21:00,99190.59,1446.91,17593.86,115337.54,COMPLETED
683,1,837,6,INV-000683,2026-05-26 15:56:00,50006.61,4434.13,8203.04,53775.52,COMPLETED
684,1,684,1,INV-000684,2026-06-10 12:11:00,80887.73,7748.27,13165.1,86304.56,COMPLETED
685,1,232,6,INV-000685,2026-09-06 11:02:00,49361.44,2171.76,8494.14,55683.82,COMPLETED
686,4,705,26,INV-000686,2026-04-17 11:30:00,252862.24,6036.07,44428.72,291254.89,COMPLETED
687,5,908,37,INV-000687,2026-07-25 11:53:00,264507.43,7166.17,46321.42,303662.68,COMPLETED
688,5,816,33,INV-000688,2026-09-25 11:57:00,13506.51,907.74,2267.78,14866.55,COMPLETED
689,5,552,34,INV-000689,2026-05-30 11:15:00,41590.84,1205.28,7269.4,47654.96,COMPLETED
690,5,266,33,INV-000690,2026-06-06 14:35:00,18969.23,626.93,3301.61,21643.91,COMPLETED
691,2,74,14,INV-000691,2026-07-18 20:40:00,226555.1,12508.9,38528.32,252574.52,COMPLETED
692,2,976,14,INV-000692,2026-04-26 16:50:00,307024.8,16805.44,52239.49,342458.85,COMPLETED
693,5,295,38,INV-000693,2026-08-04 17:58:00,79354.96,7850.02,12870.89,84375.83,COMPLETED
694,4,42,30,INV-000694,2026-08-08 15:29:00,13880.48,4.66,2497.65,16373.47,COMPLETED
695,3,91,21,INV-000695,2026-07-02 20:33:00,264418.83,16140.12,44690.17,292968.88,CANCELLED
696,3,375,17,INV-000696,2026-06-19 11:50:00,241932.7,15586.62,40742.29,267088.37,COMPLETED
697,1,275,1,INV-000697,2026-04-13 10:55:00,288394.59,20788.69,48169.05,315774.95,COMPLETED
698,2,410,9,INV-000698,2026-06-08 12:09:00,147500.16,10957.63,24577.66,161120.19,COMPLETED
699,5,418,37,INV-000699,2026-06-16 11:01:00,267319.1,8389.22,46607.38,305537.26,COMPLETED
700,4,842,25,INV-000700,2026-07-09 13:40:00,190058.72,13123.53,31848.34,208783.53,COMPLETED
701,1,482,1,INV-000701,2026-07-06 13:26:00,70888.49,6365.31,11614.17,76137.35,COMPLETED
702,5,690,33,INV-000702,2026-09-24 14:02:00,275248.26,7167.1,48254.61,316335.77,COMPLETED
703,1,746,6,INV-000703,2026-05-27 11:51:00,4300.49,367.08,708.01,4641.42,COMPLETED
704,1,622,1,INV-000704,2026-05-21 12:37:00,76611.58,4528.49,12974.96,85058.05,COMPLETED
705,1,876,6,INV-000705,2026-04-09 20:04:00,72201.16,6570.87,11813.45,77443.74,COMPLETED
706,4,798,30,INV-000706,2026-08-20 20:55:00,106630.01,9682.92,17450.48,114397.57,COMPLETED
707,4,747,29,INV-000707,2026-06-12 18:07:00,191532.18,6013.67,33393.33,218911.84,COMPLETED
708,5,232,37,INV-000708,2026-05-30 15:33:00,287270.0,10220.99,49868.83,326917.84,COMPLETED
709,4,95,25,INV-000709,2026-06-05 09:44:00,71461.42,7566.07,11501.16,75396.51,COMPLETED
710,4,446,30,INV-000710,2026-04-12 17:44:00,14102.36,721.79,2408.5,15789.07,COMPLETED
711,1,370,2,INV-000711,2026-07-09 15:56:00,296588.5,10022.67,51581.85,338147.68,COMPLETED
712,5,447,34,INV-000712,2026-08-25 10:31:00,319524.48,20687.33,53790.69,352627.84,COMPLETED
713,2,306,13,INV-000713,2026-05-31 16:55:00,221289.99,11860.77,37697.26,247126.48,COMPLETED
714,5,823,33,INV-000714,2026-06-14 13:36:00,191682.96,20453.8,30821.25,202050.41,COMPLETED
715,5,891,38,INV-000715,2026-09-16 13:53:00,451066.24,14066.02,78660.05,515660.27,COMPLETED
716,5,977,34,INV-000716,2026-05-15 12:06:00,126390.96,7757.8,21353.96,139987.12,COMPLETED
717,5,572,33,INV-000717,2026-07-31 11:25:00,38188.12,4455.83,6071.81,39804.1,COMPLETED
718,2,576,13,INV-000718,2026-05-29 17:38:00,34693.94,2708.72,5757.34,37742.56,COMPLETED
719,3,919,17,INV-000719,2026-06-28 15:56:00,147500.16,6041.72,25462.52,166920.96,COMPLETED
720,5,558,37,INV-000720,2026-09-21 11:27:00,101423.37,7122.94,16974.08,111274.51,COMPLETED
721,4,689,25,INV-000721,2026-09-23 11:49:00,117613.43,6751.64,19955.12,130816.91,COMPLETED
722,5,247,34,INV-000722,2026-08-29 13:54:00,314769.75,18804.96,53273.67,349238.46,COMPLETED
723,2,84,9,INV-000723,2026-09-19 12:52:00,218096.01,4494.52,38448.26,252049.75,COMPLETED
724,5,893,34,INV-000724,2026-08-28 16:41:00,498142.11,20176.68,86033.77,563999.2,COMPLETED
725,2,782,14,INV-000725,2026-07-15 19:08:00,144074.3,15004.4,23232.58,152302.48,COMPLETED
726,5,69,37,INV-000726,2026-05-20 12:12:00,248418.6,5926.43,43648.6,286140.77,COMPLETED
727,1,618,1,INV-000727,2026-05-12 09:24:00,81933.6,2339.76,14326.89,93920.73,COMPLETED
728,4,560,30,INV-000728,2026-08-25 14:24:00,87689.24,4708.8,14936.48,97916.92,COMPLETED
729,3,744,17,INV-000729,2026-05-14 18:20:00,147500.16,5204.1,25613.29,167909.35,COMPLETED
730,3,55,21,INV-000730,2026-05-31 16:13:00,246012.2,19119.33,40840.72,267733.59,COMPLETED
731,1,655,2,INV-000731,2026-04-24 16:57:00,366696.58,19596.41,62478.04,409578.21,COMPLETED
732,5,898,34,INV-000732,2026-04-30 17:11:00,254022.19,16655.93,42725.93,280092.19,COMPLETED
733,4,922,26,INV-000733,2026-07-13 17:49:00,64659.44,2875.71,11121.07,72904.8,COMPLETED
734,2,336,13,INV-000734,2026-09-20 11:05:00,269318.05,25752.61,43841.78,287407.22,COMPLETED
735,5,336,34,INV-000735,2026-08-24 15:29:00,280564.35,20712.17,46773.39,306625.57,COMPLETED
736,5,999,38,INV-000736,2026-09-01 20:44:00,84821.68,6132.64,14164.03,92853.07,COMPLETED
737,5,986,38,INV-000737,2026-04-10 20:41:00,245024.12,11045.52,42116.14,276094.74,COMPLETED
738,1,737,1,INV-000738,2026-09-08 19:29:00,197216.64,12103.31,33320.4,218433.73,COMPLETED
739,1,698,5,INV-000739,2026-08-13 09:25:00,179792.99,15654.9,29544.86,193682.95,COMPLETED
740,4,746,30,INV-000740,2026-09-06 14:43:00,196625.46,16166.88,32482.54,212941.12,COMPLETED
741,5,201,38,INV-000741,2026-05-06 14:52:00,133324.27,11655.19,21900.43,143569.51,COMPLETED
742,3,546,18,INV-000742,2026-06-26 20:59:00,190933.9,12939.59,32038.97,210033.28,COMPLETED
743,2,574,9,INV-000743,2026-07-10 14:23:00,135071.32,8411.19,22798.82,149458.95,COMPLETED
744,5,775,37,INV-000744,2026-08-03 19:18:00,186126.05,16005.46,30621.71,200742.3,COMPLETED
745,4,49,26,INV-000745,2026-05-21 17:53:00,127696.41,2825.16,22476.82,147348.07,COMPLETED
746,3,110,18,INV-000746,2026-05-26 20:11:00,180056.85,9419.3,30714.76,201352.31,COMPLETED
747,3,714,18,INV-000747,2026-09-12 10:18:00,95383.92,2029.67,16803.76,110158.01,COMPLETED
748,5,575,38,INV-000748,2026-04-16 18:46:00,24405.2,712.74,4264.64,27957.1,COMPLETED
749,2,958,10,INV-000749,2026-06-24 17:51:00,319779.86,19385.8,54070.93,354464.99,COMPLETED
750,3,751,21,INV-000750,2026-08-29 15:23:00,106504.33,3238.28,18587.88,121853.93,COMPLETED
751,1,955,2,INV-000751,2026-04-02 09:02:00,143347.27,8937.89,24193.69,158603.07,COMPLETED
752,3,71,21,INV-000752,2026-05-24 09:20:00,119223.74,9036.17,19833.77,130021.34,COMPLETED
753,5,396,38,INV-000753,2026-08-29 18:45:00,403882.31,31927.41,66951.88,438906.78,COMPLETED
754,3,215,21,INV-000754,2026-04-18 17:13:00,51122.9,4813.49,8335.69,54645.1,COMPLETED
755,1,640,5,INV-000755,2026-04-24 09:24:00,19776.73,1233.1,3337.85,21881.48,COMPLETED
756,2,354,14,INV-000756,2026-04-07 17:10:00,272842.57,17316.07,45994.77,301521.27,COMPLETED
757,2,159,14,INV-000757,2026-08-25 09:20:00,81745.3,4109.55,13974.44,91610.19,COMPLETED
758,4,661,25,INV-000758,2026-07-30 11:04:00,207353.07,18883.82,33924.47,222393.72,COMPLETED
759,4,979,26,INV-000759,2026-04-26 20:27:00,41309.08,2573.66,6972.38,45707.8,COMPLETED
760,2,328,10,INV-000760,2026-08-21 13:17:00,292401.19,16253.13,49706.65,325854.71,COMPLETED
761,4,185,25,INV-000761,2026-07-24 18:52:00,160497.63,11699.52,26783.66,175581.77,COMPLETED
762,5,134,34,INV-000762,2026-05-09 09:51:00,39598.47,1887.1,6788.05,44499.42,COMPLETED
763,2,39,10,INV-000763,2026-04-12 13:48:00,411307.32,22863.57,69919.87,458363.62,COMPLETED
764,1,207,1,INV-000764,2026-04-05 13:19:00,157458.8,3518.73,27709.21,181649.28,COMPLETED
765,5,24,33,INV-000765,2026-05-09 19:36:00,105399.12,7531.74,17616.13,115483.51,COMPLETED
766,5,934,34,INV-000766,2026-04-02 18:26:00,160896.77,4831.3,28091.79,184157.26,COMPLETED
767,4,55,26,INV-000767,2026-04-30 18:49:00,7051.18,323.72,1210.94,7938.4,COMPLETED
768,1,458,1,INV-000768,2026-05-05 20:21:00,174068.23,2929.27,30805.01,201943.97,COMPLETED
769,5,154,33,INV-000769,2026-06-12 11:06:00,17456.78,1654.56,2844.4,18646.62,COMPLETED
770,3,591,17,INV-000770,2026-09-18 14:08:00,73764.22,4539.63,12460.43,81685.02,COMPLETED
771,4,830,25,INV-000771,2026-09-15 09:51:00,166493.89,13522.78,27534.8,180505.91,COMPLETED
772,1,283,2,INV-000772,2026-05-19 15:59:00,114999.39,4814.61,19833.26,130018.04,COMPLETED
773,2,953,14,INV-000773,2026-04-14 15:07:00,166393.76,6038.08,28864.02,189219.7,COMPLETED
774,4,423,25,INV-000774,2026-05-29 11:08:00,135905.4,12929.8,22135.6,145111.2,COMPLETED
775,3,256,17,INV-000775,2026-04-16 10:01:00,409287.85,31420.09,68016.19,445883.95,COMPLETED
776,1,857,2,INV-000776,2026-06-04 16:27:00,7930.98,528.15,1332.51,8735.34,COMPLETED
777,2,826,9,INV-000777,2026-07-15 17:14:00,13447.24,445.65,2340.29,15341.88,COMPLETED
778,4,558,25,INV-000778,2026-04-04 17:06:00,64757.9,5752.08,10621.04,69626.86,COMPLETED
779,4,253,25,INV-000779,2026-04-14 16:45:00,125359.44,7684.91,21181.41,138855.94,COMPLETED
780,3,821,18,INV-000780,2026-07-12 11:07:00,54835.62,2790.11,9368.19,61413.7,COMPLETED
781,1,124,2,INV-000781,2026-08-22 09:21:00,77512.32,7596.37,12584.87,82500.82,COMPLETED
782,3,911,22,INV-000782,2026-07-10 15:52:00,94090.46,7311.43,15620.22,102399.25,COMPLETED
783,3,425,22,INV-000783,2026-07-18 10:19:00,86237.64,6486.98,14355.12,94105.78,COMPLETED
784,1,600,5,INV-000784,2026-05-31 17:49:00,159172.44,6313.73,27514.56,180373.27,COMPLETED
785,4,655,30,INV-000785,2026-05-28 19:04:00,296245.56,18953.97,49912.49,327204.08,COMPLETED
786,4,979,30,INV-000786,2026-04-26 11:13:00,296276.05,14068.49,50797.35,333004.91,COMPLETED
787,1,729,1,INV-000787,2026-06-07 11:56:00,143716.8,10221.3,24029.19,157524.69,COMPLETED
788,3,871,17,INV-000788,2026-08-18 10:15:00,245424.05,26563.69,39394.86,258255.22,COMPLETED
789,5,835,33,INV-000789,2026-04-19 17:59:00,187990.38,8872.83,32241.17,211358.72,COMPLETED
790,1,64,2,INV-000790,2026-04-07 13:34:00,184813.08,7101.22,31988.13,209699.99,COMPLETED
791,2,577,14,INV-000791,2026-04-22 13:38:00,271673.34,23483.55,44674.15,292863.94,COMPLETED
792,4,681,30,INV-000792,2026-09-10 09:17:00,119794.77,3296.81,20969.63,137467.59,COMPLETED
793,5,116,38,INV-000793,2026-06-30 15:02:00,214742.22,9211.19,36995.59,242526.62,COMPLETED
794,3,907,17,INV-000794,2026-09-02 15:44:00,181268.61,10310.16,30772.51,201730.96,COMPLETED
795,1,12,6,INV-000795,2026-05-10 17:21:00,43733.72,838.68,7721.11,50616.15,COMPLETED
796,4,556,29,INV-000796,2026-08-18 11:00:00,352924.1,17140.76,60441.0,396224.34,COMPLETED
797,5,436,33,INV-000797,2026-04-06 18:53:00,10151.37,89.97,1811.05,11872.45,CANCELLED
798,1,367,2,INV-000798,2026-09-17 18:40:00,68890.28,4084.71,11665.0,76470.57,COMPLETED
799,1,192,5,INV-000799,2026-06-03 09:58:00,182268.01,17755.72,29612.21,194124.5,COMPLETED
800,2,128,13,INV-000800,2026-09-05 10:27:00,219136.99,11481.33,37378.02,245033.68,COMPLETED
801,1,717,2,INV-000801,2026-06-06 18:34:00,198550.66,10697.93,33813.49,221666.22,CANCELLED
802,2,638,13,INV-000802,2026-05-18 15:40:00,306039.66,18587.59,51741.36,339193.43,COMPLETED
803,3,322,21,INV-000803,2026-09-16 09:07:00,73761.66,6394.09,12126.16,79493.73,COMPLETED
804,4,253,29,INV-000804,2026-09-26 15:56:00,18461.71,155.93,3295.04,21600.82,COMPLETED
805,5,213,38,INV-000805,2026-07-17 14:15:00,198476.58,9344.19,34043.83,223176.22,COMPLETED
806,1,943,5,INV-000806,2026-07-06 15:43:00,195199.28,6794.34,33912.89,222317.83,COMPLETED
807,4,502,29,INV-000807,2026-07-23 14:34:00,106112.32,9964.16,17306.67,113454.83,COMPLETED
808,2,436,9,INV-000808,2026-05-04 12:54:00,269511.53,24773.81,44052.79,288790.51,COMPLETED
809,3,235,21,INV-000809,2026-04-14 09:44:00,287456.36,21349.02,47899.32,314006.66,COMPLETED
810,3,400,17,INV-000810,2026-04-08 10:05:00,92446.09,5251.83,15694.96,102889.22,COMPLETED
811,1,111,1,INV-000811,2026-07-31 18:33:00,81370.99,5144.32,13720.81,89947.48,COMPLETED
812,4,874,29,INV-000812,2026-05-13 19:51:00,327180.75,9646.02,57156.26,374690.99,COMPLETED
813,5,473,33,INV-000813,2026-08-20 14:52:00,20453.21,926.54,3514.8,23041.47,COMPLETED
814,3,371,21,INV-000814,2026-06-08 09:02:00,172576.58,15347.04,28301.32,185530.86,COMPLETED
815,4,789,29,INV-000815,2026-08-16 18:48:00,151256.38,11778.87,25105.95,164583.46,COMPLETED
816,2,920,9,INV-000816,2026-07-31 14:45:00,41017.08,3943.53,6673.24,43746.79,COMPLETED
817,1,337,5,INV-000817,2026-09-10 12:02:00,176706.98,7847.62,30394.68,199254.04,COMPLETED
818,1,452,6,INV-000818,2026-07-31 17:18:00,197869.6,8250.22,34131.5,223750.88,COMPLETED
819,5,462,34,INV-000819,2026-09-28 17:06:00,113330.55,3276.48,19809.73,129863.8,COMPLETED
820,4,896,29,INV-000820,2026-08-16 20:24:00,207927.61,14242.34,34863.35,228548.62,COMPLETED
821,4,38,26,INV-000821,2026-04-23 20:38:00,224667.89,14239.73,37877.07,248305.23,COMPLETED
822,5,31,38,INV-000822,2026-07-10 11:56:00,108992.55,1458.23,19356.17,126890.49,COMPLETED
823,5,473,38,INV-000823,2026-07-21 15:07:00,21896.66,1334.62,3701.17,24263.21,COMPLETED
824,4,12,25,INV-000824,2026-08-19 10:52:00,144769.76,12634.43,23784.36,155919.69,COMPLETED
825,5,806,33,INV-000825,2026-08-02 13:26:00,243410.74,20048.42,40205.23,263567.55,COMPLETED
826,3,967,21,INV-000826,2026-06-24 20:37:00,190431.86,9475.73,32572.1,213528.23,COMPLETED
827,3,889,21,INV-000827,2026-04-23 20:05:00,95070.67,5746.79,16078.3,105402.18,COMPLETED
828,5,43,38,INV-000828,2026-08-12 18:00:00,153337.94,6274.38,26471.44,173535.0,COMPLETED
829,4,804,30,INV-000829,2026-04-04 17:14:00,248991.85,20118.9,41197.13,270070.08,COMPLETED
830,4,24,30,INV-000830,2026-09-25 18:15:00,29459.95,1553.78,5023.11,32929.28,COMPLETED
831,1,81,5,INV-000831,2026-08-20 09:48:00,329160.51,22502.95,55198.36,361855.92,COMPLETED
832,5,803,34,INV-000832,2026-04-20 10:34:00,336289.0,21282.24,56701.23,371707.99,COMPLETED
833,3,939,21,INV-000833,2026-05-04 10:52:00,230270.89,7106.71,40169.55,263333.73,COMPLETED
834,4,948,26,INV-000834,2026-09-28 14:26:00,211157.79,24487.23,33600.7,220271.26,COMPLETED
835,3,60,17,INV-000835,2026-04-23 16:33:00,252923.4,12409.22,43292.55,283806.73,COMPLETED
836,1,999,5,INV-000836,2026-04-01 18:11:00,181390.14,6856.41,31416.08,205949.81,COMPLETED
837,5,205,34,INV-000837,2026-04-12 09:29:00,31689.28,2257.47,5297.73,34729.54,COMPLETED
838,3,899,17,INV-000838,2026-08-08 18:50:00,179472.68,8211.83,30826.95,202087.8,COMPLETED
839,4,135,29,INV-000839,2026-08-31 13:17:00,86929.27,6469.97,14482.68,94941.98,COMPLETED
840,3,47,21,INV-000840,2026-05-10 14:49:00,244434.98,9639.62,42263.18,277058.54,COMPLETED
841,4,764,25,INV-000841,2026-07-19 16:12:00,336085.02,22161.03,56506.31,370430.3,COMPLETED
842,3,457,17,INV-000842,2026-07-23 13:45:00,138469.83,7460.52,23581.68,154590.99,COMPLETED
843,4,211,26,INV-000843,2026-08-23 11:46:00,6055.61,393.02,1019.27,6681.86,COMPLETED
844,1,645,6,INV-000844,2026-09-27 13:46:00,32844.1,3505.71,5280.91,34619.3,COMPLETED
845,4,98,30,INV-000845,2026-09-01 19:01:00,137304.92,11306.36,22679.74,148678.3,COMPLETED
846,1,735,6,INV-000846,2026-09-06 14:58:00,43744.8,3602.14,7225.68,47368.34,CANCELLED
847,1,187,2,INV-000847,2026-07-22 14:50:00,363428.56,31596.71,59729.73,391561.58,COMPLETED
848,5,33,37,INV-000848,2026-07-22 13:02:00,308039.98,24401.63,51054.91,334693.26,COMPLETED
849,1,295,6,INV-000849,2026-09-21 18:13:00,107481.65,1638.29,19051.81,124895.17,COMPLETED
850,1,66,5,INV-000850,2026-04-19 17:19:00,354883.75,18116.59,60618.1,397385.26,COMPLETED
851,5,660,33,INV-000851,2026-04-05 15:36:00,192916.59,15807.66,31879.61,208988.54,COMPLETED
852,2,584,10,INV-000852,2026-06-13 13:37:00,223571.64,10075.09,38429.38,251925.93,COMPLETED
853,3,75,17,INV-000853,2026-08-05 12:24:00,68214.19,1805.02,11953.65,78362.82,COMPLETED
854,5,225,34,INV-000854,2026-05-27 13:21:00,16802.96,1486.52,2756.96,18073.4,COMPLETED
855,4,365,25,INV-000855,2026-06-02 09:40:00,230822.16,10366.67,39681.99,260137.48,COMPLETED
856,5,332,38,INV-000856,2026-08-23 11:05:00,260893.68,6184.46,45847.66,300556.88,COMPLETED
857,2,906,9,INV-000857,2026-09-25 11:29:00,156742.8,13624.27,25761.34,168879.87,COMPLETED
858,3,232,18,INV-000858,2026-08-19 09:11:00,95696.44,1100.61,17027.25,111623.08,COMPLETED
859,5,741,38,INV-000859,2026-04-02 19:23:00,244329.39,10931.83,42011.57,275409.13,COMPLETED
860,5,726,33,INV-000860,2026-04-13 14:58:00,145681.6,9416.04,24527.8,160793.36,COMPLETED
861,2,340,13,INV-000861,2026-06-19 09:42:00,30148.96,608.24,5317.33,34858.05,COMPLETED
862,1,565,2,INV-000862,2026-05-25 18:18:00,347103.57,26286.96,57747.0,378563.61,COMPLETED
863,4,592,29,INV-000863,2026-09-02 20:12:00,31044.24,2740.78,5094.62,33398.08,COMPLETED
864,2,284,9,INV-000864,2026-09-26 11:14:00,59872.42,4132.81,10033.13,65772.74,COMPLETED
865,2,921,9,INV-000865,2026-05-04 17:05:00,221500.09,13322.32,37472.0,245649.77,COMPLETED
866,4,626,25,INV-000866,2026-08-16 12:08:00,43250.55,3382.68,7176.22,47044.09,CANCELLED
867,1,700,6,INV-000867,2026-09-23 20:04:00,137272.58,5651.76,23691.76,155312.58,COMPLETED
868,5,402,38,INV-000868,2026-05-12 11:36:00,75391.06,8494.03,12041.47,78938.5,COMPLETED
869,1,416,5,INV-000869,2026-08-21 14:53:00,176609.91,14806.38,29124.64,190928.17,COMPLETED
870,3,672,21,INV-000870,2026-04-10 16:27:00,369512.52,13778.95,64032.05,419765.62,COMPLETED
871,2,904,14,INV-000871,2026-05-01 10:18:00,158451.65,16266.18,25593.39,167778.86,COMPLETED
872,2,696,9,INV-000872,2026-08-10 17:40:00,126838.92,14446.6,20230.62,132622.94,COMPLETED
873,5,152,38,INV-000873,2026-09-11 12:46:00,130988.42,6401.55,22425.64,147012.51,COMPLETED
874,3,998,22,INV-000874,2026-05-18 14:42:00,71480.88,1929.24,12519.3,82070.94,COMPLETED
875,1,80,2,INV-000875,2026-04-21 20:53:00,188341.48,8945.21,32291.33,211687.6,COMPLETED
876,5,512,37,INV-000876,2026-06-24 16:25:00,247797.53,28207.25,39526.25,259116.53,COMPLETED
877,1,214,6,INV-000877,2026-06-11 11:05:00,123984.1,1965.73,21963.3,143981.67,COMPLETED
878,1,190,5,INV-000878,2026-07-12 18:09:00,226202.12,5933.12,39648.42,259917.42,COMPLETED
879,2,796,13,INV-000879,2026-08-29 10:17:00,141645.27,6351.94,24352.8,159646.13,COMPLETED
880,2,837,14,INV-000880,2026-04-30 13:49:00,145129.13,4446.75,25322.82,166005.2,COMPLETED
881,5,508,33,INV-000881,2026-08-14 14:58:00,143418.96,1532.43,25539.57,167426.1,COMPLETED
882,2,372,10,INV-000882,2026-09-16 13:47:00,217144.4,5633.15,38072.03,249583.28,COMPLETED
883,1,816,6,INV-000883,2026-06-27 20:52:00,104957.28,6145.26,17786.16,116598.18,COMPLETED
884,2,480,10,INV-000884,2026-04-01 10:17:00,33767.83,3748.23,5403.53,35423.13,COMPLETED
885,2,955,14,INV-000885,2026-08-16 10:01:00,150251.7,10383.31,25176.3,165044.69,COMPLETED
886,4,123,26,INV-000886,2026-07-18 09:38:00,106182.01,8455.43,17590.78,115317.36,COMPLETED
887,1,388,2,INV-000887,2026-09-07 14:22:00,171330.22,4596.63,30012.04,196745.63,COMPLETED
888,2,131,13,INV-000888,2026-07-05 18:22:00,178421.48,4552.68,31296.39,205165.19,COMPLETED
889,3,874,21,INV-000889,2026-07-31 20:44:00,168791.34,7342.04,29060.87,190510.17,COMPLETED
890,4,930,25,INV-000890,2026-04-13 17:29:00,83181.68,3883.82,14273.61,93571.47,COMPLETED
891,5,850,34,INV-000891,2026-05-22 15:02:00,142756.56,2135.89,25311.72,165932.39,COMPLETED
892,5,915,34,INV-000892,2026-08-21 19:35:00,136193.8,11305.35,22479.92,147368.37,COMPLETED
893,4,206,30,INV-000893,2026-06-23 16:48:00,84207.32,4185.23,14403.97,94426.06,COMPLETED
894,5,260,37,INV-000894,2026-05-10 14:35:00,241921.54,10291.12,41693.48,273323.9,COMPLETED
895,2,876,9,INV-000895,2026-09-13 10:34:00,123748.36,10152.43,20447.27,134043.2,COMPLETED
896,2,498,9,INV-000896,2026-09-19 14:14:00,289589.53,13540.29,49688.87,325738.11,COMPLETED
897,3,65,22,INV-000897,2026-06-20 20:17:00,198069.45,8286.56,34160.93,223943.82,COMPLETED
898,4,18,29,INV-000898,2026-08-24 19:05:00,129881.1,8809.75,21792.85,142864.2,COMPLETED
899,1,638,1,INV-000899,2026-09-14 16:06:00,53013.12,2791.43,9039.9,59261.59,COMPLETED
900,5,474,38,INV-000900,2026-08-15 18:41:00,257479.88,7810.47,44940.49,294609.9,COMPLETED
901,3,665,22,INV-000901,2026-08-18 15:22:00,57081.65,2218.93,9875.29,64738.01,COMPLETED
902,3,32,18,INV-000902,2026-08-10 19:46:00,351352.65,21084.96,59448.18,389715.87,COMPLETED
903,3,8,22,INV-000903,2026-04-13 09:08:00,413517.12,29269.11,69164.65,453412.66,COMPLETED
904,2,912,14,INV-000904,2026-06-28 15:44:00,36838.59,146.0,6604.67,43297.26,COMPLETED
905,2,204,14,INV-000905,2026-04-10 18:47:00,300000.79,12089.99,51823.94,339734.74,COMPLETED
906,4,184,25,INV-000906,2026-07-04 14:07:00,192570.2,9642.73,32926.94,215854.41,COMPLETED
907,3,939,21,INV-000907,2026-08-13 18:54:00,336220.21,19616.5,56988.67,373592.38,COMPLETED
908,1,627,5,INV-000908,2026-05-02 15:36:00,333478.55,10454.15,58144.39,381168.79,COMPLETED
909,4,620,26,INV-000909,2026-08-01 20:59:00,100532.06,1204.45,17878.97,117206.58,COMPLETED
910,1,118,2,INV-000910,2026-08-01 09:30:00,75620.26,5466.51,12627.68,82781.43,COMPLETED
911,2,44,9,INV-000911,2026-06-17 13:36:00,111611.54,2178.68,19697.92,129130.78,COMPLETED
912,4,880,29,INV-000912,2026-07-10 14:33:00,441920.02,49160.51,70696.71,463456.22,COMPLETED
913,3,398,22,INV-000913,2026-05-27 10:04:00,128353.27,1028.05,22918.54,150243.76,COMPLETED
914,2,879,9,INV-000914,2026-06-03 12:19:00,139776.6,8325.09,23661.27,155112.78,COMPLETED
915,5,34,33,INV-000915,2026-08-20 19:20:00,33014.48,628.25,5829.52,38215.75,COMPLETED
916,4,911,30,INV-000916,2026-06-13 10:29:00,134704.86,11176.75,22235.06,145763.17,COMPLETED
917,4,186,29,INV-000917,2026-07-24 14:46:00,61430.02,4581.41,10232.75,67081.36,COMPLETED
918,2,411,13,INV-000918,2026-08-25 10:13:00,140296.98,2228.7,24852.29,162920.57,COMPLETED
919,1,803,6,INV-000919,2026-07-26 14:59:00,10562.8,179.98,1868.91,12251.73,COMPLETED
920,3,921,18,INV-000920,2026-04-15 11:17:00,179363.43,13779.0,29805.2,195389.63,COMPLETED
921,2,470,13,INV-000921,2026-04-18 18:51:00,17201.96,1481.5,2829.68,18550.14,COMPLETED
922,1,60,5,INV-000922,2026-07-22 20:26:00,146270.45,12535.08,24072.37,157807.74,COMPLETED
923,3,109,22,INV-000923,2026-09-07 18:59:00,24790.96,1287.52,4230.62,27734.06,COMPLETED
924,4,348,26,INV-000924,2026-08-08 10:11:00,54985.71,3090.34,9341.17,61236.54,COMPLETED
925,3,970,18,INV-000925,2026-06-03 16:15:00,29889.89,734.3,5248.01,34403.6,COMPLETED
926,5,990,38,INV-000926,2026-08-10 09:15:00,83871.48,6512.77,13924.57,91283.28,COMPLETED
927,2,361,10,INV-000927,2026-04-27 18:39:00,293201.63,18218.48,49496.96,324480.11,COMPLETED
928,1,878,5,INV-000928,2026-06-14 11:09:00,23945.68,1082.97,4115.29,26978.0,COMPLETED
929,4,931,26,INV-000929,2026-05-20 20:47:00,79238.68,1924.14,13916.62,91231.16,COMPLETED
930,1,515,5,INV-000930,2026-08-11 16:32:00,363442.63,16056.02,62529.6,409916.21,COMPLETED
931,4,264,30,INV-000931,2026-09-07 20:57:00,88835.65,2306.05,15575.33,102104.93,COMPLETED
932,4,327,30,INV-000932,2026-05-14 11:58:00,61972.14,2146.8,10768.57,70593.91,COMPLETED
933,3,155,18,INV-000933,2026-08-30 13:07:00,137059.16,3591.49,24024.18,157491.85,COMPLETED
934,5,239,38,INV-000934,2026-07-21 12:29:00,122501.99,11079.8,20055.99,131478.18,COMPLETED
935,4,344,25,INV-000935,2026-09-17 13:39:00,132767.84,5741.74,22864.69,149890.79,COMPLETED
936,2,973,9,INV-000936,2026-05-15 10:23:00,122762.24,10321.3,20239.37,132680.31,CANCELLED
937,3,107,17,INV-000937,2026-08-28 10:33:00,79004.61,6479.84,13054.46,85579.23,COMPLETED
938,5,251,38,INV-000938,2026-06-20 17:20:00,198426.09,9134.2,34072.54,223364.43,COMPLETED
939,2,77,10,INV-000939,2026-05-20 11:01:00,204767.72,7632.69,35484.31,232619.34,COMPLETED
940,4,158,30,INV-000940,2026-07-14 18:39:00,244986.46,11286.5,42065.99,275765.95,COMPLETED
941,1,959,5,INV-000941,2026-05-21 20:10:00,205113.58,12077.24,34746.53,227782.87,COMPLETED
942,4,676,26,INV-000942,2026-08-23 18:03:00,13447.24,861.67,2265.4,14850.97,COMPLETED
943,4,879,26,INV-000943,2026-05-29 11:54:00,268638.98,14553.7,45735.36,299820.64,COMPLETED
944,4,108,30,INV-000944,2026-06-03 15:35:00,127727.78,6181.58,21878.32,143424.52,COMPLETED
945,2,755,14,INV-000945,2026-09-01 20:54:00,137096.36,5352.79,23713.84,155457.41,COMPLETED
946,4,395,30,INV-000946,2026-04-25 19:02:00,131785.8,6762.0,22504.29,147528.09,COMPLETED
947,1,941,6,INV-000947,2026-08-07 20:07:00,280341.25,12086.9,48285.79,316540.14,COMPLETED
948,4,378,30,INV-000948,2026-09-26 15:34:00,285284.08,13375.72,48943.51,320851.87,COMPLETED
949,4,783,25,INV-000949,2026-07-23 20:19:00,145682.6,3106.48,25663.7,168239.82,COMPLETED
950,3,783,17,INV-000950,2026-07-22 18:39:00,328805.49,17387.17,56055.3,367473.62,COMPLETED
951,5,116,37,INV-000951,2026-07-15 16:15:00,227840.14,14352.85,38427.72,251915.01,COMPLETED
952,3,812,17,INV-000952,2026-09-02 11:42:00,241153.68,13919.43,40902.17,268136.42,COMPLETED
953,5,278,34,INV-000953,2026-08-15 13:22:00,230614.81,14283.17,38939.68,255271.32,COMPLETED
954,3,887,22,INV-000954,2026-05-31 09:09:00,286080.7,12683.18,49211.55,322609.07,COMPLETED
955,2,934,9,INV-000955,2026-07-01 15:18:00,69692.1,6416.59,11389.59,74665.1,COMPLETED
956,3,460,22,INV-000956,2026-08-24 09:32:00,109724.31,4967.58,18856.21,123612.94,COMPLETED
957,2,941,13,INV-000957,2026-06-15 13:16:00,32847.25,2143.31,5526.71,36230.65,COMPLETED
958,3,309,18,INV-000958,2026-04-10 15:09:00,158212.7,15897.55,25616.72,167931.87,COMPLETED
959,2,962,10,INV-000959,2026-05-17 10:38:00,17457.2,451.35,3061.05,20066.9,COMPLETED
960,1,511,5,INV-000960,2026-06-18 16:57:00,185684.65,8445.16,31903.1,209142.59,COMPLETED
961,1,295,2,INV-000961,2026-06-25 20:22:00,45841.48,1567.84,7969.26,52242.9,COMPLETED
962,1,243,6,INV-000962,2026-09-11 11:40:00,133228.82,10644.38,22065.21,144649.65,COMPLETED
963,3,730,18,INV-000963,2026-06-20 10:25:00,9303.18,546.19,1576.26,10333.25,COMPLETED
964,1,939,5,INV-000964,2026-04-14 17:54:00,51250.98,3685.68,8561.75,56127.05,COMPLETED
965,3,236,22,INV-000965,2026-07-03 19:13:00,188248.52,2638.58,33409.79,219019.73,COMPLETED
966,3,868,21,INV-000966,2026-09-02 12:02:00,205747.64,3250.26,36449.52,238946.9,COMPLETED
967,5,438,34,INV-000967,2026-04-10 17:30:00,135047.71,6275.19,23179.06,151951.58,COMPLETED
968,1,709,6,INV-000968,2026-06-18 15:20:00,50841.5,2447.98,8710.83,57104.35,COMPLETED
969,4,193,30,INV-000969,2026-06-14 13:55:00,321214.8,26700.34,53012.6,347527.06,COMPLETED
970,5,910,37,INV-000970,2026-07-06 19:50:00,118353.01,6336.6,20162.95,132179.36,COMPLETED
971,1,554,1,INV-000971,2026-08-31 15:42:00,429109.84,23666.83,72979.75,478422.76,COMPLETED
972,5,773,37,INV-000972,2026-08-12 11:33:00,4678.54,100.58,824.03,5401.99,COMPLETED
973,5,840,33,INV-000973,2026-05-06 13:33:00,512219.86,46962.55,83746.32,549003.63,COMPLETED
974,2,509,14,INV-000974,2026-05-11 17:25:00,270896.24,24304.24,44386.56,290978.56,COMPLETED
975,1,756,1,INV-000975,2026-09-06 19:58:00,323529.81,23326.11,54036.66,354240.36,COMPLETED
976,3,773,17,INV-000976,2026-07-28 20:00:00,252756.3,3941.18,44786.73,293601.85,COMPLETED
977,5,874,34,INV-000977,2026-08-25 16:19:00,158371.23,9204.09,26850.08,176017.22,COMPLETED
978,5,847,37,INV-000978,2026-08-15 10:54:00,295548.58,9782.48,51437.9,337204.0,COMPLETED
979,4,223,25,INV-000979,2026-09-24 14:32:00,159523.87,9459.92,27011.51,177075.46,COMPLETED
980,4,246,30,INV-000980,2026-08-28 16:36:00,52268.88,857.73,9254.0,60665.15,COMPLETED
981,2,483,10,INV-000981,2026-08-03 11:29:00,23545.72,1539.05,3961.2,25967.87,COMPLETED
982,1,937,5,INV-000982,2026-06-03 13:11:00,231966.87,18190.34,38479.78,252256.31,COMPLETED
983,3,999,17,INV-000983,2026-07-05 10:02:00,68844.63,84.52,12376.82,81136.93,COMPLETED
984,4,957,26,INV-000984,2026-08-09 10:16:00,156282.35,12966.24,25796.9,169113.01,COMPLETED
985,4,267,30,INV-000985,2026-09-25 19:55:00,350773.51,28610.54,57989.33,380152.3,COMPLETED
986,4,867,26,INV-000986,2026-08-04 10:29:00,84061.47,8282.96,13640.13,89418.64,COMPLETED
987,3,605,18,INV-000987,2026-08-07 17:57:00,50912.88,1255.8,8938.27,58595.35,COMPLETED
988,2,220,10,INV-000988,2026-07-13 13:48:00,182903.56,7861.67,31507.55,206549.44,COMPLETED
989,2,406,10,INV-000989,2026-05-05 14:16:00,144454.84,4443.24,25202.09,165213.69,COMPLETED
990,1,462,5,INV-000990,2026-07-28 11:00:00,170418.06,5377.72,29707.27,194747.61,COMPLETED
991,2,61,9,INV-000991,2026-09-07 16:45:00,301216.02,13725.62,51748.27,339238.67,COMPLETED
992,3,190,18,INV-000992,2026-06-14 09:16:00,49888.25,244.24,8935.92,58579.93,COMPLETED
993,4,52,26,INV-000993,2026-07-31 09:09:00,331879.87,25492.05,55149.81,361537.63,COMPLETED
994,4,11,25,INV-000994,2026-06-26 16:30:00,294880.33,5455.5,52096.47,341521.3,COMPLETED
995,2,580,14,INV-000995,2026-04-11 20:32:00,380801.46,18656.36,65186.12,427331.22,COMPLETED
996,5,561,34,INV-000996,2026-04-18 16:53:00,81070.53,2980.74,14056.16,92145.95,COMPLETED
997,2,301,13,INV-000997,2026-05-04 11:23:00,118505.45,2233.11,20929.02,137201.36,COMPLETED
998,1,978,2,INV-000998,2026-09-18 20:01:00,311518.52,26615.21,51282.6,336185.91,COMPLETED
999,4,668,25,INV-000999,2026-07-29 18:52:00,73608.96,7177.99,11957.58,78388.55,COMPLETED
1000,2,109,9,INV-001000,2026-08-26 19:07:00,115993.1,10005.14,19077.83,125065.79,COMPLETED
1001,4,811,30,INV-001001,2026-08-10 19:26:00,124040.19,12662.32,20048.01,131425.88,COMPLETED
1002,1,449,2,INV-001002,2026-09-16 17:05:00,181380.92,6382.24,31499.75,206498.43,COMPLETED
1003,5,523,37,INV-001003,2026-07-21 13:28:00,25456.44,358.23,4517.68,29615.89,COMPLETED
1004,3,192,22,INV-001004,2026-05-08 20:54:00,43728.99,5236.31,6928.68,45421.36,COMPLETED
1005,2,368,9,INV-001005,2026-06-24 09:56:00,79108.97,2711.07,13751.62,90149.52,COMPLETED
1006,4,246,30,INV-001006,2026-08-30 10:39:00,25243.55,367.5,4477.69,29353.74,COMPLETED
1007,5,394,33,INV-001007,2026-08-24 20:40:00,104676.74,10616.6,16930.83,110990.97,COMPLETED
1008,5,398,33,INV-001008,2026-04-03 17:50:00,82326.52,5659.56,13800.05,90467.01,COMPLETED
1009,5,701,37,INV-001009,2026-05-27 12:27:00,11203.89,972.07,1841.73,12073.55,COMPLETED
1010,1,326,1,INV-001010,2026-04-24 19:38:00,266814.05,19742.52,44472.87,291544.4,COMPLETED
1011,4,31,30,INV-001011,2026-07-24 14:24:00,227996.99,15999.39,38159.56,250157.16,COMPLETED
1012,5,943,34,INV-001012,2026-05-06 19:14:00,170951.03,12501.29,28520.95,186970.69,COMPLETED
1013,2,320,14,INV-001013,2026-05-11 12:22:00,238346.57,8922.36,41296.36,270720.57,COMPLETED
1014,3,579,21,INV-001014,2026-04-05 13:42:00,144388.6,4619.04,25158.52,164928.08,COMPLETED
1015,1,92,1,INV-001015,2026-05-15 12:57:00,29142.98,430.18,5168.3,33881.1,COMPLETED
1016,3,510,17,INV-001016,2026-07-19 15:48:00,140111.12,6108.73,24120.43,158122.82,COMPLETED
1017,2,393,13,INV-001017,2026-04-07 10:39:00,83080.2,68.23,14942.15,97954.12,COMPLETED
1018,3,866,22,INV-001018,2026-05-09 13:15:00,214152.14,15568.8,35745.0,234328.34,COMPLETED
1019,4,404,26,INV-001019,2026-07-25 09:32:00,288137.96,27892.35,46844.22,307089.83,COMPLETED
1020,4,523,30,INV-001020,2026-06-09 18:18:00,141759.3,8744.4,23942.69,156957.59,COMPLETED
1021,2,241,10,INV-001021,2026-06-20 13:51:00,60592.5,4953.85,10014.95,65653.6,COMPLETED
1022,3,864,22,INV-001022,2026-06-04 18:47:00,250161.03,16155.68,42120.97,276126.32,COMPLETED
1023,1,687,1,INV-001023,2026-09-04 16:49:00,130195.15,4306.14,22660.02,148549.03,COMPLETED
1024,3,346,18,INV-001024,2026-09-21 18:50:00,214920.46,14550.41,36066.61,236436.66,CANCELLED
1025,4,887,29,INV-001025,2026-04-05 14:54:00,33886.56,4037.77,5372.78,35221.57,COMPLETED
1026,3,201,21,INV-001026,2026-09-16 20:17:00,75391.06,2235.81,13167.94,86323.19,COMPLETED
1027,3,5,22,INV-001027,2026-06-01 16:09:00,68732.88,436.08,12293.42,80590.22,COMPLETED
1028,2,609,9,INV-001028,2026-07-24 17:52:00,283850.44,22210.98,47095.11,308734.57,COMPLETED
1029,4,47,30,INV-001029,2026-04-27 19:48:00,240457.8,19976.04,39686.72,260168.48,COMPLETED
1030,3,644,17,INV-001030,2026-05-01 10:13:00,290171.38,19582.8,48705.94,319294.52,COMPLETED
1031,4,733,25,INV-001031,2026-05-29 16:07:00,165607.05,10977.63,27833.3,182462.72,COMPLETED
1032,4,794,30,INV-001032,2026-05-01 17:12:00,246253.98,20534.81,40629.45,266348.62,COMPLETED
1033,3,888,22,INV-001033,2026-08-07 09:00:00,119536.45,2841.42,21005.11,137700.14,COMPLETED
1034,1,600,6,INV-001034,2026-04-10 15:38:00,326706.66,7540.21,57449.97,376616.42,COMPLETED
1035,5,714,37,INV-001035,2026-05-07 10:20:00,28066.42,2824.82,4543.49,29785.09,COMPLETED
1036,1,492,1,INV-001036,2026-04-03 12:12:00,126422.88,10527.86,20861.1,136756.12,COMPLETED
1037,2,555,13,INV-001037,2026-06-14 17:04:00,137267.04,10027.1,22903.19,150143.13,COMPLETED
1038,2,151,9,INV-001038,2026-04-26 14:58:00,47891.36,4136.06,7875.95,51631.25,COMPLETED
1039,3,731,22,INV-001039,2026-06-02 12:42:00,229755.96,9841.45,39584.61,259499.12,CANCELLED
1040,4,877,30,INV-001040,2026-05-02 14:30:00,101220.97,7441.37,16880.32,110659.92,COMPLETED
1041,4,827,29,INV-001041,2026-04-26 11:14:00,400431.1,8433.49,70559.57,462557.18,COMPLETED
1042,3,433,21,INV-001042,2026-07-28 16:09:00,39462.15,2090.91,6726.82,44098.06,COMPLETED
1043,5,126,38,INV-001043,2026-07-02 15:51:00,83946.69,3035.9,14563.94,95474.73,CANCELLED
1044,5,795,33,INV-001044,2026-05-18 16:18:00,14035.62,847.62,2373.84,15561.84,COMPLETED
1045,2,52,14,INV-001045,2026-05-12 18:11:00,236095.24,15376.34,39729.4,260448.3,COMPLETED
1046,4,439,30,INV-001046,2026-06-04 11:00:00,194684.74,12397.97,32811.62,215098.39,COMPLETED
1047,4,367,26,INV-001047,2026-09-02 11:13:00,220722.64,13842.55,37238.42,244118.51,COMPLETED
1048,3,704,17,INV-001048,2026-08-13 18:49:00,190226.06,15360.8,31475.74,206341.0,COMPLETED
1049,1,197,5,INV-001049,2026-09-22 19:47:00,176591.55,8471.8,30261.56,198381.31,COMPLETED
1050,1,852,2,INV-001050,2026-08-13 13:09:00,47489.0,3925.58,7841.41,51404.83,COMPLETED
1051,2,967,10,INV-001051,2026-09-12 11:30:00,29031.11,2912.11,4701.42,30820.42,COMPLETED
1052,5,992,33,INV-001052,2026-08-04 10:27:00,199087.38,3318.7,35238.36,231007.04,COMPLETED
1053,5,34,34,INV-001053,2026-07-05 11:06:00,116437.11,7048.7,19689.91,129078.32,COMPLETED
1054,1,433,1,INV-001054,2026-08-18 09:55:00,13447.24,1425.74,2163.87,14185.37,COMPLETED
1055,1,947,6,INV-001055,2026-05-20 16:56:00,33611.67,2763.89,5552.6,36400.38,COMPLETED
1056,2,190,10,INV-001056,2026-07-15 16:11:00,142475.88,10095.7,23828.42,156208.6,COMPLETED
1057,5,553,33,INV-001057,2026-05-27 18:02:00,182105.79,12401.32,30546.81,200251.28,COMPLETED
1058,2,185,14,INV-001058,2026-08-17 10:10:00,443694.79,27623.24,74892.88,490964.43,COMPLETED
1059,3,211,21,INV-001059,2026-08-29 16:16:00,368914.91,24997.83,61905.08,405822.16,COMPLETED
1060,1,579,1,INV-001060,2026-05-14 18:02:00,3139.78,339.76,504.0,3304.02,COMPLETED
1061,3,599,17,INV-001061,2026-05-28 11:57:00,82599.36,6161.67,13758.78,90196.47,COMPLETED
1062,2,928,13,INV-001062,2026-09-14 14:22:00,14102.36,1674.19,2237.07,14665.24,COMPLETED
1063,4,712,29,INV-001063,2026-05-24 18:12:00,164784.56,6701.75,28454.91,186537.72,COMPLETED
1064,1,356,1,INV-001064,2026-08-23 20:47:00,350531.91,24617.06,58664.67,384579.52,COMPLETED
1065,1,249,2,INV-001065,2026-08-06 15:12:00,41162.52,1526.26,7134.53,46770.79,COMPLETED
1066,1,187,6,INV-001066,2026-08-31 13:41:00,35451.22,3835.91,5690.76,37306.07,COMPLETED
1067,2,406,10,INV-001067,2026-07-24 10:44:00,86990.61,1909.3,15314.63,100395.94,COMPLETED
1068,3,684,18,INV-001068,2026-08-09 19:58:00,247668.5,12408.57,42346.78,277606.71,COMPLETED
1069,2,63,13,INV-001069,2026-05-19 11:45:00,77458.68,6423.65,12786.31,83821.34,COMPLETED
1070,3,278,17,INV-001070,2026-05-24 20:49:00,32130.39,1595.54,5496.27,36031.12,COMPLETED
1071,2,478,13,INV-001071,2026-09-02 11:23:00,83579.7,5987.06,13966.68,91559.32,COMPLETED
1072,2,310,9,INV-001072,2026-08-17 16:31:00,172328.84,13111.76,28659.07,187876.15,COMPLETED
1073,2,604,10,INV-001073,2026-08-29 17:27:00,279496.15,25005.39,45808.33,300299.09,COMPLETED
1074,5,753,37,INV-001074,2026-08-13 17:12:00,375584.65,10751.16,65670.03,430503.52,COMPLETED
1075,3,805,17,INV-001075,2026-08-28 15:10:00,360832.24,13281.94,62559.05,410109.35,COMPLETED
1076,1,872,1,INV-001076,2026-05-14 11:15:00,32615.03,2333.17,5450.73,35732.59,COMPLETED
1077,2,409,14,INV-001077,2026-04-01 13:58:00,107667.4,2826.11,18871.42,123712.71,COMPLETED
1078,1,756,1,INV-001078,2026-04-22 18:14:00,97539.04,2380.47,17128.54,112287.11,COMPLETED
1079,1,392,2,INV-001079,2026-04-02 20:02:00,315575.57,22921.72,52677.69,345331.54,COMPLETED
1080,2,289,14,INV-001080,2026-05-26 20:33:00,277787.05,5607.14,48992.38,321172.29,COMPLETED
1081,2,211,9,INV-001081,2026-05-21 15:07:00,113330.55,3850.26,19706.45,129186.74,COMPLETED
1082,2,733,10,INV-001082,2026-04-26 15:22:00,170183.64,9691.39,28888.61,189380.86,COMPLETED
1083,4,433,25,INV-001083,2026-09-25 12:50:00,208046.77,12361.23,35223.4,230908.94,COMPLETED
1084,1,635,6,INV-001084,2026-09-05 18:12:00,118706.98,2950.3,20836.2,136592.88,COMPLETED
1085,3,788,17,INV-001085,2026-08-06 11:14:00,152950.73,10821.27,25583.3,167712.76,CANCELLED
1086,2,896,13,INV-001086,2026-06-15 17:23:00,28624.22,1358.87,4907.76,32173.11,COMPLETED
1087,4,65,29,INV-001087,2026-09-15 09:00:00,223445.46,12336.16,37999.66,249108.96,COMPLETED
1088,5,269,33,INV-001088,2026-09-20 15:03:00,185375.98,9209.58,31709.95,207876.35,COMPLETED
1089,4,556,25,INV-001089,2026-07-25 19:54:00,235266.38,22617.09,38276.87,250926.16,COMPLETED
1090,3,532,17,INV-001090,2026-07-05 17:47:00,295416.92,19019.28,49751.58,326149.22,COMPLETED
1091,3,373,18,INV-001091,2026-07-15 15:02:00,160845.5,10076.45,27138.43,177907.48,COMPLETED
1092,2,838,9,INV-001092,2026-07-13 16:44:00,58972.88,1295.3,10381.96,68059.54,COMPLETED
1093,4,795,29,INV-001093,2026-04-21 18:01:00,280246.64,16857.83,47409.98,310798.79,COMPLETED
1094,1,818,5,INV-001094,2026-09-11 14:54:00,25554.93,1751.03,4284.7,28088.6,COMPLETED
1095,4,269,25,INV-001095,2026-09-13 17:27:00,48997.56,4014.63,8096.93,53079.86,COMPLETED
1096,2,860,10,INV-001096,2026-04-16 10:25:00,86075.56,6769.57,14275.08,93581.07,COMPLETED
1097,5,503,34,INV-001097,2026-05-01 17:09:00,170536.96,12554.4,28436.86,186419.42,COMPLETED
1098,3,415,18,INV-001098,2026-08-29 13:10:00,24182.7,2822.05,3844.92,25205.57,COMPLETED
1099,3,116,17,INV-001099,2026-06-12 14:49:00,217571.11,19010.33,35740.94,234301.72,COMPLETED
1100,2,715,9,INV-001100,2026-05-08 20:43:00,26697.64,1327.25,4566.67,29937.06,COMPLETED
1101,4,680,29,INV-001101,2026-05-27 19:07:00,189628.4,18385.7,30823.69,202066.39,COMPLETED
1102,1,963,2,INV-001102,2026-07-24 09:07:00,80497.11,4314.44,13712.88,89895.55,COMPLETED
1103,2,154,14,INV-001103,2026-08-14 11:38:00,171098.21,14541.44,28180.22,184736.99,COMPLETED
1104,2,647,14,INV-001104,2026-06-10 10:04:00,315002.11,23151.48,52533.11,344383.74,COMPLETED
1105,2,246,9,INV-001105,2026-09-07 10:29:00,2480.16,295.91,393.16,2577.41,COMPLETED
1106,3,334,18,INV-001106,2026-08-31 15:40:00,277767.23,31335.79,44357.66,290789.1,COMPLETED
1107,3,306,18,INV-001107,2026-05-12 19:56:00,97311.17,7827.04,16107.14,105591.27,COMPLETED
1108,4,843,30,INV-001108,2026-09-28 09:15:00,345567.52,9578.02,60478.11,396467.61,COMPLETED
1109,1,809,6,INV-001109,2026-07-04 13:43:00,481.56,47.79,78.08,511.85,COMPLETED
1110,3,511,22,INV-001110,2026-06-03 17:23:00,86792.72,5795.33,14579.53,95576.92,COMPLETED
1111,5,133,33,INV-001111,2026-07-05 18:19:00,209087.2,9929.37,35848.4,235006.23,COMPLETED
1112,4,990,25,INV-001112,2026-07-26 18:37:00,192180.32,11169.67,32581.9,213592.55,COMPLETED
1113,4,626,30,INV-001113,2026-05-18 14:58:00,190255.71,15259.19,31499.37,206495.89,COMPLETED
1114,5,159,33,INV-001114,2026-05-03 15:00:00,11408.11,396.44,1982.1,12993.77,COMPLETED
1115,4,861,26,INV-001115,2026-09-05 20:47:00,97357.14,8659.23,15965.62,104663.53,COMPLETED
1116,3,223,17,INV-001116,2026-06-16 10:01:00,183841.04,6371.6,31944.5,209413.94,COMPLETED
1117,3,305,22,INV-001117,2026-05-11 20:50:00,88688.88,2067.46,15591.85,102213.27,COMPLETED
1118,2,584,9,INV-001118,2026-08-03 15:27:00,260192.33,14477.15,44228.73,289943.91,COMPLETED
1119,5,419,38,INV-001119,2026-04-26 17:27:00,294116.55,18766.0,49563.09,324913.64,COMPLETED
1120,5,871,37,INV-001120,2026-07-13 10:00:00,192760.2,11470.04,32632.23,213922.39,COMPLETED
1121,3,232,17,INV-001121,2026-07-17 10:48:00,300588.88,21643.57,50210.16,329155.47,COMPLETED
1122,4,564,29,INV-001122,2026-09-03 09:49:00,187640.48,19163.09,30325.93,198803.32,COMPLETED
1123,4,330,30,INV-001123,2026-04-20 18:04:00,284252.01,8333.03,49665.42,325584.4,COMPLETED
1124,1,572,1,INV-001124,2026-06-30 17:00:00,75724.42,2696.49,13145.03,86172.96,COMPLETED
1125,3,617,18,INV-001125,2026-09-18 10:58:00,311078.96,4929.49,55106.91,361256.38,COMPLETED
1126,5,19,37,INV-001126,2026-06-03 18:59:00,167790.26,12003.4,28041.64,183828.5,COMPLETED
1127,3,676,17,INV-001127,2026-07-23 17:34:00,158709.92,6126.76,27464.97,180048.13,COMPLETED
1128,4,709,29,INV-001128,2026-07-21 20:38:00,105433.14,3112.79,18417.66,120738.01,COMPLETED
1129,4,270,29,INV-001129,2026-04-06 17:58:00,87013.01,7392.08,14331.76,93952.69,COMPLETED
1130,2,95,9,INV-001130,2026-05-22 19:54:00,172012.3,9425.59,29265.6,191852.31,COMPLETED
1131,2,247,14,INV-001131,2026-05-18 19:07:00,24222.44,94.03,4343.11,28471.52,CANCELLED
1132,2,19,10,INV-001132,2026-06-20 12:38:00,199142.28,11163.04,33836.27,221815.51,COMPLETED
1133,1,400,5,INV-001133,2026-04-19 18:36:00,232613.2,7230.22,40568.94,265951.92,COMPLETED
1134,5,945,38,INV-001134,2026-04-01 14:14:00,40668.12,359.53,7255.55,47564.14,COMPLETED
1135,3,833,22,INV-001135,2026-08-21 16:00:00,134360.98,2716.86,23695.94,155340.06,COMPLETED
1136,4,380,25,INV-001136,2026-04-12 11:46:00,154751.94,9164.29,26205.78,171793.43,COMPLETED
1137,1,374,2,INV-001137,2026-05-05 09:38:00,288715.12,25176.39,47436.97,310975.7,COMPLETED
1138,2,43,14,INV-001138,2026-04-13 18:45:00,394796.98,33444.9,65043.37,426395.45,COMPLETED
1139,3,231,21,INV-001139,2026-08-10 10:07:00,463900.43,38635.55,76547.68,501812.56,COMPLETED
1140,3,127,18,INV-001140,2026-08-05 18:31:00,13144.32,599.2,2258.12,14803.24,COMPLETED
1141,4,318,26,INV-001141,2026-08-17 15:01:00,290260.69,8326.66,50748.13,332682.16,COMPLETED
1142,2,70,9,INV-001142,2026-07-22 12:43:00,101863.6,9888.47,16555.52,108530.65,COMPLETED
1143,5,586,38,INV-001143,2026-04-16 14:08:00,27500.51,870.07,4793.48,31423.92,COMPLETED
1144,4,750,29,INV-001144,2026-07-03 12:06:00,178841.86,5610.4,31181.67,204413.13,COMPLETED
1145,3,595,22,INV-001145,2026-05-25 15:21:00,280285.46,13925.74,47944.75,314304.47,COMPLETED
1146,4,821,30,INV-001146,2026-04-23 17:16:00,44096.22,1509.28,7665.65,50252.59,COMPLETED
1147,2,871,10,INV-001147,2026-05-07 20:45:00,239591.11,10939.5,41157.29,269808.9,COMPLETED
1148,5,265,34,INV-001148,2026-05-13 16:30:00,94824.76,6649.84,15871.49,104046.41,COMPLETED
1149,2,590,9,INV-001149,2026-04-25 13:44:00,103278.24,7644.83,17214.01,112847.42,COMPLETED
1150,3,142,21,INV-001150,2026-05-25 13:31:00,74930.9,7997.75,12047.97,78981.12,COMPLETED
1151,3,337,17,INV-001151,2026-06-08 20:21:00,213267.62,10138.52,36563.24,239692.34,COMPLETED
1152,5,128,34,INV-001152,2026-04-08 09:45:00,202176.6,14039.83,33864.62,222001.39,COMPLETED
1153,4,978,25,INV-001153,2026-07-11 15:59:00,277754.58,11233.46,47973.8,314494.92,COMPLETED
1154,5,139,37,INV-001154,2026-09-09 13:05:00,63632.76,6040.67,10366.58,67958.67,COMPLETED
1155,4,19,29,INV-001155,2026-09-20 19:55:00,308589.82,22329.48,51526.86,337787.2,COMPLETED
1156,4,825,26,INV-001156,2026-08-09 19:22:00,75073.29,2656.58,13035.01,85451.72,COMPLETED
1157,5,863,37,INV-001157,2026-09-01 10:16:00,153817.39,10586.53,25781.56,169012.42,COMPLETED
1158,3,104,22,INV-001158,2026-05-04 10:10:00,308490.88,12914.39,53203.76,348780.25,COMPLETED
1159,2,932,10,INV-001159,2026-05-20 18:33:00,188293.38,10970.95,31918.03,209240.46,COMPLETED
1160,2,462,10,INV-001160,2026-08-13 19:34:00,157362.79,4612.62,27495.03,180245.2,COMPLETED
1161,3,766,22,INV-001161,2026-08-26 18:34:00,210843.59,10480.93,36065.27,236427.93,COMPLETED
1162,5,158,38,INV-001162,2026-05-22 15:51:00,40458.84,2786.47,6781.03,44453.4,COMPLETED
1163,4,8,26,INV-001163,2026-04-26 15:20:00,100787.51,8707.52,16574.4,108654.39,COMPLETED
1164,3,910,21,INV-001164,2026-08-05 14:06:00,67837.5,1736.01,11898.27,77999.76,COMPLETED
1165,4,299,26,INV-001165,2026-09-22 09:22:00,78565.8,3327.11,13542.96,88781.65,COMPLETED
1166,3,267,21,INV-001166,2026-04-18 17:37:00,493881.3,30574.72,83395.19,546701.77,COMPLETED
1167,2,199,14,INV-001167,2026-04-12 18:19:00,137672.75,8748.93,23206.28,152130.1,COMPLETED
1168,5,765,37,INV-001168,2026-04-18 12:17:00,211818.55,11921.81,35981.41,235878.15,COMPLETED
1169,5,540,37,INV-001169,2026-04-04 13:20:00,73808.78,3134.84,12721.31,83395.25,COMPLETED
1170,5,587,33,INV-001170,2026-06-22 16:40:00,67637.25,3520.09,11541.09,75658.25,CANCELLED
1171,1,735,2,INV-001171,2026-09-05 13:17:00,63186.75,4383.15,10584.65,69388.25,COMPLETED
1172,5,626,37,INV-001172,2026-04-05 16:12:00,211984.5,14322.59,35579.14,233241.05,COMPLETED
1173,3,673,17,INV-001173,2026-06-19 10:32:00,301405.64,22677.17,50171.12,328899.59,COMPLETED
1174,5,163,38,INV-001174,2026-06-02 19:49:00,275944.86,9413.44,47975.66,314507.08,COMPLETED
1175,4,859,30,INV-001175,2026-08-02 13:59:00,145965.58,10189.17,24439.75,160216.16,COMPLETED
1176,2,844,14,INV-001176,2026-07-02 14:36:00,152504.03,12882.39,25131.9,164753.54,COMPLETED
1177,4,156,25,INV-001177,2026-05-14 12:30:00,400902.97,20649.02,68445.71,448699.66,COMPLETED
1178,4,509,30,INV-001178,2026-06-20 14:12:00,201490.82,11613.28,34177.96,224055.5,COMPLETED
1179,4,518,26,INV-001179,2026-06-07 17:32:00,163141.58,9785.46,27604.1,180960.22,COMPLETED
1180,3,561,17,INV-001180,2026-08-18 10:09:00,357796.74,19093.26,60966.61,399670.09,COMPLETED
1181,1,466,1,INV-001181,2026-08-29 11:14:00,365760.56,27107.41,60957.57,399610.72,COMPLETED
1182,4,336,30,INV-001182,2026-07-27 17:39:00,348026.28,18048.79,59395.96,389373.45,COMPLETED
1183,2,331,9,INV-001183,2026-06-24 14:40:00,82542.9,4358.05,14073.27,92258.12,COMPLETED
1184,1,633,6,INV-001184,2026-09-02 19:56:00,177299.88,6394.61,30762.95,201668.22,COMPLETED
1185,1,66,5,INV-001185,2026-06-18 16:03:00,33827.92,3800.4,5404.95,35432.47,CANCELLED
1186,3,204,17,INV-001186,2026-07-12 17:28:00,43430.24,4269.03,7049.02,46210.23,COMPLETED
1187,1,900,6,INV-001187,2026-07-25 18:28:00,451507.83,19455.19,77769.47,509822.11,COMPLETED
1188,4,977,30,INV-001188,2026-06-16 09:04:00,251577.01,11427.02,43227.0,283376.99,COMPLETED
1189,2,679,10,INV-001189,2026-07-22 12:06:00,238012.44,15723.37,40012.03,262301.1,COMPLETED
1190,3,564,17,INV-001190,2026-06-28 19:47:00,30282.83,2479.15,5004.66,32808.34,COMPLETED
1191,3,181,22,INV-001191,2026-05-02 14:47:00,290799.44,9500.34,50633.84,331932.94,COMPLETED
1192,5,662,33,INV-001192,2026-06-13 10:14:00,258500.04,17890.26,43309.76,283919.54,COMPLETED
1193,4,27,29,INV-001193,2026-05-03 18:51:00,48433.1,5038.45,7811.04,51205.69,COMPLETED
1194,2,985,14,INV-001194,2026-09-10 14:59:00,131214.4,11133.49,21614.56,141695.47,COMPLETED
1195,4,471,30,INV-001195,2026-05-02 18:47:00,145045.17,5937.6,25039.36,164146.93,COMPLETED
1196,2,629,13,INV-001196,2026-08-29 17:02:00,6653.92,579.05,1093.48,7168.35,CANCELLED
1197,5,913,34,INV-001197,2026-07-17 16:22:00,376086.78,9673.99,65954.3,432367.09,COMPLETED
1198,3,469,17,INV-001198,2026-06-17 15:58:00,230127.76,22317.24,37405.89,245216.41,COMPLETED
1199,2,582,9,INV-001199,2026-08-28 14:47:00,292317.28,25983.42,47940.09,314273.95,COMPLETED
1200,5,27,33,INV-001200,2026-05-26 17:20:00,15047.13,619.84,2596.91,17024.2,COMPLETED
1201,3,948,21,INV-001201,2026-09-22 13:56:00,273924.28,17141.55,46220.89,303003.62,COMPLETED
1202,4,595,29,INV-001202,2026-05-21 11:22:00,21153.54,1768.48,3489.31,22874.37,COMPLETED
1203,3,66,18,INV-001203,2026-05-05 20:00:00,258742.94,5832.82,45523.82,298433.94,COMPLETED
1204,1,103,1,INV-001204,2026-09-26 17:30:00,47877.65,1659.44,8319.28,54537.49,COMPLETED
1205,4,175,30,INV-001205,2026-09-09 10:51:00,28195.42,1856.81,4740.95,31079.56,COMPLETED
1206,5,434,37,INV-001206,2026-06-17 11:21:00,124348.98,4856.76,21508.59,141000.81,COMPLETED
1207,4,55,25,INV-001207,2026-05-18 12:03:00,138549.81,15203.5,22202.33,145548.64,COMPLETED
1208,2,296,10,INV-001208,2026-04-25 10:18:00,20707.09,876.44,3569.52,23400.17,COMPLETED
1209,1,435,6,INV-001209,2026-06-03 12:54:00,254139.56,4959.71,44852.38,294032.23,COMPLETED
1210,1,777,1,INV-001210,2026-05-24 13:34:00,222144.22,18909.74,36582.2,239816.68,COMPLETED
1211,2,344,13,INV-001211,2026-07-15 19:18:00,202571.11,15935.11,33594.48,220230.48,COMPLETED
1212,3,440,22,INV-001212,2026-05-20 13:11:00,100917.24,2997.45,17625.56,115545.35,COMPLETED
1213,2,678,13,INV-001213,2026-08-25 17:40:00,54928.59,5208.71,8949.58,58669.46,CANCELLED
1214,4,834,29,INV-001214,2026-06-25 18:54:00,13161.24,1206.67,2151.82,14106.39,COMPLETED
1215,2,635,9,INV-001215,2026-07-16 15:19:00,13161.24,1236.25,2146.5,14071.49,COMPLETED
1216,5,164,37,INV-001216,2026-06-13 16:49:00,334082.98,12021.91,57970.99,380032.06,COMPLETED
1217,2,297,10,INV-001217,2026-05-22 20:48:00,385595.55,34302.52,63232.75,414525.78,COMPLETED
1218,3,963,18,INV-001218,2026-09-16 13:26:00,66849.66,3540.28,11395.69,74705.07,COMPLETED
1219,1,882,5,INV-001219,2026-05-28 19:32:00,61104.12,6576.79,9814.92,64342.25,COMPLETED
1220,4,30,25,INV-001220,2026-06-02 09:31:00,118197.66,2402.4,20843.15,136638.41,COMPLETED
1221,5,835,38,INV-001221,2026-08-02 17:57:00,46461.4,2155.42,7975.08,52281.06,COMPLETED
1222,2,293,9,INV-001222,2026-07-11 12:37:00,120651.69,3852.15,21023.91,137823.45,COMPLETED
1223,4,940,26,INV-001223,2026-05-19 18:06:00,167427.64,10580.89,28232.41,185079.16,COMPLETED
1224,4,581,29,INV-001224,2026-07-27 10:39:00,88411.42,3064.29,15362.49,100709.62,COMPLETED
1225,4,582,26,INV-001225,2026-09-02 13:46:00,362956.34,21273.64,61502.89,403185.59,COMPLETED
1226,5,91,37,INV-001226,2026-04-16 10:55:00,86157.74,7778.54,14108.26,92487.46,COMPLETED
1227,2,155,9,INV-001227,2026-08-14 17:53:00,131278.24,10358.74,21765.51,142685.01,COMPLETED
1228,5,310,37,INV-001228,2026-08-20 13:56:00,130665.54,2776.27,23020.07,150909.34,COMPLETED
1229,5,211,33,INV-001229,2026-08-18 15:03:00,137059.16,1626.32,24377.91,159810.75,COMPLETED
1230,4,209,25,INV-001230,2026-05-05 20:06:00,118573.59,7628.85,19970.05,130914.79,COMPLETED
1231,2,957,14,INV-001231,2026-09-26 10:49:00,273073.06,18143.45,45887.34,300816.95,COMPLETED
1232,1,126,6,INV-001232,2026-08-26 13:10:00,77454.33,1941.65,13592.29,89104.97,COMPLETED
1233,3,421,17,INV-001233,2026-08-31 19:27:00,237506.24,14339.9,40169.95,263336.29,CANCELLED
1234,2,758,14,INV-001234,2026-06-19 10:00:00,39460.68,4224.02,6342.6,41579.26,COMPLETED
1235,5,437,37,INV-001235,2026-07-09 18:18:00,344073.2,21059.61,58142.45,381156.04,COMPLETED
1236,2,654,14,INV-001236,2026-04-23 16:09:00,144848.54,5589.64,25066.6,164325.5,COMPLETED
1237,2,839,9,INV-001237,2026-07-06 17:41:00,351849.48,27711.72,58344.8,382482.56,COMPLETED
1238,1,139,6,INV-001238,2026-08-16 11:00:00,203334.09,7920.72,35174.41,230587.78,COMPLETED
1239,3,335,22,INV-001239,2026-05-10 17:12:00,240535.29,2645.6,42820.15,280709.84,COMPLETED
1240,1,959,1,INV-001240,2026-06-03 14:42:00,26813.43,624.99,4713.92,30902.36,COMPLETED
1241,2,785,10,INV-001241,2026-09-12 17:37:00,52887.02,2868.65,9003.3,59021.67,COMPLETED
1242,5,614,33,INV-001242,2026-07-28 17:15:00,39008.3,3985.81,6304.05,41326.54,COMPLETED
1243,5,932,37,INV-001243,2026-06-24 12:19:00,30251.49,3164.02,4875.74,31963.21,COMPLETED
1244,3,481,21,INV-001244,2026-08-21 15:51:00,201406.08,11223.5,34232.87,224415.45,COMPLETED
1245,2,572,14,INV-001245,2026-08-28 10:42:00,149225.56,7296.37,25547.25,167476.44,COMPLETED
1246,3,981,21,INV-001246,2026-06-28 16:50:00,131871.58,5725.11,22706.36,148852.83,COMPLETED
1247,1,368,5,INV-001247,2026-05-10 17:38:00,257317.15,12061.71,44145.98,289401.42,COMPLETED
1248,1,429,2,INV-001248,2026-09-17 17:04:00,125847.04,3027.45,22107.53,144927.12,COMPLETED
1249,5,303,38,INV-001249,2026-06-08 13:29:00,212755.68,12441.92,36056.49,236370.25,COMPLETED
1250,1,727,6,INV-001250,2026-05-03 13:07:00,229972.05,14933.61,38706.92,253745.36,COMPLETED
1251,2,577,14,INV-001251,2026-07-06 09:10:00,39859.43,1416.69,6919.68,45362.42,COMPLETED
1252,2,869,10,INV-001252,2026-04-22 14:40:00,213985.26,7296.06,37204.06,243893.26,COMPLETED
1253,5,850,34,INV-001253,2026-05-04 09:19:00,73288.44,4762.93,12334.59,80860.1,COMPLETED
1254,2,922,10,INV-001254,2026-07-13 15:38:00,67551.82,5373.13,11192.16,73370.85,COMPLETED
1255,2,513,10,INV-001255,2026-04-12 13:34:00,93565.32,6730.84,15630.2,102464.68,COMPLETED
1256,5,87,38,INV-001256,2026-09-02 09:00:00,33767.83,744.81,5944.14,38967.16,COMPLETED
1257,1,150,6,INV-001257,2026-05-18 14:24:00,127290.78,7790.38,21510.08,141010.48,COMPLETED
1258,1,813,5,INV-001258,2026-06-28 20:51:00,147232.06,9700.32,24755.72,162287.46,COMPLETED
1259,3,297,22,INV-001259,2026-07-22 20:18:00,130734.52,4262.27,22765.01,149237.26,COMPLETED
1260,1,998,6,INV-001260,2026-08-06 15:26:00,298158.25,12572.93,51405.36,336990.68,COMPLETED
1261,5,417,33,INV-001261,2026-09-17 10:51:00,151516.56,5250.68,26327.86,172593.74,COMPLETED
1262,3,74,18,INV-001262,2026-05-06 15:52:00,225423.7,12077.92,38402.24,251748.02,COMPLETED
1263,3,584,18,INV-001263,2026-08-16 18:58:00,31888.79,802.78,5595.48,36681.49,COMPLETED
1264,5,130,34,INV-001264,2026-08-01 17:45:00,94614.94,6471.43,15865.83,104009.34,COMPLETED
1265,5,43,34,INV-001265,2026-04-25 10:49:00,326160.28,23421.86,54492.91,357231.33,COMPLETED
1266,3,825,17,INV-001266,2026-05-07 16:11:00,80829.09,8279.82,13058.87,85608.14,COMPLETED
1267,3,524,22,INV-001267,2026-06-15 18:27:00,62104.3,4241.77,10415.25,68277.78,COMPLETED
1268,1,593,6,INV-001268,2026-05-04 18:26:00,149012.01,15067.06,24110.09,158055.04,COMPLETED
1269,4,184,30,INV-001269,2026-08-31 12:47:00,149015.11,13437.35,24403.99,159981.75,COMPLETED
1270,4,923,29,INV-001270,2026-04-02 11:09:00,67806.18,3049.29,11656.24,76413.13,COMPLETED
1271,5,879,38,INV-001271,2026-05-06 14:07:00,279415.89,13770.33,47816.2,313461.76,COMPLETED
1272,1,325,5,INV-001272,2026-04-17 20:59:00,314135.14,7504.89,55193.44,361823.69,COMPLETED
1273,2,842,9,INV-001273,2026-04-13 20:43:00,245627.02,6827.37,42983.93,281783.58,COMPLETED
1274,5,511,38,INV-001274,2026-09-11 10:44:00,163008.39,12117.79,27160.3,178050.9,COMPLETED
1275,5,25,34,INV-001275,2026-08-22 14:58:00,74010.94,6208.32,12204.48,80007.1,COMPLETED
1276,1,111,1,INV-001276,2026-06-24 13:25:00,74975.46,7081.43,12220.93,80114.96,COMPLETED
1277,1,975,2,INV-001277,2026-08-13 20:32:00,242171.15,17412.57,40456.54,265215.12,COMPLETED
1278,3,535,18,INV-001278,2026-09-10 19:06:00,198045.92,7389.39,34318.18,224974.71,COMPLETED
1279,4,391,29,INV-001279,2026-06-12 16:07:00,67700.89,2967.73,11651.97,76385.13,COMPLETED
1280,1,96,6,INV-001280,2026-04-28 14:33:00,300588.94,21633.3,50212.01,329167.65,COMPLETED
1281,1,886,5,INV-001281,2026-04-08 14:34:00,96831.46,5361.01,16464.68,107935.13,COMPLETED
1282,2,253,13,INV-001282,2026-07-03 12:15:00,443135.86,17114.39,76683.86,502705.33,COMPLETED
1283,4,562,30,INV-001283,2026-08-03 18:55:00,55010.99,807.78,9756.58,63959.79,COMPLETED
1284,4,441,30,INV-001284,2026-08-30 17:51:00,23223.98,1156.26,3972.19,26039.91,COMPLETED
1285,4,992,25,INV-001285,2026-06-01 09:51:00,330261.24,19030.58,56021.52,367252.18,COMPLETED
1286,5,144,37,INV-001286,2026-06-21 11:44:00,159587.01,4984.6,27828.43,182430.84,COMPLETED
1287,2,692,13,INV-001287,2026-06-14 16:13:00,73846.84,7521.44,11938.57,78263.97,COMPLETED
1288,1,958,6,INV-001288,2026-05-01 19:37:00,524249.48,26792.76,89542.21,586998.93,COMPLETED
1289,3,18,17,INV-001289,2026-09-05 20:23:00,241481.92,22391.64,39436.25,258526.53,COMPLETED
1290,2,131,10,INV-001290,2026-04-23 18:04:00,145154.26,11755.79,24011.73,157410.2,COMPLETED
1291,4,85,25,INV-001291,2026-06-24 09:47:00,13880.48,661.21,2379.47,15598.74,COMPLETED
1292,1,517,1,INV-001292,2026-04-09 11:25:00,220719.64,21881.17,35790.92,234629.39,COMPLETED
1293,3,520,21,INV-001293,2026-08-07 20:13:00,167347.77,8340.31,28621.34,187628.8,COMPLETED
1294,4,696,29,INV-001294,2026-06-01 11:01:00,21553.66,1501.46,3609.4,23661.6,COMPLETED
1295,4,271,29,INV-001295,2026-08-30 11:46:00,138450.66,3939.08,24212.08,158723.66,COMPLETED
1296,1,573,1,INV-001296,2026-06-26 13:13:00,76670.85,6585.15,12615.43,82701.13,COMPLETED
1297,3,866,22,INV-001297,2026-09-15 12:24:00,256106.93,10222.59,44259.17,290143.51,COMPLETED
1298,5,178,33,INV-001298,2026-08-13 19:14:00,171147.47,11653.94,28708.84,188202.37,COMPLETED
1299,2,428,14,INV-001299,2026-07-18 10:15:00,265829.94,15724.01,45019.07,295125.0,COMPLETED
1300,4,788,29,INV-001300,2026-07-27 09:55:00,83761.86,6336.31,13936.6,91362.15,COMPLETED
1301,5,510,38,INV-001301,2026-05-22 18:28:00,218450.92,17746.39,36126.8,236831.33,COMPLETED
1302,4,491,30,INV-001302,2026-09-24 10:32:00,246337.9,9257.96,42674.38,279754.32,COMPLETED
1303,2,947,14,INV-001303,2026-07-12 11:37:00,36674.9,2326.57,6182.7,40531.03,COMPLETED
1304,4,973,25,INV-001304,2026-07-11 14:10:00,85748.88,7099.17,14156.95,92806.66,COMPLETED
1305,3,638,21,INV-001305,2026-08-01 16:29:00,134235.55,6818.4,22935.08,150352.23,COMPLETED
1306,5,325,33,INV-001306,2026-04-08 10:58:00,31079.67,3093.2,5037.56,33024.03,COMPLETED
1307,3,360,22,INV-001307,2026-04-24 17:34:00,143419.25,7881.46,24396.8,159934.59,COMPLETED
1308,2,575,14,INV-001308,2026-08-04 14:40:00,223943.69,9190.77,38655.53,253408.45,COMPLETED
1309,1,282,6,INV-001309,2026-05-14 18:48:00,60090.39,1076.11,10622.57,69636.85,COMPLETED
1310,2,620,14,INV-001310,2026-05-24 10:40:00,354143.56,30282.59,58294.97,382155.94,COMPLETED
1311,5,373,38,INV-001311,2026-06-01 16:50:00,67365.55,4958.47,11233.28,73640.36,COMPLETED
1312,4,262,30,INV-001312,2026-04-13 20:24:00,194749.48,15191.63,32320.41,211878.26,CANCELLED
1313,4,950,29,INV-001313,2026-08-10 12:42:00,106901.51,7974.59,17806.85,116733.77,COMPLETED
1314,4,222,30,INV-001314,2026-07-21 15:53:00,226429.24,1088.5,40561.33,265902.07,COMPLETED
1315,2,790,14,INV-001315,2026-09-04 17:13:00,109062.15,10615.86,17720.34,116166.63,COMPLETED
1316,1,739,5,INV-001316,2026-04-09 18:11:00,241469.27,16274.23,40535.1,265730.14,COMPLETED
1317,3,248,17,INV-001317,2026-08-22 09:04:00,182524.36,8676.27,31292.66,205140.75,COMPLETED
1318,2,233,13,INV-001318,2026-04-17 11:58:00,71009.66,2925.21,12255.19,80339.64,COMPLETED
1319,1,890,5,INV-001319,2026-05-13 15:22:00,97518.31,4912.35,16669.07,109275.03,COMPLETED
1320,3,709,17,INV-001320,2026-04-14 17:23:00,474574.13,39954.0,78231.63,512851.76,COMPLETED
1321,2,97,13,INV-001321,2026-04-21 16:42:00,93319.08,8928.42,15190.32,99580.98,COMPLETED
1322,5,426,33,INV-001322,2026-07-26 12:15:00,238370.07,25123.27,38384.43,251631.23,COMPLETED
1323,4,527,25,INV-001323,2026-06-05 17:07:00,338001.79,14361.79,58255.21,381895.21,COMPLETED
1324,4,319,25,INV-001324,2026-06-25 09:45:00,148865.4,12087.1,24620.09,161398.39,COMPLETED
1325,2,801,13,INV-001325,2026-05-29 17:58:00,162263.24,6820.81,27979.64,183422.07,COMPLETED
1326,2,253,9,INV-001326,2026-06-05 11:30:00,132787.87,5598.5,22894.09,150083.46,COMPLETED
1327,3,917,18,INV-001327,2026-04-22 17:54:00,125415.68,5095.41,21657.65,141977.92,COMPLETED
1328,2,496,14,INV-001328,2026-05-01 19:41:00,34264.79,1677.61,5865.69,38452.87,COMPLETED
1329,4,400,26,INV-001329,2026-06-26 10:58:00,258444.23,12739.27,44226.9,289931.86,COMPLETED
1330,5,407,34,INV-001330,2026-08-24 10:50:00,280807.59,8674.72,48983.91,321116.78,COMPLETED
1331,1,659,6,INV-001331,2026-06-14 14:54:00,255763.57,15248.59,43292.7,283807.68,COMPLETED
1332,5,909,33,INV-001332,2026-05-25 20:19:00,319061.66,22563.54,53369.66,349867.78,COMPLETED
1333,5,280,34,INV-001333,2026-07-14 19:44:00,196046.06,8901.57,33686.01,220830.5,COMPLETED
1334,2,50,9,INV-001334,2026-06-20 10:15:00,48492.25,839.98,8577.41,56229.68,COMPLETED
1335,5,371,34,INV-001335,2026-05-31 11:02:00,272820.08,24365.63,44721.81,293176.26,COMPLETED
1336,5,664,37,INV-001336,2026-08-03 15:30:00,50608.24,1721.55,8799.6,57686.29,COMPLETED
1337,1,117,6,INV-001337,2026-07-21 12:17:00,251467.82,11027.46,43279.26,283719.62,COMPLETED
1338,3,431,21,INV-001338,2026-09-03 16:09:00,279381.17,22018.54,46325.27,303687.9,COMPLETED
1339,2,247,14,INV-001339,2026-08-28 14:25:00,52797.96,4846.3,8631.3,56582.96,COMPLETED
1340,2,382,9,INV-001340,2026-07-03 16:13:00,111786.58,8178.37,18649.47,122257.68,COMPLETED
1341,4,181,30,INV-001341,2026-08-05 15:13:00,204825.79,9183.76,35215.57,230857.6,COMPLETED
1342,1,191,5,INV-001342,2026-06-15 17:14:00,58721.68,6978.6,9313.75,61056.83,COMPLETED
1343,4,491,29,INV-001343,2026-04-07 13:24:00,105282.26,7454.87,17608.92,115436.31,COMPLETED
1344,1,555,5,INV-001344,2026-05-27 16:43:00,174589.79,15297.24,28672.66,187965.21,COMPLETED
1345,3,287,18,INV-001345,2026-04-17 09:58:00,153307.06,7332.76,26275.38,172249.68,COMPLETED
1346,5,21,34,INV-001346,2026-04-23 17:07:00,115216.94,10695.8,18813.82,123334.96,COMPLETED
1347,5,640,38,INV-001347,2026-09-01 09:20:00,93196.78,1209.35,16557.74,108545.17,COMPLETED
1348,3,365,22,INV-001348,2026-08-11 20:06:00,363594.52,10525.55,63552.41,416621.38,COMPLETED
1349,3,838,22,INV-001349,2026-05-16 20:55:00,124729.23,3308.26,21855.77,143276.74,CANCELLED
1350,2,117,9,INV-001350,2026-05-24 19:52:00,48190.05,2463.58,8230.76,53957.23,COMPLETED
1351,2,399,9,INV-001351,2026-05-27 20:12:00,242182.68,9333.63,41912.83,274761.88,COMPLETED
1352,4,616,26,INV-001352,2026-07-01 20:18:00,235869.92,18220.14,39176.97,256826.75,COMPLETED
1353,4,751,29,INV-001353,2026-05-26 18:40:00,116077.44,8262.49,19406.69,127221.64,COMPLETED
1354,5,331,34,INV-001354,2026-08-21 10:40:00,186213.57,18202.69,30241.96,198252.84,COMPLETED
1355,5,239,38,INV-001355,2026-08-25 18:16:00,138760.58,9378.06,23288.86,152671.38,COMPLETED
1356,2,917,9,INV-001356,2026-07-30 18:25:00,296607.11,17454.75,50247.43,329399.79,COMPLETED
1357,1,496,6,INV-001357,2026-09-10 12:21:00,184813.08,11271.13,31237.55,204779.5,COMPLETED
1358,5,197,38,INV-001358,2026-07-19 16:01:00,200387.61,12567.22,33807.67,221628.06,COMPLETED
1359,5,831,34,INV-001359,2026-04-16 15:43:00,49306.37,5020.98,7971.37,52256.76,COMPLETED
1360,3,275,21,INV-001360,2026-05-14 13:48:00,195981.62,3728.39,34605.57,226858.8,COMPLETED
1361,5,674,38,INV-001361,2026-04-17 14:26:00,178327.3,7000.57,30838.81,202165.54,COMPLETED
1362,2,859,13,INV-001362,2026-06-23 10:43:00,273802.65,20337.85,45623.67,299088.47,COMPLETED
1363,2,492,10,INV-001363,2026-07-07 20:24:00,300099.16,4932.95,53129.92,348296.13,COMPLETED
1364,1,803,2,INV-001364,2026-06-18 11:17:00,230069.34,12255.2,39206.55,257020.69,COMPLETED
1365,2,691,13,INV-001365,2026-08-11 17:38:00,79593.61,5201.6,13390.56,87782.57,COMPLETED
1366,5,750,37,INV-001366,2026-04-10 17:27:00,80678.7,3482.0,13895.4,91092.1,COMPLETED
1367,2,841,13,INV-001367,2026-04-06 18:55:00,265641.46,23704.79,43548.6,285485.27,COMPLETED
1368,3,331,18,INV-001368,2026-09-01 10:53:00,291044.68,6613.81,51197.56,335628.43,COMPLETED
1369,5,683,38,INV-001369,2026-07-06 17:27:00,201835.3,16884.41,33291.15,218242.04,COMPLETED
1370,1,867,1,INV-001370,2026-06-06 18:28:00,27939.78,3229.97,4447.77,29157.58,COMPLETED
1371,4,345,25,INV-001371,2026-07-10 16:53:00,402412.76,16425.91,69477.63,455464.48,COMPLETED
1372,3,577,21,INV-001372,2026-09-22 11:13:00,198121.25,11947.26,33511.32,219685.31,COMPLETED
1373,4,878,30,INV-001373,2026-08-26 12:31:00,110583.35,6429.72,18747.66,122901.29,COMPLETED
1374,1,339,2,INV-001374,2026-04-15 19:54:00,90469.26,7339.85,14963.29,98092.7,COMPLETED
1375,1,779,6,INV-001375,2026-06-03 17:41:00,191561.63,14261.64,31913.99,209213.98,COMPLETED
1376,1,789,1,INV-001376,2026-04-21 11:28:00,350157.78,16227.0,60107.54,394038.32,COMPLETED
1377,3,151,22,INV-001377,2026-04-14 12:47:00,307984.28,12091.55,53260.69,349153.42,COMPLETED
1378,2,451,13,INV-001378,2026-09-21 15:05:00,157354.26,6789.14,27101.72,177666.84,COMPLETED
1379,4,398,26,INV-001379,2026-06-02 15:28:00,478923.06,41569.21,78723.7,516077.55,COMPLETED
1380,3,457,18,INV-001380,2026-07-27 13:56:00,33827.92,1933.06,5741.07,37635.93,COMPLETED
1381,1,894,5,INV-001381,2026-05-09 09:55:00,363537.19,22427.57,61399.73,402509.35,COMPLETED
1382,5,808,33,INV-001382,2026-04-09 19:45:00,79584.24,7052.51,13055.71,85587.44,COMPLETED
1383,3,248,18,INV-001383,2026-06-14 20:16:00,183547.12,13733.79,30566.4,200379.73,COMPLETED
1384,4,647,25,INV-001384,2026-09-22 19:48:00,32207.06,1005.74,5616.24,36817.56,COMPLETED
1385,1,835,2,INV-001385,2026-06-18 18:48:00,232071.17,19528.58,38257.66,250800.25,COMPLETED
1386,2,807,14,INV-001386,2026-06-10 15:27:00,28662.45,1617.88,4868.02,31912.59,COMPLETED
1387,4,685,30,INV-001387,2026-04-01 13:46:00,118003.62,7321.61,19922.75,130604.76,COMPLETED
1388,5,283,33,INV-001388,2026-05-13 20:14:00,117765.26,7486.54,19850.17,130128.89,COMPLETED
1389,3,697,22,INV-001389,2026-06-01 18:34:00,117445.42,1767.94,20821.94,136499.42,COMPLETED
1390,2,566,10,INV-001390,2026-08-30 10:16:00,145619.61,10311.19,24355.52,159663.94,COMPLETED
1391,2,802,10,INV-001391,2026-08-08 16:41:00,192575.03,10073.62,32850.26,215351.67,COMPLETED
1392,3,209,17,INV-001392,2026-04-24 12:58:00,145869.46,3432.08,25638.73,168076.11,COMPLETED
1393,3,358,17,INV-001393,2026-05-24 18:59:00,135608.42,11131.71,22405.81,146882.52,CANCELLED
1394,5,339,38,INV-001394,2026-07-02 17:53:00,47891.36,1983.63,8263.39,54171.12,COMPLETED
1395,2,602,9,INV-001395,2026-05-27 13:34:00,224686.41,18379.33,37135.28,243442.36,CANCELLED
1396,2,937,13,INV-001396,2026-05-11 10:44:00,285678.8,14335.52,48841.78,320185.06,CANCELLED
1397,3,91,22,INV-001397,2026-05-21 12:05:00,279922.33,10398.86,48514.23,318037.7,COMPLETED
1398,1,452,6,INV-001398,2026-08-15 10:42:00,33676.3,2491.93,5613.19,36797.56,COMPLETED
1399,5,680,37,INV-001399,2026-06-20 14:29:00,299819.13,14058.01,51437.01,337198.13,COMPLETED
1400,5,350,37,INV-001400,2026-05-10 09:26:00,211129.31,19831.46,34433.62,225731.47,COMPLETED
1401,1,164,2,INV-001401,2026-09-18 13:08:00,31978.34,1601.74,5467.79,35844.39,COMPLETED
1402,1,365,6,INV-001402,2026-09-11 15:10:00,150688.31,15570.09,24321.28,159439.5,COMPLETED
1403,3,133,22,INV-001403,2026-05-04 17:40:00,387393.26,28037.78,64683.99,424039.47,COMPLETED
1404,4,149,25,INV-001404,2026-09-04 14:05:00,50996.27,2617.87,8708.11,57086.51,COMPLETED
1405,4,295,25,INV-001405,2026-08-20 09:11:00,122377.78,12827.54,19719.05,129269.29,COMPLETED
1406,5,43,37,INV-001406,2026-08-27 09:16:00,3720.24,194.49,634.63,4160.38,COMPLETED
1407,1,923,1,INV-001407,2026-07-09 14:40:00,250081.5,17014.01,41952.15,275019.64,COMPLETED
1408,5,76,34,INV-001408,2026-05-23 15:42:00,39282.9,4172.08,6319.95,41430.77,COMPLETED
1409,1,819,1,INV-001409,2026-05-20 17:24:00,51407.34,2973.37,8718.11,57152.08,COMPLETED
1410,1,220,1,INV-001410,2026-08-09 09:13:00,204416.49,19072.09,33361.99,218706.39,COMPLETED
1411,5,266,33,INV-001411,2026-07-27 18:46:00,34167.32,1261.29,5923.09,38829.12,COMPLETED
1412,3,981,17,INV-001412,2026-07-14 16:13:00,101659.68,8889.69,16698.6,109468.59,COMPLETED
1413,1,886,5,INV-001413,2026-08-09 17:25:00,170097.99,11708.81,28510.05,186899.23,COMPLETED
1414,1,158,2,INV-001414,2026-06-02 14:13:00,74978.07,3842.72,12804.36,83939.71,COMPLETED
1415,4,515,30,INV-001415,2026-04-05 18:25:00,260877.7,21809.31,43032.32,282100.71,COMPLETED
1416,2,652,13,INV-001416,2026-05-22 10:30:00,260050.8,12295.86,44595.89,292350.83,COMPLETED
1417,1,995,5,INV-001417,2026-08-13 15:43:00,43367.95,4041.55,7078.75,46405.15,COMPLETED
1418,3,275,18,INV-001418,2026-09-04 15:22:00,320010.92,16555.65,54621.95,358077.22,COMPLETED
1419,1,360,2,INV-001419,2026-08-08 11:03:00,69134.8,6944.92,11194.18,73384.06,COMPLETED
1420,4,177,26,INV-001420,2026-06-11 11:08:00,257341.59,15667.63,43501.32,285175.28,COMPLETED
1421,1,202,2,INV-001421,2026-06-16 17:00:00,104179.29,10882.16,16793.48,110090.61,COMPLETED
1422,5,410,38,INV-001422,2026-08-03 10:59:00,231296.44,14921.75,38947.45,255322.14,COMPLETED
1423,3,649,22,INV-001423,2026-09-27 11:31:00,274599.68,27926.02,44401.26,291074.92,COMPLETED
1424,5,110,33,INV-001424,2026-09-01 20:09:00,229996.37,23060.84,37248.4,244183.93,COMPLETED
1425,3,563,21,INV-001425,2026-05-06 10:58:00,189806.02,7610.69,32795.16,214990.49,COMPLETED
1426,4,457,25,INV-001426,2026-08-22 18:49:00,82100.4,8178.54,13305.93,87227.79,COMPLETED
1427,5,468,33,INV-001427,2026-08-02 14:23:00,33142.26,1188.89,5751.61,37704.98,COMPLETED
1428,2,440,9,INV-001428,2026-06-10 18:34:00,187024.86,13847.38,31171.94,204349.42,COMPLETED
1429,4,389,29,INV-001429,2026-06-21 18:57:00,10290.63,446.59,1771.93,11615.97,COMPLETED
1430,2,228,13,INV-001430,2026-07-20 17:30:00,156588.84,14736.27,25533.47,167386.04,COMPLETED
1431,1,216,5,INV-001431,2026-07-02 18:29:00,195163.18,12927.41,32802.44,215038.21,COMPLETED
1432,1,711,5,INV-001432,2026-08-16 16:08:00,239522.68,20434.9,39435.8,258523.58,COMPLETED
1433,4,98,29,INV-001433,2026-07-10 17:21:00,178519.06,6562.8,30952.13,202908.39,COMPLETED
1434,5,853,37,INV-001434,2026-08-03 14:59:00,263643.05,17626.06,44283.06,290300.05,COMPLETED
1435,1,19,5,INV-001435,2026-07-29 10:16:00,273556.34,21261.5,45413.07,297707.91,COMPLETED
1436,3,43,21,INV-001436,2026-08-11 20:13:00,222577.56,2095.32,39686.81,260169.05,COMPLETED
1437,1,449,1,INV-001437,2026-04-10 15:29:00,342765.55,21432.38,57839.97,379173.14,COMPLETED
1438,5,456,38,INV-001438,2026-07-12 19:15:00,119572.99,12235.74,19320.7,126657.95,COMPLETED
1439,1,132,6,INV-001439,2026-05-05 17:34:00,87875.19,9061.91,14186.39,92999.67,COMPLETED
1440,1,279,1,INV-001440,2026-05-19 09:38:00,170132.38,9660.4,28884.96,189356.94,COMPLETED
1441,3,201,17,INV-001441,2026-09-28 19:00:00,112524.88,9094.86,18617.4,122047.42,COMPLETED
1442,4,575,29,INV-001442,2026-05-10 15:52:00,30148.96,3524.93,4792.33,31416.36,COMPLETED
1443,4,725,29,INV-001443,2026-04-18 11:56:00,275161.35,13830.11,47039.63,308370.87,COMPLETED
1444,1,809,6,INV-001444,2026-09-12 17:36:00,138655.92,7416.13,23623.16,154862.95,COMPLETED
1445,3,186,18,INV-001445,2026-07-05 19:52:00,88751.96,3061.37,15424.31,101114.9,COMPLETED
1446,5,704,33,INV-001446,2026-06-26 11:03:00,44296.13,3141.28,7407.87,48562.72,COMPLETED
1447,3,550,17,INV-001447,2026-06-11 16:05:00,69267.57,801.47,12323.9,80790.0,COMPLETED
1448,1,190,1,INV-001448,2026-07-23 11:34:00,197703.19,19971.6,31991.68,209723.27,COMPLETED
1449,4,750,25,INV-001449,2026-08-25 09:26:00,269718.69,10969.57,46574.84,305323.96,COMPLETED
1450,2,289,9,INV-001450,2026-08-18 17:54:00,291807.98,11041.06,50538.04,331304.96,COMPLETED
1451,5,411,33,INV-001451,2026-04-10 14:45:00,119508.72,9601.61,19783.28,129690.39,COMPLETED
1452,1,306,2,INV-001452,2026-05-04 14:52:00,122658.64,10048.35,20269.85,132880.14,COMPLETED
1453,3,193,17,INV-001453,2026-07-11 17:09:00,282132.71,19660.55,47244.98,309717.14,COMPLETED
1454,2,434,9,INV-001454,2026-08-25 20:59:00,117945.76,5192.04,20295.67,133049.39,COMPLETED
1455,5,204,34,INV-001455,2026-07-04 17:14:00,418082.14,25950.31,70583.73,462715.56,COMPLETED
1456,1,753,2,INV-001456,2026-04-21 13:03:00,79354.96,1803.56,13959.25,91510.65,COMPLETED
1457,5,580,38,INV-001457,2026-08-27 09:59:00,198956.88,2139.72,35427.09,232244.25,COMPLETED
1458,1,421,5,INV-001458,2026-08-07 16:58:00,101028.9,893.67,18024.34,118159.57,COMPLETED
1459,3,987,17,INV-001459,2026-07-10 13:34:00,132953.7,3436.8,23313.04,152829.94,COMPLETED
1460,4,476,30,INV-001460,2026-09-18 15:54:00,133728.6,4490.32,23262.89,152501.17,COMPLETED
1461,2,655,9,INV-001461,2026-07-30 12:02:00,149104.84,10785.39,24897.5,163216.95,COMPLETED
1462,4,890,29,INV-001462,2026-06-27 10:49:00,15220.98,1638.21,2444.9,16027.67,COMPLETED
1463,4,864,26,INV-001463,2026-04-30 17:05:00,244751.6,21422.44,40199.25,263528.41,COMPLETED
1464,5,823,37,INV-001464,2026-08-01 15:53:00,12821.1,78.81,2293.61,15035.9,COMPLETED
1465,3,371,22,INV-001465,2026-06-14 19:47:00,372308.38,20183.56,63382.47,415507.29,COMPLETED
1466,1,594,2,INV-001466,2026-04-03 18:32:00,287751.99,25565.57,47193.56,309379.98,COMPLETED
1467,4,224,25,INV-001467,2026-08-11 11:59:00,285706.68,19515.77,47914.36,314105.27,COMPLETED
1468,4,509,26,INV-001468,2026-07-29 18:11:00,79841.07,3305.61,13776.38,90311.84,COMPLETED
1469,5,295,34,INV-001469,2026-05-22 11:14:00,124858.02,1531.3,22198.81,145525.53,COMPLETED
1470,3,24,22,INV-001470,2026-07-12 20:56:00,103125.76,7004.29,17301.86,113423.33,CANCELLED
1471,2,409,9,INV-001471,2026-09-04 14:41:00,307662.76,16445.04,52419.19,343636.91,COMPLETED
1472,2,249,13,INV-001472,2026-08-02 20:53:00,39611.0,4094.92,6392.89,41908.97,COMPLETED
1473,5,799,38,INV-001473,2026-06-27 12:06:00,16854.36,517.61,2940.61,19277.36,COMPLETED
1474,2,332,9,INV-001474,2026-06-03 16:26:00,318237.35,20825.34,53534.16,350946.17,COMPLETED
1475,2,173,10,INV-001475,2026-05-02 12:56:00,112524.88,461.57,20171.4,132234.71,COMPLETED
1476,4,945,30,INV-001476,2026-05-24 18:49:00,190784.65,9420.88,32645.47,214009.24,COMPLETED
1477,5,318,38,INV-001477,2026-06-16 10:27:00,67314.08,6141.0,11011.15,72184.23,COMPLETED
1478,1,332,1,INV-001478,2026-04-21 20:02:00,105335.89,3640.95,18305.09,120000.03,COMPLETED
1479,1,741,1,INV-001479,2026-08-04 14:19:00,160984.59,8787.05,27395.55,179593.09,COMPLETED
1480,2,328,14,INV-001480,2026-09-14 20:01:00,78924.3,3842.86,13514.66,88596.1,COMPLETED
1481,3,846,18,INV-001481,2026-04-14 12:55:00,316977.32,11771.71,54937.02,360142.63,COMPLETED
1482,5,437,33,INV-001482,2026-04-13 10:55:00,131807.59,5680.97,22702.79,148829.41,COMPLETED
1483,4,98,25,INV-001483,2026-07-03 09:46:00,70902.44,4223.1,12002.28,78681.62,CANCELLED
1484,4,29,26,INV-001484,2026-09-06 11:22:00,53056.16,294.27,9497.14,62259.03,COMPLETED
1485,3,244,18,INV-001485,2026-05-29 20:09:00,110868.4,9288.51,18284.38,119864.27,COMPLETED
1486,3,997,18,INV-001486,2026-04-05 16:21:00,252245.35,18813.21,42017.78,275449.92,COMPLETED
1487,5,710,34,INV-001487,2026-04-18 11:19:00,363309.83,23630.75,61142.24,400821.32,COMPLETED
1488,4,169,30,INV-001488,2026-09-02 15:23:00,89242.56,4927.04,15176.8,99492.32,COMPLETED
1489,3,301,18,INV-001489,2026-07-30 18:55:00,197738.05,15418.64,32817.5,215136.91,COMPLETED
1490,2,392,14,INV-001490,2026-09-25 20:53:00,152765.34,9287.2,25826.06,169304.2,COMPLETED
1491,5,736,33,INV-001491,2026-06-08 19:03:00,121083.45,2154.92,21407.14,140335.67,COMPLETED
1492,4,840,26,INV-001492,2026-05-17 15:19:00,167989.36,19352.41,26754.65,175391.6,COMPLETED
1493,1,535,1,INV-001493,2026-06-08 11:58:00,348784.13,20500.07,59091.13,387375.19,COMPLETED
1494,1,256,5,INV-001494,2026-08-31 09:50:00,205349.22,18006.09,33721.76,221064.89,COMPLETED
1495,1,147,2,INV-001495,2026-09-02 18:01:00,459500.86,28630.96,77556.59,508426.49,COMPLETED
1496,1,181,5,INV-001496,2026-09-12 12:07:00,149030.1,13593.87,24378.52,159814.75,COMPLETED
1497,5,602,38,INV-001497,2026-04-05 13:20:00,115010.21,4599.18,19873.99,130285.02,COMPLETED
1498,4,255,26,INV-001498,2026-08-09 10:57:00,33102.75,979.32,5782.21,37905.64,COMPLETED
1499,2,434,10,INV-001499,2026-06-19 10:54:00,89085.24,8362.8,14530.04,95252.48,COMPLETED
1500,4,57,26,INV-001500,2026-06-01 12:22:00,34264.79,1643.73,5871.79,38492.85,COMPLETED
1501,1,500,1,INV-001501,2026-04-23 14:22:00,143739.78,9497.5,24163.61,158405.89,COMPLETED
1502,4,73,29,INV-001502,2026-04-21 18:39:00,74450.02,6267.96,12272.77,80454.83,COMPLETED
1503,5,601,33,INV-001503,2026-04-24 12:52:00,107371.68,10330.75,17467.37,114508.3,CANCELLED
1504,5,113,38,INV-001504,2026-06-25 20:31:00,304925.16,16162.09,51977.35,340740.42,COMPLETED
1505,4,763,25,INV-001505,2026-07-15 11:54:00,3181.89,340.5,511.45,3352.84,COMPLETED
1506,2,895,9,INV-001506,2026-04-01 16:27:00,3286.08,114.03,570.97,3743.02,COMPLETED
1507,3,610,22,INV-001507,2026-07-24 16:56:00,30260.68,2490.47,4998.64,32768.85,COMPLETED
1508,5,764,33,INV-001508,2026-08-30 09:06:00,83819.34,7697.54,13701.92,89823.72,COMPLETED
1509,1,615,2,INV-001509,2026-05-09 16:53:00,193969.73,14286.17,32343.04,212026.6,COMPLETED
1510,3,954,22,INV-001510,2026-08-31 09:22:00,77496.16,3106.71,13390.1,87779.55,COMPLETED
1511,4,537,26,INV-001511,2026-04-09 09:30:00,62561.86,5676.5,10239.36,67124.72,COMPLETED
1512,2,470,10,INV-001512,2026-05-24 14:26:00,136185.32,6443.05,23353.6,153095.87,COMPLETED
1513,5,106,37,INV-001513,2026-09-12 13:22:00,225715.12,10637.46,38713.98,253791.64,COMPLETED
1514,5,461,38,INV-001514,2026-07-05 10:55:00,318798.7,24529.82,52968.4,347237.28,COMPLETED
1515,1,215,6,INV-001515,2026-08-29 11:01:00,39598.47,2514.93,6675.04,43758.58,COMPLETED
1516,2,790,10,INV-001516,2026-07-30 20:30:00,292382.02,20412.53,48954.5,320923.99,COMPLETED
1517,4,13,26,INV-001517,2026-04-27 11:16:00,30501.09,3496.54,4860.82,31865.37,COMPLETED
1518,1,303,5,INV-001518,2026-08-30 09:32:00,65688.2,4477.53,11017.92,72228.59,COMPLETED
1519,5,139,38,INV-001519,2026-06-19 15:06:00,193593.72,9601.4,33118.62,217110.94,COMPLETED
1520,2,504,9,INV-001520,2026-09-25 20:17:00,10562.8,398.12,1829.64,11994.32,COMPLETED
1521,5,710,38,INV-001521,2026-05-20 14:06:00,306154.67,11077.51,53113.88,348191.04,COMPLETED
1522,4,463,30,INV-001522,2026-04-27 11:23:00,31365.54,1952.16,5294.41,34707.79,COMPLETED
1523,5,791,34,INV-001523,2026-08-08 09:21:00,49464.08,2560.4,8442.66,55346.34,COMPLETED
1524,2,594,10,INV-001524,2026-05-03 16:33:00,189704.76,7601.14,32778.65,214882.27,COMPLETED
1525,3,16,18,INV-001525,2026-05-08 11:51:00,251458.3,10952.24,43291.09,283797.15,COMPLETED
1526,3,43,21,INV-001526,2026-05-28 10:53:00,10605.83,885.1,1749.73,11470.46,COMPLETED
1527,5,943,33,INV-001527,2026-06-07 10:38:00,30770.6,81.28,5524.08,36213.4,COMPLETED
1528,5,851,33,INV-001528,2026-04-27 18:51:00,163349.07,12035.63,27236.42,178549.86,COMPLETED
1529,1,967,1,INV-001529,2026-08-22 19:06:00,117624.58,5004.36,20271.64,132891.86,COMPLETED
1530,3,40,22,INV-001530,2026-08-07 14:26:00,79584.24,7567.36,12963.04,84979.92,COMPLETED
1531,1,677,5,INV-001531,2026-08-07 16:33:00,62568.79,3073.28,10709.19,70204.7,COMPLETED
1532,2,469,10,INV-001532,2026-06-23 19:30:00,247432.65,8708.95,42970.27,281693.97,COMPLETED
1533,5,92,37,INV-001533,2026-05-18 19:25:00,274735.86,5808.84,48406.87,317333.89,COMPLETED
1534,4,248,30,INV-001534,2026-04-23 19:53:00,27939.78,3340.87,4427.8,29026.71,COMPLETED
1535,4,170,25,INV-001535,2026-06-22 12:25:00,140323.02,358.97,25193.53,165157.58,COMPLETED
1536,4,614,30,INV-001536,2026-06-16 17:24:00,331188.46,10524.41,57719.52,378383.57,COMPLETED
1537,1,498,6,INV-001537,2026-05-27 19:30:00,84506.97,6444.25,14051.29,92114.01,COMPLETED
1538,5,853,38,INV-001538,2026-04-14 09:17:00,221740.44,10094.24,38096.32,249742.52,COMPLETED
1539,2,582,10,INV-001539,2026-04-28 16:49:00,67773.12,5911.65,11135.06,72996.53,COMPLETED
1540,1,633,5,INV-001540,2026-09-25 18:37:00,170643.7,17465.46,27572.08,180750.32,COMPLETED
1541,4,107,26,INV-001541,2026-07-26 12:36:00,186419.9,13747.75,31080.98,203753.13,COMPLETED
1542,5,879,38,INV-001542,2026-06-24 19:15:00,118899.89,7138.18,20117.11,131878.82,COMPLETED
1543,5,451,38,INV-001543,2026-04-09 15:00:00,254631.84,19773.57,42274.48,277132.75,COMPLETED
1544,2,26,13,INV-001544,2026-07-10 20:51:00,466136.84,25415.06,79329.92,520051.7,COMPLETED
1545,4,868,25,INV-001545,2026-05-30 18:45:00,101592.38,6374.66,17139.19,112356.91,CANCELLED
1546,4,371,26,INV-001546,2026-06-22 11:38:00,8728.6,650.6,1454.04,9532.04,COMPLETED
1547,1,803,1,INV-001547,2026-04-29 19:49:00,28822.8,1466.96,4924.05,32279.89,COMPLETED
1548,5,807,37,INV-001548,2026-06-04 20:39:00,189379.56,14898.19,31406.64,205888.01,COMPLETED
1549,2,691,10,INV-001549,2026-05-26 10:03:00,116702.64,8856.0,19412.4,127259.04,COMPLETED
1550,4,621,25,INV-001550,2026-05-06 11:04:00,297831.93,19664.4,50070.15,328237.68,COMPLETED
1551,1,195,2,INV-001551,2026-07-15 13:48:00,151238.08,11026.18,25238.14,165450.04,COMPLETED
1552,5,424,33,INV-001552,2026-07-28 15:17:00,69452.86,1228.0,12280.47,80505.33,COMPLETED
1553,5,675,34,INV-001553,2026-05-16 14:08:00,287954.01,25714.21,47203.17,309442.97,COMPLETED
1554,2,780,14,INV-001554,2026-06-05 13:19:00,369579.95,19254.21,63058.63,413384.37,COMPLETED
1555,5,491,38,INV-001555,2026-04-22 14:20:00,89054.45,7722.42,14639.77,95971.8,COMPLETED
1556,3,705,17,INV-001556,2026-05-09 09:45:00,267653.32,13529.56,45742.27,299866.03,COMPLETED
1557,3,75,21,INV-001557,2026-08-16 09:11:00,247878.99,22117.09,40637.14,266399.04,COMPLETED
1558,4,699,29,INV-001558,2026-04-22 10:04:00,414879.47,16310.98,71742.32,470310.81,COMPLETED
1559,5,748,37,INV-001559,2026-05-12 12:13:00,3813.54,248.51,641.71,4206.74,COMPLETED
1560,5,592,34,INV-001560,2026-05-13 19:16:00,374962.82,21971.48,63538.44,416529.78,COMPLETED
1561,3,189,18,INV-001561,2026-04-01 16:08:00,103278.24,10471.84,16705.15,109511.55,COMPLETED
1562,4,850,29,INV-001562,2026-09-20 10:27:00,78685.22,6873.88,12926.04,84737.38,COMPLETED
1563,3,340,21,INV-001563,2026-04-24 19:45:00,50117.7,5322.51,8063.13,52858.32,COMPLETED
1564,3,728,21,INV-001564,2026-05-03 11:27:00,156139.9,202.4,28068.74,184006.24,COMPLETED
1565,3,158,17,INV-001565,2026-09-15 17:14:00,61329.32,4928.42,10152.16,66553.06,COMPLETED
1566,4,827,29,INV-001566,2026-05-23 18:07:00,269734.0,16375.76,45604.48,298962.72,COMPLETED
1567,5,745,38,INV-001567,2026-09-21 13:00:00,75931.35,7339.31,12346.56,80938.6,COMPLETED
1568,1,401,6,INV-001568,2026-06-07 18:29:00,86200.68,3001.33,14975.88,98175.23,COMPLETED
1569,3,502,17,INV-001569,2026-07-14 13:09:00,388680.09,16331.92,67022.67,439370.84,CANCELLED
1570,4,749,25,INV-001570,2026-05-20 10:21:00,97329.56,2990.29,16981.06,111320.33,COMPLETED
1571,5,467,34,INV-001571,2026-09-13 16:40:00,228557.41,13781.75,38659.62,253435.28,COMPLETED
1572,3,791,17,INV-001572,2026-04-28 10:07:00,286639.78,18820.76,48207.42,316026.44,COMPLETED
1573,1,85,2,INV-001573,2026-07-23 13:34:00,237200.0,15140.15,39970.77,262030.62,COMPLETED
1574,3,677,21,INV-001574,2026-07-03 18:56:00,85071.68,4489.8,14504.74,95086.62,COMPLETED
1575,2,607,14,INV-001575,2026-08-19 12:01:00,285665.16,30930.94,45852.17,300586.39,COMPLETED
1576,1,992,5,INV-001576,2026-08-14 18:29:00,26777.33,2821.88,4311.98,28267.43,COMPLETED
1577,1,207,2,INV-001577,2026-07-07 20:33:00,258608.8,9553.1,44830.02,293885.72,COMPLETED
1578,2,592,14,INV-001578,2026-08-31 11:29:00,3720.24,310.68,613.72,4023.28,COMPLETED
1579,5,767,38,INV-001579,2026-08-17 17:43:00,233946.08,17788.96,38908.28,255065.4,COMPLETED
1580,4,714,30,INV-001580,2026-06-02 09:45:00,426385.68,30047.42,71340.88,467679.14,COMPLETED
1581,4,762,26,INV-001581,2026-07-19 11:24:00,200176.47,21548.38,32153.05,210781.14,COMPLETED
1582,3,944,18,INV-001582,2026-09-04 17:21:00,213071.11,14300.1,35778.78,234549.79,COMPLETED
1583,1,862,6,INV-001583,2026-09-25 12:03:00,189210.88,10424.16,32181.61,210968.33,COMPLETED
1584,5,153,34,INV-001584,2026-05-19 12:45:00,284648.06,16122.84,48334.53,316859.75,CANCELLED
1585,2,323,14,INV-001585,2026-05-21 11:29:00,128716.26,9843.68,21397.07,140269.65,COMPLETED
1586,2,252,10,INV-001586,2026-06-08 16:31:00,34129.88,3244.57,5559.36,36444.67,COMPLETED
1587,2,322,13,INV-001587,2026-07-04 14:44:00,253889.96,10111.91,43880.05,287658.1,COMPLETED
1588,3,819,22,INV-001588,2026-07-10 10:49:00,84482.73,9492.75,13498.19,88488.17,COMPLETED
1589,4,31,29,INV-001589,2026-07-22 20:25:00,23023.68,466.53,4060.29,26617.44,COMPLETED
1590,1,396,5,INV-001590,2026-06-15 13:26:00,267882.02,16345.87,45276.51,296812.66,COMPLETED
1591,4,787,30,INV-001591,2026-08-16 18:51:00,122414.74,8450.78,20513.52,134477.48,COMPLETED
1592,4,30,25,INV-001592,2026-08-12 11:44:00,115571.74,10963.9,18829.41,123437.25,COMPLETED
1593,2,64,10,INV-001593,2026-08-23 16:23:00,130135.96,2946.32,22894.14,150083.78,COMPLETED
1594,1,40,2,INV-001594,2026-04-15 12:37:00,79325.77,6354.99,13134.74,86105.52,COMPLETED
1595,1,703,2,INV-001595,2026-05-31 19:52:00,96064.43,7442.28,15951.98,104574.13,COMPLETED
1596,1,230,5,INV-001596,2026-04-07 16:05:00,32790.21,2018.99,5538.82,36310.04,COMPLETED
1597,2,456,14,INV-001597,2026-06-11 11:29:00,9858.24,733.98,1642.37,10766.63,COMPLETED
1598,2,64,10,INV-001598,2026-07-12 12:09:00,78367.42,6523.44,12931.92,84775.9,COMPLETED
1599,3,426,21,INV-001599,2026-09-28 15:23:00,264056.55,18129.48,44266.89,290193.96,COMPLETED
1600,3,371,18,INV-001600,2026-07-28 12:28:00,321155.46,14745.96,55153.72,361563.22,COMPLETED
1601,2,159,13,INV-001601,2026-07-12 17:03:00,296502.1,8839.83,51779.21,339441.48,COMPLETED
1602,3,747,22,INV-001602,2026-07-11 17:32:00,7627.08,67.98,1360.64,8919.74,COMPLETED
1603,3,993,22,INV-001603,2026-08-26 14:40:00,147500.16,10312.62,24693.76,161881.3,COMPLETED
1604,2,137,13,INV-001604,2026-08-21 19:23:00,115075.32,6428.48,19556.43,128203.27,COMPLETED
1605,5,570,37,INV-001605,2026-04-06 17:28:00,26635.98,1506.36,4523.33,29652.95,COMPLETED
1606,1,175,5,INV-001606,2026-04-11 16:29:00,24680.72,1395.83,4191.28,27476.17,COMPLETED
1607,2,999,14,INV-001607,2026-08-19 18:23:00,82950.98,4229.06,14169.94,92891.86,COMPLETED
1608,4,835,25,INV-001608,2026-04-28 16:35:00,93142.13,4365.69,15979.76,104756.2,COMPLETED
1609,5,34,34,INV-001609,2026-04-21 09:43:00,86452.16,3628.74,14908.22,97731.64,COMPLETED
1610,2,330,14,INV-001610,2026-08-31 20:28:00,234652.84,17828.8,39028.33,255852.37,COMPLETED
1611,4,116,29,INV-001611,2026-06-29 20:13:00,196625.81,11775.24,33273.1,218123.67,COMPLETED
1612,5,762,33,INV-001612,2026-09-21 15:49:00,104179.29,4294.33,17979.29,117864.25,COMPLETED
1613,5,820,33,INV-001613,2026-07-02 17:19:00,376926.73,23442.5,63627.16,417111.39,COMPLETED
1614,3,339,21,INV-001614,2026-04-07 18:39:00,240387.65,10291.55,41417.3,271513.4,COMPLETED
1615,1,421,5,INV-001615,2026-09-21 15:57:00,255168.01,15127.63,43207.26,283247.64,COMPLETED
1616,5,899,33,INV-001616,2026-04-11 11:09:00,123973.59,8977.63,20699.27,135695.23,COMPLETED
1617,5,736,33,INV-001617,2026-09-04 11:04:00,190774.4,4797.07,33475.92,219453.25,COMPLETED
1618,5,699,37,INV-001618,2026-07-31 11:05:00,142745.29,10622.83,23782.04,155904.5,COMPLETED
1619,4,635,30,INV-001619,2026-08-07 17:41:00,393312.91,21964.1,66842.78,438191.59,COMPLETED
1620,5,426,34,INV-001620,2026-04-01 20:21:00,324982.52,22923.03,54370.71,356430.2,COMPLETED
1621,5,433,34,INV-001621,2026-09-19 14:26:00,18050.29,2125.29,2866.5,18791.5,COMPLETED
1622,2,889,10,INV-001622,2026-04-16 16:01:00,232486.81,9974.3,40052.25,262564.76,COMPLETED
1623,1,858,2,INV-001623,2026-07-22 19:11:00,93883.74,5424.18,15922.72,104382.28,COMPLETED
1624,5,504,33,INV-001624,2026-08-18 11:35:00,349001.69,22491.53,58771.83,385281.99,COMPLETED
1625,3,82,21,INV-001625,2026-08-12 09:10:00,246972.38,17799.99,41251.03,270423.42,COMPLETED
1626,5,710,34,INV-001626,2026-08-15 13:28:00,17457.2,93.13,3125.53,20489.6,COMPLETED
1627,2,94,14,INV-001627,2026-05-13 12:47:00,123086.04,10050.14,20346.46,133382.36,CANCELLED
1628,2,952,14,INV-001628,2026-08-02 17:24:00,29350.75,1052.87,5093.62,33391.5,COMPLETED
1629,2,7,10,INV-001629,2026-08-08 16:28:00,185676.57,12517.62,31168.6,204327.55,COMPLETED
1630,2,880,10,INV-001630,2026-07-25 16:41:00,113680.23,4509.81,19650.68,128821.1,COMPLETED
1631,5,224,38,INV-001631,2026-04-16 11:49:00,137612.56,10297.75,22916.66,150231.47,COMPLETED
1632,2,351,13,INV-001632,2026-06-26 13:58:00,404973.3,31907.28,67151.88,440217.9,COMPLETED
1633,5,653,38,INV-001633,2026-06-13 15:55:00,261044.21,14421.53,44392.08,291014.76,COMPLETED
1634,2,639,10,INV-001634,2026-04-19 20:10:00,221524.37,6613.13,38684.03,253595.27,COMPLETED
1635,5,982,37,INV-001635,2026-05-11 15:17:00,112781.68,325.21,20242.16,132698.63,COMPLETED
1636,1,132,1,INV-001636,2026-04-13 12:55:00,115985.28,9931.41,19089.69,125143.56,COMPLETED
1637,4,558,26,INV-001637,2026-05-28 12:22:00,116875.54,5860.8,19982.67,130997.41,COMPLETED
1638,4,22,30,INV-001638,2026-05-04 19:41:00,272925.97,17333.96,46006.56,301598.57,COMPLETED
1639,4,582,29,INV-001639,2026-06-27 18:36:00,162002.59,3331.21,28560.84,187232.22,COMPLETED
1640,1,527,5,INV-001640,2026-07-03 13:57:00,67784.0,5077.83,11287.11,73993.28,COMPLETED
1641,3,829,18,INV-001641,2026-04-16 16:57:00,237158.23,11710.5,40580.58,266028.31,COMPLETED
1642,1,42,2,INV-001642,2026-09-18 11:30:00,229479.44,6344.18,40164.35,263299.61,COMPLETED
1643,2,900,13,INV-001643,2026-06-13 09:47:00,44702.62,2488.75,7598.5,49812.37,COMPLETED
1644,5,371,33,INV-001644,2026-09-16 11:22:00,74785.21,6971.32,12206.5,80020.39,COMPLETED
1645,2,310,13,INV-001645,2026-07-14 09:05:00,93611.21,4876.0,15972.34,104707.55,COMPLETED
1646,4,191,25,INV-001646,2026-08-05 12:18:00,33788.06,2114.35,5701.26,37374.97,COMPLETED
1647,1,41,2,INV-001647,2026-04-24 13:37:00,154742.43,6969.82,26599.07,174371.68,COMPLETED
1648,5,693,33,INV-001648,2026-08-26 18:02:00,397351.24,28134.11,66459.08,435676.21,CANCELLED
1649,1,88,6,INV-001649,2026-04-03 19:13:00,114408.5,9787.34,18831.81,123452.97,CANCELLED
1650,3,607,21,INV-001650,2026-07-04 15:01:00,400900.79,25023.14,67657.98,443535.63,COMPLETED
1651,2,846,9,INV-001651,2026-07-06 20:13:00,46156.61,4626.27,7475.46,49005.8,COMPLETED
1652,1,790,5,INV-001652,2026-09-24 16:54:00,175378.48,18093.03,28311.38,185596.83,COMPLETED
1653,4,14,25,INV-001653,2026-06-28 18:38:00,97279.56,6675.05,16308.82,106913.33,COMPLETED
1654,1,111,6,INV-001654,2026-09-22 14:33:00,18244.99,1269.85,3055.53,20030.67,COMPLETED
1655,1,203,6,INV-001655,2026-06-03 11:13:00,237318.4,11401.79,40664.99,266581.6,COMPLETED
1656,3,861,17,INV-001656,2026-08-26 16:11:00,118309.13,11843.09,19163.89,125629.93,COMPLETED
1657,3,324,21,INV-001657,2026-04-29 12:39:00,134705.2,12636.26,21972.41,144041.35,COMPLETED
1658,2,439,10,INV-001658,2026-08-05 17:35:00,171194.0,3695.21,30149.78,197648.57,COMPLETED
1659,3,422,18,INV-001659,2026-06-05 16:23:00,250167.59,9825.97,43261.48,283603.1,COMPLETED
1660,3,912,21,INV-001660,2026-05-14 18:28:00,243225.28,11763.97,41663.04,273124.35,COMPLETED
1661,5,724,33,INV-001661,2026-06-19 20:13:00,300878.35,8806.4,52572.96,344644.91,COMPLETED
1662,1,350,5,INV-001662,2026-06-26 20:40:00,180352.1,7753.82,31067.7,203665.98,COMPLETED
1663,4,274,25,INV-001663,2026-04-07 12:18:00,257813.34,24226.46,42045.64,275632.52,COMPLETED
1664,1,616,1,INV-001664,2026-07-15 19:08:00,173093.94,18425.32,27840.35,182508.97,COMPLETED
1665,2,668,9,INV-001665,2026-07-23 20:55:00,120326.01,9034.6,20032.45,131323.86,COMPLETED
1666,5,265,34,INV-001666,2026-04-08 20:38:00,233249.64,17075.13,38911.41,255085.92,COMPLETED
1667,3,893,18,INV-001667,2026-07-31 16:02:00,151238.08,3134.63,26658.62,174762.07,COMPLETED
1668,5,898,37,INV-001668,2026-05-02 13:51:00,150468.19,7412.47,25750.03,168805.75,COMPLETED
1669,1,863,6,INV-001669,2026-09-26 20:22:00,242094.04,9171.83,41926.0,274848.21,COMPLETED
1670,3,240,18,INV-001670,2026-06-20 19:07:00,201948.79,9505.6,34639.77,227082.96,COMPLETED
1671,5,652,37,INV-001671,2026-09-15 14:28:00,240227.85,12977.41,40905.08,268155.52,COMPLETED
1672,3,807,18,INV-001672,2026-08-17 12:40:00,216078.48,17342.07,35772.55,234508.96,COMPLETED
1673,2,941,9,INV-001673,2026-05-06 15:56:00,148047.63,7084.28,25373.41,166336.76,COMPLETED
1674,5,983,38,INV-001674,2026-04-10 19:56:00,280306.26,17638.77,47280.15,309947.64,COMPLETED
1675,5,62,34,INV-001675,2026-08-26 16:23:00,109429.42,7315.48,18380.51,120494.45,COMPLETED
1676,4,573,29,INV-001676,2026-09-20 20:31:00,249030.48,11151.4,42818.25,280697.33,COMPLETED
1677,2,416,10,INV-001677,2026-08-02 18:37:00,147523.32,11787.31,24432.48,160168.49,COMPLETED
1678,5,370,38,INV-001678,2026-05-23 17:13:00,269945.4,14157.07,46041.9,301830.23,COMPLETED
1679,1,500,2,INV-001679,2026-08-12 09:33:00,227772.95,16584.22,38013.98,249202.71,COMPLETED
1680,4,740,30,INV-001680,2026-06-17 17:28:00,493843.81,30250.08,83446.87,547040.6,COMPLETED
1681,3,92,21,INV-001681,2026-09-01 17:10:00,288047.5,14492.31,49239.94,322795.13,COMPLETED
1682,5,60,34,INV-001682,2026-05-26 11:54:00,102111.57,9602.16,16651.7,109161.11,COMPLETED
1683,1,233,6,INV-001683,2026-06-25 10:27:00,422458.59,18905.39,72639.58,476192.78,COMPLETED
1684,4,199,26,INV-001684,2026-05-05 16:27:00,198881.04,11847.45,33666.04,220699.63,COMPLETED
1685,2,510,10,INV-001685,2026-09-20 11:11:00,55524.5,2977.96,9458.38,62004.92,COMPLETED
1686,2,959,13,INV-001686,2026-04-09 12:47:00,206236.28,14027.73,34597.54,226806.09,COMPLETED
1687,3,913,22,INV-001687,2026-08-19 19:59:00,13161.24,346.07,2306.73,15121.9,COMPLETED
1688,1,973,6,INV-001688,2026-07-17 18:42:00,300838.42,16413.32,51196.51,335621.61,COMPLETED
1689,5,446,34,INV-001689,2026-06-14 09:20:00,181079.48,8677.61,31032.34,203434.21,COMPLETED
1690,2,651,10,INV-001690,2026-08-25 09:14:00,218592.42,17682.45,36163.79,237073.76,COMPLETED
1691,3,698,17,INV-001691,2026-09-23 20:01:00,168643.0,12062.95,28184.41,184764.46,COMPLETED
1692,4,305,26,INV-001692,2026-08-05 15:30:00,119774.46,11912.84,19415.09,127276.71,COMPLETED
1693,2,742,13,INV-001693,2026-09-05 10:56:00,74264.67,1650.44,13070.56,85684.79,COMPLETED
1694,2,106,10,INV-001694,2026-06-23 14:36:00,382578.17,13936.18,66355.56,434997.55,COMPLETED
1695,3,371,22,INV-001695,2026-07-21 19:41:00,114708.07,3643.78,19991.58,131055.87,COMPLETED
1696,4,390,26,INV-001696,2026-09-19 15:14:00,186112.52,8580.64,31955.74,209487.62,COMPLETED
1697,2,941,13,INV-001697,2026-08-08 16:17:00,278713.03,10489.82,48280.18,316503.39,CANCELLED
1698,1,213,6,INV-001698,2026-05-10 15:19:00,73879.54,4213.62,12539.86,82205.78,CANCELLED
1699,1,614,1,INV-001699,2026-05-21 16:06:00,107314.4,6614.22,18126.03,118826.21,COMPLETED
1700,4,706,26,INV-001700,2026-05-30 17:28:00,372543.83,17133.24,63973.92,419384.51,COMPLETED
1701,1,456,2,INV-001701,2026-06-10 12:52:00,307925.6,12542.64,53168.93,348551.89,COMPLETED
1702,1,288,6,INV-001702,2026-07-10 18:40:00,60927.14,2564.56,10505.27,68867.85,COMPLETED
1703,1,840,2,INV-001703,2026-04-27 19:22:00,197448.11,7605.12,34171.74,224014.73,COMPLETED
1704,1,489,2,INV-001704,2026-07-13 13:28:00,108762.08,4150.37,18830.12,123441.83,COMPLETED
1705,2,716,14,INV-001705,2026-06-20 14:35:00,121258.78,3845.08,21134.47,138548.17,COMPLETED
1706,4,103,25,INV-001706,2026-05-28 17:20:00,142545.54,8644.02,24102.28,158003.8,COMPLETED
1707,1,189,1,INV-001707,2026-06-15 14:54:00,115400.19,7727.36,19381.1,127053.93,COMPLETED
1708,3,124,21,INV-001708,2026-08-26 10:42:00,334928.9,16203.76,57370.53,376095.67,COMPLETED
1709,2,18,13,INV-001709,2026-08-04 20:06:00,188479.06,18098.32,30668.53,201049.27,COMPLETED
1710,1,490,2,INV-001710,2026-09-21 10:59:00,130795.59,4106.31,22804.08,149493.36,COMPLETED
1711,4,739,26,INV-001711,2026-04-09 19:14:00,140323.02,15882.19,22399.35,146840.18,COMPLETED
1712,1,113,2,INV-001712,2026-05-01 17:27:00,20525.1,1335.06,3454.21,22644.25,COMPLETED
1713,2,201,10,INV-001713,2026-04-16 11:20:00,138088.14,3072.87,24302.75,159318.02,COMPLETED
1714,4,867,25,INV-001714,2026-04-06 18:45:00,194489.09,5039.6,34100.91,223550.4,COMPLETED
1715,2,7,14,INV-001715,2026-08-11 10:25:00,108272.38,8889.87,17888.85,117271.36,COMPLETED
1716,1,280,2,INV-001716,2026-07-18 18:20:00,218772.65,11186.16,37365.56,244952.05,COMPLETED
1717,2,269,14,INV-001717,2026-06-27 15:27:00,263351.22,15346.1,44640.91,292646.03,COMPLETED
1718,3,953,22,INV-001718,2026-09-14 16:58:00,133789.06,5276.74,23132.22,151644.54,COMPLETED
1719,2,127,14,INV-001719,2026-07-30 13:43:00,210787.54,7627.33,36568.84,239729.05,COMPLETED
1720,5,446,38,INV-001720,2026-04-03 12:19:00,421092.04,21915.27,71851.82,471028.59,COMPLETED
1721,4,212,26,INV-001721,2026-04-23 20:09:00,139422.2,10570.93,23193.23,152044.5,COMPLETED
1722,5,615,37,INV-001722,2026-07-09 10:28:00,63198.43,1216.49,11156.75,73138.69,COMPLETED
1723,2,193,9,INV-001723,2026-05-01 17:17:00,112294.71,5807.15,19167.76,125655.32,COMPLETED
1724,5,905,33,INV-001724,2026-05-08 18:17:00,144842.7,12399.45,23839.79,156283.04,COMPLETED
1725,2,712,13,INV-001725,2026-05-21 19:53:00,208515.26,8634.89,35978.47,235858.84,COMPLETED
1726,2,638,14,INV-001726,2026-08-23 19:57:00,434262.23,20284.69,74515.96,488493.5,COMPLETED
1727,2,371,13,INV-001727,2026-08-08 16:28:00,166669.2,9338.72,28319.49,185649.97,COMPLETED
1728,2,319,13,INV-001728,2026-06-15 20:11:00,66081.17,4944.86,11004.54,72140.85,COMPLETED
1729,1,48,5,INV-001729,2026-06-03 13:21:00,216894.32,8129.77,37577.62,246342.17,COMPLETED
1730,4,546,25,INV-001730,2026-05-03 17:34:00,308421.73,9090.49,53879.62,353210.86,COMPLETED
1731,3,106,18,INV-001731,2026-07-05 20:08:00,253708.79,12755.38,43371.62,284325.03,COMPLETED
1732,4,285,25,INV-001732,2026-06-13 14:09:00,349521.75,12295.98,60700.64,397926.41,COMPLETED
1733,2,805,13,INV-001733,2026-08-27 16:10:00,353430.4,14342.21,61035.87,400124.06,COMPLETED
1734,5,642,38,INV-001734,2026-04-18 20:33:00,308841.94,18419.23,52276.09,342698.8,COMPLETED
1735,3,976,17,INV-001735,2026-05-24 12:07:00,41427.13,3717.43,6787.75,44497.45,COMPLETED
1736,3,212,22,INV-001736,2026-09-23 10:19:00,558348.42,19256.63,97036.53,636128.32,COMPLETED
1737,2,876,10,INV-001737,2026-08-19 11:07:00,131474.0,9566.19,21943.41,143851.22,COMPLETED
1738,5,781,37,INV-001738,2026-07-22 11:27:00,195034.15,13239.1,32723.1,214518.15,CANCELLED
1739,4,679,26,INV-001739,2026-04-10 15:25:00,170471.58,11952.49,28533.44,187052.53,COMPLETED
1740,5,116,33,INV-001740,2026-08-12 19:19:00,184214.56,11362.47,31113.38,203965.47,COMPLETED
1741,2,259,14,INV-001741,2026-09-08 17:06:00,151238.08,13186.96,24849.2,162900.32,COMPLETED
1742,5,587,37,INV-001742,2026-06-06 11:04:00,324672.57,9396.69,56749.66,372025.54,COMPLETED
1743,3,370,18,INV-001743,2026-08-22 15:04:00,134879.7,7722.15,22888.36,150045.91,COMPLETED
1744,5,983,33,INV-001744,2026-08-19 19:34:00,128713.71,5965.06,22094.76,144843.41,COMPLETED
1745,3,34,17,INV-001745,2026-04-25 10:05:00,59282.6,2190.26,10276.62,67368.96,COMPLETED
1746,3,634,22,INV-001746,2026-05-11 10:16:00,356547.15,18188.78,60904.5,399262.87,COMPLETED
1747,1,466,6,INV-001747,2026-09-04 18:24:00,271703.68,17954.66,45674.82,299423.84,COMPLETED
1748,3,582,22,INV-001748,2026-08-23 16:10:00,166818.62,8177.92,28555.32,187196.02,COMPLETED
1749,1,119,1,INV-001749,2026-09-22 14:19:00,566687.62,30239.64,96560.63,633008.61,COMPLETED
1750,1,951,1,INV-001750,2026-08-13 14:43:00,259059.48,21040.69,42843.39,280862.18,COMPLETED
1751,4,674,30,INV-001751,2026-07-18 14:38:00,301264.58,20246.82,50583.19,331600.95,COMPLETED
1752,2,875,13,INV-001752,2026-07-23 13:55:00,209742.9,5767.52,36715.57,240690.95,COMPLETED
1753,5,323,38,INV-001753,2026-05-29 19:39:00,194408.7,8201.74,33517.26,219724.22,COMPLETED
1754,2,204,10,INV-001754,2026-08-15 14:59:00,195602.72,7166.03,33918.6,222355.29,COMPLETED
1755,2,991,9,INV-001755,2026-06-10 10:22:00,756.84,19.84,132.66,869.66,COMPLETED
1756,1,106,5,INV-001756,2026-04-12 20:56:00,104978.86,9002.34,17275.78,113252.3,COMPLETED
1757,3,479,22,INV-001757,2026-06-11 19:27:00,187617.73,17816.13,30564.29,200365.89,COMPLETED
1758,1,609,5,INV-001758,2026-05-08 09:45:00,224133.45,12814.63,38037.39,249356.21,COMPLETED
1759,4,580,30,INV-001759,2026-09-10 16:12:00,316068.78,12765.29,54594.62,357898.11,COMPLETED
1760,3,420,18,INV-001760,2026-04-09 11:48:00,261853.35,10184.29,45300.43,296969.49,COMPLETED
1761,4,884,25,INV-001761,2026-05-26 18:07:00,219266.65,10391.81,37597.47,246472.31,COMPLETED
1762,2,422,14,INV-001762,2026-08-07 16:00:00,118663.44,10420.51,19483.73,127726.66,COMPLETED
1763,4,42,29,INV-001763,2026-08-05 09:29:00,331569.36,18150.89,56415.33,369833.8,COMPLETED
1764,3,889,17,INV-001764,2026-06-14 13:39:00,15025.84,773.7,2565.38,16817.52,COMPLETED
1765,4,252,29,INV-001765,2026-04-22 15:31:00,142223.62,15454.84,22818.37,149587.15,COMPLETED
1766,1,159,5,INV-001766,2026-07-18 18:39:00,76044.69,1450.51,13426.95,88021.13,COMPLETED
1767,2,391,14,INV-001767,2026-05-21 12:01:00,217985.6,13924.79,36730.94,240791.75,COMPLETED
1768,2,214,14,INV-001768,2026-05-12 09:07:00,210366.0,2274.1,37456.54,245548.44,COMPLETED
1769,5,717,34,INV-001769,2026-04-10 20:54:00,131462.0,10214.69,21824.53,143071.84,COMPLETED
1770,4,938,26,INV-001770,2026-08-11 14:28:00,123702.8,4938.44,21377.58,140141.94,COMPLETED
1771,2,784,10,INV-001771,2026-08-10 11:27:00,124296.95,12576.46,20109.69,131830.18,COMPLETED
1772,4,345,25,INV-001772,2026-06-26 18:02:00,122503.74,12298.35,19836.97,130042.36,COMPLETED
1773,1,16,5,INV-001773,2026-06-15 17:35:00,61718.87,4328.02,10330.36,67721.21,COMPLETED
1774,3,455,17,INV-001774,2026-07-15 18:59:00,96348.13,7124.56,16060.24,105283.81,COMPLETED
1775,2,450,14,INV-001775,2026-06-24 13:28:00,273664.96,10679.4,47337.4,310322.96,COMPLETED
1776,5,631,38,INV-001776,2026-04-10 09:31:00,79872.36,8378.6,12868.88,84362.64,COMPLETED
1777,3,473,22,INV-001777,2026-06-07 20:54:00,99970.76,1590.4,17708.46,116088.82,COMPLETED
1778,4,121,30,INV-001778,2026-05-10 14:23:00,258583.56,16893.94,43504.13,285193.75,COMPLETED
1779,2,965,9,INV-001779,2026-06-12 14:07:00,97069.18,9249.5,15807.54,103627.22,COMPLETED
1780,5,810,34,INV-001780,2026-06-14 14:22:00,351596.73,25429.23,58710.16,384877.66,COMPLETED
1781,1,823,5,INV-001781,2026-08-27 10:01:00,173361.52,9558.49,29484.55,193287.58,COMPLETED
1782,4,909,30,INV-001782,2026-04-12 18:43:00,210108.16,4599.89,36991.49,242499.76,COMPLETED
1783,3,810,21,INV-001783,2026-08-20 12:38:00,4300.49,190.64,739.77,4849.62,COMPLETED
1784,4,50,29,INV-001784,2026-04-09 18:45:00,247945.7,12052.74,42460.73,278353.69,COMPLETED
1785,1,557,2,INV-001785,2026-08-22 19:28:00,576194.38,44776.9,95655.14,627072.62,COMPLETED
1786,2,557,9,INV-001786,2026-05-30 13:32:00,8406.75,187.99,1479.38,9698.14,COMPLETED
1787,4,153,29,INV-001787,2026-07-15 13:17:00,49118.12,3820.86,8153.51,53450.77,COMPLETED
1788,4,417,30,INV-001788,2026-06-01 16:38:00,220081.83,10576.23,37711.01,247216.61,COMPLETED
1789,3,836,22,INV-001789,2026-09-04 12:50:00,328087.22,12926.91,56728.86,371889.17,COMPLETED
1790,5,275,38,INV-001790,2026-08-29 15:24:00,216118.66,12073.71,36728.09,240773.04,COMPLETED
1791,1,479,2,INV-001791,2026-05-24 12:31:00,325695.19,17281.08,55514.55,363928.66,COMPLETED
1792,5,703,38,INV-001792,2026-06-23 19:49:00,271561.45,14909.91,46197.28,302848.82,COMPLETED
1793,4,668,30,INV-001793,2026-07-18 13:40:00,222868.83,20116.34,36495.44,239247.93,COMPLETED
1794,2,819,13,INV-001794,2026-06-04 11:02:00,17064.94,179.76,3039.33,19924.51,COMPLETED
1795,3,733,22,INV-001795,2026-04-26 14:08:00,3104.91,30.86,553.33,3627.38,COMPLETED
1796,1,419,5,INV-001796,2026-07-05 19:06:00,139986.45,1591.05,24911.18,163306.58,CANCELLED
1797,2,727,10,INV-001797,2026-08-23 17:55:00,174131.78,10838.86,29392.73,192685.65,COMPLETED
1798,1,755,1,INV-001798,2026-08-04 09:02:00,269098.73,16792.94,45415.04,297720.83,COMPLETED
1799,5,342,33,INV-001799,2026-05-04 16:01:00,110727.67,4396.31,19139.65,125471.01,COMPLETED
1800,3,643,17,INV-001800,2026-08-02 16:46:00,215815.24,6303.3,37712.15,247224.09,COMPLETED
1801,3,843,18,INV-001801,2026-07-27 10:18:00,204325.46,9278.79,35108.39,230155.06,COMPLETED
1802,1,227,2,INV-001802,2026-05-22 15:05:00,387116.6,25219.73,65141.43,427038.3,COMPLETED
1803,2,645,14,INV-001803,2026-07-31 20:03:00,105751.25,3730.44,18363.74,120384.55,COMPLETED
1804,4,437,25,INV-001804,2026-08-27 09:20:00,197258.09,19720.82,31956.71,209493.98,CANCELLED
1805,3,589,18,INV-001805,2026-05-29 20:58:00,165035.07,11762.68,27589.03,180861.42,COMPLETED
1806,4,485,29,INV-001806,2026-04-15 16:37:00,196639.1,5980.09,34318.63,224977.64,COMPLETED
1807,5,644,37,INV-001807,2026-09-23 14:47:00,26528.08,454.22,4693.29,30767.15,COMPLETED
1808,1,728,5,INV-001808,2026-06-18 17:32:00,85407.15,1009.78,15191.53,99588.9,COMPLETED
1809,4,741,29,INV-001809,2026-06-03 12:26:00,141427.83,10013.1,23654.65,155069.38,COMPLETED
1810,5,123,37,INV-001810,2026-07-13 13:14:00,116160.94,3634.3,20254.79,132781.43,COMPLETED
1811,2,943,10,INV-001811,2026-09-08 18:47:00,185684.63,8822.82,31835.12,208696.93,COMPLETED
1812,5,32,34,INV-001812,2026-09-27 10:03:00,68032.83,3004.32,11705.13,76733.64,COMPLETED
1813,4,532,25,INV-001813,2026-09-02 20:52:00,198244.34,14734.65,33031.74,216541.43,CANCELLED
1814,3,954,18,INV-001814,2026-07-04 16:01:00,148861.08,5498.68,25805.23,169167.63,COMPLETED
1815,1,421,2,INV-001815,2026-04-07 11:59:00,122813.66,9554.52,20386.64,133645.78,COMPLETED
1816,3,835,17,INV-001816,2026-08-21 10:41:00,279574.81,20552.22,46624.06,305646.65,COMPLETED
1817,1,285,1,INV-001817,2026-09-19 18:29:00,101987.16,8745.75,16783.45,110024.86,COMPLETED
1818,4,988,25,INV-001818,2026-08-04 16:12:00,180545.95,15902.82,29635.76,194278.89,COMPLETED
1819,3,246,22,INV-001819,2026-08-24 20:42:00,188401.0,14890.33,31231.92,204742.59,COMPLETED
1820,4,372,26,INV-001820,2026-08-17 10:35:00,82062.1,6537.93,13594.35,89118.52,COMPLETED
1821,4,383,26,INV-001821,2026-09-05 18:42:00,231014.84,14850.31,38909.62,255074.15,COMPLETED
1822,1,627,1,INV-001822,2026-05-22 09:44:00,121177.75,2513.68,21359.53,140023.6,COMPLETED
1823,1,784,2,INV-001823,2026-08-21 16:35:00,283970.2,15499.8,48324.67,316795.07,COMPLETED
1824,4,55,26,INV-001824,2026-05-05 18:43:00,116280.6,5132.62,20006.63,131154.61,COMPLETED
1825,3,463,17,INV-001825,2026-05-30 18:10:00,87751.5,4333.28,15015.27,98433.49,COMPLETED
1826,2,703,13,INV-001826,2026-07-22 14:53:00,9858.24,1142.1,1568.91,10285.05,COMPLETED
1827,4,470,25,INV-001827,2026-06-16 12:04:00,17342.24,453.82,3039.92,19928.34,COMPLETED
1828,3,361,22,INV-001828,2026-04-09 18:09:00,251976.73,19765.74,41797.98,274008.97,COMPLETED
1829,2,417,9,INV-001829,2026-08-16 15:56:00,250345.43,11914.49,42917.57,281348.51,COMPLETED
1830,3,879,18,INV-001830,2026-08-03 20:37:00,205046.49,14631.98,34274.62,224689.13,COMPLETED
1831,5,220,33,INV-001831,2026-05-10 19:37:00,47858.85,2819.8,8107.03,53146.08,COMPLETED
1832,1,734,5,INV-001832,2026-08-06 09:54:00,67427.05,3745.28,11462.71,75144.48,COMPLETED
1833,2,192,14,INV-001833,2026-06-17 14:58:00,120308.99,10948.14,19684.95,129045.8,COMPLETED
1834,2,5,13,INV-001834,2026-08-04 10:48:00,211155.22,19525.74,34493.31,226122.79,COMPLETED
1835,1,949,2,INV-001835,2026-08-25 17:54:00,15201.48,1054.54,2546.45,16693.39,COMPLETED
1836,2,137,13,INV-001836,2026-04-20 13:40:00,29603.06,1.62,5328.26,34929.7,COMPLETED
1837,1,347,6,INV-001837,2026-07-12 10:24:00,326496.84,16864.91,55733.76,365365.69,COMPLETED
1838,5,963,37,INV-001838,2026-08-31 10:21:00,258681.1,17317.88,43445.38,284808.6,COMPLETED
1839,2,88,10,INV-001839,2026-08-28 10:41:00,94977.39,1823.94,16767.62,109921.07,COMPLETED
1840,1,113,5,INV-001840,2026-06-12 09:48:00,109333.53,9097.0,18042.58,118279.11,COMPLETED
1841,1,876,5,INV-001841,2026-05-14 15:20:00,22919.95,1283.96,3894.48,25530.47,COMPLETED
1842,1,719,5,INV-001842,2026-06-18 15:39:00,321589.53,23326.54,53687.34,351950.33,COMPLETED
1843,3,931,17,INV-001843,2026-06-20 12:50:00,7240.39,181.61,1270.58,8329.36,COMPLETED
1844,1,413,5,INV-001844,2026-08-15 11:56:00,59710.27,5846.32,9695.51,63559.46,COMPLETED
1845,2,489,14,INV-001845,2026-04-21 19:15:00,130797.54,3553.24,22903.97,150148.27,COMPLETED
1846,1,486,6,INV-001846,2026-07-08 09:19:00,108773.32,8403.82,18066.51,118436.01,COMPLETED
1847,4,310,30,INV-001847,2026-04-14 17:44:00,202735.35,7687.04,35108.69,230157.0,COMPLETED
1848,3,20,17,INV-001848,2026-09-24 19:52:00,319180.38,26947.5,52601.92,344834.8,COMPLETED
1849,2,865,14,INV-001849,2026-07-21 20:48:00,103404.1,7765.86,17214.89,112853.13,COMPLETED
1850,5,930,34,INV-001850,2026-07-07 19:12:00,179839.6,11441.7,30311.62,198709.52,COMPLETED
1851,2,361,10,INV-001851,2026-07-26 19:14:00,88547.22,6150.28,14831.45,97228.39,COMPLETED
1852,4,691,26,INV-001852,2026-04-21 19:12:00,139298.81,12948.66,22743.02,149093.17,CANCELLED
1853,1,491,6,INV-001853,2026-07-05 09:46:00,332218.79,16179.05,56887.15,372926.89,COMPLETED
1854,3,75,21,INV-001854,2026-09-04 13:35:00,185710.7,9313.03,31751.58,208149.25,COMPLETED
1855,1,628,5,INV-001855,2026-04-18 14:18:00,67417.44,1684.11,11832.0,77565.33,COMPLETED
1856,1,611,1,INV-001856,2026-07-15 16:19:00,176197.31,8826.73,30126.7,197497.28,COMPLETED
1857,1,244,6,INV-001857,2026-08-06 11:09:00,220787.32,22803.73,35637.05,233620.64,COMPLETED
1858,1,905,2,INV-001858,2026-09-21 11:13:00,228838.9,19792.64,37628.32,246674.58,COMPLETED
1859,4,776,26,INV-001859,2026-08-06 12:04:00,30260.68,866.44,5290.96,34685.2,CANCELLED
1860,1,166,6,INV-001860,2026-06-01 09:52:00,116855.4,6646.45,19837.61,130046.56,COMPLETED
1861,1,940,1,INV-001861,2026-04-12 11:04:00,341404.24,26327.22,56713.86,371790.88,COMPLETED
1862,1,582,5,INV-001862,2026-09-03 18:30:00,9803.64,1132.49,1560.81,10231.96,COMPLETED
1863,4,219,29,INV-001863,2026-05-23 13:19:00,65164.88,3563.51,11088.25,72689.62,COMPLETED
1864,1,645,1,INV-001864,2026-06-14 10:12:00,100971.12,4439.34,17375.72,113907.5,COMPLETED
1865,3,49,18,INV-001865,2026-07-30 11:43:00,220103.01,7700.39,38232.47,250635.09,COMPLETED
1866,1,733,6,INV-001866,2026-08-20 16:31:00,197933.54,17313.44,32511.62,213131.72,COMPLETED
1867,5,630,34,INV-001867,2026-07-26 19:40:00,184632.23,5598.71,32226.04,211259.56,COMPLETED
1868,5,952,38,INV-001868,2026-08-09 10:41:00,229835.55,19258.31,37903.91,248481.15,COMPLETED
1869,4,523,29,INV-001869,2026-06-24 18:12:00,152805.45,10249.61,25660.05,168215.89,COMPLETED
1870,1,234,6,INV-001870,2026-08-11 14:54:00,150559.16,9170.45,25449.96,166838.67,COMPLETED
1871,3,774,21,INV-001871,2026-05-27 19:20:00,261056.86,16202.0,44073.87,288928.73,COMPLETED
1872,1,759,1,INV-001872,2026-04-10 16:49:00,73205.25,7513.8,11824.46,77515.91,COMPLETED
1873,1,802,1,INV-001873,2026-05-15 13:25:00,151238.08,6661.63,26023.76,170600.21,COMPLETED
1874,3,966,17,INV-001874,2026-04-06 20:19:00,324278.95,6279.38,57239.91,375239.48,COMPLETED
1875,1,825,1,INV-001875,2026-04-05 10:32:00,323848.68,24761.46,53835.71,352922.93,COMPLETED
1876,3,676,22,INV-001876,2026-07-18 17:36:00,145523.03,11389.98,24143.95,158277.0,COMPLETED
1877,4,291,26,INV-001877,2026-07-29 09:18:00,323635.25,16779.94,55233.95,362089.26,COMPLETED
1878,5,171,33,INV-001878,2026-07-28 14:38:00,104681.04,714.38,18714.0,122680.66,COMPLETED
1879,4,203,29,INV-001879,2026-05-10 14:56:00,237552.56,8952.24,41148.05,269748.37,COMPLETED
1880,1,117,1,INV-001880,2026-08-30 09:40:00,70541.52,5382.92,11728.55,76887.15,COMPLETED
1881,1,893,5,INV-001881,2026-05-03 11:04:00,193793.7,16211.84,31964.74,209546.6,COMPLETED
1882,3,324,18,INV-001882,2026-07-18 10:07:00,180062.4,7441.8,31071.72,203692.32,COMPLETED
1883,2,543,14,INV-001883,2026-05-03 20:41:00,342301.33,23370.1,57407.61,376338.84,COMPLETED
1884,2,345,9,INV-001884,2026-04-08 16:20:00,126110.48,10836.49,20749.32,136023.31,COMPLETED
1885,2,266,13,INV-001885,2026-06-15 11:22:00,172953.56,6697.03,29926.17,196182.7,COMPLETED
1886,4,814,29,INV-001886,2026-08-29 12:02:00,79583.29,3449.52,13704.08,89837.85,COMPLETED
1887,4,826,29,INV-001887,2026-07-03 12:31:00,261713.06,15813.01,44262.01,290162.06,COMPLETED
1888,4,881,26,INV-001888,2026-07-02 13:51:00,135715.06,1593.42,24141.9,158263.54,COMPLETED
1889,1,578,6,INV-001889,2026-05-07 15:08:00,117343.69,3946.82,20411.43,133808.3,COMPLETED
1890,2,253,13,INV-001890,2026-09-20 19:38:00,391391.61,19999.88,66850.5,438242.23,COMPLETED
1891,3,729,21,INV-001891,2026-09-07 14:53:00,222609.92,18020.37,36826.11,241415.66,COMPLETED
1892,1,136,2,INV-001892,2026-05-08 19:17:00,55473.84,3992.13,9266.71,60748.42,COMPLETED
1893,4,473,25,INV-001893,2026-07-14 13:45:00,40105.32,4709.14,6371.31,41767.49,COMPLETED
1894,3,83,17,INV-001894,2026-05-12 17:24:00,96547.56,1539.54,17101.44,112109.46,COMPLETED
1895,5,39,34,INV-001895,2026-08-01 19:18:00,368898.75,16401.75,63449.45,415946.45,COMPLETED
1896,3,933,18,INV-001896,2026-05-29 19:56:00,296409.71,14526.19,50739.03,332622.55,COMPLETED
1897,4,775,30,INV-001897,2026-05-13 10:16:00,267381.42,30655.08,42610.75,279337.09,COMPLETED
1898,3,896,18,INV-001898,2026-08-06 10:23:00,41888.75,1262.19,7312.78,47939.34,COMPLETED
1899,5,53,37,INV-001899,2026-07-31 18:13:00,60118.9,1169.7,10610.86,69560.06,CANCELLED
1900,3,760,17,INV-001900,2026-06-19 17:21:00,67352.6,5531.24,11127.84,72949.2,COMPLETED
1901,1,422,2,INV-001901,2026-08-18 20:01:00,36965.82,2094.05,6276.92,41148.69,COMPLETED
1902,2,535,9,INV-001902,2026-08-28 13:22:00,6416.78,120.2,1133.38,7429.96,COMPLETED
1903,5,969,38,INV-001903,2026-06-29 10:29:00,90830.98,2031.54,15983.9,104783.34,COMPLETED
1904,4,13,29,INV-001904,2026-05-14 20:17:00,20483.4,115.72,3666.18,24033.86,COMPLETED
1905,3,333,22,INV-001905,2026-06-27 19:34:00,139177.46,3692.19,24387.35,159872.62,COMPLETED
1906,3,132,22,INV-001906,2026-07-24 11:32:00,89069.03,4556.81,15212.21,99724.43,COMPLETED
1907,3,150,22,INV-001907,2026-04-28 16:56:00,381735.8,19197.69,65256.86,427794.97,COMPLETED
1908,5,578,38,INV-001908,2026-08-09 20:53:00,128975.83,8784.54,21634.43,141825.72,COMPLETED
1909,1,640,6,INV-001909,2026-05-31 19:37:00,110295.17,5247.22,18908.63,123956.58,COMPLETED
1910,5,949,34,INV-001910,2026-06-06 12:59:00,219520.83,14335.18,36933.42,242119.07,COMPLETED
1911,5,443,34,INV-001911,2026-09-26 18:08:00,51562.88,4134.71,8537.07,55965.24,COMPLETED
1912,2,795,13,INV-001912,2026-08-06 10:09:00,171191.91,18026.87,27569.7,180734.74,COMPLETED
1913,5,807,37,INV-001913,2026-08-29 10:23:00,233283.76,8014.03,40548.55,265818.28,COMPLETED
1914,3,831,22,INV-001914,2026-08-16 12:26:00,317853.04,15790.13,54371.32,356434.23,COMPLETED
1915,5,887,38,INV-001915,2026-07-22 09:47:00,228363.85,7697.44,39719.96,260386.37,COMPLETED
1916,3,748,17,INV-001916,2026-09-17 16:19:00,325180.36,12480.2,56286.02,368986.18,COMPLETED
1917,4,820,30,INV-001917,2026-06-17 09:47:00,187568.44,7567.03,32400.26,212401.67,COMPLETED
1918,3,643,18,INV-001918,2026-04-17 13:06:00,156322.08,7789.73,26735.83,175268.18,COMPLETED
1919,4,217,25,INV-001919,2026-05-06 19:44:00,25597.41,2912.19,4083.34,26768.56,COMPLETED
1920,4,73,30,INV-001920,2026-07-03 19:17:00,58269.16,4544.32,9670.47,63395.31,COMPLETED
1921,3,562,22,INV-001921,2026-08-29 12:36:00,33676.3,1624.02,5769.41,37821.69,COMPLETED
1922,4,504,30,INV-001922,2026-09-18 16:48:00,370052.46,9870.34,64832.78,425014.9,COMPLETED
1923,2,319,14,INV-001923,2026-06-24 14:59:00,170112.97,4546.82,29801.91,195368.06,COMPLETED
1924,4,307,29,INV-001924,2026-06-10 11:10:00,43082.21,3551.38,7115.55,46646.38,COMPLETED
1925,5,610,34,INV-001925,2026-08-16 16:50:00,212211.79,13046.92,35849.68,235014.55,COMPLETED
1926,3,882,22,INV-001926,2026-07-20 12:37:00,240.78,23.12,39.18,256.84,COMPLETED
1927,2,558,9,INV-001927,2026-09-26 12:36:00,52983.59,5758.04,8500.6,55726.15,COMPLETED
1928,1,363,6,INV-001928,2026-06-04 17:34:00,380520.63,10614.05,66583.19,436489.77,COMPLETED
1929,5,959,38,INV-001929,2026-06-04 14:29:00,256694.78,16588.46,43219.13,283325.45,COMPLETED
1930,2,828,10,INV-001930,2026-08-17 20:51:00,324796.94,27083.26,53588.46,351302.14,COMPLETED
1931,4,271,26,INV-001931,2026-07-18 18:19:00,464215.49,36277.74,77028.8,504966.55,COMPLETED
1932,5,93,33,INV-001932,2026-04-02 11:41:00,284952.99,25637.39,46676.81,305992.41,COMPLETED
1933,2,795,9,INV-001933,2026-07-03 19:04:00,253546.6,8221.08,44158.59,289484.11,COMPLETED
1934,2,695,10,INV-001934,2026-06-30 09:33:00,181075.64,6075.86,31499.96,206499.74,COMPLETED
1935,2,659,9,INV-001935,2026-08-05 14:20:00,258952.58,12454.6,44369.64,290867.62,COMPLETED
1936,5,756,34,INV-001936,2026-06-03 11:32:00,47091.44,138.13,8451.6,55404.91,COMPLETED
1937,2,25,9,INV-001937,2026-09-06 09:29:00,117451.96,9698.22,19395.68,127149.42,COMPLETED
1938,3,264,21,INV-001938,2026-07-22 15:04:00,213471.87,9812.73,36658.65,240317.79,COMPLETED
1939,3,595,18,INV-001939,2026-05-26 18:47:00,77221.95,4433.34,13101.95,85890.56,COMPLETED
1940,1,906,2,INV-001940,2026-06-05 12:40:00,122453.08,7364.8,20715.89,135804.17,COMPLETED
1941,2,722,10,INV-001941,2026-08-23 10:53:00,65999.32,3351.8,11276.56,73924.08,COMPLETED
1942,5,581,34,INV-001942,2026-09-26 14:20:00,115276.96,4852.24,19876.45,130301.17,COMPLETED
1943,1,4,1,INV-001943,2026-06-10 13:12:00,481008.06,24290.57,82209.14,538926.63,COMPLETED
1944,1,645,6,INV-001944,2026-05-09 11:58:00,230719.05,12775.51,39229.83,257173.37,COMPLETED
1945,5,224,37,INV-001945,2026-04-11 09:02:00,390266.66,31144.96,64641.91,423763.61,COMPLETED
1946,4,567,26,INV-001946,2026-09-16 13:29:00,102906.78,3386.26,17913.69,117434.21,COMPLETED
1947,2,840,13,INV-001947,2026-07-06 14:41:00,290608.09,15523.38,49515.25,324599.96,COMPLETED
1948,5,111,37,INV-001948,2026-08-06 15:36:00,412042.55,20993.99,70388.74,461437.3,COMPLETED
1949,2,755,14,INV-001949,2026-06-09 17:16:00,73631.88,2765.71,12755.92,83622.09,COMPLETED
1950,4,860,29,INV-001950,2026-05-21 16:41:00,138612.3,3390.31,24339.95,159561.94,COMPLETED
1951,2,190,9,INV-001951,2026-09-06 16:02:00,260997.8,12559.69,44718.86,293156.97,COMPLETED
1952,1,582,5,INV-001952,2026-07-10 11:35:00,61138.79,4134.9,10260.7,67264.59,COMPLETED
1953,3,413,22,INV-001953,2026-07-27 19:39:00,161835.36,9822.37,27362.34,179375.33,COMPLETED
1954,4,623,30,INV-001954,2026-06-19 20:35:00,103058.12,5029.55,17645.14,115673.71,COMPLETED
1955,3,543,17,INV-001955,2026-06-23 14:37:00,256106.2,11849.93,43966.13,288222.4,COMPLETED
1956,2,459,13,INV-001956,2026-05-11 16:15:00,105951.95,9797.5,17307.8,113462.25,COMPLETED
1957,2,654,13,INV-001957,2026-06-04 15:26:00,188164.68,8474.94,32344.15,212033.89,COMPLETED
1958,5,966,38,INV-001958,2026-09-05 11:17:00,187612.47,8064.11,32318.7,211867.06,COMPLETED
1959,3,49,21,INV-001959,2026-08-22 17:14:00,95125.67,5941.11,16053.22,105237.78,COMPLETED
1960,4,824,25,INV-001960,2026-05-05 19:53:00,43941.79,900.27,7747.47,50788.99,COMPLETED
1961,1,395,1,INV-001961,2026-05-26 10:32:00,119775.5,3423.52,20943.36,137295.34,COMPLETED
1962,2,299,9,INV-001962,2026-04-02 18:35:00,144779.5,1094.41,25863.32,169548.41,COMPLETED
1963,2,854,9,INV-001963,2026-04-29 11:39:00,220265.28,8532.86,38111.83,249844.25,COMPLETED
1964,1,672,1,INV-001964,2026-08-27 19:48:00,147617.56,15390.36,23800.9,156028.1,COMPLETED
1965,2,871,13,INV-001965,2026-06-19 17:15:00,278158.51,6843.76,48836.66,320151.41,COMPLETED
1966,1,12,6,INV-001966,2026-05-05 16:09:00,65044.83,3695.46,11042.88,72392.25,COMPLETED
1967,1,384,1,INV-001967,2026-09-01 20:13:00,83947.89,6819.94,13883.03,91010.98,COMPLETED
1968,4,165,30,INV-001968,2026-07-02 11:41:00,39553.46,418.91,7044.22,46178.77,COMPLETED
1969,5,743,37,INV-001969,2026-06-14 11:33:00,77244.65,4052.23,13174.63,86367.05,COMPLETED
1970,5,116,33,INV-001970,2026-07-20 16:50:00,213906.32,12056.61,36332.93,238182.64,COMPLETED
1971,5,86,37,INV-001971,2026-08-02 19:51:00,85238.67,2199.31,14947.08,97986.44,COMPLETED
1972,3,459,17,INV-001972,2026-06-22 14:00:00,361441.68,14015.95,62536.63,409962.36,COMPLETED
1973,4,280,30,INV-001973,2026-09-16 13:53:00,43918.88,1696.66,7600.0,49822.22,COMPLETED
1974,4,453,26,INV-001974,2026-05-13 16:41:00,195102.77,5166.95,34188.45,224124.27,COMPLETED
1975,2,547,14,INV-001975,2026-04-08 10:56:00,377575.39,22669.1,63883.13,418789.42,COMPLETED
1976,4,554,29,INV-001976,2026-06-30 16:36:00,196451.28,15024.6,32656.8,214083.48,COMPLETED
1977,3,963,17,INV-001977,2026-06-03 17:42:00,397838.68,34040.88,65483.6,429281.4,COMPLETED
1978,3,275,18,INV-001978,2026-08-23 15:47:00,108258.76,506.79,19395.35,127147.32,COMPLETED
1979,4,340,29,INV-001979,2026-04-20 16:55:00,249635.1,21762.96,41016.98,268889.12,COMPLETED
1980,2,883,13,INV-001980,2026-05-19 20:09:00,54858.24,4187.51,9120.73,59791.46,COMPLETED
1981,3,803,22,INV-001981,2026-05-31 14:45:00,284741.2,6600.14,50065.4,328206.46,COMPLETED
1982,5,785,37,INV-001982,2026-07-08 13:34:00,201004.82,16825.7,33152.24,217331.36,COMPLETED
1983,1,678,6,INV-001983,2026-07-26 15:10:00,77045.4,8963.19,12254.8,80337.01,COMPLETED
1984,2,873,9,INV-001984,2026-04-27 15:27:00,61994.57,683.79,11035.94,72346.72,COMPLETED
1985,3,996,18,INV-001985,2026-07-16 12:25:00,186958.96,4206.67,32895.41,215647.7,COMPLETED
1986,3,372,21,INV-001986,2026-05-01 20:58:00,193321.62,9491.61,33089.4,216919.41,COMPLETED
1987,5,490,37,INV-001987,2026-09-12 13:10:00,114917.37,2477.14,20239.24,132679.47,COMPLETED
1988,2,921,9,INV-001988,2026-07-03 10:10:00,367043.82,23303.82,61873.2,405613.2,COMPLETED
1989,5,369,33,INV-001989,2026-06-01 09:03:00,274876.68,28887.72,44278.01,290266.97,COMPLETED
1990,3,833,22,INV-001990,2026-08-21 11:16:00,168711.4,19317.13,26890.97,176285.24,COMPLETED
1991,4,963,30,INV-001991,2026-05-14 13:13:00,33886.56,3744.8,5425.52,35567.28,COMPLETED
1992,4,117,30,INV-001992,2026-04-07 15:51:00,210621.48,15649.94,35094.87,230066.41,COMPLETED
1993,3,86,22,INV-001993,2026-06-29 18:00:00,58062.22,2218.59,10051.85,65895.48,COMPLETED
1994,4,2,25,INV-001994,2026-06-05 09:11:00,140416.45,12563.45,23013.54,150866.54,COMPLETED
1995,5,145,37,INV-001995,2026-07-05 09:54:00,280015.17,10255.39,48556.77,318316.55,COMPLETED
1996,4,658,25,INV-001996,2026-07-31 12:53:00,264905.12,7724.43,46292.52,303473.21,COMPLETED
1997,3,715,22,INV-001997,2026-07-21 12:57:00,210256.25,11790.53,35723.83,234189.55,COMPLETED
1998,4,17,30,INV-001998,2026-07-30 13:46:00,110183.28,7756.42,18436.83,120863.69,COMPLETED
1999,1,837,5,INV-001999,2026-05-29 18:03:00,187843.84,15318.29,31054.6,203580.15,COMPLETED
2000,4,734,30,INV-002000,2026-04-04 18:26:00,218369.96,17308.19,36191.12,237252.89,COMPLETED
2001,2,59,9,INV-002001,2026-04-23 17:18:00,143079.25,9700.06,24008.25,157387.44,COMPLETED
2002,3,597,21,INV-002002,2026-06-15 09:32:00,158350.52,5173.5,27571.86,180748.88,COMPLETED
2003,4,39,29,INV-002003,2026-07-24 20:57:00,220406.36,14694.25,37028.19,242740.3,COMPLETED
2004,2,966,10,INV-002004,2026-06-24 20:35:00,92018.47,4927.09,15676.45,102767.83,COMPLETED
2005,3,336,22,INV-002005,2026-05-12 12:50:00,423813.55,18107.83,73027.03,478732.75,COMPLETED
2006,3,425,18,INV-002006,2026-08-23 20:20:00,206887.03,8523.35,35705.46,234069.14,COMPLETED
2007,3,741,18,INV-002007,2026-07-21 20:10:00,30937.09,1897.52,5227.12,34266.69,COMPLETED
2008,2,270,10,INV-002008,2026-07-14 10:04:00,282563.21,19786.78,47299.76,310076.19,COMPLETED
2009,1,50,6,INV-002009,2026-06-02 12:53:00,123786.48,4698.02,21435.92,140524.38,COMPLETED
2010,4,681,25,INV-002010,2026-05-17 19:01:00,182257.74,13948.81,30295.61,198604.54,COMPLETED
2011,2,351,14,INV-002011,2026-07-26 15:19:00,63940.85,2515.84,11056.5,72481.51,COMPLETED
2012,1,391,2,INV-002012,2026-09-07 12:36:00,109159.06,3219.88,19069.05,125008.23,COMPLETED
2013,3,319,17,INV-002013,2026-09-15 17:20:00,258244.56,4760.72,45627.09,299110.93,COMPLETED
2014,4,735,29,INV-002014,2026-04-28 14:40:00,40023.39,1468.26,6939.92,45495.05,COMPLETED
2015,1,983,6,INV-002015,2026-06-13 17:15:00,130918.65,5581.59,22560.67,147897.73,COMPLETED
2016,2,172,13,INV-002016,2026-09-18 09:10:00,97959.25,5620.23,16621.03,108960.05,COMPLETED
2017,5,550,34,INV-002017,2026-06-07 17:49:00,364387.28,34319.41,59412.21,389480.08,COMPLETED
2018,4,306,29,INV-002018,2026-07-20 13:49:00,88407.7,4695.57,15068.19,98780.32,COMPLETED
2019,5,339,37,INV-002019,2026-06-05 16:56:00,22486.45,1354.87,3803.68,24935.26,COMPLETED
2020,3,128,17,INV-002020,2026-09-23 13:24:00,208112.82,20539.29,33763.23,221336.76,COMPLETED
2021,3,473,17,INV-002021,2026-08-02 20:02:00,265602.22,1712.05,47500.22,311390.39,COMPLETED
2022,1,907,6,INV-002022,2026-06-08 14:30:00,80457.88,7231.64,13180.72,86406.96,COMPLETED
2023,5,943,37,INV-002023,2026-04-24 14:43:00,101863.6,6369.35,17188.97,112683.22,COMPLETED
2024,4,710,25,INV-002024,2026-06-23 14:53:00,340662.63,20783.26,57578.28,377457.65,COMPLETED
2025,5,322,37,INV-002025,2026-05-01 20:26:00,28533.87,750.16,5001.07,32784.78,COMPLETED
2026,2,268,10,INV-002026,2026-07-05 10:32:00,139783.92,1247.55,24936.54,163472.91,COMPLETED
2027,5,866,38,INV-002027,2026-06-19 17:53:00,216766.95,16512.19,36045.86,236300.62,COMPLETED
2028,2,585,14,INV-002028,2026-05-17 11:48:00,60750.1,1777.86,10615.0,69587.24,COMPLETED
2029,4,209,30,INV-002029,2026-04-28 18:05:00,186525.67,17293.67,30461.77,199693.77,COMPLETED
2030,4,357,26,INV-002030,2026-07-16 16:13:00,192574.93,11062.19,32672.3,214185.04,COMPLETED
2031,1,223,1,INV-002031,2026-05-11 16:13:00,72889.02,2698.68,12634.26,82824.6,COMPLETED
2032,4,767,26,INV-002032,2026-06-23 11:43:00,156087.94,974.92,27920.34,183033.36,COMPLETED
2033,4,518,29,INV-002033,2026-09-18 15:08:00,101676.0,2438.65,17862.72,117100.07,COMPLETED
2034,1,672,1,INV-002034,2026-05-12 17:48:00,106790.56,10189.98,17388.1,113988.68,COMPLETED
2035,4,395,30,INV-002035,2026-07-10 12:25:00,223716.6,14136.98,37724.34,247303.96,COMPLETED
2036,2,370,14,INV-002036,2026-05-26 14:40:00,93260.64,7752.92,15391.38,100899.1,COMPLETED
2037,4,425,29,INV-002037,2026-07-25 10:37:00,151623.82,4632.13,26458.5,173450.19,COMPLETED
2038,2,870,13,INV-002038,2026-09-07 13:50:00,364373.51,26721.54,60777.36,398429.33,COMPLETED
2039,4,419,25,INV-002039,2026-06-30 16:26:00,196678.3,5292.39,34449.47,225835.38,COMPLETED
2040,2,576,13,INV-002040,2026-06-07 18:49:00,181807.19,16739.95,29712.1,194779.34,COMPLETED
2041,5,352,38,INV-002041,2026-09-08 14:01:00,26624.12,2228.25,4391.26,28787.13,COMPLETED
2042,4,146,26,INV-002042,2026-05-24 18:44:00,196169.1,5422.78,34334.34,225080.66,COMPLETED
2043,4,576,25,INV-002043,2026-06-23 19:14:00,207585.91,4140.78,36620.12,240065.25,COMPLETED
2044,2,777,9,INV-002044,2026-08-26 18:27:00,144230.78,5567.41,24959.4,163622.77,CANCELLED
2045,4,431,29,INV-002045,2026-08-02 09:29:00,16854.36,702.84,2907.27,19058.79,COMPLETED
2046,3,604,18,INV-002046,2026-07-14 16:30:00,32833.35,1540.91,5632.64,36925.08,COMPLETED
2047,4,744,29,INV-002047,2026-08-31 09:37:00,208356.46,18525.61,34169.55,224000.4,COMPLETED
2048,1,871,1,INV-002048,2026-05-12 14:13:00,26398.98,1338.18,4510.94,29571.74,COMPLETED
2049,3,797,22,INV-002049,2026-08-09 09:43:00,53176.83,3290.67,8979.51,58865.67,COMPLETED
2050,3,126,22,INV-002050,2026-06-20 18:50:00,173808.15,7138.61,30000.51,196670.05,COMPLETED
2051,3,290,22,INV-002051,2026-06-02 15:48:00,212501.29,12942.8,35920.53,235479.02,COMPLETED
2052,3,955,18,INV-002052,2026-09-17 17:40:00,141110.66,4559.26,24579.25,161130.65,COMPLETED
2053,1,171,5,INV-002053,2026-09-17 18:18:00,17875.62,672.51,3096.56,20299.67,COMPLETED
2054,2,253,10,INV-002054,2026-08-21 17:45:00,473124.94,32774.5,79263.07,519613.51,COMPLETED
2055,2,564,14,INV-002055,2026-05-26 17:29:00,37189.61,655.03,6576.23,43110.81,COMPLETED
2056,5,723,38,INV-002056,2026-04-03 11:24:00,178119.44,16054.09,29171.76,191237.11,COMPLETED
2057,4,58,30,INV-002057,2026-06-27 16:53:00,38546.21,2454.7,6496.47,42587.98,CANCELLED
2058,4,824,29,INV-002058,2026-07-22 13:02:00,30574.49,1131.91,5299.67,34742.25,COMPLETED
2059,5,273,34,INV-002059,2026-08-31 16:42:00,172977.68,4290.46,30363.7,199050.92,COMPLETED
2060,4,971,30,INV-002060,2026-06-06 20:23:00,118858.02,4512.16,20582.25,134928.11,COMPLETED
2061,4,996,29,INV-002061,2026-06-16 19:51:00,283531.45,25673.45,46414.44,304272.44,COMPLETED
2062,2,77,13,INV-002062,2026-06-21 16:27:00,77507.86,6227.93,12830.39,84110.32,COMPLETED
2063,5,266,34,INV-002063,2026-07-21 14:44:00,20062.84,770.51,3472.62,22764.95,COMPLETED
2064,3,386,21,INV-002064,2026-05-22 20:15:00,71412.95,1908.99,12510.71,82014.67,COMPLETED
2065,3,325,17,INV-002065,2026-06-26 20:30:00,203566.24,15225.73,33901.29,222241.8,COMPLETED
2066,2,594,14,INV-002066,2026-07-28 20:16:00,249641.54,15883.13,42076.51,275834.92,COMPLETED
2067,5,585,33,INV-002067,2026-05-19 10:50:00,147263.28,6852.15,25274.0,165685.13,COMPLETED
2068,1,282,5,INV-002068,2026-06-27 14:17:00,9357.08,357.4,1619.94,10619.62,COMPLETED
2069,3,53,17,INV-002069,2026-05-30 14:25:00,177812.16,10340.51,30144.89,197616.54,COMPLETED
2070,5,316,33,INV-002070,2026-07-24 18:52:00,259072.8,11597.69,44545.51,292020.62,COMPLETED
2071,2,449,13,INV-002071,2026-07-08 09:43:00,145092.61,9142.99,24470.92,160420.54,COMPLETED
2072,1,397,5,INV-002072,2026-04-11 10:30:00,106573.15,5032.61,18277.29,119817.83,COMPLETED
2073,5,528,33,INV-002073,2026-06-12 19:31:00,159019.22,10974.84,26647.99,174692.37,COMPLETED
2074,1,398,1,INV-002074,2026-07-15 12:49:00,305660.76,16770.61,52000.23,340890.38,COMPLETED
2075,2,78,13,INV-002075,2026-04-27 19:00:00,354780.55,29465.77,58556.66,383871.44,COMPLETED
2076,3,205,21,INV-002076,2026-08-09 19:39:00,87586.64,9366.95,14079.54,92299.23,COMPLETED
2077,1,427,1,INV-002077,2026-07-09 19:31:00,249839.98,15562.06,42170.03,276447.95,COMPLETED
2078,3,868,21,INV-002078,2026-04-04 16:04:00,37776.85,3114.4,6239.24,40901.69,COMPLETED
2079,2,678,10,INV-002079,2026-09-16 09:22:00,18714.16,974.01,3193.23,20933.38,COMPLETED
2080,2,795,10,INV-002080,2026-05-02 16:48:00,49118.12,3388.63,8231.31,53960.8,COMPLETED
2081,1,577,2,INV-002081,2026-08-20 20:10:00,136011.2,6554.88,23302.13,152758.45,COMPLETED
2082,5,143,37,INV-002082,2026-04-29 16:55:00,215232.05,10130.33,36918.31,242020.03,COMPLETED
2083,5,238,33,INV-002083,2026-09-01 13:15:00,2069.94,90.76,356.25,2335.43,COMPLETED
2084,3,834,22,INV-002084,2026-05-09 12:35:00,73098.22,2235.3,12755.33,83618.25,COMPLETED
2085,5,159,37,INV-002085,2026-08-22 14:47:00,314598.92,22172.72,52636.71,345062.91,COMPLETED
2086,3,677,22,INV-002086,2026-04-28 14:37:00,104179.29,1474.16,18486.92,121192.05,COMPLETED
2087,4,108,26,INV-002087,2026-04-16 18:03:00,174826.73,12610.93,29198.83,191414.63,COMPLETED
2088,5,938,37,INV-002088,2026-08-14 15:21:00,135507.3,6829.34,23162.04,151840.0,COMPLETED
2089,4,107,29,INV-002089,2026-05-08 09:35:00,12249.39,283.64,2153.84,14119.59,COMPLETED
2090,2,861,13,INV-002090,2026-05-04 17:43:00,314618.32,18813.92,53244.79,349049.19,COMPLETED
2091,5,970,37,INV-002091,2026-08-22 09:13:00,13133.9,631.03,2250.52,14753.39,COMPLETED
2092,2,855,13,INV-002092,2026-09-13 17:04:00,88198.93,4069.89,15143.23,99272.27,COMPLETED
2093,5,12,34,INV-002093,2026-05-24 18:48:00,234547.52,8812.04,40632.39,266367.87,COMPLETED
2094,2,722,13,INV-002094,2026-04-08 10:05:00,209307.63,12307.45,35460.03,232460.21,COMPLETED
2095,4,283,25,INV-002095,2026-08-29 18:02:00,409315.3,17188.61,70582.81,462709.5,COMPLETED
2096,3,352,17,INV-002096,2026-07-30 12:58:00,171477.44,18286.51,27574.37,180765.3,COMPLETED
2097,2,486,9,INV-002097,2026-05-12 10:57:00,306232.58,10732.57,53190.0,348690.01,COMPLETED
2098,3,451,21,INV-002098,2026-08-21 20:26:00,213071.52,13919.5,35847.36,234999.38,COMPLETED
2099,4,934,29,INV-002099,2026-09-14 11:16:00,255390.68,13577.25,43526.42,285339.85,COMPLETED
2100,4,209,30,INV-002100,2026-05-02 17:20:00,43429.29,2181.36,7424.63,48672.56,COMPLETED
2101,3,5,17,INV-002101,2026-04-16 20:46:00,155541.0,5884.98,26938.08,176594.1,COMPLETED
2102,5,163,38,INV-002102,2026-08-28 15:33:00,58749.0,2159.64,10186.08,66775.44,COMPLETED
2103,5,590,38,INV-002103,2026-09-01 11:57:00,170632.62,11779.94,28593.49,187446.17,COMPLETED
2104,4,978,26,INV-002104,2026-09-18 16:58:00,10605.83,1068.44,1716.73,11254.12,COMPLETED
2105,5,816,33,INV-002105,2026-07-20 20:51:00,155407.72,12830.05,25663.99,168241.66,COMPLETED
2106,4,48,25,INV-002106,2026-06-15 10:12:00,73288.44,7446.6,11851.53,77693.37,COMPLETED
2107,1,114,6,INV-002107,2026-05-10 16:36:00,240498.19,5262.3,42342.45,277578.34,COMPLETED
2108,4,408,30,INV-002108,2026-05-05 11:54:00,178101.26,9894.08,30277.29,198484.47,CANCELLED
2109,3,130,22,INV-002109,2026-06-25 15:03:00,178304.06,15372.2,29327.73,192259.59,COMPLETED
2110,3,680,17,INV-002110,2026-05-18 15:58:00,100971.12,357.58,18110.44,118723.98,COMPLETED
2111,1,159,2,INV-002111,2026-09-20 09:52:00,134215.83,5350.81,23195.7,152060.72,COMPLETED
2112,3,719,18,INV-002112,2026-05-13 17:47:00,192447.7,7765.99,33242.7,217924.41,COMPLETED
2113,4,304,30,INV-002113,2026-07-01 14:53:00,136679.85,2564.43,24140.77,158256.19,CANCELLED
2114,1,988,5,INV-002114,2026-05-11 18:23:00,135568.0,8648.2,22845.56,149765.36,COMPLETED
2115,1,791,2,INV-002115,2026-05-19 14:59:00,252334.0,15553.52,42620.49,279400.97,COMPLETED
2116,3,375,17,INV-002116,2026-04-23 16:51:00,178979.08,8026.26,30771.52,201724.34,COMPLETED
2117,3,686,17,INV-002117,2026-04-17 18:31:00,169799.52,7222.3,29263.9,191841.12,COMPLETED
2118,3,155,18,INV-002118,2026-05-07 11:54:00,101942.16,4781.77,17488.87,114649.26,COMPLETED
2119,5,75,38,INV-002119,2026-09-05 17:34:00,103855.36,5508.61,17702.41,116049.16,COMPLETED
2120,5,9,34,INV-002120,2026-04-04 17:54:00,34264.79,1355.65,5923.65,38832.79,COMPLETED
2121,1,17,5,INV-002121,2026-05-20 12:18:00,33071.07,2194.07,5557.86,36434.86,COMPLETED
2122,4,350,26,INV-002122,2026-09-12 17:46:00,255571.26,21378.59,42154.68,276347.35,COMPLETED
2123,1,935,2,INV-002123,2026-06-14 15:28:00,244377.0,12567.02,41725.79,273535.77,COMPLETED
2124,5,599,37,INV-002124,2026-09-24 20:20:00,279279.47,10215.23,48431.56,317495.8,COMPLETED
2125,4,363,30,INV-002125,2026-08-04 17:40:00,21783.95,746.08,3786.82,24824.69,COMPLETED
2126,1,241,5,INV-002126,2026-08-07 18:43:00,267196.82,10694.85,46170.35,302672.32,COMPLETED
2127,2,915,13,INV-002127,2026-08-20 16:24:00,172927.95,6624.75,29934.58,196237.78,COMPLETED
2128,3,558,21,INV-002128,2026-07-11 10:32:00,113428.56,11641.04,18321.75,120109.27,COMPLETED
2129,1,378,2,INV-002129,2026-06-09 19:52:00,144861.4,9749.55,24320.13,159431.98,COMPLETED
2130,4,183,26,INV-002130,2026-07-04 19:58:00,221013.41,8935.92,38173.95,250251.44,COMPLETED
2131,4,165,25,INV-002131,2026-05-05 17:01:00,128828.24,7685.38,21805.71,142948.57,COMPLETED
2132,2,372,13,INV-002132,2026-04-05 11:47:00,340012.41,20539.13,57505.19,376978.47,COMPLETED
2133,2,973,10,INV-002133,2026-06-01 20:44:00,35751.24,3595.06,5788.11,37944.29,COMPLETED
2134,5,910,33,INV-002134,2026-07-18 15:40:00,111996.71,7484.1,18812.28,123324.89,COMPLETED
2135,5,404,34,INV-002135,2026-04-05 10:41:00,231857.2,13530.71,39298.76,257625.25,COMPLETED
2136,3,489,22,INV-002136,2026-07-25 11:29:00,178853.71,4314.96,31416.98,205955.73,COMPLETED
2137,1,729,2,INV-002137,2026-07-06 12:33:00,50367.6,3573.3,8422.97,55217.27,COMPLETED
2138,1,474,5,INV-002138,2026-06-24 20:40:00,195419.11,5023.42,34271.23,224666.92,COMPLETED
2139,3,418,21,INV-002139,2026-04-21 15:45:00,259989.07,18089.99,43541.83,285440.91,COMPLETED
2140,5,634,37,INV-002140,2026-06-14 19:20:00,236987.31,17104.11,39578.97,259462.17,COMPLETED
2141,4,518,26,INV-002141,2026-08-28 15:56:00,82949.54,7362.78,13605.62,89192.38,COMPLETED
2142,5,24,33,INV-002142,2026-04-08 10:47:00,134450.74,3258.03,23614.68,154807.39,COMPLETED
2143,3,579,17,INV-002143,2026-09-27 15:28:00,38305.79,3051.29,6345.81,41600.31,COMPLETED
2144,3,922,22,INV-002144,2026-05-17 13:10:00,115991.89,7573.56,19515.3,127933.63,COMPLETED
2145,3,874,18,INV-002145,2026-04-12 14:07:00,288715.88,12470.85,49724.11,325969.14,COMPLETED
2146,4,510,30,INV-002146,2026-07-23 12:16:00,247432.34,13106.1,42178.72,276504.96,COMPLETED
2147,3,614,22,INV-002147,2026-04-24 13:00:00,222219.91,7070.75,38726.85,253876.01,COMPLETED
2148,4,853,30,INV-002148,2026-09-19 13:30:00,20850.16,802.79,3608.53,23655.9,COMPLETED
2149,5,802,34,INV-002149,2026-04-13 12:09:00,205671.17,17842.72,33809.12,221637.57,COMPLETED
2150,3,486,17,INV-002150,2026-08-22 10:47:00,77496.16,1635.39,13654.94,89515.71,COMPLETED
2151,4,275,30,INV-002151,2026-07-16 20:43:00,136451.44,1443.67,24301.4,159309.17,COMPLETED
2152,4,110,26,INV-002152,2026-08-25 15:11:00,268717.08,12321.54,46151.2,302546.74,CANCELLED
2153,2,64,9,INV-002153,2026-09-14 15:12:00,240619.17,21534.7,39435.21,258519.68,COMPLETED
2154,3,93,17,INV-002154,2026-05-23 20:41:00,262401.5,23620.67,42980.55,281761.38,COMPLETED
2155,2,595,13,INV-002155,2026-08-18 15:28:00,336417.53,22592.42,56488.52,370313.63,COMPLETED
2156,3,998,18,INV-002156,2026-08-01 09:03:00,54091.13,4966.5,8842.43,57967.06,COMPLETED
2157,3,21,22,INV-002157,2026-05-11 10:15:00,199512.48,5860.57,34857.35,228509.26,COMPLETED
2158,5,816,37,INV-002158,2026-07-15 10:30:00,268737.38,14396.62,45781.35,300122.11,COMPLETED
2159,1,787,2,INV-002159,2026-05-08 17:49:00,133907.55,13915.21,21598.62,141590.96,COMPLETED
2160,5,107,38,INV-002160,2026-07-05 20:57:00,149237.9,6375.44,25715.24,168577.7,COMPLETED
2161,4,693,29,INV-002161,2026-07-02 14:02:00,240896.06,16312.58,40425.03,265008.51,COMPLETED
2162,5,324,38,INV-002162,2026-07-13 20:19:00,65262.49,3525.55,11112.65,72849.59,COMPLETED
2163,5,824,38,INV-002163,2026-06-06 13:31:00,359757.75,23830.91,60466.83,396393.67,COMPLETED
2164,4,284,30,INV-002164,2026-08-25 15:14:00,150057.08,14837.37,24339.55,159559.26,COMPLETED
2165,1,1,5,INV-002165,2026-05-17 12:31:00,176378.18,2502.2,31297.67,205173.65,COMPLETED
2166,1,485,5,INV-002166,2026-05-04 15:01:00,358090.1,16956.27,61404.09,402537.92,COMPLETED
2167,3,738,22,INV-002167,2026-05-30 15:27:00,154838.64,9857.13,26096.67,171078.18,COMPLETED
2168,2,819,9,INV-002168,2026-09-09 18:34:00,219162.04,5515.25,38456.43,252103.22,COMPLETED
2169,4,243,29,INV-002169,2026-07-22 19:10:00,73750.08,4492.17,12466.42,81724.33,COMPLETED
2170,4,805,25,INV-002170,2026-09-06 10:59:00,160458.98,11303.98,26847.91,176002.91,COMPLETED
2171,3,758,21,INV-002171,2026-04-30 16:14:00,205886.11,8463.23,35536.12,232959.0,COMPLETED
2172,2,625,10,INV-002172,2026-05-30 12:56:00,76713.84,3095.26,13251.34,86869.92,COMPLETED
2173,3,322,22,INV-002173,2026-08-28 19:34:00,106112.32,12702.06,16813.85,110224.11,COMPLETED
2174,1,939,6,INV-002174,2026-04-01 17:31:00,341044.7,33781.74,55307.33,362570.29,COMPLETED
2175,2,889,10,INV-002175,2026-07-21 15:26:00,1076.56,84.92,178.5,1170.14,CANCELLED
2176,5,953,37,INV-002176,2026-06-25 09:50:00,129751.65,4319.82,22577.73,148009.56,COMPLETED
2177,2,161,14,INV-002177,2026-09-04 20:49:00,43250.55,89.36,7769.01,50930.2,COMPLETED
2178,2,415,10,INV-002178,2026-07-01 11:28:00,218288.7,8609.8,37742.21,247421.11,COMPLETED
2179,3,567,21,INV-002179,2026-04-24 20:56:00,147457.6,11071.83,24549.43,160935.2,COMPLETED
2180,4,448,26,INV-002180,2026-08-12 12:55:00,219289.17,10518.15,37578.77,246349.79,COMPLETED
2181,4,848,25,INV-002181,2026-05-17 16:55:00,262767.58,9515.23,45585.43,298837.78,COMPLETED
2182,2,418,9,INV-002182,2026-08-22 13:43:00,398789.19,14052.22,69252.66,453989.63,COMPLETED
2183,3,804,22,INV-002183,2026-06-02 20:58:00,85481.23,4528.54,14571.48,95524.17,COMPLETED
2184,3,27,17,INV-002184,2026-09-08 17:58:00,246514.07,13239.22,41989.47,275264.32,COMPLETED
2185,5,157,33,INV-002185,2026-06-13 10:01:00,100388.25,6929.38,16822.6,110281.47,COMPLETED
2186,1,352,1,INV-002186,2026-09-10 14:40:00,193161.94,4619.85,33937.57,222479.66,COMPLETED
2187,5,134,34,INV-002187,2026-09-08 16:01:00,268192.29,15651.46,45457.35,297998.18,COMPLETED
2188,2,217,14,INV-002188,2026-08-22 12:25:00,126816.75,7203.89,21530.32,141143.18,COMPLETED
2189,3,802,17,INV-002189,2026-06-15 19:42:00,229863.54,13074.81,39021.97,255810.7,COMPLETED
2190,1,366,5,INV-002190,2026-05-25 18:58:00,272882.11,12139.63,46933.64,307676.12,COMPLETED
2191,1,845,6,INV-002191,2026-04-04 18:32:00,44815.56,5214.56,7128.18,46729.18,COMPLETED
2192,1,879,2,INV-002192,2026-09-08 17:18:00,324031.45,13066.5,55973.7,366938.65,COMPLETED
2193,1,887,2,INV-002193,2026-06-29 12:26:00,156033.2,7535.18,26729.64,175227.66,COMPLETED
2194,2,951,13,INV-002194,2026-08-06 20:40:00,256138.17,8219.85,44625.29,292543.61,COMPLETED
2195,4,272,25,INV-002195,2026-06-04 16:05:00,293239.98,16621.62,49791.31,326409.67,COMPLETED
2196,4,746,29,INV-002196,2026-07-04 13:05:00,287173.91,18322.34,48393.28,317244.85,COMPLETED
2197,5,954,38,INV-002197,2026-06-23 20:10:00,152539.06,5957.69,26384.65,172966.02,COMPLETED
2198,3,4,21,INV-002198,2026-05-14 15:44:00,131533.86,3019.2,23132.64,151647.3,COMPLETED
2199,4,571,25,INV-002199,2026-05-21 11:52:00,76384.93,3948.98,13038.47,85474.42,COMPLETED
2200,3,888,18,INV-002200,2026-08-02 14:00:00,64215.55,4716.72,10709.79,70208.62,COMPLETED
2201,2,193,14,INV-002201,2026-05-23 13:02:00,39196.44,2835.41,6544.98,42906.01,COMPLETED
2202,2,254,14,INV-002202,2026-06-02 11:56:00,271176.63,20698.42,45086.08,295564.29,COMPLETED
2203,4,771,30,INV-002203,2026-06-15 18:43:00,115475.74,8781.75,19204.91,125898.9,COMPLETED
2204,4,888,26,INV-002204,2026-07-13 15:32:00,208680.69,19936.29,33974.0,222718.4,COMPLETED
2205,2,196,9,INV-002205,2026-04-20 15:07:00,155141.59,8002.61,26485.02,173624.0,COMPLETED
2206,5,194,34,INV-002206,2026-05-22 10:41:00,70269.31,3983.3,11931.47,78217.48,COMPLETED
2207,2,890,9,INV-002207,2026-05-01 18:14:00,340670.78,28304.32,56225.97,368592.43,COMPLETED
2208,3,23,17,INV-002208,2026-09-20 15:49:00,239428.95,9989.82,41299.04,270738.17,CANCELLED
2209,2,319,10,INV-002209,2026-08-05 17:40:00,232887.07,22566.49,37857.69,248178.27,COMPLETED
2210,1,34,5,INV-002210,2026-04-20 14:55:00,149575.4,10770.04,24984.96,163790.32,COMPLETED
2211,4,956,30,INV-002211,2026-07-05 09:34:00,99044.29,4950.29,16936.92,111030.92,COMPLETED
2212,2,539,9,INV-002212,2026-09-23 16:05:00,39899.99,281.49,7131.33,46749.83,COMPLETED
2213,4,494,25,INV-002213,2026-04-02 19:11:00,138947.03,8684.95,23447.17,153709.25,COMPLETED
2214,1,962,5,INV-002214,2026-05-15 11:38:00,41138.9,4240.25,6641.76,43540.41,COMPLETED
2215,3,564,18,INV-002215,2026-09-23 13:31:00,256491.18,21400.77,42316.27,277406.68,COMPLETED
2216,4,755,26,INV-002216,2026-06-09 15:13:00,234664.84,18171.94,38968.72,255461.62,COMPLETED
2217,4,40,29,INV-002217,2026-04-04 20:31:00,121822.63,4076.87,21194.24,138940.0,COMPLETED
2218,2,243,10,INV-002218,2026-04-29 14:43:00,192703.56,11219.29,32667.17,214151.44,COMPLETED
2219,1,171,6,INV-002219,2026-05-15 15:03:00,398528.54,22556.05,67675.04,443647.53,COMPLETED
2220,1,487,1,INV-002220,2026-04-22 20:28:00,112396.35,4267.95,19463.11,127591.51,COMPLETED
2221,3,619,17,INV-002221,2026-09-18 19:36:00,256788.97,18195.6,42946.81,281540.18,COMPLETED
2222,4,374,26,INV-002222,2026-09-01 14:05:00,208188.66,12361.64,35248.87,231075.89,CANCELLED
2223,4,101,30,INV-002223,2026-04-14 15:26:00,140311.21,11118.02,23254.77,152447.96,COMPLETED
2224,3,377,17,INV-002224,2026-07-30 10:31:00,458438.58,34448.35,76318.24,500308.47,CANCELLED
2225,3,967,22,INV-002225,2026-08-12 18:45:00,138318.15,2642.94,24421.54,160096.75,COMPLETED
2226,3,451,22,INV-002226,2026-05-26 10:58:00,209629.24,11450.16,35672.24,233851.32,COMPLETED
2227,4,612,30,INV-002227,2026-06-22 13:57:00,131676.56,7627.07,22328.91,146378.4,COMPLETED
2228,4,905,30,INV-002228,2026-04-23 16:01:00,137038.4,10003.23,22866.33,149901.5,COMPLETED
2229,4,367,30,INV-002229,2026-07-18 13:00:00,25819.56,2062.58,4276.26,28033.24,COMPLETED
2230,2,741,14,INV-002230,2026-04-15 20:57:00,317708.45,18305.52,53892.53,353295.46,COMPLETED
2231,1,900,5,INV-002231,2026-07-31 14:56:00,115037.85,3674.55,20045.4,131408.7,COMPLETED
2232,1,433,1,INV-002232,2026-08-09 13:25:00,129042.0,1514.38,22954.97,150482.59,COMPLETED
2233,3,401,22,INV-002233,2026-06-21 11:04:00,182164.38,11829.72,30660.25,200994.91,COMPLETED
2234,3,106,21,INV-002234,2026-04-25 20:56:00,84967.73,7404.8,13961.32,91524.25,COMPLETED
2235,1,970,1,INV-002235,2026-08-06 17:38:00,63632.76,4089.26,10717.83,70261.33,COMPLETED
2236,4,115,25,INV-002236,2026-08-21 17:14:00,21062.02,1757.84,3474.75,22778.93,COMPLETED
2237,3,314,22,INV-002237,2026-08-06 12:15:00,261769.16,5535.16,46122.12,302356.12,COMPLETED
2238,2,682,9,INV-002238,2026-09-27 16:51:00,104605.32,6653.72,17631.28,115582.88,COMPLETED
2239,1,174,5,INV-002239,2026-08-23 09:20:00,124356.97,9120.79,20742.5,135978.68,COMPLETED
2240,1,970,6,INV-002240,2026-05-23 20:56:00,242003.34,14821.45,40892.74,268074.63,COMPLETED
2241,5,404,33,INV-002241,2026-08-07 12:05:00,39677.48,2191.86,6747.41,44233.03,COMPLETED
2242,5,798,34,INV-002242,2026-05-12 12:15:00,8406.75,393.61,1442.37,9455.51,COMPLETED
2243,2,966,13,INV-002243,2026-07-19 10:27:00,66450.61,4662.41,11121.88,72910.08,COMPLETED
2244,4,148,26,INV-002244,2026-05-22 14:41:00,155125.91,8149.16,26455.82,173432.57,COMPLETED
2245,2,268,14,INV-002245,2026-04-29 14:41:00,325639.06,18224.25,55334.66,362749.47,COMPLETED
2246,5,368,37,INV-002246,2026-09-24 20:43:00,321372.38,15615.88,55036.16,360792.66,COMPLETED
2247,5,88,34,INV-002247,2026-06-01 14:06:00,10455.18,300.33,1827.87,11982.72,COMPLETED
2248,4,193,29,INV-002248,2026-07-05 19:02:00,285691.3,33106.11,45465.33,298050.52,COMPLETED
2249,1,217,2,INV-002249,2026-05-06 20:08:00,112133.02,10959.89,18211.17,119384.3,COMPLETED
2250,4,964,25,INV-002250,2026-08-26 13:13:00,170066.44,13938.14,28103.1,184231.4,COMPLETED
2251,5,144,34,INV-002251,2026-07-06 19:03:00,99811.31,3844.69,17273.99,113240.61,COMPLETED
2252,4,557,26,INV-002252,2026-05-02 10:14:00,170998.1,4585.04,29954.35,196367.41,COMPLETED
2253,1,877,6,INV-002253,2026-08-03 09:00:00,135478.14,9888.64,22606.1,148195.6,COMPLETED
2254,5,684,33,INV-002254,2026-08-21 11:36:00,106567.52,9675.18,17440.62,114332.96,COMPLETED
2255,5,985,34,INV-002255,2026-06-27 17:31:00,205769.29,5347.86,36075.86,236497.29,COMPLETED
2256,4,698,30,INV-002256,2026-08-05 09:41:00,148017.17,8132.7,25179.21,165063.68,COMPLETED
2257,2,862,9,INV-002257,2026-05-19 13:43:00,54026.04,3195.5,9149.5,59980.04,COMPLETED
2258,2,586,14,INV-002258,2026-09-09 19:13:00,19641.45,1910.92,3191.5,20922.03,COMPLETED
2259,1,942,5,INV-002259,2026-07-04 17:08:00,18842.68,1823.48,3063.46,20082.66,COMPLETED
2260,3,306,18,INV-002260,2026-07-20 17:17:00,188128.1,16762.6,30845.8,202211.3,COMPLETED
2261,4,133,25,INV-002261,2026-04-07 16:10:00,22375.23,1279.91,3797.16,24892.48,COMPLETED
2262,2,713,13,INV-002262,2026-09-27 14:00:00,317124.71,21696.48,53177.08,348605.31,COMPLETED
2263,1,267,5,INV-002263,2026-04-15 19:23:00,101028.9,11192.88,16170.48,106006.5,COMPLETED
2264,3,578,17,INV-002264,2026-05-15 09:07:00,199343.78,9150.27,34234.83,224428.34,COMPLETED
2265,4,585,25,INV-002265,2026-04-19 13:50:00,197371.23,279.03,35476.6,232568.8,COMPLETED
2266,3,639,21,INV-002266,2026-07-28 15:33:00,223284.11,9694.82,38446.08,252035.37,COMPLETED
2267,3,436,22,INV-002267,2026-05-05 14:28:00,145792.25,11764.82,24124.94,158152.37,COMPLETED
2268,2,62,13,INV-002268,2026-08-21 19:07:00,63919.66,2984.51,10968.32,71903.47,COMPLETED
2269,4,73,29,INV-002269,2026-09-09 15:43:00,121418.05,11136.08,19850.75,130132.72,COMPLETED
2270,5,412,38,INV-002270,2026-07-30 09:10:00,157544.0,6975.71,27102.29,177670.58,COMPLETED
2271,3,965,17,INV-002271,2026-09-18 17:14:00,93931.36,9752.5,15152.19,99331.05,COMPLETED
2272,3,956,22,INV-002272,2026-08-31 20:10:00,150064.19,11651.87,24914.22,163326.54,COMPLETED
2273,5,919,37,INV-002273,2026-07-13 12:56:00,384467.48,31277.76,63574.15,416763.87,COMPLETED
2274,5,330,33,INV-002274,2026-06-03 13:54:00,50185.63,2360.98,8608.44,56433.09,COMPLETED
2275,4,827,30,INV-002275,2026-07-27 15:27:00,202190.95,13402.22,33981.96,222770.69,COMPLETED
2276,4,886,30,INV-002276,2026-08-27 16:54:00,102822.27,5187.92,17574.18,115208.53,COMPLETED
2277,1,644,1,INV-002277,2026-07-05 19:27:00,116283.06,11261.99,18903.8,123924.87,COMPLETED
2278,1,35,5,INV-002278,2026-06-30 16:54:00,277635.8,8138.06,48509.59,318007.33,COMPLETED
2279,3,380,18,INV-002279,2026-07-09 19:13:00,363114.4,15604.41,62551.81,410061.8,COMPLETED
2280,1,28,5,INV-002280,2026-08-23 14:13:00,173002.2,3333.03,30540.45,200209.62,COMPLETED
2281,5,487,34,INV-002281,2026-07-09 18:20:00,446823.37,41092.65,73031.53,478762.25,COMPLETED
2282,4,698,30,INV-002282,2026-06-18 13:34:00,147866.07,2864.36,26100.31,171102.02,COMPLETED
2283,1,364,6,INV-002283,2026-05-28 16:31:00,238344.51,18934.7,39493.77,258903.58,COMPLETED
2284,4,352,26,INV-002284,2026-09-03 11:22:00,61104.12,4446.7,10198.34,66855.76,COMPLETED
2285,1,640,6,INV-002285,2026-08-09 11:13:00,9421.34,23.89,1691.54,11088.99,COMPLETED
2286,3,145,17,INV-002286,2026-05-24 16:19:00,61113.04,5115.85,10079.49,66076.68,COMPLETED
2287,5,93,33,INV-002287,2026-09-26 15:43:00,222553.72,14530.42,37444.2,245467.5,COMPLETED
2288,1,446,5,INV-002288,2026-07-01 18:22:00,19215.2,63.4,3447.32,22599.12,COMPLETED
2289,1,618,5,INV-002289,2026-07-08 15:43:00,233459.34,20285.55,38371.3,251545.09,COMPLETED
2290,2,395,13,INV-002290,2026-06-02 16:46:00,334289.48,20610.21,56462.26,370141.53,COMPLETED
2291,5,834,34,INV-002291,2026-04-20 15:10:00,77812.8,2566.95,13544.26,88790.11,COMPLETED
2292,5,708,34,INV-002292,2026-07-29 11:25:00,393859.7,29537.81,65577.93,429899.82,COMPLETED
2293,5,54,33,INV-002293,2026-06-15 09:28:00,306014.77,13097.71,52725.08,345642.14,COMPLETED
2294,1,21,5,INV-002294,2026-06-07 10:45:00,9547.03,649.33,1601.59,10499.29,COMPLETED
2295,2,58,14,INV-002295,2026-05-17 15:23:00,229377.14,7323.06,39969.73,262023.81,COMPLETED
2296,1,524,5,INV-002296,2026-06-17 14:25:00,106289.38,9189.58,17477.97,114577.77,COMPLETED
2297,4,822,25,INV-002297,2026-08-06 12:00:00,112613.72,3048.71,19721.7,129286.71,COMPLETED
2298,1,677,1,INV-002298,2026-06-14 18:10:00,177010.4,15277.79,29111.87,190844.48,COMPLETED
2299,3,949,22,INV-002299,2026-07-13 09:10:00,156901.68,3166.12,27672.4,181407.96,COMPLETED
2300,1,348,5,INV-002300,2026-04-14 10:57:00,82245.42,1637.55,14509.42,95117.29,COMPLETED
2301,5,819,34,INV-002301,2026-09-27 13:50:00,272995.3,21735.86,45226.69,296486.13,COMPLETED
2302,2,411,13,INV-002302,2026-06-06 09:24:00,405457.46,23771.95,68703.39,450388.9,COMPLETED
2303,1,988,5,INV-002303,2026-08-21 09:04:00,390590.62,37109.59,63626.58,417107.61,COMPLETED
2304,3,765,21,INV-002304,2026-05-06 18:59:00,94901.54,6074.95,15988.78,104815.37,COMPLETED
2305,1,449,2,INV-002305,2026-09-19 17:42:00,224845.07,5500.77,39481.98,258826.28,COMPLETED
2306,2,456,9,INV-002306,2026-07-07 19:34:00,2640.7,13.97,472.81,3099.54,COMPLETED
2307,4,591,29,INV-002307,2026-07-30 11:42:00,37563.57,2231.49,6359.78,41691.86,COMPLETED
2308,4,331,25,INV-002308,2026-04-10 09:50:00,387195.84,26816.31,64868.32,425247.85,COMPLETED
2309,3,372,21,INV-002309,2026-07-26 15:06:00,160042.14,9412.63,27113.32,177742.83,COMPLETED
2310,2,974,9,INV-002310,2026-09-10 18:50:00,50029.28,3917.14,8300.19,54412.33,COMPLETED
2311,4,934,30,INV-002311,2026-06-11 20:03:00,408222.86,27954.09,68448.38,448717.15,COMPLETED
2312,4,63,26,INV-002312,2026-08-15 12:26:00,30208.27,3116.39,4876.54,31968.42,COMPLETED
2313,4,812,25,INV-002313,2026-04-18 15:55:00,208658.68,5245.08,36614.45,240028.05,COMPLETED
2314,3,326,17,INV-002314,2026-05-02 15:28:00,418573.67,35813.19,68896.89,451657.37,COMPLETED
2315,1,800,2,INV-002315,2026-07-02 12:55:00,238065.63,10736.0,40919.34,268248.97,COMPLETED
2316,4,843,26,INV-002316,2026-09-14 17:31:00,67773.12,5172.44,11268.12,73868.8,COMPLETED
2317,1,656,1,INV-002317,2026-04-02 15:24:00,61688.75,6921.43,9858.12,64625.44,COMPLETED
2318,1,719,2,INV-002318,2026-06-20 19:45:00,307855.96,19122.71,51971.98,340705.23,COMPLETED
2319,3,60,18,INV-002319,2026-06-07 16:00:00,178697.71,8656.94,30607.34,200648.11,COMPLETED
2320,1,944,5,INV-002320,2026-09-09 09:57:00,78510.78,8625.73,12579.31,82464.36,COMPLETED
2321,5,555,33,INV-002321,2026-06-12 11:31:00,93431.56,3906.86,16114.45,105639.15,COMPLETED
2322,2,75,13,INV-002322,2026-06-21 14:57:00,14102.36,557.57,2438.06,15982.85,COMPLETED
2323,4,689,30,INV-002323,2026-06-28 09:46:00,68587.56,4052.05,11616.39,76151.9,COMPLETED
2324,2,992,9,INV-002324,2026-04-01 16:16:00,63186.06,513.67,11281.03,73953.42,COMPLETED
2325,2,417,14,INV-002325,2026-09-27 18:09:00,331403.36,21022.48,55868.55,366249.43,COMPLETED
2326,1,53,6,INV-002326,2026-07-03 15:12:00,118825.86,7491.52,20040.18,131374.52,COMPLETED
2327,1,916,2,INV-002327,2026-07-20 15:37:00,381317.36,11216.94,66618.07,436718.49,COMPLETED
2328,5,382,37,INV-002328,2026-07-17 17:48:00,8312.81,752.29,1360.89,8921.41,COMPLETED
2329,3,719,22,INV-002329,2026-05-30 19:59:00,126838.92,9396.78,21139.59,138581.73,COMPLETED
2330,2,1000,10,INV-002330,2026-09-20 09:08:00,92011.76,7229.11,15260.88,100043.53,COMPLETED
2331,5,5,38,INV-002331,2026-05-08 14:01:00,119916.66,10040.63,19777.68,129653.71,COMPLETED
2332,2,44,14,INV-002332,2026-05-12 16:20:00,265063.93,10069.98,45898.91,300892.86,COMPLETED
2333,2,578,9,INV-002333,2026-07-27 09:05:00,417137.79,30723.17,69554.63,455969.25,COMPLETED
2334,1,558,6,INV-002334,2026-08-25 15:00:00,47891.36,4905.14,7737.52,50723.74,COMPLETED
2335,2,603,14,INV-002335,2026-04-13 13:46:00,68667.42,3345.47,11757.96,77079.91,COMPLETED
2336,2,647,10,INV-002336,2026-06-13 10:42:00,195084.05,13800.13,32631.11,213915.03,COMPLETED
2337,5,967,33,INV-002337,2026-06-09 17:15:00,115404.39,11019.36,18789.31,123174.34,COMPLETED
2338,2,222,9,INV-002338,2026-04-18 19:32:00,101863.6,9139.54,16690.33,109414.39,COMPLETED
2339,5,651,38,INV-002339,2026-09-23 13:14:00,137096.36,11924.08,22531.01,147703.29,COMPLETED
2340,5,945,34,INV-002340,2026-09-12 14:45:00,121405.84,587.33,21747.34,142565.85,CANCELLED
2341,1,806,5,INV-002341,2026-06-21 16:34:00,134628.16,3235.7,23650.64,155043.1,COMPLETED
2342,4,398,29,INV-002342,2026-05-06 13:30:00,204806.45,19335.25,33384.82,218856.02,COMPLETED
2343,1,534,6,INV-002343,2026-06-10 20:58:00,450373.61,17637.89,77892.43,510628.15,COMPLETED
2344,2,925,13,INV-002344,2026-06-27 19:54:00,207905.2,13169.53,35052.43,229788.1,COMPLETED
2345,5,45,37,INV-002345,2026-07-20 19:01:00,9858.24,123.28,1752.29,11487.25,COMPLETED
2346,2,688,14,INV-002346,2026-08-16 17:13:00,126559.62,8258.11,21294.27,139595.78,COMPLETED
2347,5,192,38,INV-002347,2026-08-23 15:57:00,189350.91,11295.67,32049.95,210105.19,COMPLETED
2348,3,421,18,INV-002348,2026-05-08 16:14:00,125296.46,4640.75,21718.03,142373.74,COMPLETED
2349,1,78,6,INV-002349,2026-06-12 18:50:00,269.14,0.21,48.41,317.34,COMPLETED
2350,3,317,21,INV-002350,2026-06-26 13:59:00,43195.75,2979.34,7238.96,47455.37,COMPLETED
2351,3,824,18,INV-002351,2026-04-02 19:20:00,106095.54,7186.21,17803.68,116713.01,COMPLETED
2352,2,112,10,INV-002352,2026-07-15 15:23:00,164736.51,10769.61,27714.05,181680.95,COMPLETED
2353,2,35,13,INV-002353,2026-04-06 15:17:00,140987.69,13086.12,23022.28,150923.85,COMPLETED
2354,4,144,29,INV-002354,2026-07-20 19:43:00,140945.43,5587.88,24364.36,159721.91,CANCELLED
2355,1,521,2,INV-002355,2026-07-05 20:36:00,298979.94,13208.9,51438.78,337209.82,COMPLETED
2356,3,986,18,INV-002356,2026-08-14 20:50:00,53963.22,4559.41,8892.69,58296.5,COMPLETED
2357,2,618,10,INV-002357,2026-08-05 16:45:00,267775.76,11433.14,46141.67,302484.29,COMPLETED
2358,4,900,29,INV-002358,2026-04-14 13:54:00,155930.22,10642.5,26151.78,171439.5,COMPLETED
2359,1,33,1,INV-002359,2026-08-31 18:28:00,317775.47,17564.65,54037.95,354248.77,COMPLETED
2360,2,529,13,INV-002360,2026-08-30 10:00:00,201156.31,10593.49,34301.31,224864.13,COMPLETED
2361,2,294,10,INV-002361,2026-05-23 13:17:00,46823.32,3886.95,7728.55,50664.92,COMPLETED
2362,2,963,9,INV-002362,2026-06-01 18:21:00,281701.75,22588.42,46640.4,305753.73,COMPLETED
2363,1,403,2,INV-002363,2026-06-18 19:09:00,10455.18,400.65,1809.82,11864.35,COMPLETED
2364,5,786,34,INV-002364,2026-07-28 19:29:00,28195.42,1251.61,4849.89,31793.7,COMPLETED
2365,3,654,17,INV-002365,2026-07-12 11:24:00,82210.3,6322.82,13659.75,89547.23,COMPLETED
2366,4,464,29,INV-002366,2026-05-10 09:49:00,251330.33,5055.7,44329.43,290604.06,CANCELLED
2367,2,856,14,INV-002367,2026-05-20 15:36:00,23766.96,1032.29,4092.24,26826.91,COMPLETED
2368,3,997,22,INV-002368,2026-08-24 11:33:00,67840.04,3904.12,11508.47,75444.39,COMPLETED
2369,3,170,21,INV-002369,2026-08-02 13:28:00,189687.97,13723.42,31673.61,207638.16,COMPLETED
2370,4,919,29,INV-002370,2026-07-08 10:39:00,138613.6,5580.13,23946.03,156979.5,COMPLETED
2371,5,910,37,INV-002371,2026-08-12 19:58:00,163253.68,6898.31,28143.97,184499.34,COMPLETED
2372,2,855,14,INV-002372,2026-07-08 18:13:00,181017.72,14184.63,30029.96,196863.05,COMPLETED
2373,4,184,26,INV-002373,2026-07-11 17:43:00,244248.55,13115.19,41604.01,272737.37,COMPLETED
2374,1,882,5,INV-002374,2026-09-14 13:16:00,211393.69,11811.92,35924.72,235506.49,COMPLETED
2375,4,964,30,INV-002375,2026-09-18 10:54:00,70950.84,4851.09,11897.95,77997.7,COMPLETED
2376,5,358,34,INV-002376,2026-04-23 19:58:00,32452.38,3651.67,5184.13,33984.84,COMPLETED
2377,2,489,9,INV-002377,2026-06-30 18:06:00,117452.41,8573.97,19598.11,128476.55,COMPLETED
2378,3,734,17,INV-002378,2026-06-09 12:17:00,13368.44,1.62,2406.03,15772.85,COMPLETED
2379,4,712,30,INV-002379,2026-06-17 16:23:00,324311.38,25495.52,53786.85,352602.71,COMPLETED
2380,1,533,6,INV-002380,2026-06-23 18:01:00,34663.43,2557.6,5779.05,37884.88,COMPLETED
2381,3,652,22,INV-002381,2026-04-06 15:53:00,138905.72,15848.13,22150.37,145207.96,COMPLETED
2382,1,209,5,INV-002382,2026-06-15 11:34:00,287806.51,6288.61,50673.23,332191.13,COMPLETED
2383,4,60,30,INV-002383,2026-06-24 18:03:00,226856.82,13313.01,38437.88,251981.69,CANCELLED
2384,4,34,30,INV-002384,2026-08-24 18:24:00,117945.76,3837.65,20539.46,134647.57,COMPLETED
2385,2,620,10,INV-002385,2026-08-09 12:01:00,261898.17,26601.19,42353.45,277650.43,COMPLETED
2386,4,943,29,INV-002386,2026-08-07 11:44:00,161799.62,3421.3,28508.1,186886.42,COMPLETED
2387,3,17,21,INV-002387,2026-04-30 12:54:00,47095.53,3840.88,7785.84,51040.49,COMPLETED
2388,5,284,33,INV-002388,2026-04-05 17:10:00,340201.81,19997.2,57636.83,377841.44,COMPLETED
2389,1,929,5,INV-002389,2026-08-24 15:40:00,24204.3,2369.28,3930.3,25765.32,COMPLETED
2390,1,727,1,INV-002390,2026-06-01 15:51:00,281005.01,15654.63,47763.07,313113.45,COMPLETED
2391,5,632,34,INV-002391,2026-06-05 11:31:00,206379.7,18861.6,33753.26,221271.36,COMPLETED
2392,3,881,21,INV-002392,2026-04-21 15:57:00,208069.37,6424.09,36296.15,237941.43,COMPLETED
2393,1,759,5,INV-002393,2026-08-11 20:22:00,208344.85,8929.95,35894.68,235309.58,COMPLETED
2394,4,604,29,INV-002394,2026-08-21 18:27:00,159047.45,8011.24,27186.52,178222.73,COMPLETED
2395,3,885,21,INV-002395,2026-08-08 12:11:00,173793.44,6372.99,30135.69,197556.14,COMPLETED
2396,4,715,30,INV-002396,2026-07-31 09:34:00,157620.87,9674.0,26630.44,174577.31,COMPLETED
2397,5,94,34,INV-002397,2026-06-01 17:40:00,44553.38,1675.29,7718.06,50596.15,COMPLETED
2398,5,798,37,INV-002398,2026-04-26 19:23:00,14705.46,1734.08,2334.85,15306.23,COMPLETED
2399,2,371,14,INV-002399,2026-04-04 17:48:00,29882.17,1330.08,5139.37,33691.46,COMPLETED
2400,2,286,10,INV-002400,2026-05-31 13:44:00,113335.5,9319.67,18722.85,122738.68,COMPLETED
2401,2,503,9,INV-002401,2026-05-21 12:23:00,142756.56,12153.57,23508.54,154111.53,COMPLETED
2402,3,915,17,INV-002402,2026-06-18 17:10:00,329704.46,15538.23,56549.92,370716.15,COMPLETED
2403,3,742,22,INV-002403,2026-05-26 15:01:00,158878.97,10525.02,26703.71,175057.66,COMPLETED
2404,4,795,25,INV-002404,2026-05-26 13:49:00,61575.3,6925.09,9837.04,64487.25,COMPLETED
2405,4,217,30,INV-002405,2026-08-03 10:15:00,186640.99,8411.66,32081.28,210310.61,COMPLETED
2406,5,821,38,INV-002406,2026-06-24 16:44:00,344770.38,14256.54,59492.49,390006.33,COMPLETED
2407,4,962,26,INV-002407,2026-05-14 11:00:00,287967.29,21109.1,48034.48,314892.67,COMPLETED
2408,4,620,26,INV-002408,2026-09-01 13:21:00,127178.56,10042.37,21084.51,138220.7,COMPLETED
2409,2,391,9,INV-002409,2026-05-08 18:33:00,248501.76,18306.55,41435.13,271630.34,COMPLETED
2410,4,667,29,INV-002410,2026-09-14 15:58:00,169638.6,12517.63,28281.77,185402.74,COMPLETED
2411,2,694,9,INV-002411,2026-08-19 17:48:00,291698.88,20969.9,48731.22,319460.2,COMPLETED
2412,1,572,5,INV-002412,2026-09-17 17:18:00,67877.11,6639.99,11022.68,72259.8,COMPLETED
2413,4,885,26,INV-002413,2026-08-22 12:49:00,11705.83,960.74,1934.12,12679.21,COMPLETED
2414,5,716,37,INV-002414,2026-06-01 09:49:00,113059.0,6588.67,19164.66,125634.99,COMPLETED
2415,2,126,9,INV-002415,2026-05-11 15:22:00,152256.68,4108.75,26666.64,174814.57,COMPLETED
2416,3,894,17,INV-002416,2026-04-21 17:20:00,102518.88,8367.47,16947.25,111098.66,COMPLETED
2417,3,100,18,INV-002417,2026-04-11 09:57:00,19094.06,1736.19,3124.42,20482.29,COMPLETED
2418,2,200,10,INV-002418,2026-08-18 19:01:00,145778.04,16705.99,23232.97,152305.02,COMPLETED
2419,5,6,37,INV-002419,2026-04-20 13:24:00,465314.26,11011.62,81774.47,536077.11,COMPLETED
2420,3,247,18,INV-002420,2026-05-23 14:01:00,40060.26,2024.87,6846.37,44881.76,COMPLETED
2421,3,387,21,INV-002421,2026-05-01 16:15:00,110149.02,8797.06,18243.35,119595.31,COMPLETED
2422,2,674,10,INV-002422,2026-05-03 09:37:00,172381.61,8605.84,29479.64,193255.41,COMPLETED
2423,3,243,18,INV-002423,2026-08-23 09:14:00,342001.56,21954.91,57608.39,377655.04,COMPLETED
2424,4,699,26,INV-002424,2026-07-06 16:23:00,12901.47,666.53,2202.29,14437.23,COMPLETED
2425,4,6,29,INV-002425,2026-04-05 12:36:00,78361.08,6011.91,13022.85,85372.02,COMPLETED
2426,1,782,1,INV-002426,2026-09-13 18:01:00,152970.92,1903.61,27192.12,178259.43,COMPLETED
2427,1,873,1,INV-002427,2026-08-03 14:02:00,389131.34,22791.01,65941.26,432281.59,COMPLETED
2428,2,201,13,INV-002428,2026-09-02 19:27:00,154086.45,10876.54,25777.78,168987.69,COMPLETED
2429,1,393,2,INV-002429,2026-09-20 14:14:00,188160.62,5215.15,32930.19,215875.66,COMPLETED
2430,3,66,18,INV-002430,2026-06-15 14:37:00,170440.48,8116.2,29218.38,191542.66,COMPLETED
2431,3,831,18,INV-002431,2026-07-24 20:08:00,91709.2,6102.05,15409.29,101016.44,COMPLETED
2432,1,857,2,INV-002432,2026-05-21 15:00:00,313371.21,8537.39,54870.09,359703.91,COMPLETED
2433,1,432,6,INV-002433,2026-05-18 11:34:00,65689.98,2358.29,11399.7,74731.39,COMPLETED
2434,1,398,1,INV-002434,2026-06-03 16:39:00,55385.13,3685.11,9306.0,61006.02,COMPLETED
2435,5,217,34,INV-002435,2026-09-04 20:25:00,204966.18,16991.96,33835.37,221809.59,COMPLETED
2436,3,857,22,INV-002436,2026-08-01 15:16:00,219638.39,6552.99,38355.38,251440.78,CANCELLED
2437,3,814,18,INV-002437,2026-08-25 18:36:00,92857.43,7467.72,15370.14,100759.85,COMPLETED
2438,3,784,21,INV-002438,2026-04-28 13:15:00,269612.22,9835.13,46759.88,306536.97,COMPLETED
2439,3,543,18,INV-002439,2026-05-23 18:49:00,61752.99,1443.25,10855.75,71165.49,CANCELLED
2440,4,911,26,INV-002440,2026-04-04 20:42:00,236837.78,8777.35,41050.87,269111.3,COMPLETED
2441,1,903,6,INV-002441,2026-04-26 18:29:00,112396.35,13194.47,17856.34,117058.22,COMPLETED
2442,3,871,17,INV-002442,2026-07-21 18:07:00,209982.93,11161.22,35787.91,234609.62,COMPLETED
2443,5,614,37,INV-002443,2026-07-28 18:10:00,276672.12,21845.79,45868.74,300695.07,COMPLETED
2444,1,419,5,INV-002444,2026-07-13 14:43:00,51407.34,387.97,9183.49,60202.86,COMPLETED
2445,4,531,30,INV-002445,2026-09-14 12:09:00,203939.37,13841.23,34217.65,224315.79,COMPLETED
2446,2,768,14,INV-002446,2026-06-01 16:16:00,37939.36,363.68,6763.63,44339.31,COMPLETED
2447,2,881,13,INV-002447,2026-09-20 16:45:00,111119.12,9995.54,18202.24,119325.82,COMPLETED
2448,1,473,5,INV-002448,2026-07-07 11:01:00,200092.39,10749.27,34081.76,223424.88,COMPLETED
2449,3,925,22,INV-002449,2026-05-20 10:41:00,113876.2,6994.58,19238.69,126120.31,COMPLETED
2450,4,485,26,INV-002450,2026-09-11 20:01:00,36748.17,986.0,6437.19,42199.36,COMPLETED
2451,5,486,37,INV-002451,2026-08-08 20:56:00,47967.51,5191.85,7699.62,50475.28,COMPLETED
2452,3,521,17,INV-002452,2026-09-23 18:02:00,74973.82,4406.2,12702.17,83269.79,COMPLETED
2453,4,950,25,INV-002453,2026-08-18 16:13:00,145183.88,10547.39,24234.56,158871.05,CANCELLED
2454,3,7,21,INV-002454,2026-09-14 12:00:00,178380.93,9156.22,30460.45,199685.16,CANCELLED
2455,5,209,33,INV-002455,2026-05-30 20:30:00,62467.93,4392.93,10453.5,68528.5,COMPLETED
2456,5,374,34,INV-002456,2026-09-24 17:34:00,126349.42,6432.4,21585.06,141502.08,COMPLETED
2457,5,75,37,INV-002457,2026-07-31 17:29:00,294192.71,27159.58,48065.97,315099.1,COMPLETED
2458,1,602,2,INV-002458,2026-04-23 15:30:00,271075.1,25292.37,44240.9,290023.63,COMPLETED
2459,4,281,25,INV-002459,2026-07-18 18:22:00,118091.8,10479.48,19370.22,126982.54,COMPLETED
2460,2,450,9,INV-002460,2026-05-13 19:19:00,292735.67,16788.92,49670.41,325617.16,COMPLETED
2461,1,284,1,INV-002461,2026-09-28 10:54:00,78707.56,1604.13,13878.62,90982.05,CANCELLED
2462,2,576,9,INV-002462,2026-05-22 15:08:00,164260.96,10874.35,27609.59,180996.2,COMPLETED
2463,2,471,14,INV-002463,2026-07-14 09:45:00,372631.81,19787.42,63511.99,416356.38,COMPLETED
2464,2,415,14,INV-002464,2026-06-02 19:15:00,223698.49,14690.76,37621.38,246629.11,COMPLETED
2465,2,988,13,INV-002465,2026-06-26 17:14:00,225848.18,6610.9,39462.71,258699.99,COMPLETED
2466,1,360,2,INV-002466,2026-07-09 16:40:00,11047.42,1307.26,1753.23,11493.39,COMPLETED
2467,3,936,17,INV-002467,2026-07-11 10:46:00,99019.56,8564.42,16281.93,106737.07,COMPLETED
2468,3,229,17,INV-002468,2026-08-09 20:01:00,92581.04,6679.48,15462.28,101363.84,COMPLETED
2469,1,537,1,INV-002469,2026-07-15 10:39:00,279112.61,12453.99,47998.55,314657.17,COMPLETED
2470,1,909,1,INV-002470,2026-07-13 14:28:00,154102.04,11292.54,25705.71,168515.21,COMPLETED
2471,1,404,5,INV-002471,2026-04-16 14:20:00,310826.77,17876.42,52731.06,345681.41,COMPLETED
2472,3,82,18,INV-002472,2026-07-22 15:25:00,75391.06,2653.31,13092.8,85830.55,COMPLETED
2473,4,523,25,INV-002473,2026-04-22 13:13:00,321895.92,23706.61,53674.07,351863.38,COMPLETED
2474,4,394,25,INV-002474,2026-08-21 12:17:00,78232.93,3257.73,13495.53,88470.73,COMPLETED
2475,4,744,30,INV-002475,2026-04-13 17:45:00,60297.92,5483.24,9866.64,64681.32,COMPLETED
2476,1,655,5,INV-002476,2026-04-06 12:26:00,86234.85,2315.17,15105.54,99025.22,COMPLETED
2477,5,888,34,INV-002477,2026-07-25 18:03:00,169830.32,9281.0,28898.87,189448.19,COMPLETED
2478,2,811,9,INV-002478,2026-05-21 13:54:00,101391.8,3282.25,17659.72,115769.27,COMPLETED
2479,2,391,9,INV-002479,2026-09-12 12:26:00,120954.62,4037.62,21045.06,137962.06,COMPLETED
2480,2,498,14,INV-002480,2026-07-26 16:24:00,326298.52,17026.14,55669.03,364941.41,COMPLETED
2481,4,829,25,INV-002481,2026-05-04 09:53:00,169375.34,16284.0,27556.45,180647.79,COMPLETED
2482,4,499,30,INV-002482,2026-06-09 17:33:00,188612.36,11961.03,31797.24,208448.57,COMPLETED
2483,5,332,34,INV-002483,2026-08-28 09:47:00,290486.52,12443.01,50047.83,328091.34,COMPLETED
2484,1,259,5,INV-002484,2026-07-27 19:10:00,243575.45,20943.13,40073.81,262706.13,COMPLETED
2485,3,536,22,INV-002485,2026-09-01 18:44:00,40361.15,2711.44,6776.95,44426.66,COMPLETED
2486,4,913,25,INV-002486,2026-07-30 14:01:00,87689.24,8818.44,14196.74,93067.54,COMPLETED
2487,4,858,30,INV-002487,2026-09-04 16:44:00,72500.47,6697.22,11844.59,77647.84,COMPLETED
2488,4,749,30,INV-002488,2026-07-22 20:48:00,213606.53,6067.07,37357.11,244896.57,COMPLETED
2489,1,413,5,INV-002489,2026-07-11 14:51:00,66745.41,3858.7,11319.6,74206.31,COMPLETED
2490,3,106,21,INV-002490,2026-05-04 10:41:00,212303.32,21373.81,34367.31,225296.82,COMPLETED
2491,1,253,5,INV-002491,2026-07-08 14:01:00,58065.79,1965.49,10098.06,66198.36,COMPLETED
2492,3,826,18,INV-002492,2026-06-16 09:17:00,59975.91,4586.46,9970.1,65359.55,COMPLETED
2493,2,434,14,INV-002493,2026-08-11 15:54:00,63318.26,3649.98,10740.29,70408.57,COMPLETED
2494,2,245,10,INV-002494,2026-06-24 15:53:00,139597.7,5314.03,24171.06,158454.73,COMPLETED
2495,2,548,9,INV-002495,2026-06-18 10:40:00,151637.44,5632.79,26280.84,172285.49,COMPLETED
2496,1,780,2,INV-002496,2026-08-17 13:47:00,128955.3,6387.62,22062.19,144629.87,COMPLETED
2497,3,846,21,INV-002497,2026-05-17 14:40:00,210389.29,19695.4,34324.9,225018.79,CANCELLED
2498,3,815,22,INV-002498,2026-06-25 10:15:00,172985.6,10295.21,29284.28,191974.67,COMPLETED
2499,3,428,21,INV-002499,2026-06-29 10:08:00,20030.13,1590.89,3319.06,21758.3,COMPLETED
2500,5,790,37,INV-002500,2026-08-30 16:13:00,271799.4,10254.58,47078.08,308622.9,COMPLETED
2501,1,261,5,INV-002501,2026-09-20 09:03:00,203990.08,14285.14,34146.9,223851.84,COMPLETED
2502,3,969,18,INV-002502,2026-05-18 20:39:00,222829.04,11721.79,37999.31,249106.56,COMPLETED
2503,3,839,22,INV-002503,2026-05-08 17:19:00,287528.01,19874.74,48177.6,315830.87,COMPLETED
2504,4,544,30,INV-002504,2026-05-18 17:54:00,121083.45,7007.78,20533.62,134609.29,COMPLETED
2505,4,13,26,INV-002505,2026-09-22 10:35:00,360204.99,21208.11,61019.44,400016.32,COMPLETED
2506,2,459,10,INV-002506,2026-04-26 17:51:00,173347.25,12162.98,29013.16,190197.43,COMPLETED
2507,4,214,29,INV-002507,2026-08-27 09:40:00,326032.56,12738.76,56392.89,369686.69,COMPLETED
2508,4,651,26,INV-002508,2026-04-26 18:30:00,21896.66,317.39,3884.27,25463.54,COMPLETED
2509,4,932,30,INV-002509,2026-05-17 18:43:00,112265.68,8330.81,18708.28,122643.15,COMPLETED
2510,4,654,25,INV-002510,2026-07-10 15:42:00,294308.26,13508.46,50543.96,331343.76,COMPLETED
2511,2,977,9,INV-002511,2026-09-23 12:00:00,153281.12,1472.49,27325.55,179134.18,COMPLETED
2512,1,163,5,INV-002512,2026-08-24 09:03:00,272572.43,23417.76,44847.84,294002.51,COMPLETED
2513,4,144,30,INV-002513,2026-05-25 11:54:00,260823.78,9687.26,45204.56,296341.08,COMPLETED
2514,2,930,14,INV-002514,2026-07-26 17:34:00,265877.68,9059.1,46227.34,303045.92,COMPLETED
2515,3,278,22,INV-002515,2026-07-29 19:55:00,152026.92,8012.12,25922.67,169937.47,COMPLETED
2516,5,787,37,INV-002516,2026-08-04 18:05:00,67773.12,6036.83,11112.53,72848.82,COMPLETED
2517,4,167,29,INV-002517,2026-05-26 09:34:00,74312.67,7485.45,12028.9,78856.12,COMPLETED
2518,3,27,18,INV-002518,2026-07-28 09:00:00,44189.68,5053.33,7044.54,46180.89,COMPLETED
2519,4,208,29,INV-002519,2026-09-05 15:51:00,167559.75,4883.58,29281.71,191957.88,COMPLETED
2520,2,520,13,INV-002520,2026-05-12 10:30:00,136562.68,13757.22,22104.99,144910.45,COMPLETED
2521,1,902,6,INV-002521,2026-09-25 10:06:00,16738.13,123.95,2990.56,19604.74,CANCELLED
2522,4,130,30,INV-002522,2026-04-24 10:08:00,249905.56,26010.09,40301.18,264196.65,COMPLETED
2523,3,955,18,INV-002523,2026-07-17 16:12:00,308687.05,15000.95,52863.51,346549.61,COMPLETED
2524,5,438,37,INV-002524,2026-08-19 18:21:00,83813.16,2093.07,14709.61,96429.7,COMPLETED
2525,5,735,38,INV-002525,2026-08-02 12:43:00,215880.47,9300.53,37184.39,243764.33,COMPLETED
2526,4,360,25,INV-002526,2026-09-12 10:39:00,395700.7,21803.4,67301.51,441198.81,COMPLETED
2527,2,824,10,INV-002527,2026-08-08 13:05:00,133422.76,3931.36,23308.45,152799.85,COMPLETED
2528,1,270,2,INV-002528,2026-05-22 13:52:00,230957.38,8241.49,40088.85,262804.74,COMPLETED
2529,1,764,6,INV-002529,2026-06-14 12:01:00,316439.09,6564.17,55777.48,365652.4,COMPLETED
2530,3,272,21,INV-002530,2026-08-13 11:24:00,24124.08,904.89,4179.45,27398.64,COMPLETED
2531,4,273,26,INV-002531,2026-04-02 13:51:00,29833.64,3489.57,4741.93,31086.0,COMPLETED
2532,4,350,30,INV-002532,2026-05-17 11:19:00,189812.84,4689.48,33322.21,218445.57,COMPLETED
2533,2,336,13,INV-002533,2026-06-06 19:29:00,51549.66,43.95,9271.03,60776.74,COMPLETED
2534,3,497,17,INV-002534,2026-07-16 15:19:00,391563.54,21894.15,66540.5,436209.89,COMPLETED
2535,3,130,21,INV-002535,2026-06-13 17:34:00,46774.34,3723.38,7749.17,50800.13,COMPLETED
2536,1,435,6,INV-002536,2026-09-27 14:19:00,121742.6,8827.26,20324.77,133240.11,COMPLETED
2537,2,964,10,INV-002537,2026-06-20 17:16:00,112856.64,6055.73,19224.16,126025.07,COMPLETED
2538,1,395,5,INV-002538,2026-09-13 17:21:00,34719.25,3000.81,5709.32,37427.76,COMPLETED
2539,3,935,17,INV-002539,2026-08-13 09:42:00,61280.66,1543.28,10752.72,70490.1,COMPLETED
2540,5,334,38,INV-002540,2026-08-21 20:18:00,22094.84,1231.79,3755.35,24618.4,COMPLETED
2541,4,569,29,INV-002541,2026-07-25 11:33:00,39983.94,1141.95,6991.56,45833.55,COMPLETED
2542,2,45,14,INV-002542,2026-04-04 17:00:00,31462.71,1755.64,5347.27,35054.34,COMPLETED
2543,5,560,34,INV-002543,2026-07-11 17:47:00,179252.59,3367.19,31659.37,207544.77,COMPLETED
2544,2,388,14,INV-002544,2026-09-13 15:10:00,107221.32,889.01,19139.82,125472.13,COMPLETED
2545,5,457,33,INV-002545,2026-04-01 19:57:00,83181.6,6927.0,13725.82,89980.42,COMPLETED
2546,2,222,14,INV-002546,2026-06-25 17:49:00,44877.04,2905.77,7554.83,49526.1,COMPLETED
2547,3,360,21,INV-002547,2026-09-03 10:03:00,166139.81,10246.41,28060.81,183954.21,COMPLETED
2548,4,679,25,INV-002548,2026-09-01 09:22:00,106474.31,4986.72,18267.77,119755.36,COMPLETED
2549,5,67,37,INV-002549,2026-07-19 16:36:00,122211.93,9043.19,20370.37,133539.11,COMPLETED
2550,5,485,33,INV-002550,2026-09-08 11:32:00,252972.1,7193.87,44240.08,290018.31,COMPLETED
2551,2,355,14,INV-002551,2026-08-17 09:56:00,105012.12,3722.05,18232.21,119522.28,COMPLETED
2552,3,674,18,INV-002552,2026-09-05 11:21:00,267887.49,19536.68,44703.15,293053.96,COMPLETED
2553,1,712,5,INV-002553,2026-09-15 17:07:00,179228.05,17232.33,29159.23,191154.95,COMPLETED
2554,4,5,25,INV-002554,2026-05-05 14:07:00,658434.38,45589.26,110312.12,723157.24,COMPLETED
2555,4,296,30,INV-002555,2026-07-27 15:15:00,86501.1,3459.7,14947.45,97988.85,COMPLETED
2556,1,38,1,INV-002556,2026-09-24 15:15:00,96678.62,5510.95,16410.17,107577.84,COMPLETED
2557,3,897,22,INV-002557,2026-06-28 16:15:00,94589.46,11134.6,15021.87,98476.73,COMPLETED
2558,4,746,29,INV-002558,2026-07-01 14:08:00,254793.38,22693.32,41778.01,273878.07,COMPLETED
2559,2,318,14,INV-002559,2026-08-09 16:07:00,25281.59,650.09,4433.67,29065.17,COMPLETED
2560,2,293,10,INV-002560,2026-07-23 18:32:00,47080.15,1810.06,8148.62,53418.71,COMPLETED
2561,4,784,26,INV-002561,2026-05-21 16:02:00,227538.73,19372.23,37469.97,245636.47,COMPLETED
2562,5,168,37,INV-002562,2026-05-16 18:33:00,65688.2,1940.31,11474.62,75222.51,COMPLETED
2563,1,868,6,INV-002563,2026-07-28 20:05:00,29515.74,3048.69,4764.07,31231.12,COMPLETED
2564,4,964,29,INV-002564,2026-05-20 15:03:00,142312.46,5047.28,24707.73,161972.91,COMPLETED
2565,3,993,18,INV-002565,2026-09-10 13:49:00,418666.14,25050.5,70850.82,464466.46,COMPLETED
2566,1,194,5,INV-002566,2026-04-21 18:26:00,152431.36,14775.8,24778.0,162433.56,COMPLETED
2567,4,380,25,INV-002567,2026-06-21 20:54:00,275296.38,18618.61,46202.0,302879.77,COMPLETED
2568,2,529,14,INV-002568,2026-04-24 12:02:00,211833.57,9236.68,36467.44,239064.33,CANCELLED
2569,3,207,18,INV-002569,2026-05-16 14:44:00,371094.18,32706.28,60909.81,399297.71,COMPLETED
2570,2,206,14,INV-002570,2026-05-05 16:44:00,22094.84,264.17,3929.52,25760.19,COMPLETED
2571,5,46,33,INV-002571,2026-07-07 09:49:00,414695.03,30918.29,69079.82,452856.56,COMPLETED
2572,3,728,17,INV-002572,2026-07-13 19:11:00,142691.02,6652.22,24486.98,160525.78,COMPLETED
2573,5,45,37,INV-002573,2026-06-07 20:47:00,180878.54,10688.68,30634.17,200824.03,COMPLETED
2574,2,37,13,INV-002574,2026-06-21 20:59:00,144487.68,8140.62,24542.46,160889.52,COMPLETED
2575,3,485,18,INV-002575,2026-07-03 19:10:00,24562.35,629.5,4307.92,28240.77,COMPLETED
2576,3,973,21,INV-002576,2026-07-01 15:15:00,312854.15,17206.83,53216.52,348863.84,COMPLETED
2577,2,930,10,INV-002577,2026-08-13 09:29:00,495073.56,23199.21,84937.38,556811.73,COMPLETED
2578,4,801,29,INV-002578,2026-06-22 17:38:00,320933.78,22729.61,53676.76,351880.93,COMPLETED
2579,1,245,6,INV-002579,2026-09-24 10:36:00,39924.82,3960.3,6473.61,42438.13,COMPLETED
2580,1,391,2,INV-002580,2026-06-01 14:37:00,40456.71,4102.95,6543.68,42897.44,CANCELLED
2581,2,1000,9,INV-002581,2026-05-10 17:25:00,26398.98,685.21,4628.48,30342.25,COMPLETED
2582,1,652,2,INV-002582,2026-06-13 14:19:00,140167.98,1376.76,24982.42,163773.64,COMPLETED
2583,1,28,1,INV-002583,2026-04-25 12:08:00,325772.62,17519.02,55485.64,363739.24,COMPLETED
2584,1,421,6,INV-002584,2026-05-18 18:17:00,296708.53,13934.6,50899.31,333673.24,COMPLETED
2585,5,402,33,INV-002585,2026-06-02 12:24:00,156033.2,17758.1,24889.52,163164.62,COMPLETED
2586,4,432,26,INV-002586,2026-04-18 16:47:00,24342.9,1411.29,4127.69,27059.3,COMPLETED
2587,2,199,13,INV-002587,2026-08-07 11:04:00,131296.02,5748.9,22598.48,148145.6,COMPLETED
2588,5,181,37,INV-002588,2026-05-12 12:21:00,233159.11,16970.54,38913.93,255102.5,COMPLETED
2589,5,258,34,INV-002589,2026-07-04 15:28:00,59031.48,4075.17,9892.14,64848.45,COMPLETED
2590,3,931,22,INV-002590,2026-05-11 20:39:00,115845.55,12638.46,18577.28,121784.37,COMPLETED
2591,5,521,38,INV-002591,2026-09-12 18:23:00,248137.62,8809.14,43079.13,282407.61,COMPLETED
2592,4,231,26,INV-002592,2026-05-17 20:44:00,188389.0,4862.52,33034.77,216561.25,COMPLETED
2593,3,404,21,INV-002593,2026-09-22 16:18:00,146358.97,11978.04,24188.57,158569.5,COMPLETED
2594,2,470,10,INV-002594,2026-09-17 09:47:00,184739.88,16548.38,30274.47,198465.97,COMPLETED
2595,1,764,1,INV-002595,2026-09-18 09:57:00,130416.29,8085.52,22019.54,144350.31,COMPLETED
2596,5,973,37,INV-002596,2026-04-13 20:20:00,183606.99,14173.64,30498.0,199931.35,COMPLETED
2597,4,303,25,INV-002597,2026-05-27 13:55:00,80120.3,4600.08,13593.64,89113.86,COMPLETED
2598,1,624,1,INV-002598,2026-04-17 14:43:00,87685.43,5701.33,14757.14,96741.24,COMPLETED
2599,5,289,38,INV-002599,2026-07-22 17:29:00,99970.76,7804.03,16590.01,108756.74,COMPLETED
2600,2,643,14,INV-002600,2026-05-30 09:29:00,9547.03,841.52,1566.99,10272.5,COMPLETED
2601,2,860,13,INV-002601,2026-06-14 17:49:00,70649.12,5137.61,11792.07,77303.58,COMPLETED
2602,1,315,6,INV-002602,2026-08-29 19:01:00,37721.19,2644.28,6313.84,41390.75,COMPLETED
2603,2,705,10,INV-002603,2026-04-19 20:53:00,43409.42,1468.63,7549.34,49490.13,COMPLETED
2604,1,470,1,INV-002604,2026-04-11 19:54:00,156165.16,8387.3,26600.01,174377.87,COMPLETED
2605,3,397,17,INV-002605,2026-07-16 09:49:00,267124.0,20464.33,44398.75,291058.42,COMPLETED
2606,2,486,14,INV-002606,2026-04-14 19:09:00,66142.14,4285.08,11134.27,72991.33,COMPLETED
2607,1,929,1,INV-002607,2026-07-21 11:55:00,175474.4,5866.04,30529.51,200137.87,COMPLETED
2608,4,970,26,INV-002608,2026-06-21 14:13:00,20584.33,1227.1,3484.3,22841.53,COMPLETED
2609,2,450,9,INV-002609,2026-05-08 14:46:00,36748.17,1415.01,6359.97,41693.13,COMPLETED
2610,1,737,6,INV-002610,2026-04-09 20:39:00,240569.44,10096.05,41485.21,271958.6,COMPLETED
2611,3,27,17,INV-002611,2026-08-31 18:43:00,225484.45,22532.22,36531.39,239483.62,COMPLETED
2612,5,638,37,INV-002612,2026-05-09 14:16:00,111128.26,8290.13,18510.87,121349.0,COMPLETED
2613,2,641,14,INV-002613,2026-08-31 15:53:00,156862.03,9920.95,26449.39,173390.47,COMPLETED
2614,1,505,6,INV-002614,2026-07-30 16:39:00,133980.22,5623.92,23104.13,151460.43,COMPLETED
2615,1,466,5,INV-002615,2026-08-26 11:03:00,335880.32,17679.93,57276.08,375476.47,COMPLETED
2616,4,903,25,INV-002616,2026-09-22 17:58:00,92506.93,8028.39,15206.13,99684.67,COMPLETED
2617,4,776,26,INV-002617,2026-07-15 09:49:00,311674.16,17128.01,53018.31,347564.46,COMPLETED
2618,1,852,5,INV-002618,2026-04-13 19:38:00,58972.88,304.66,10560.28,69228.5,COMPLETED
2619,1,360,1,INV-002619,2026-07-04 15:59:00,235498.23,5554.88,41389.8,271333.15,COMPLETED
2620,2,451,9,INV-002620,2026-07-12 10:37:00,40456.71,3602.15,6633.82,43488.38,COMPLETED
2621,4,625,29,INV-002621,2026-04-04 12:08:00,13447.24,450.35,2339.44,15336.33,COMPLETED
2622,4,450,30,INV-002622,2026-06-25 14:01:00,25147.46,2491.8,4078.02,26733.68,COMPLETED
2623,1,839,5,INV-002623,2026-07-24 14:41:00,111060.32,1626.72,19698.05,129131.65,COMPLETED
2624,1,435,2,INV-002624,2026-08-05 13:35:00,331431.4,21170.49,55846.96,366107.87,COMPLETED
2625,2,509,10,INV-002625,2026-04-01 17:06:00,47440.44,3705.2,7872.35,51607.59,COMPLETED
2626,1,650,2,INV-002626,2026-05-07 09:32:00,162763.97,2938.79,28768.53,188593.71,COMPLETED
2627,4,501,29,INV-002627,2026-09-28 17:34:00,128101.97,3975.82,22342.7,146468.85,COMPLETED
2628,2,763,13,INV-002628,2026-09-19 20:57:00,233790.81,11074.16,40089.0,262805.65,COMPLETED
2629,4,764,25,INV-002629,2026-05-17 17:41:00,106478.13,7874.71,17748.62,116352.04,COMPLETED
2630,3,871,18,INV-002630,2026-05-20 19:37:00,365611.92,13465.12,63386.42,415533.22,COMPLETED
2631,2,686,10,INV-002631,2026-09-21 16:57:00,12085.35,898.38,2013.66,13200.63,COMPLETED
2632,4,454,29,INV-002632,2026-07-10 12:06:00,308137.83,21688.04,51560.96,338010.75,COMPLETED
2633,1,115,2,INV-002633,2026-07-19 16:25:00,74725.32,396.56,13379.18,87707.94,COMPLETED
2634,3,515,22,INV-002634,2026-09-21 11:45:00,109219.22,7777.02,18259.6,119701.8,COMPLETED
2635,3,642,21,INV-002635,2026-06-26 09:44:00,230619.24,9711.44,39763.4,260671.2,COMPLETED
2636,1,264,1,INV-002636,2026-06-15 18:33:00,202336.54,17620.07,33248.96,217965.43,COMPLETED
2637,4,633,25,INV-002637,2026-04-11 13:45:00,298568.12,28390.6,48631.95,318809.47,COMPLETED
2638,3,521,17,INV-002638,2026-05-24 12:49:00,326429.53,14436.85,56158.69,368151.37,COMPLETED
2639,2,846,13,INV-002639,2026-09-20 09:41:00,94668.4,5080.71,16125.78,105713.47,COMPLETED
2640,1,195,5,INV-002640,2026-06-21 16:50:00,310375.04,14823.98,53199.18,348750.24,COMPLETED
2641,1,753,6,INV-002641,2026-05-28 11:39:00,144147.95,12706.91,23659.38,155100.42,COMPLETED
2642,4,713,26,INV-002642,2026-07-25 19:23:00,408846.71,16036.25,70705.88,463516.34,COMPLETED
2643,5,336,34,INV-002643,2026-07-15 19:32:00,116872.84,12033.39,18871.1,123710.55,COMPLETED
2644,5,490,38,INV-002644,2026-08-01 15:21:00,257570.61,18695.04,42997.6,281873.17,COMPLETED
2645,1,545,2,INV-002645,2026-09-13 11:26:00,263643.82,21618.78,43564.52,285589.56,COMPLETED
2646,3,691,21,INV-002646,2026-06-06 09:14:00,135800.94,4353.95,23660.46,155107.45,COMPLETED
2647,1,449,5,INV-002647,2026-04-09 14:16:00,101349.65,5049.89,17333.96,113633.72,COMPLETED
2648,5,855,34,INV-002648,2026-07-24 09:17:00,134422.42,14548.8,21577.25,141450.87,COMPLETED
2649,3,278,18,INV-002649,2026-09-14 19:49:00,201760.53,19595.39,32789.73,214954.87,COMPLETED
2650,2,840,13,INV-002650,2026-08-16 09:19:00,193061.04,13862.03,32255.82,211454.83,COMPLETED
2651,1,457,5,INV-002651,2026-08-19 16:12:00,265634.32,15872.11,44957.2,294719.41,COMPLETED
2652,1,21,5,INV-002652,2026-09-26 19:13:00,269.14,12.85,46.13,302.42,COMPLETED
2653,2,765,13,INV-002653,2026-09-20 19:25:00,318397.08,12071.03,55138.7,361464.75,COMPLETED
2654,1,105,6,INV-002654,2026-07-10 16:05:00,259386.26,15542.51,43891.88,287735.63,COMPLETED
2655,5,27,33,INV-002655,2026-09-06 12:18:00,172056.0,4938.22,30081.2,197198.98,COMPLETED
2656,4,988,25,INV-002656,2026-04-17 14:56:00,142718.13,9583.53,23964.23,157098.83,COMPLETED
2657,1,468,6,INV-002657,2026-07-30 19:27:00,184962.27,9034.71,31666.95,207594.51,COMPLETED
2658,2,251,13,INV-002658,2026-06-02 20:58:00,39866.17,1221.83,6955.98,45600.32,COMPLETED
2659,3,300,17,INV-002659,2026-08-27 18:42:00,490502.14,20812.64,84544.11,554233.61,COMPLETED
2660,3,338,18,INV-002660,2026-06-18 14:24:00,159080.6,10274.62,26785.08,175591.06,COMPLETED
2661,3,737,21,INV-002661,2026-06-19 18:32:00,114934.24,12838.54,18377.23,120472.93,COMPLETED
2662,4,780,30,INV-002662,2026-05-20 18:08:00,11972.84,394.75,2084.06,13662.15,COMPLETED
2663,5,775,34,INV-002663,2026-04-20 10:39:00,32791.35,1271.48,5673.58,37193.45,COMPLETED
2664,2,590,9,INV-002664,2026-08-27 20:13:00,179914.97,11268.59,30356.34,199002.72,COMPLETED
2665,3,502,21,INV-002665,2026-07-19 10:27:00,343701.51,28190.72,56791.94,372302.73,COMPLETED
2666,2,840,9,INV-002666,2026-06-10 12:58:00,109411.45,4615.66,18863.25,123659.04,COMPLETED
2667,3,589,21,INV-002667,2026-06-25 18:40:00,222411.5,8825.2,38445.53,252031.83,COMPLETED
2668,5,19,34,INV-002668,2026-07-04 18:19:00,72744.24,2724.43,12603.57,82623.38,COMPLETED
2669,2,373,13,INV-002669,2026-09-09 12:41:00,102259.02,4615.51,17575.83,115219.34,COMPLETED
2670,2,368,9,INV-002670,2026-05-27 11:50:00,170509.84,14954.09,28000.03,183555.78,COMPLETED
2671,3,331,21,INV-002671,2026-07-01 10:43:00,147327.33,7458.69,25176.35,165044.99,COMPLETED
2672,2,642,9,INV-002672,2026-04-01 12:32:00,377783.95,19803.42,64436.49,422417.02,COMPLETED
2673,2,148,13,INV-002673,2026-08-30 09:02:00,324560.38,21492.14,54552.28,357620.52,COMPLETED
2674,1,991,5,INV-002674,2026-08-20 17:26:00,424577.1,33005.96,70482.81,462053.95,COMPLETED
2675,1,15,5,INV-002675,2026-06-21 09:47:00,26420.51,769.64,4617.16,30268.03,COMPLETED
2676,4,3,25,INV-002676,2026-04-10 13:32:00,103717.36,7852.61,17255.65,113120.4,COMPLETED
2677,3,326,18,INV-002677,2026-06-23 12:44:00,276054.79,8690.59,48125.56,315489.76,COMPLETED
2678,2,111,13,INV-002678,2026-08-06 15:07:00,81194.07,5018.83,13711.54,89886.78,COMPLETED
2679,1,768,6,INV-002679,2026-06-27 11:59:00,248901.28,24236.87,40439.59,265104.0,COMPLETED
2680,1,430,1,INV-002680,2026-07-26 18:52:00,327962.66,15537.54,56236.53,368661.65,COMPLETED
2681,2,822,10,INV-002681,2026-08-08 09:47:00,193371.67,4168.49,34056.56,223259.74,COMPLETED
2682,5,447,33,INV-002682,2026-08-18 12:25:00,42554.54,1392.41,7409.18,48571.31,COMPLETED
2683,1,853,1,INV-002683,2026-07-05 18:05:00,77978.14,3433.12,13418.1,87963.12,COMPLETED
2684,5,263,38,INV-002684,2026-06-03 19:20:00,121862.19,2346.66,21512.79,141028.32,COMPLETED
2685,2,680,9,INV-002685,2026-05-12 09:57:00,226425.44,14462.87,38153.26,250115.83,COMPLETED
2686,3,34,18,INV-002686,2026-06-19 19:21:00,129727.5,3092.36,22794.33,149429.47,COMPLETED
2687,1,119,1,INV-002687,2026-04-29 12:04:00,194744.44,8363.27,33548.61,219929.78,COMPLETED
2688,3,680,21,INV-002688,2026-09-05 11:47:00,153547.88,1346.92,27396.17,179597.13,COMPLETED
2689,5,628,38,INV-002689,2026-08-28 20:33:00,269527.45,19381.85,45026.21,295171.81,COMPLETED
2690,2,724,14,INV-002690,2026-07-13 12:13:00,209247.64,12385.85,35435.12,232296.91,COMPLETED
2691,1,146,5,INV-002691,2026-05-03 20:23:00,298031.87,21337.53,49804.98,326499.32,COMPLETED
2692,3,597,22,INV-002692,2026-08-03 09:31:00,23792.94,2562.55,3821.47,25051.86,COMPLETED
2693,4,132,30,INV-002693,2026-06-01 18:03:00,187928.03,978.21,33650.97,220600.79,COMPLETED
2694,4,742,26,INV-002694,2026-06-17 14:51:00,139777.09,6320.57,24022.17,157478.69,COMPLETED
2695,4,648,29,INV-002695,2026-06-18 13:03:00,44189.68,4376.37,7166.4,46979.71,COMPLETED
2696,3,960,21,INV-002696,2026-05-30 16:38:00,204279.7,12556.48,34510.18,226233.4,COMPLETED
2697,1,417,1,INV-002697,2026-04-18 17:10:00,242201.81,13702.54,41129.86,269629.13,COMPLETED
2698,2,656,9,INV-002698,2026-08-11 17:06:00,97973.37,3923.94,16928.9,110978.33,COMPLETED
2699,4,653,30,INV-002699,2026-04-08 20:29:00,268265.79,10609.81,46378.08,304034.06,COMPLETED
2700,2,177,14,INV-002700,2026-06-29 18:11:00,31816.38,2194.18,5332.0,34954.2,COMPLETED
2701,2,54,13,INV-002701,2026-07-03 14:21:00,72610.55,5351.96,12106.54,79365.13,COMPLETED
2702,4,935,29,INV-002702,2026-05-10 20:17:00,35542.08,3160.28,5828.72,38210.52,COMPLETED
2703,3,4,17,INV-002703,2026-07-17 13:57:00,253081.34,14111.95,43014.5,281983.89,COMPLETED
2704,1,588,1,INV-002704,2026-06-01 11:07:00,247118.62,12155.9,42293.29,277256.01,COMPLETED
2705,5,280,37,INV-002705,2026-09-19 14:08:00,144811.37,4846.72,25193.63,165158.28,COMPLETED
2706,5,504,38,INV-002706,2026-07-13 20:02:00,177789.64,3513.43,31369.72,205645.93,COMPLETED
2707,1,485,6,INV-002707,2026-08-30 11:56:00,416446.21,28361.77,69855.2,457939.64,COMPLETED
2708,1,469,6,INV-002708,2026-05-14 11:09:00,312949.98,27747.6,51336.42,336538.8,COMPLETED
2709,4,979,30,INV-002709,2026-05-25 17:48:00,342287.84,9212.06,59953.64,393029.42,COMPLETED
2710,3,815,21,INV-002710,2026-08-13 09:25:00,126126.37,4581.0,21878.17,143423.54,COMPLETED
2711,1,429,2,INV-002711,2026-04-27 15:46:00,136543.3,3278.0,23987.76,157253.06,COMPLETED
2712,4,760,25,INV-002712,2026-07-08 18:53:00,38216.6,3069.83,6326.42,41473.19,COMPLETED
2713,4,270,29,INV-002713,2026-06-15 10:37:00,16687.56,397.32,2932.24,19222.48,COMPLETED
2714,5,470,38,INV-002714,2026-04-09 14:00:00,117993.66,6806.99,20013.61,131200.28,CANCELLED
2715,3,684,22,INV-002715,2026-06-08 14:51:00,278670.31,25812.64,45514.38,298372.05,COMPLETED
2716,2,497,14,INV-002716,2026-09-02 10:48:00,153281.12,9356.53,25906.43,169831.02,COMPLETED
2717,2,183,14,INV-002717,2026-08-27 10:25:00,198576.42,18128.6,32480.61,212928.43,COMPLETED
2718,3,166,22,INV-002718,2026-05-11 19:16:00,91213.34,3734.64,15746.17,103224.87,COMPLETED
2719,2,484,10,INV-002719,2026-08-09 12:25:00,66150.68,6762.45,10689.88,70078.11,COMPLETED
2720,5,556,33,INV-002720,2026-04-06 16:37:00,239930.69,24595.31,38760.36,254095.74,COMPLETED
2721,4,288,25,INV-002721,2026-07-30 09:39:00,194962.56,19513.68,31580.8,207029.68,COMPLETED
2722,4,461,29,INV-002722,2026-05-16 16:52:00,342617.3,32603.95,55802.41,365815.76,COMPLETED
2723,5,145,34,INV-002723,2026-06-19 09:43:00,172446.11,15029.59,28334.97,185751.49,COMPLETED
2724,5,615,33,INV-002724,2026-08-15 17:46:00,3827.59,287.06,637.3,4177.83,COMPLETED
2725,2,797,13,INV-002725,2026-06-17 14:53:00,28988.01,1570.08,4935.23,32353.16,COMPLETED
2726,4,190,26,INV-002726,2026-05-08 10:51:00,145215.47,7157.92,24850.36,162907.91,COMPLETED
2727,3,88,17,INV-002727,2026-09-28 19:25:00,115202.78,9480.24,19030.06,124752.6,COMPLETED
2728,2,437,14,INV-002728,2026-04-02 20:21:00,359100.86,12851.56,62324.88,408574.18,COMPLETED
2729,1,159,6,INV-002729,2026-05-20 20:36:00,3654.09,235.62,615.32,4033.79,CANCELLED
2730,3,882,21,INV-002730,2026-04-14 15:59:00,146100.99,17423.18,23162.0,151839.81,COMPLETED
2731,3,635,21,INV-002731,2026-09-06 18:04:00,232919.19,9142.9,40279.73,264056.02,COMPLETED
2732,1,202,5,INV-002732,2026-09-22 13:09:00,220596.92,5776.72,38667.63,253487.83,COMPLETED
2733,2,102,10,INV-002733,2026-05-18 19:19:00,164102.43,5436.46,28559.88,187225.85,COMPLETED
2734,2,455,13,INV-002734,2026-05-23 10:29:00,118382.43,4195.98,20553.56,134740.01,COMPLETED
2735,4,25,25,INV-002735,2026-06-16 14:13:00,133813.14,15174.32,21354.98,139993.8,COMPLETED
2736,4,953,26,INV-002736,2026-05-21 14:16:00,192973.76,16182.14,31822.5,208614.12,COMPLETED
2737,2,408,9,INV-002737,2026-08-17 11:36:00,222045.44,13246.8,37583.75,246382.39,COMPLETED
2738,2,965,13,INV-002738,2026-06-15 18:38:00,159294.49,6302.48,27538.56,180530.57,COMPLETED
2739,2,478,14,INV-002739,2026-09-25 13:54:00,142514.13,4901.05,24770.34,162383.42,COMPLETED
2740,3,5,22,INV-002740,2026-07-16 18:48:00,334972.23,23946.21,55984.68,367010.7,COMPLETED
2741,2,280,9,INV-002741,2026-04-23 17:27:00,10712.58,793.88,1785.37,11704.07,COMPLETED
2742,5,707,38,INV-002742,2026-06-06 16:16:00,11203.89,816.81,1869.67,12256.75,COMPLETED
2743,2,464,9,INV-002743,2026-06-25 14:51:00,167989.36,16891.55,27197.61,178295.42,COMPLETED
2744,2,51,13,INV-002744,2026-05-29 18:55:00,172492.32,6788.35,29826.71,195530.68,COMPLETED
2745,3,202,22,INV-002745,2026-07-14 19:46:00,109333.53,8479.81,18153.67,119007.39,COMPLETED
2746,1,153,2,INV-002746,2026-09-06 18:27:00,274267.2,17570.28,46205.44,302902.36,COMPLETED
2747,2,525,13,INV-002747,2026-07-10 20:51:00,601724.71,23252.18,104125.07,682597.6,COMPLETED
2748,2,612,13,INV-002748,2026-06-25 14:12:00,232772.16,11447.66,39838.41,261162.91,COMPLETED
2749,3,712,21,INV-002749,2026-09-08 13:07:00,93201.88,7241.58,15472.87,101433.17,COMPLETED
2750,4,863,30,INV-002750,2026-07-09 11:19:00,169196.74,3842.92,29763.69,195117.51,COMPLETED
2751,4,951,30,INV-002751,2026-04-06 12:23:00,318338.78,24857.8,52826.58,346307.56,COMPLETED
2752,5,329,38,INV-002752,2026-04-20 19:41:00,3654.09,173.31,626.54,4107.32,COMPLETED
2753,3,500,17,INV-002753,2026-05-14 12:17:00,178363.92,5371.68,31138.61,204130.85,COMPLETED
2754,2,5,9,INV-002754,2026-05-16 18:44:00,164319.12,10443.97,27697.53,181572.68,COMPLETED
2755,3,247,18,INV-002755,2026-08-02 17:12:00,358780.9,14403.25,61987.98,406365.63,COMPLETED
2756,4,68,29,INV-002756,2026-08-25 09:13:00,156603.16,3697.79,27522.97,180428.34,COMPLETED
2757,3,824,21,INV-002757,2026-08-27 09:12:00,140166.8,15475.52,22444.42,147135.7,COMPLETED
2758,3,958,18,INV-002758,2026-09-09 09:48:00,181273.06,14707.89,29981.72,196546.89,COMPLETED
2759,2,69,10,INV-002759,2026-08-14 15:29:00,191655.7,19123.17,31055.84,203588.37,COMPLETED
2760,3,623,22,INV-002760,2026-06-21 12:50:00,168322.56,13865.82,27802.21,182258.95,COMPLETED
2761,5,167,38,INV-002761,2026-06-18 09:42:00,80466.79,8668.03,12923.78,84722.54,COMPLETED
2762,1,329,5,INV-002762,2026-04-03 18:02:00,418750.1,26442.21,70615.43,462923.32,COMPLETED
2763,2,942,10,INV-002763,2026-08-12 11:28:00,346711.28,23857.74,58113.63,380967.17,COMPLETED
2764,5,561,37,INV-002764,2026-06-28 20:21:00,38377.95,4479.71,6101.68,39999.92,COMPLETED
2765,3,793,21,INV-002765,2026-06-18 17:54:00,168185.16,1296.69,30039.92,196928.39,COMPLETED
2766,1,468,6,INV-002766,2026-06-24 18:39:00,39598.47,3693.93,6462.82,42367.36,COMPLETED
2767,1,985,1,INV-002767,2026-05-24 11:00:00,111224.03,7493.75,18671.45,122401.73,COMPLETED
2768,5,838,37,INV-002768,2026-07-24 14:22:00,44189.68,1138.0,7749.3,50800.98,COMPLETED
2769,5,789,38,INV-002769,2026-09-15 20:13:00,19186.31,722.12,3323.56,21787.75,COMPLETED
2770,2,293,14,INV-002770,2026-07-16 11:06:00,80572.83,5551.77,13503.79,88524.85,COMPLETED
2771,3,164,22,INV-002771,2026-04-17 18:10:00,187901.59,15692.73,30997.6,203206.46,COMPLETED
2772,4,358,26,INV-002772,2026-07-16 13:49:00,304999.47,20503.32,51209.32,335705.47,COMPLETED
2773,1,476,6,INV-002773,2026-09-01 20:49:00,228088.63,7697.12,39670.47,260061.98,COMPLETED
2774,4,633,30,INV-002774,2026-07-01 09:54:00,337431.85,17391.06,57607.35,377648.14,COMPLETED
2775,4,1,29,INV-002775,2026-09-09 19:10:00,31816.38,689.2,5602.89,36730.07,COMPLETED
2776,2,179,9,INV-002776,2026-08-27 19:46:00,160388.62,6786.33,27648.41,181250.7,COMPLETED
2777,3,270,22,INV-002777,2026-08-30 16:40:00,3286.08,51.88,582.16,3816.36,COMPLETED
2778,3,748,18,INV-002778,2026-08-18 14:14:00,29286.86,1953.85,4919.94,32252.95,COMPLETED
2779,5,147,37,INV-002779,2026-05-05 17:45:00,221763.54,17477.76,36771.43,241057.21,COMPLETED
2780,1,916,5,INV-002780,2026-09-03 15:15:00,46050.23,4020.69,7565.31,49594.85,COMPLETED
2781,3,651,22,INV-002781,2026-04-27 18:41:00,182214.12,10615.48,30887.75,202486.39,COMPLETED
2782,5,173,37,INV-002782,2026-04-23 09:45:00,278067.16,16520.87,47078.33,308624.62,COMPLETED
2783,4,333,26,INV-002783,2026-06-24 09:45:00,264821.31,20728.91,43936.63,288029.03,CANCELLED
2784,4,674,30,INV-002784,2026-04-08 19:25:00,87586.64,6169.19,14655.14,96072.59,COMPLETED
2785,1,837,2,INV-002785,2026-08-17 13:50:00,161407.23,10921.74,27087.38,177572.87,COMPLETED
2786,3,577,22,INV-002786,2026-09-20 19:57:00,97140.23,4986.93,16587.59,108740.89,COMPLETED
2787,1,28,2,INV-002787,2026-09-07 13:23:00,298381.24,17914.42,50484.03,330950.85,COMPLETED
2788,1,750,2,INV-002788,2026-08-17 20:30:00,238109.89,9651.12,41122.57,269581.34,COMPLETED
2789,3,645,17,INV-002789,2026-07-23 09:42:00,467021.48,30351.41,78600.61,515270.68,COMPLETED
2790,5,197,33,INV-002790,2026-09-20 11:11:00,41050.2,891.85,7228.5,47386.85,COMPLETED
2791,3,883,18,INV-002791,2026-06-21 10:38:00,247944.27,9498.82,42920.18,281365.63,CANCELLED
2792,3,16,17,INV-002792,2026-09-28 19:11:00,270693.59,20182.42,45092.0,295603.17,COMPLETED
2793,1,757,5,INV-002793,2026-09-18 16:36:00,94788.34,4053.94,16332.2,107066.6,COMPLETED
2794,4,779,26,INV-002794,2026-05-12 09:05:00,158597.58,11119.42,26546.06,174024.22,COMPLETED
2795,1,169,6,INV-002795,2026-04-12 17:08:00,37362.66,1200.81,6509.13,42670.98,COMPLETED
2796,3,684,21,INV-002796,2026-05-25 15:09:00,301365.41,11636.2,52151.26,341880.47,COMPLETED
2797,5,521,37,INV-002797,2026-08-28 18:16:00,128871.28,10040.8,21389.48,140219.96,COMPLETED
2798,4,806,29,INV-002798,2026-06-18 11:43:00,22920.42,1132.98,3921.74,25709.18,COMPLETED
2799,4,104,29,INV-002799,2026-06-12 13:16:00,291315.74,14033.86,49910.74,327192.62,COMPLETED
2800,4,886,29,INV-002800,2026-04-05 17:39:00,79690.26,2311.76,13928.13,91306.63,COMPLETED
2801,2,230,9,INV-002801,2026-07-21 20:38:00,476963.22,38358.27,78948.9,517553.85,COMPLETED
2802,2,994,13,INV-002802,2026-04-01 20:13:00,195612.57,13634.75,32756.01,214733.83,COMPLETED
2803,1,242,6,INV-002803,2026-05-12 12:38:00,274174.29,11341.2,47309.95,310143.04,COMPLETED
2804,2,971,10,INV-002804,2026-04-23 17:38:00,120549.82,12163.86,19509.48,127895.44,COMPLETED
2805,1,819,1,INV-002805,2026-09-02 18:17:00,224674.76,16356.53,37497.28,245815.51,COMPLETED
2806,3,206,18,INV-002806,2026-09-16 18:47:00,229101.46,13153.52,38870.63,254818.57,COMPLETED
2807,1,52,5,INV-002807,2026-08-23 19:13:00,53684.06,5299.55,8709.22,57093.73,COMPLETED
2808,4,115,26,INV-002808,2026-07-06 12:14:00,224862.44,12438.89,38236.24,250659.79,COMPLETED
2809,5,860,34,INV-002809,2026-08-25 20:01:00,235810.09,18674.71,39084.37,256219.75,COMPLETED
2810,2,298,13,INV-002810,2026-09-14 18:23:00,129819.26,8819.95,21779.88,142779.19,COMPLETED
2811,1,505,6,INV-002811,2026-08-08 18:22:00,26267.8,1129.34,4524.92,29663.38,COMPLETED
2812,5,54,33,INV-002812,2026-07-05 13:18:00,33827.92,1894.79,5747.96,37681.09,COMPLETED
2813,2,100,10,INV-002813,2026-07-09 11:21:00,58761.46,2816.86,10070.02,66014.62,COMPLETED
2814,2,879,13,INV-002814,2026-07-25 19:52:00,90624.81,8720.96,14742.69,96646.54,COMPLETED
2815,4,882,26,INV-002815,2026-04-13 11:06:00,92716.56,5103.59,15770.34,103383.31,CANCELLED
2816,4,339,26,INV-002816,2026-04-29 10:08:00,296354.25,9038.66,51716.8,339032.39,COMPLETED
2817,2,164,13,INV-002817,2026-05-10 18:10:00,153987.89,8666.77,26157.8,171478.92,COMPLETED
2818,3,921,21,INV-002818,2026-08-31 09:13:00,304496.86,16560.55,51828.53,339764.84,COMPLETED
2819,4,400,30,INV-002819,2026-04-19 16:19:00,307569.21,31879.44,49624.16,325313.93,COMPLETED
2820,2,296,13,INV-002820,2026-09-02 16:34:00,35918.52,988.81,6287.35,41217.06,COMPLETED
2821,2,871,13,INV-002821,2026-08-09 18:31:00,154305.17,4346.38,26992.58,176951.37,COMPLETED
2822,1,791,1,INV-002822,2026-09-11 20:43:00,163826.73,2711.3,29000.78,190116.21,COMPLETED
2823,5,858,38,INV-002823,2026-08-19 09:33:00,324153.97,21480.03,54481.31,357155.25,COMPLETED
2824,2,752,13,INV-002824,2026-06-14 11:40:00,343234.82,23528.84,57547.08,377253.06,COMPLETED
2825,4,930,30,INV-002825,2026-08-02 11:48:00,233306.14,23191.22,37820.69,247935.61,COMPLETED
2826,1,867,1,INV-002826,2026-09-02 12:43:00,185695.68,10671.98,31504.26,206527.96,COMPLETED
2827,1,899,1,INV-002827,2026-04-03 20:09:00,383459.14,11311.49,66986.57,439134.22,COMPLETED
2828,2,67,9,INV-002828,2026-06-13 13:51:00,240469.97,4334.57,42504.37,278639.77,COMPLETED
2829,2,727,10,INV-002829,2026-08-13 18:17:00,37198.47,2035.77,6329.29,41491.99,COMPLETED
2830,2,29,14,INV-002830,2026-09-06 16:06:00,188715.58,13050.92,31619.64,207284.3,COMPLETED
2831,4,87,25,INV-002831,2026-04-12 09:25:00,293304.97,6927.72,51547.9,337925.15,COMPLETED
2832,3,831,18,INV-002832,2026-07-26 09:00:00,148828.03,9035.12,25162.72,164955.63,COMPLETED
2833,1,125,1,INV-002833,2026-04-20 17:58:00,58269.16,3959.68,9775.71,64085.19,COMPLETED
2834,4,447,30,INV-002834,2026-09-05 17:57:00,298501.12,9595.31,52003.05,340908.86,COMPLETED
2835,5,264,38,INV-002835,2026-05-05 18:59:00,176807.24,1866.13,31489.41,206430.52,COMPLETED
2836,3,324,22,INV-002836,2026-06-23 09:10:00,116907.46,10349.85,19180.37,125737.98,COMPLETED
2837,5,3,37,INV-002837,2026-05-14 13:09:00,176908.87,4939.47,30954.49,202923.89,COMPLETED
2838,4,966,30,INV-002838,2026-05-02 19:12:00,47338.39,2845.79,8008.67,52501.27,COMPLETED
2839,1,461,6,INV-002839,2026-07-18 20:50:00,257597.31,21320.94,42529.75,278806.12,COMPLETED
2840,4,33,26,INV-002840,2026-09-26 18:58:00,350820.54,12302.25,60933.29,399451.58,COMPLETED
2841,1,812,5,INV-002841,2026-08-05 10:26:00,106783.5,10896.21,17259.72,113147.01,COMPLETED
2842,4,252,25,INV-002842,2026-09-24 19:28:00,8537.82,260.92,1489.84,9766.74,COMPLETED
2843,2,789,14,INV-002843,2026-05-26 11:59:00,191212.04,8154.37,32950.38,216008.05,COMPLETED
2844,4,787,29,INV-002844,2026-08-31 13:27:00,116783.24,7595.38,19653.81,128841.67,COMPLETED
2845,4,775,29,INV-002845,2026-08-23 13:22:00,60210.98,1135.54,10633.58,69709.02,COMPLETED
2846,3,428,22,INV-002846,2026-08-10 11:08:00,218671.04,16225.45,36440.2,238885.79,COMPLETED
2847,4,812,25,INV-002847,2026-09-04 10:57:00,106883.28,9856.11,17464.9,114492.07,COMPLETED
2848,4,217,26,INV-002848,2026-04-18 14:15:00,405832.21,27690.09,68065.58,446207.7,COMPLETED
2849,3,40,17,INV-002849,2026-09-15 18:35:00,37019.42,2862.92,6148.17,40304.67,COMPLETED
2850,1,143,1,INV-002850,2026-07-27 16:14:00,174723.26,4603.34,30621.59,200741.51,COMPLETED
2851,1,392,2,INV-002851,2026-05-21 11:55:00,106861.06,3488.88,18606.99,121979.17,COMPLETED
2852,3,273,17,INV-002852,2026-05-18 15:46:00,145153.89,11721.28,24017.87,157450.48,COMPLETED
2853,5,423,33,INV-002853,2026-08-06 13:45:00,118253.51,12568.97,19023.21,124707.75,COMPLETED
2854,2,501,13,INV-002854,2026-06-26 11:50:00,375603.1,13546.87,65170.12,427226.35,COMPLETED
2855,1,10,1,INV-002855,2026-04-29 13:40:00,412674.67,26367.37,69535.32,455842.62,COMPLETED
2856,2,609,14,INV-002856,2026-05-16 12:15:00,289367.77,26865.37,47250.43,309752.83,COMPLETED
2857,4,109,26,INV-002857,2026-05-15 14:10:00,102797.94,7540.31,17146.37,112404.0,COMPLETED
2858,1,244,6,INV-002858,2026-09-18 12:23:00,438536.08,20484.72,75249.24,493300.6,COMPLETED
2859,5,357,34,INV-002859,2026-09-26 19:32:00,272648.08,18037.77,45829.87,300440.18,COMPLETED
2860,1,85,6,INV-002860,2026-05-10 09:41:00,542116.84,37629.55,90807.72,595295.01,COMPLETED
2861,5,882,38,INV-002861,2026-06-30 09:52:00,321679.47,26270.52,53173.6,348582.55,COMPLETED
2862,1,90,1,INV-002862,2026-06-21 15:48:00,328641.25,16110.37,56255.56,368786.44,COMPLETED
2863,2,609,10,INV-002863,2026-09-16 10:27:00,148976.15,3969.99,26101.1,171107.26,COMPLETED
2864,3,316,21,INV-002864,2026-05-21 09:00:00,253324.51,24256.26,41232.28,270300.53,COMPLETED
2865,1,100,2,INV-002865,2026-07-12 12:12:00,111034.34,10132.96,18162.25,119063.63,COMPLETED
2866,3,705,22,INV-002866,2026-08-08 15:25:00,27023.51,605.89,4755.17,31172.79,COMPLETED
2867,4,438,30,INV-002867,2026-07-19 09:59:00,247684.78,14313.4,42006.85,275378.23,COMPLETED
2868,2,395,10,INV-002868,2026-06-05 16:17:00,94977.39,730.7,16964.4,111211.09,COMPLETED
2869,3,583,18,INV-002869,2026-07-21 17:18:00,120453.22,3795.71,20998.35,137655.86,COMPLETED
2870,5,489,34,INV-002870,2026-04-21 18:06:00,319273.16,20588.28,53763.28,352448.16,COMPLETED
2871,1,524,1,INV-002871,2026-04-09 17:27:00,133484.89,2629.66,23553.93,154409.16,COMPLETED
2872,4,813,29,INV-002872,2026-04-21 16:31:00,86685.68,9117.64,13962.25,91530.29,COMPLETED
2873,3,731,18,INV-002873,2026-08-04 19:27:00,130126.03,10867.59,21466.52,140724.96,COMPLETED
2874,1,329,2,INV-002874,2026-07-21 15:40:00,160750.27,3412.53,28320.8,185658.54,COMPLETED
2875,5,890,33,INV-002875,2026-05-20 13:07:00,142865.29,6426.67,24558.95,160997.57,COMPLETED
2876,4,334,30,INV-002876,2026-07-24 13:41:00,42377.19,2150.59,7240.8,47467.4,CANCELLED
2877,2,777,9,INV-002877,2026-05-03 14:57:00,222500.92,7208.38,38752.66,254045.2,COMPLETED
2878,2,783,13,INV-002878,2026-09-18 15:23:00,48997.56,1900.42,8477.49,55574.63,COMPLETED
2879,2,809,14,INV-002879,2026-06-08 13:30:00,116537.05,5322.45,20018.63,131233.23,COMPLETED
2880,2,432,14,INV-002880,2026-07-07 14:26:00,17633.26,1841.86,2842.46,18633.86,COMPLETED
2881,4,876,30,INV-002881,2026-09-22 16:29:00,143367.84,13329.17,23406.96,153445.63,COMPLETED
2882,2,924,9,INV-002882,2026-04-04 12:42:00,106572.52,6510.17,18011.22,118073.57,COMPLETED
2883,1,82,2,INV-002883,2026-09-18 09:27:00,269351.14,11637.82,46388.41,304101.73,COMPLETED
2884,5,635,38,INV-002884,2026-07-01 16:44:00,165167.97,6398.56,28578.5,187347.91,COMPLETED
2885,4,402,30,INV-002885,2026-08-12 15:34:00,250894.02,24655.1,40723.02,266961.94,COMPLETED
2886,2,752,9,INV-002886,2026-07-23 15:23:00,55559.56,1440.11,9741.5,63860.95,COMPLETED
2887,3,448,22,INV-002887,2026-04-14 12:45:00,501106.2,22618.51,86127.78,564615.47,COMPLETED
2888,5,422,38,INV-002888,2026-08-04 15:09:00,2480.16,99.78,428.47,2808.85,COMPLETED
2889,1,739,5,INV-002889,2026-05-29 10:22:00,177667.88,13098.34,29622.52,194192.06,COMPLETED
2890,1,892,2,INV-002890,2026-04-13 09:33:00,225729.86,3722.94,39961.25,261968.17,COMPLETED
2891,4,188,29,INV-002891,2026-06-02 16:46:00,149529.58,5477.92,25929.3,169980.96,COMPLETED
2892,5,893,38,INV-002892,2026-07-10 11:54:00,170657.84,16048.61,27829.66,182438.89,COMPLETED
2893,2,101,10,INV-002893,2026-04-09 10:31:00,77067.11,1285.73,13640.65,89422.03,COMPLETED
2894,4,21,29,INV-002894,2026-08-04 19:36:00,375304.62,29817.49,62187.68,407674.81,CANCELLED
2895,3,625,17,INV-002895,2026-07-11 15:10:00,182495.91,15238.5,30106.34,197363.75,COMPLETED
2896,5,714,37,INV-002896,2026-07-24 16:06:00,290204.81,15535.41,49440.49,324109.89,COMPLETED
2897,4,794,30,INV-002897,2026-05-12 20:17:00,123658.28,10988.36,20280.58,132950.5,COMPLETED
2898,3,920,22,INV-002898,2026-06-27 18:19:00,235098.21,18773.92,38938.38,255262.67,COMPLETED
2899,5,514,38,INV-002899,2026-07-30 09:41:00,199119.9,15652.16,33024.19,216491.93,COMPLETED
2900,4,909,30,INV-002900,2026-06-23 12:00:00,401555.43,10734.0,70347.86,461169.29,COMPLETED
2901,2,749,13,INV-002901,2026-04-01 18:17:00,145191.49,10375.6,24266.87,159082.76,COMPLETED
2902,3,449,22,INV-002902,2026-07-19 09:12:00,429514.52,33661.45,71253.54,467106.61,COMPLETED
2903,4,674,26,INV-002903,2026-09-11 12:48:00,199493.08,12947.39,33578.22,220123.91,COMPLETED
2904,5,990,38,INV-002904,2026-08-16 10:58:00,381291.56,22309.29,64616.82,423599.09,COMPLETED
2905,5,386,33,INV-002905,2026-08-11 13:59:00,230476.7,10442.75,39606.12,259640.07,COMPLETED
2906,1,461,1,INV-002906,2026-07-13 16:29:00,183188.58,17640.14,29798.72,195347.16,COMPLETED
2907,4,223,26,INV-002907,2026-04-09 14:13:00,150595.41,7376.02,25779.49,168998.88,CANCELLED
2908,4,193,30,INV-002908,2026-07-09 14:06:00,234064.41,11813.44,40005.19,262256.16,COMPLETED
2909,5,488,37,INV-002909,2026-05-08 15:42:00,293059.39,19854.59,49176.87,322381.67,CANCELLED
2910,3,953,17,INV-002910,2026-06-23 10:55:00,271940.6,22410.09,44915.49,294446.0,COMPLETED
2911,3,391,18,INV-002911,2026-06-15 18:36:00,294747.96,13445.33,50634.48,331937.11,COMPLETED
2912,3,243,18,INV-002912,2026-04-09 09:09:00,267996.37,24157.12,43891.06,287730.31,COMPLETED
2913,3,259,17,INV-002913,2026-07-01 12:55:00,223777.33,12371.21,38053.1,249459.22,COMPLETED
2914,3,951,21,INV-002914,2026-08-24 12:55:00,397012.5,21962.14,67509.07,442559.43,COMPLETED
2915,1,637,2,INV-002915,2026-08-25 18:23:00,87586.64,4225.46,15005.01,98366.19,COMPLETED
2916,2,325,9,INV-002916,2026-07-21 18:20:00,210153.59,12125.58,35645.04,233673.05,COMPLETED
2917,4,43,29,INV-002917,2026-09-28 17:41:00,103278.24,10254.82,16744.22,109767.64,CANCELLED
2918,4,853,26,INV-002918,2026-08-14 11:04:00,74103.86,2014.86,12976.02,85065.02,COMPLETED
2919,3,77,18,INV-002919,2026-08-07 14:03:00,87469.07,4514.98,14931.74,97885.83,COMPLETED
2920,5,334,38,INV-002920,2026-06-07 18:59:00,321796.84,20550.67,54224.31,355470.48,COMPLETED
2921,5,38,38,INV-002921,2026-06-26 15:24:00,157948.24,18048.26,25181.99,165081.97,COMPLETED
2922,4,370,25,INV-002922,2026-04-03 10:08:00,152751.52,14265.0,24927.58,163414.1,COMPLETED
2923,3,358,17,INV-002923,2026-09-06 09:53:00,341749.2,24788.23,57052.98,374013.95,COMPLETED
2924,3,473,18,INV-002924,2026-05-09 18:53:00,410515.62,33291.55,67900.34,445124.41,COMPLETED
2925,3,258,18,INV-002925,2026-09-20 19:14:00,43215.81,2966.89,7244.81,47493.73,COMPLETED
2926,4,197,30,INV-002926,2026-09-09 17:06:00,87532.9,565.45,15654.14,102621.59,COMPLETED
2927,4,213,25,INV-002927,2026-06-19 15:13:00,179891.87,12870.67,30063.81,197085.01,COMPLETED
2928,4,424,30,INV-002928,2026-08-15 09:47:00,207495.1,20912.38,33584.89,220167.61,COMPLETED
2929,1,481,5,INV-002929,2026-07-05 09:58:00,35318.58,1142.45,6151.7,40327.83,COMPLETED
2930,5,574,33,INV-002930,2026-09-10 09:30:00,109424.62,8879.23,18098.17,118643.56,COMPLETED
2931,5,259,37,INV-002931,2026-04-29 16:05:00,100974.2,11131.93,16171.61,106013.88,COMPLETED
2932,4,439,30,INV-002932,2026-08-16 17:23:00,149964.28,4396.3,26202.24,171770.22,COMPLETED
2933,5,173,33,INV-002933,2026-09-17 12:17:00,107004.68,4065.32,18529.08,121468.44,COMPLETED
2934,3,540,17,INV-002934,2026-09-13 15:06:00,130800.83,8140.56,22078.85,144739.12,COMPLETED
2935,3,646,17,INV-002935,2026-05-22 10:43:00,176597.75,18960.81,28374.65,186011.59,COMPLETED
2936,2,315,13,INV-002936,2026-07-26 18:50:00,59009.27,2947.98,10091.03,66152.32,COMPLETED
2937,2,355,10,INV-002937,2026-08-12 17:21:00,261961.52,10764.27,45215.5,296412.75,COMPLETED
2938,5,107,38,INV-002938,2026-08-03 14:26:00,178826.31,7281.42,30878.08,202422.97,COMPLETED
2939,3,342,21,INV-002939,2026-06-20 10:37:00,76881.81,4289.63,13066.6,85658.78,COMPLETED
2940,4,687,25,INV-002940,2026-07-25 09:57:00,418505.93,34159.62,69182.34,453528.65,COMPLETED
2941,5,283,33,INV-002941,2026-07-21 19:06:00,383598.11,9217.4,67388.53,441769.24,COMPLETED
2942,1,634,1,INV-002942,2026-04-02 16:07:00,235981.68,10342.22,40615.11,266254.57,COMPLETED
2943,1,180,6,INV-002943,2026-08-31 15:27:00,8518.31,546.98,1434.84,9406.17,COMPLETED
2944,5,543,37,INV-002944,2026-05-06 16:45:00,32287.88,1793.26,5489.04,35983.66,COMPLETED
2945,4,257,29,INV-002945,2026-06-27 09:15:00,19374.04,878.02,3329.28,21825.3,COMPLETED
2946,1,524,1,INV-002946,2026-04-22 17:30:00,36985.43,899.88,6495.4,42580.95,CANCELLED
2947,4,171,26,INV-002947,2026-05-23 16:14:00,320928.91,30145.51,52341.01,343124.41,COMPLETED
2948,2,864,13,INV-002948,2026-05-07 11:26:00,210157.51,22402.71,33795.87,221550.67,COMPLETED
2949,2,829,13,INV-002949,2026-09-05 18:27:00,306627.55,17268.81,52084.57,341443.31,COMPLETED
2950,3,265,17,INV-002950,2026-09-15 20:15:00,112524.88,3928.83,19547.29,128143.34,COMPLETED
2951,2,376,14,INV-002951,2026-07-17 13:45:00,75553.7,6329.61,12460.34,81684.43,COMPLETED
2952,1,423,1,INV-002952,2026-05-03 17:48:00,420918.44,31356.66,70121.12,459682.9,COMPLETED
2953,3,657,17,INV-002953,2026-08-02 13:55:00,255988.88,19623.71,42545.74,278910.91,COMPLETED
2954,4,434,30,INV-002954,2026-06-28 16:03:00,84072.62,4488.62,14325.12,93909.12,COMPLETED
2955,2,183,13,INV-002955,2026-04-19 13:18:00,298629.83,19726.11,50202.67,329106.39,COMPLETED
2956,1,961,2,INV-002956,2026-06-27 20:15:00,213445.02,22569.4,34357.61,225233.23,COMPLETED
2957,5,996,34,INV-002957,2026-06-05 16:06:00,162701.12,12717.72,26997.01,176980.41,COMPLETED
2958,2,733,9,INV-002958,2026-05-06 12:37:00,161896.3,12162.88,26952.02,176685.44,COMPLETED
2959,3,269,17,INV-002959,2026-05-03 11:26:00,192751.5,15208.84,31957.68,209500.34,COMPLETED
2960,4,345,25,INV-002960,2026-09-13 09:17:00,222804.76,13734.13,37632.72,246703.35,COMPLETED
2961,3,214,17,INV-002961,2026-05-16 15:34:00,73809.48,6784.2,12064.55,79089.83,COMPLETED
2962,2,843,14,INV-002962,2026-08-23 20:12:00,29708.25,1584.39,5062.29,33186.15,COMPLETED
2963,2,363,9,INV-002963,2026-06-15 14:21:00,175878.04,10793.46,29715.22,194799.8,COMPLETED
2964,2,440,13,INV-002964,2026-06-12 09:43:00,368077.09,22708.77,62166.29,407534.61,COMPLETED
2965,5,584,33,INV-002965,2026-09-13 10:56:00,195057.17,5204.51,34173.48,224026.14,COMPLETED
2966,3,928,22,INV-002966,2026-05-26 16:13:00,234751.2,10072.02,40442.25,265121.43,COMPLETED
2967,5,218,37,INV-002967,2026-04-18 10:24:00,77817.67,3766.1,13329.28,87380.85,COMPLETED
2968,5,863,37,INV-002968,2026-07-28 12:50:00,300635.95,22912.1,49990.29,327714.14,CANCELLED
2969,2,339,14,INV-002969,2026-08-25 15:02:00,375598.7,21629.86,63714.4,417683.24,COMPLETED
2970,3,760,18,INV-002970,2026-04-26 11:22:00,256857.97,15788.53,43392.5,284461.94,COMPLETED
2971,1,15,5,INV-002971,2026-09-18 10:45:00,68669.1,5454.48,11378.64,74593.26,COMPLETED
2972,4,74,29,INV-002972,2026-05-17 11:51:00,92121.38,3457.96,15959.43,104622.85,COMPLETED
2973,5,465,33,INV-002973,2026-06-12 20:40:00,100151.66,8572.75,16484.2,108063.11,COMPLETED
2974,2,583,9,INV-002974,2026-04-26 17:41:00,190628.74,9796.82,32549.74,213381.66,COMPLETED
2975,4,367,26,INV-002975,2026-04-26 19:20:00,345027.21,15850.09,59251.88,388429.0,COMPLETED
2976,2,782,14,INV-002976,2026-08-01 14:35:00,172758.63,1885.64,30757.14,201630.13,COMPLETED
2977,4,279,30,INV-002977,2026-07-23 13:58:00,87689.24,736.05,15651.57,102604.76,COMPLETED
2978,4,625,26,INV-002978,2026-06-14 17:48:00,228915.32,6287.05,40073.08,262701.35,COMPLETED
2979,3,253,17,INV-002979,2026-04-20 14:52:00,141150.08,5895.13,24345.88,159600.83,COMPLETED
2980,2,528,10,INV-002980,2026-09-11 11:13:00,115078.7,11059.27,18723.5,122742.93,COMPLETED
2981,5,730,34,INV-002981,2026-06-05 18:54:00,111599.91,10315.7,18231.16,119515.37,COMPLETED
2982,4,91,29,INV-002982,2026-05-07 12:59:00,102794.37,504.63,18412.15,120701.89,COMPLETED
2983,2,905,9,INV-002983,2026-07-25 14:00:00,40060.26,681.37,7088.2,46467.09,COMPLETED
2984,3,259,17,INV-002984,2026-04-27 09:43:00,314580.02,17315.01,53507.7,350772.71,COMPLETED
2985,4,701,29,INV-002985,2026-06-20 13:12:00,489902.94,27858.64,83167.97,545212.27,COMPLETED
2986,1,212,2,INV-002986,2026-05-27 11:31:00,437729.56,14920.63,76105.61,498914.54,COMPLETED
2987,1,123,5,INV-002987,2026-06-18 20:29:00,160434.94,14646.63,26241.9,172030.21,COMPLETED
2988,4,861,26,INV-002988,2026-05-11 17:29:00,277538.03,15328.49,47197.72,309407.26,COMPLETED
2989,5,816,37,INV-002989,2026-04-12 15:36:00,43844.62,4282.51,7121.18,46683.29,COMPLETED
2990,4,81,25,INV-002990,2026-05-18 09:08:00,113360.18,10575.67,18501.21,121285.72,COMPLETED
2991,4,151,26,INV-002991,2026-05-21 09:50:00,53227.62,436.38,9502.42,62293.66,COMPLETED
2992,5,782,38,INV-002992,2026-07-30 12:34:00,275121.87,19760.31,45965.07,301326.63,COMPLETED
2993,5,830,38,INV-002993,2026-07-14 14:06:00,346859.13,8208.3,60957.14,399607.97,COMPLETED
2994,5,829,37,INV-002994,2026-08-23 18:40:00,159726.36,2706.87,28263.51,185283.0,COMPLETED
2995,2,778,9,INV-002995,2026-04-02 17:17:00,135575.05,13327.58,22004.55,144252.02,COMPLETED
2996,1,606,6,INV-002996,2026-07-15 12:57:00,195315.39,18493.07,31828.02,208650.34,COMPLETED
2997,3,245,21,INV-002997,2026-05-14 16:06:00,303626.94,18365.51,51347.05,336608.48,COMPLETED
2998,4,280,26,INV-002998,2026-04-15 17:47:00,250181.14,8060.83,43581.66,285701.97,COMPLETED
2999,2,425,10,INV-002999,2026-06-25 18:17:00,35117.49,542.05,6223.58,40799.02,COMPLETED
3000,3,822,17,INV-003000,2026-07-20 12:20:00,504516.63,38231.78,83931.28,550216.13,COMPLETED
3001,5,812,33,INV-003001,2026-04-26 09:56:00,138177.79,12148.76,22685.23,148714.26,COMPLETED
3002,1,847,1,INV-003002,2026-04-14 10:18:00,257733.93,14205.27,43835.16,287363.82,COMPLETED
3003,1,710,2,INV-003003,2026-06-02 14:27:00,143448.4,7183.25,24527.73,160792.88,COMPLETED
3004,5,475,34,INV-003004,2026-08-14 19:35:00,208167.18,20336.78,33809.47,221639.87,COMPLETED
3005,3,239,22,INV-003005,2026-04-01 19:35:00,5604.5,633.26,894.82,5866.06,COMPLETED
3006,3,319,18,INV-003006,2026-09-09 10:53:00,197081.09,13551.62,33035.3,216564.77,COMPLETED
3007,3,227,22,INV-003007,2026-06-16 18:59:00,42664.46,4760.27,6822.75,44726.94,COMPLETED
3008,5,253,34,INV-003008,2026-06-10 14:00:00,41997.34,3116.82,6998.49,45879.01,COMPLETED
3009,1,27,2,INV-003009,2026-07-23 15:54:00,249431.18,21164.12,41088.07,269355.13,COMPLETED
3010,1,130,6,INV-003010,2026-08-14 13:49:00,287399.4,24942.64,47242.21,309698.97,COMPLETED
3011,4,85,26,INV-003011,2026-05-27 18:26:00,79307.43,977.68,14099.35,92429.1,COMPLETED
3012,3,489,17,INV-003012,2026-09-27 11:55:00,50479.26,2949.87,8555.29,56084.68,COMPLETED
3013,4,103,26,INV-003013,2026-09-26 17:50:00,147468.6,13798.15,24060.68,157731.13,COMPLETED
3014,3,91,22,INV-003014,2026-05-11 15:20:00,207290.83,8633.36,35758.35,234415.82,COMPLETED
3015,1,40,2,INV-003015,2026-08-05 09:06:00,375207.24,17183.13,64444.35,422468.46,COMPLETED
3016,1,193,2,INV-003016,2026-06-28 18:51:00,444764.12,18759.69,76680.78,502685.21,COMPLETED
3017,3,134,18,INV-003017,2026-05-02 20:44:00,51639.12,1357.07,9050.77,59332.82,COMPLETED
3018,5,288,33,INV-003018,2026-04-02 09:15:00,323832.2,13127.61,55926.83,366631.42,COMPLETED
3019,3,562,22,INV-003019,2026-08-04 09:43:00,162089.32,12078.71,27001.9,177012.51,COMPLETED
3020,3,390,18,INV-003020,2026-05-05 15:37:00,362991.0,27120.75,60456.65,396326.9,COMPLETED
3021,2,638,14,INV-003021,2026-04-26 14:54:00,226238.8,13539.55,38285.87,250985.12,COMPLETED
3022,2,771,14,INV-003022,2026-07-30 09:23:00,129809.52,5262.66,22418.43,146965.29,COMPLETED
3023,2,303,13,INV-003023,2026-08-15 10:34:00,248750.73,17485.05,41627.82,272893.5,COMPLETED
3024,1,897,5,INV-003024,2026-05-14 09:06:00,132638.92,6155.01,22767.1,149251.01,COMPLETED
3025,3,300,17,INV-003025,2026-07-09 11:19:00,317169.48,23300.13,52896.49,346765.84,COMPLETED
3026,5,248,33,INV-003026,2026-06-18 14:49:00,179831.41,18983.54,28952.62,189800.49,CANCELLED
3027,1,304,5,INV-003027,2026-09-01 15:35:00,185666.44,11640.5,31324.67,205350.61,COMPLETED
3028,4,70,30,INV-003028,2026-07-29 09:38:00,281969.28,15233.69,48012.41,314748.0,COMPLETED
3029,5,355,33,INV-003029,2026-07-26 18:44:00,50163.59,2755.73,8533.42,55941.28,COMPLETED
3030,2,968,9,INV-003030,2026-07-05 20:28:00,228084.76,3671.87,40394.32,264807.21,COMPLETED
3031,5,843,34,INV-003031,2026-08-22 12:36:00,68529.58,3778.59,11655.18,76406.17,COMPLETED
3032,4,720,30,INV-003032,2026-04-08 19:29:00,25998.11,616.3,4568.72,29950.53,COMPLETED
3033,4,939,30,INV-003033,2026-07-03 15:31:00,272320.21,12396.66,46786.23,306709.78,COMPLETED
3034,4,368,30,INV-003034,2026-07-31 19:59:00,107307.87,8777.64,17735.44,116265.67,COMPLETED
3035,2,582,14,INV-003035,2026-06-01 13:24:00,352556.03,12568.11,61197.83,401185.75,COMPLETED
3036,3,281,17,INV-003036,2026-06-12 17:57:00,209701.28,19534.2,34230.07,224397.15,COMPLETED
3037,2,499,14,INV-003037,2026-08-24 15:03:00,182748.31,12024.26,30730.33,201454.38,COMPLETED
3038,5,414,37,INV-003038,2026-05-15 11:52:00,31978.34,1004.89,5575.22,36548.67,COMPLETED
3039,4,791,29,INV-003039,2026-04-30 14:14:00,9115.19,320.57,1583.03,10377.65,COMPLETED
3040,5,644,34,INV-003040,2026-09-05 17:41:00,263402.12,14083.01,44877.45,294196.56,COMPLETED
3041,1,15,6,INV-003041,2026-06-29 18:15:00,390860.31,18985.19,66937.53,438812.65,COMPLETED
3042,5,736,37,INV-003042,2026-08-03 17:28:00,39939.19,1188.38,6975.14,45725.95,COMPLETED
3043,4,85,25,INV-003043,2026-05-25 19:05:00,337867.25,19319.85,57338.54,375885.94,COMPLETED
3044,2,574,10,INV-003044,2026-05-17 12:56:00,290929.84,17838.94,49156.37,322247.27,COMPLETED
3045,2,914,14,INV-003045,2026-06-20 17:17:00,130300.67,6392.04,22303.55,146212.18,COMPLETED
3046,5,617,33,INV-003046,2026-04-16 15:25:00,79584.24,4463.44,13521.74,88642.54,COMPLETED
3047,4,945,26,INV-003047,2026-07-18 13:25:00,186044.21,7227.02,32187.09,211004.28,COMPLETED
3048,2,816,13,INV-003048,2026-05-06 19:59:00,33708.72,1854.78,5733.71,37587.65,COMPLETED
3049,5,702,33,INV-003049,2026-04-21 11:08:00,34112.86,1396.86,5888.88,38604.88,COMPLETED
3050,5,81,37,INV-003050,2026-05-24 15:32:00,59540.37,2495.81,10268.02,67312.58,COMPLETED
3051,4,80,29,INV-003051,2026-09-05 09:48:00,24182.7,459.73,4270.13,27993.1,COMPLETED
3052,2,779,13,INV-003052,2026-07-28 17:47:00,233553.7,20064.59,38428.04,251917.15,COMPLETED
3053,2,558,10,INV-003053,2026-09-17 14:51:00,66159.61,3230.56,11327.23,74256.28,COMPLETED
3054,4,781,29,INV-003054,2026-06-27 18:39:00,206832.04,17426.75,34092.95,223498.24,COMPLETED
3055,5,706,34,INV-003055,2026-05-23 09:30:00,284176.3,18087.25,47896.03,313985.08,COMPLETED
3056,4,670,29,INV-003056,2026-09-02 16:04:00,24754.89,1110.59,4255.97,27900.27,COMPLETED
3057,5,216,38,INV-003057,2026-04-30 19:02:00,147341.98,12512.53,24269.3,159098.75,COMPLETED
3058,3,542,22,INV-003058,2026-06-13 14:32:00,41900.15,2909.58,7018.3,46008.87,COMPLETED
3059,4,388,26,INV-003059,2026-05-19 19:11:00,165907.45,7519.74,28509.78,186897.49,COMPLETED
3060,2,501,9,INV-003060,2026-06-03 15:26:00,47518.83,3967.73,7839.2,51390.3,COMPLETED
3061,4,226,29,INV-003061,2026-09-17 20:15:00,154692.76,8691.75,26280.19,172281.2,COMPLETED
3062,1,42,1,INV-003062,2026-08-16 11:11:00,154711.12,1596.36,27560.66,180675.42,COMPLETED
3063,1,299,1,INV-003063,2026-07-18 15:04:00,176640.52,13311.93,29399.14,192727.73,COMPLETED
3064,1,429,6,INV-003064,2026-06-22 09:47:00,326209.54,20571.95,55014.77,360652.36,COMPLETED
3065,2,922,13,INV-003065,2026-06-27 09:25:00,170834.73,16348.24,27807.57,182294.06,COMPLETED
3066,3,677,17,INV-003066,2026-07-19 18:52:00,130472.79,6482.01,22318.33,146309.11,COMPLETED
3067,5,285,33,INV-003067,2026-05-13 20:32:00,95770.49,5222.61,16298.62,106846.5,COMPLETED
3068,1,777,1,INV-003068,2026-07-31 12:32:00,155914.96,5248.52,27119.96,177786.4,COMPLETED
3069,2,738,10,INV-003069,2026-05-31 13:21:00,21153.54,700.46,3681.55,24134.63,COMPLETED
3070,4,835,30,INV-003070,2026-07-21 10:02:00,31794.64,3384.93,5113.75,33523.46,COMPLETED
3071,4,660,26,INV-003071,2026-06-08 16:38:00,51361.33,2960.32,8712.18,57113.19,COMPLETED
3072,2,983,9,INV-003072,2026-06-21 20:22:00,238878.14,13763.99,40520.54,265634.69,COMPLETED
3073,5,754,34,INV-003073,2026-08-20 11:12:00,198151.94,9744.46,33913.34,222320.82,COMPLETED
3074,3,563,17,INV-003074,2026-06-19 11:39:00,147167.44,10246.03,24645.86,161567.27,COMPLETED
3075,2,677,14,INV-003075,2026-04-10 10:03:00,327955.74,10227.03,57191.16,374919.87,COMPLETED
3076,4,322,30,INV-003076,2026-07-17 20:38:00,332275.84,15830.45,56960.17,373405.56,COMPLETED
3077,5,885,34,INV-003077,2026-04-23 20:01:00,195250.44,7797.03,33741.62,221195.03,COMPLETED
3078,2,593,14,INV-003078,2026-04-25 17:43:00,317877.14,23146.35,53051.55,347782.34,COMPLETED
3079,1,829,6,INV-003079,2026-08-24 18:42:00,104235.24,4430.37,17964.88,117769.75,COMPLETED
3080,1,378,6,INV-003080,2026-07-13 19:15:00,149383.23,14315.67,24312.16,159379.72,COMPLETED
3081,1,452,2,INV-003081,2026-05-12 16:54:00,78890.91,3061.53,13649.28,89478.66,COMPLETED
3082,1,7,1,INV-003082,2026-05-28 13:02:00,127726.36,2482.04,22543.97,147788.29,COMPLETED
3083,3,486,17,INV-003083,2026-09-08 18:04:00,125939.28,6748.08,21454.42,140645.62,COMPLETED
3084,1,96,1,INV-003084,2026-06-03 19:36:00,161332.47,14212.02,26481.68,173602.13,COMPLETED
3085,2,728,14,INV-003085,2026-07-17 13:20:00,254334.52,16485.1,42812.9,280662.32,COMPLETED
3086,4,953,25,INV-003086,2026-09-09 18:06:00,81581.93,5716.46,13655.78,89521.25,COMPLETED
3087,4,433,29,INV-003087,2026-05-02 18:30:00,262091.33,16723.34,44166.23,289534.22,COMPLETED
3088,4,467,29,INV-003088,2026-06-15 17:46:00,122354.42,8408.14,20510.33,134456.61,COMPLETED
3089,4,35,29,INV-003089,2026-07-15 17:08:00,111168.74,10611.05,18100.38,118658.07,COMPLETED
3090,4,708,29,INV-003090,2026-04-24 19:46:00,292730.96,10995.59,50712.37,332447.74,COMPLETED
3091,4,762,25,INV-003091,2026-07-02 11:05:00,174542.02,10359.57,29552.83,193735.28,COMPLETED
3092,2,342,13,INV-003092,2026-08-06 15:39:00,90861.3,5324.01,15396.71,100934.0,COMPLETED
3093,5,428,33,INV-003093,2026-05-03 12:43:00,12806.73,345.55,2243.01,14704.19,COMPLETED
3094,4,915,29,INV-003094,2026-07-26 09:40:00,382443.43,22965.36,64706.05,424184.12,COMPLETED
3095,1,107,5,INV-003095,2026-07-16 11:40:00,168169.65,3869.26,29574.06,193874.45,COMPLETED
3096,1,694,1,INV-003096,2026-09-06 10:32:00,226808.01,20651.96,37108.09,243264.14,COMPLETED
3097,2,249,9,INV-003097,2026-04-27 17:37:00,236729.35,10767.68,40673.1,266634.77,COMPLETED
3098,4,373,29,INV-003098,2026-06-16 14:05:00,98691.12,4454.37,16962.62,111199.37,COMPLETED
3099,5,358,33,INV-003099,2026-09-15 15:25:00,77978.0,4758.94,13179.43,86398.49,COMPLETED
3100,1,458,1,INV-003100,2026-06-15 13:13:00,56069.62,3424.63,9476.09,62121.08,COMPLETED
3101,1,667,6,INV-003101,2026-07-21 18:27:00,223579.85,11188.76,38230.39,250621.48,COMPLETED
3102,3,355,18,INV-003102,2026-04-07 18:01:00,168279.56,12963.6,27956.87,183272.83,COMPLETED
3103,4,101,29,INV-003103,2026-05-23 11:58:00,239737.89,23836.25,38862.29,254763.93,COMPLETED
3104,1,590,1,INV-003104,2026-05-11 19:01:00,167662.44,12198.63,27983.49,183447.3,COMPLETED
3105,3,138,18,INV-003105,2026-08-20 15:23:00,146206.45,3080.37,25762.69,168888.77,COMPLETED
3106,2,275,10,INV-003106,2026-07-03 10:26:00,129609.27,2102.07,22951.29,150458.49,COMPLETED
3107,2,579,13,INV-003107,2026-05-02 12:46:00,41266.36,2878.96,6909.73,45297.13,COMPLETED
3108,2,363,13,INV-003108,2026-09-26 19:01:00,74121.12,4832.29,12471.99,81760.82,COMPLETED
3109,2,80,10,INV-003109,2026-08-16 19:08:00,189354.4,7724.35,32693.41,214323.46,COMPLETED
3110,4,660,29,INV-003110,2026-09-26 19:40:00,280390.9,10840.51,48519.07,318069.46,CANCELLED
3111,5,403,34,INV-003111,2026-08-10 20:05:00,115289.41,10378.88,18883.9,123794.43,COMPLETED
3112,3,285,17,INV-003112,2026-06-06 16:18:00,94668.4,3546.5,16401.94,107523.84,COMPLETED
3113,3,601,22,INV-003113,2026-06-16 19:46:00,65600.58,1436.7,11549.5,75713.38,COMPLETED
3114,2,275,10,INV-003114,2026-06-16 13:42:00,279944.08,15304.74,47635.09,312274.43,COMPLETED
3115,3,29,22,INV-003115,2026-07-19 15:11:00,142549.47,5294.87,24705.83,161960.43,COMPLETED
3116,3,562,21,INV-003116,2026-07-31 11:18:00,180714.58,6061.67,31437.52,206090.43,COMPLETED
3117,5,609,33,INV-003117,2026-08-07 17:57:00,119252.62,3755.52,20789.48,136286.58,COMPLETED
3118,2,651,10,INV-003118,2026-06-28 19:16:00,153573.57,6571.84,26460.3,173462.03,COMPLETED
3119,4,865,26,INV-003119,2026-07-02 16:36:00,141236.09,12001.41,23262.25,152496.93,COMPLETED
3120,1,239,1,INV-003120,2026-08-02 17:06:00,286742.77,21368.57,47767.35,313141.55,COMPLETED
3121,3,969,17,INV-003121,2026-07-01 10:49:00,74435.95,4559.39,12577.78,82454.34,COMPLETED
3122,3,941,21,INV-003122,2026-04-29 10:49:00,127874.7,10331.09,21157.85,138701.46,COMPLETED
3123,1,324,2,INV-003123,2026-09-02 18:27:00,313120.47,22308.39,52346.18,343158.26,COMPLETED
3124,5,823,37,INV-003124,2026-08-03 10:50:00,153877.05,4736.18,26845.36,175986.23,COMPLETED
3125,2,641,9,INV-003125,2026-07-30 11:12:00,138183.87,7923.78,23446.82,153706.91,COMPLETED
3126,4,385,25,INV-003126,2026-04-29 10:21:00,95253.61,5315.06,16188.93,106127.48,COMPLETED
3127,5,121,37,INV-003127,2026-07-31 12:14:00,204785.36,15411.41,34087.32,223461.27,COMPLETED
3128,5,912,33,INV-003128,2026-04-30 10:00:00,201435.46,6778.98,35038.16,229694.64,COMPLETED
3129,5,513,38,INV-003129,2026-09-15 19:21:00,47223.6,2968.71,7965.89,52220.78,COMPLETED
3130,5,547,37,INV-003130,2026-08-31 12:01:00,108276.76,4837.98,18618.99,122057.77,COMPLETED
3131,5,193,34,INV-003131,2026-05-19 10:25:00,560294.26,29545.96,95534.7,626283.0,COMPLETED
3132,4,22,29,INV-003132,2026-08-11 10:03:00,175668.27,12618.14,29349.03,192399.16,COMPLETED
3133,4,221,29,INV-003133,2026-08-06 13:37:00,261808.8,14394.57,44534.55,291948.78,COMPLETED
3134,5,262,34,INV-003134,2026-07-28 17:06:00,62832.52,5907.25,10246.55,67171.82,COMPLETED
3135,1,613,1,INV-003135,2026-07-28 09:40:00,68171.85,1440.72,12011.6,78742.73,COMPLETED
3136,3,87,17,INV-003136,2026-09-13 20:45:00,256421.61,12926.47,43829.12,287324.26,COMPLETED
3137,3,824,18,INV-003137,2026-06-28 18:28:00,180037.1,11020.91,30422.91,199439.1,COMPLETED
3138,5,994,33,INV-003138,2026-04-18 19:45:00,294456.94,8589.06,51456.21,337324.09,COMPLETED
3139,1,358,6,INV-003139,2026-06-03 17:57:00,225939.76,15461.27,37886.11,248364.6,COMPLETED
3140,2,858,9,INV-003140,2026-06-22 16:37:00,106483.13,4992.16,18268.38,119759.35,COMPLETED
3141,5,753,38,INV-003141,2026-08-09 09:55:00,538.28,64.06,85.36,559.58,COMPLETED
3142,2,878,10,INV-003142,2026-09-03 19:14:00,264973.3,8919.38,46089.71,302143.63,COMPLETED
3143,4,195,25,INV-003143,2026-06-25 19:50:00,37798.73,1108.25,6604.29,43294.77,COMPLETED
3144,3,45,18,INV-003144,2026-06-10 20:25:00,189044.66,7073.94,32754.73,214725.45,COMPLETED
3145,4,974,26,INV-003145,2026-08-21 16:21:00,187813.87,10110.0,31986.69,209690.56,COMPLETED
3146,3,841,18,INV-003146,2026-09-28 18:26:00,148167.2,10827.47,24721.16,162060.89,COMPLETED
3147,1,777,6,INV-003147,2026-08-20 20:50:00,226457.8,19680.48,37219.91,243997.23,COMPLETED
3148,2,558,9,INV-003148,2026-08-18 12:56:00,44221.61,3019.54,7416.37,48618.44,COMPLETED
3149,3,917,22,INV-003149,2026-07-21 20:24:00,92765.31,3983.76,15980.68,104762.23,COMPLETED
3150,4,390,29,INV-003150,2026-06-28 18:46:00,27718.04,1350.96,4746.07,31113.15,COMPLETED
3151,1,395,6,INV-003151,2026-06-19 12:13:00,191308.58,17313.7,31319.08,205313.96,COMPLETED
3152,1,137,5,INV-003152,2026-09-05 11:28:00,69452.86,6046.03,11413.23,74820.06,COMPLETED
3153,3,49,18,INV-003153,2026-09-10 20:44:00,33639.08,2012.95,5692.7,37318.83,COMPLETED
3154,1,42,1,INV-003154,2026-09-04 10:01:00,291640.99,16338.24,49554.49,324857.24,COMPLETED
3155,3,22,17,INV-003155,2026-05-22 17:53:00,171897.41,6487.68,29773.75,195183.48,COMPLETED
3156,4,366,30,INV-003156,2026-07-28 16:50:00,103806.65,7934.43,17257.0,113129.22,COMPLETED
3157,2,465,13,INV-003157,2026-06-06 18:45:00,153281.12,626.55,27477.82,180132.39,COMPLETED
3158,1,149,2,INV-003158,2026-05-12 12:41:00,217614.96,10364.34,37305.11,244555.73,COMPLETED
3159,3,717,17,INV-003159,2026-06-07 11:07:00,150716.83,5204.03,26192.31,171705.11,COMPLETED
3160,2,452,10,INV-003160,2026-07-13 13:42:00,101273.19,8525.26,16694.63,109442.56,COMPLETED
3161,4,452,30,INV-003161,2026-09-11 19:13:00,73144.32,4929.67,12278.64,80493.29,COMPLETED
3162,4,165,30,INV-003162,2026-04-14 20:30:00,71337.53,5199.15,11904.91,78043.29,COMPLETED
3163,2,14,13,INV-003163,2026-07-23 12:39:00,257820.82,12030.62,44242.23,290032.43,COMPLETED
3164,4,74,26,INV-003164,2026-07-30 20:48:00,225000.39,11620.95,38408.3,251787.74,COMPLETED
3165,3,352,22,INV-003165,2026-05-23 19:02:00,134686.68,6221.35,23123.76,151589.09,COMPLETED
3166,3,342,21,INV-003166,2026-04-01 10:08:00,104898.03,2753.51,18386.02,120530.54,CANCELLED
3167,3,58,18,INV-003167,2026-08-20 18:33:00,157296.57,10191.95,26478.83,173583.45,COMPLETED
3168,4,714,26,INV-003168,2026-08-19 11:35:00,74515.48,4761.03,12555.8,82310.25,COMPLETED
3169,4,227,30,INV-003169,2026-06-23 20:54:00,83396.37,4013.41,14288.93,93671.89,COMPLETED
3170,2,122,9,INV-003170,2026-05-12 14:14:00,303337.99,15959.0,51728.22,339107.21,COMPLETED
3171,3,216,17,INV-003171,2026-09-09 10:17:00,439774.61,22500.58,75109.32,492383.35,COMPLETED
3172,3,1,21,INV-003172,2026-05-10 15:52:00,251534.61,24169.95,40925.64,268290.3,COMPLETED
3173,4,101,25,INV-003173,2026-04-08 15:40:00,109709.99,5742.81,18714.09,122681.27,COMPLETED
3174,4,972,25,INV-003174,2026-06-05 10:27:00,88351.28,5087.37,14987.5,98251.41,COMPLETED
3175,1,896,1,INV-003175,2026-09-16 19:54:00,172150.49,13392.74,28576.39,187334.14,CANCELLED
3176,5,486,38,INV-003176,2026-08-22 17:54:00,121376.52,7396.45,20516.41,134496.48,COMPLETED
3177,5,759,33,INV-003177,2026-07-01 13:10:00,109300.08,6877.1,18436.13,120859.11,COMPLETED
3178,5,500,38,INV-003178,2026-08-26 14:54:00,137059.16,10030.69,22865.12,149893.59,COMPLETED
3179,1,468,2,INV-003179,2026-09-09 18:02:00,103702.2,8391.16,17155.99,112467.03,COMPLETED
3180,4,236,26,INV-003180,2026-04-03 18:44:00,241622.2,11601.0,41403.81,271425.01,COMPLETED
3181,4,248,29,INV-003181,2026-07-23 13:58:00,153883.05,12410.55,25465.06,166937.56,COMPLETED
3182,4,602,29,INV-003182,2026-07-05 11:19:00,46047.36,650.2,8171.49,53568.65,COMPLETED
3183,5,323,34,INV-003183,2026-07-14 19:15:00,56027.46,1391.98,9834.38,64469.86,COMPLETED
3184,1,586,5,INV-003184,2026-09-18 10:17:00,3800.37,40.93,676.7,4436.14,COMPLETED
3185,4,479,29,INV-003185,2026-06-06 20:35:00,13144.32,896.96,2204.52,14451.88,COMPLETED
3186,2,798,10,INV-003186,2026-08-07 09:11:00,11054.94,427.31,1912.97,12540.6,COMPLETED
3187,4,522,25,INV-003187,2026-04-07 20:31:00,7308.18,404.59,1242.65,8146.24,COMPLETED
3188,3,420,18,INV-003188,2026-09-25 13:10:00,229646.37,17817.26,38129.24,249958.35,COMPLETED
3189,3,416,22,INV-003189,2026-07-21 18:40:00,82464.41,5467.06,13859.52,90856.87,COMPLETED
3190,1,1000,6,INV-003190,2026-04-07 17:56:00,250309.89,17908.83,41832.19,274233.25,COMPLETED
3191,2,399,13,INV-003191,2026-09-27 18:32:00,30501.09,1019.35,5306.71,34788.45,COMPLETED
3192,5,430,34,INV-003192,2026-09-25 11:42:00,254960.89,12940.59,43563.66,285583.96,COMPLETED
3193,4,411,26,INV-003193,2026-09-11 09:53:00,76699.07,672.72,13684.74,89711.09,COMPLETED
3194,4,641,26,INV-003194,2026-06-08 15:20:00,93072.57,1891.2,16412.64,107594.01,COMPLETED
3195,5,793,34,INV-003195,2026-05-15 20:57:00,103556.61,2470.9,18195.43,119281.14,COMPLETED
3196,1,570,2,INV-003196,2026-08-13 19:42:00,36838.59,2395.73,6199.71,40642.57,COMPLETED
3197,2,181,10,INV-003197,2026-08-07 20:19:00,226353.06,6720.79,39533.81,259166.08,COMPLETED
3198,2,798,9,INV-003198,2026-06-06 14:42:00,68325.41,1917.72,11953.39,78361.08,CANCELLED
3199,5,822,38,INV-003199,2026-06-07 13:10:00,107962.86,4908.91,18549.72,121603.67,COMPLETED
3200,1,803,2,INV-003200,2026-07-22 13:54:00,42653.94,3233.24,7095.73,46516.43,COMPLETED
3201,4,250,30,INV-003201,2026-07-21 20:42:00,275454.83,25946.48,44911.51,294419.86,COMPLETED
3202,2,511,10,INV-003202,2026-08-29 09:11:00,119809.91,9886.32,19786.25,129709.84,COMPLETED
3203,4,781,30,INV-003203,2026-04-27 18:10:00,196787.13,10345.93,33559.42,220000.62,COMPLETED
3204,2,673,13,INV-003204,2026-05-05 16:20:00,188869.28,4699.11,33150.64,217320.81,COMPLETED
3205,4,471,30,INV-003205,2026-06-15 16:15:00,106977.03,8845.22,17663.72,115795.53,COMPLETED
3206,4,718,25,INV-003206,2026-07-12 16:40:00,114537.07,9193.39,18961.86,124305.54,COMPLETED
3207,3,920,17,INV-003207,2026-08-15 16:51:00,85407.15,7244.49,14069.28,92231.94,COMPLETED
3208,2,57,10,INV-003208,2026-05-29 17:54:00,131533.86,4253.38,22910.49,150190.97,COMPLETED
3209,2,155,9,INV-003209,2026-08-25 14:50:00,11440.62,756.22,1923.19,12607.59,COMPLETED
3210,5,719,38,INV-003210,2026-07-03 18:54:00,247470.4,22265.25,40536.93,265742.08,COMPLETED
3211,2,284,9,INV-003211,2026-07-19 16:35:00,236327.68,6543.84,41361.09,271144.93,COMPLETED
3212,3,846,21,INV-003212,2026-06-10 18:04:00,36748.17,360.97,6549.7,42936.9,COMPLETED
3213,2,797,14,INV-003213,2026-05-15 14:21:00,194726.25,5565.26,34048.98,223209.97,COMPLETED
3214,2,708,14,INV-003214,2026-07-05 11:07:00,109476.91,5893.21,18645.07,122228.77,COMPLETED
3215,2,428,10,INV-003215,2026-07-28 16:48:00,30165.54,1005.22,5248.86,34409.18,COMPLETED
3216,3,294,22,INV-003216,2026-04-16 18:24:00,578928.26,38556.24,97266.96,637638.98,COMPLETED
3217,2,787,14,INV-003217,2026-04-05 14:15:00,196470.15,13483.01,32937.69,215924.83,COMPLETED
3218,4,489,26,INV-003218,2026-09-11 13:04:00,247736.11,12323.62,42374.24,277786.73,CANCELLED
3219,3,895,21,INV-003219,2026-07-04 13:42:00,162429.48,14513.28,26624.92,174541.12,COMPLETED
3220,4,945,30,INV-003220,2026-04-20 16:19:00,73288.44,4907.87,12308.5,80689.07,COMPLETED
3221,1,124,6,INV-003221,2026-05-26 16:27:00,428534.66,19759.19,73579.58,482355.05,COMPLETED
3222,1,970,2,INV-003222,2026-04-22 11:57:00,215668.37,10199.8,36984.33,242452.9,COMPLETED
3223,2,325,10,INV-003223,2026-07-17 11:51:00,230299.7,21195.28,37638.8,246743.22,COMPLETED
3224,2,48,10,INV-003224,2026-08-23 10:34:00,164927.9,17811.42,26480.97,173597.45,COMPLETED
3225,4,27,26,INV-003225,2026-05-20 10:31:00,78583.37,6457.18,12982.71,85108.9,COMPLETED
3226,4,908,30,INV-003226,2026-09-22 17:51:00,71071.67,5154.46,11865.1,77782.31,COMPLETED
3227,2,521,9,INV-003227,2026-06-09 18:47:00,233523.0,12465.23,39790.4,260848.17,COMPLETED
3228,3,959,17,INV-003228,2026-04-26 09:53:00,356611.5,15526.63,61395.27,402480.14,COMPLETED
3229,2,678,9,INV-003229,2026-05-11 11:30:00,62857.77,5408.24,10340.92,67790.45,COMPLETED
3230,1,591,6,INV-003230,2026-06-21 17:08:00,227194.46,21510.06,37023.19,242707.59,COMPLETED
3231,1,328,6,INV-003231,2026-04-21 15:12:00,280719.56,18021.28,47285.69,309983.97,COMPLETED
3232,3,223,17,INV-003232,2026-07-12 10:18:00,134654.31,6477.01,23071.91,151249.21,COMPLETED
3233,3,655,17,INV-003233,2026-06-09 18:11:00,59468.76,5068.15,9792.11,64192.72,COMPLETED
3234,1,680,1,INV-003234,2026-08-03 13:56:00,192019.87,8862.35,32968.35,216125.87,COMPLETED
3235,3,83,18,INV-003235,2026-07-22 11:27:00,41253.01,2678.73,6943.37,45517.65,COMPLETED
3236,2,774,9,INV-003236,2026-06-04 16:43:00,394952.13,18719.8,67721.83,443954.16,COMPLETED
3237,4,639,25,INV-003237,2026-07-13 14:04:00,131214.4,4500.62,22808.48,149522.26,COMPLETED
3238,2,487,9,INV-003238,2026-09-11 16:32:00,215368.87,16901.01,35724.22,234192.08,COMPLETED
3239,3,320,18,INV-003239,2026-08-17 14:55:00,160109.32,9263.52,27152.25,177998.05,COMPLETED
3240,1,837,5,INV-003240,2026-07-08 11:24:00,95985.1,2651.33,16800.07,110133.84,COMPLETED
3241,3,41,22,INV-003241,2026-07-12 19:25:00,181030.89,8107.4,31126.23,204049.72,COMPLETED
3242,1,596,5,INV-003242,2026-06-03 19:09:00,194476.45,17321.86,31887.83,209042.42,COMPLETED
3243,4,213,29,INV-003243,2026-06-06 16:39:00,84943.6,2727.94,14798.81,97014.47,COMPLETED
3244,4,478,25,INV-003244,2026-08-22 09:32:00,138399.92,10604.88,23003.11,150798.15,COMPLETED
3245,1,137,2,INV-003245,2026-08-25 10:23:00,93423.76,8356.46,15312.11,100379.41,COMPLETED
3246,4,930,30,INV-003246,2026-04-30 15:10:00,80278.76,2709.14,13962.53,91532.15,COMPLETED
3247,4,773,30,INV-003247,2026-06-15 13:25:00,9649.9,342.79,1675.28,10982.39,COMPLETED
3248,5,500,33,INV-003248,2026-06-22 09:29:00,350471.07,22841.98,58973.24,386602.33,COMPLETED
3249,1,860,1,INV-003249,2026-09-11 12:28:00,186519.98,14559.93,30952.81,202912.86,COMPLETED
3250,2,456,10,INV-003250,2026-08-14 15:02:00,126620.92,4643.57,21955.92,143933.27,COMPLETED
3251,1,145,1,INV-003251,2026-04-17 19:38:00,165762.0,14726.66,27186.36,178221.7,COMPLETED
3252,4,345,25,INV-003252,2026-09-07 13:16:00,119040.82,4863.05,20551.99,134729.76,COMPLETED
3253,5,2,38,INV-003253,2026-09-09 16:04:00,229530.53,10618.6,39404.14,258316.07,COMPLETED
3254,1,294,1,INV-003254,2026-07-14 17:31:00,455501.2,30679.87,76467.83,501289.16,COMPLETED
3255,3,291,21,INV-003255,2026-04-25 16:05:00,17075.64,1020.19,2889.98,18945.43,COMPLETED
3256,2,773,14,INV-003256,2026-08-25 09:29:00,103125.76,3108.44,18003.12,118020.44,COMPLETED
3257,2,777,13,INV-003257,2026-08-13 20:12:00,372963.08,9046.66,65504.95,429421.37,COMPLETED
3258,2,897,14,INV-003258,2026-06-03 11:23:00,170663.05,10638.5,28804.41,188828.96,COMPLETED
3259,2,60,13,INV-003259,2026-07-18 12:19:00,164180.06,10398.26,27680.72,181462.52,COMPLETED
3260,5,814,33,INV-003260,2026-09-02 14:47:00,74581.54,1983.4,13067.67,85665.81,COMPLETED
3261,1,774,5,INV-003261,2026-06-09 12:13:00,35740.44,2504.31,5982.5,39218.63,COMPLETED
3262,3,680,17,INV-003262,2026-08-27 15:44:00,151573.64,15954.28,24411.48,160030.84,COMPLETED
3263,5,383,38,INV-003263,2026-06-23 17:42:00,188427.65,10554.26,32017.21,209890.6,COMPLETED
3264,3,993,21,INV-003264,2026-05-07 18:11:00,154458.08,6232.04,26680.69,174906.73,COMPLETED
3265,2,435,9,INV-003265,2026-07-08 09:39:00,303835.98,4744.27,53836.51,352928.22,COMPLETED
3266,3,903,22,INV-003266,2026-08-06 16:39:00,143691.56,1436.31,25605.94,167861.19,COMPLETED
3267,2,70,10,INV-003267,2026-08-04 14:40:00,215968.09,17684.58,35691.04,233974.55,COMPLETED
3268,5,522,37,INV-003268,2026-05-07 16:56:00,253607.38,19432.71,42151.44,276326.11,COMPLETED
3269,1,686,5,INV-003269,2026-09-21 20:56:00,184960.16,9324.57,31614.4,207249.99,COMPLETED
3270,1,971,5,INV-003270,2026-06-30 14:51:00,55521.92,6201.83,8877.62,58197.71,COMPLETED
3271,5,815,38,INV-003271,2026-09-03 15:56:00,10151.37,675.85,1705.59,11181.11,COMPLETED
3272,1,854,6,INV-003272,2026-05-03 18:29:00,18681.33,1634.76,3068.38,20114.95,COMPLETED
3273,1,777,5,INV-003273,2026-07-13 11:41:00,226919.03,17614.24,37674.86,246979.65,CANCELLED
3274,4,352,25,INV-003274,2026-06-08 12:21:00,39534.89,3235.27,6533.93,42833.55,COMPLETED
3275,5,710,33,INV-003275,2026-05-04 19:15:00,170848.69,11691.56,28648.29,187805.42,COMPLETED
3276,5,124,34,INV-003276,2026-05-17 12:51:00,55559.56,5737.74,8967.93,58789.75,COMPLETED
3277,4,979,29,INV-003277,2026-05-23 10:28:00,102997.8,9940.13,16750.38,109808.05,COMPLETED
3278,1,781,6,INV-003278,2026-07-26 09:41:00,70902.44,4548.0,11943.8,78298.24,COMPLETED
3279,3,945,21,INV-003279,2026-06-15 14:39:00,58517.55,1300.48,10299.07,67516.14,COMPLETED
3280,5,198,38,INV-003280,2026-06-05 10:15:00,207996.18,21921.65,33493.42,219567.95,COMPLETED
3281,5,709,38,INV-003281,2026-05-04 19:37:00,159615.15,12161.24,26541.71,173995.62,COMPLETED
3282,4,800,26,INV-003282,2026-04-06 16:48:00,335734.49,13910.42,57928.33,379752.4,COMPLETED
3283,4,130,30,INV-003283,2026-06-25 11:28:00,325122.46,27262.26,53614.83,351475.03,COMPLETED
3284,5,16,34,INV-003284,2026-07-16 12:46:00,372966.78,14858.63,64459.47,422567.62,CANCELLED
3285,3,831,18,INV-003285,2026-05-29 16:15:00,301025.2,24199.07,49828.7,326654.83,COMPLETED
3286,2,870,13,INV-003286,2026-05-27 14:01:00,167012.0,6628.73,28868.99,189252.26,COMPLETED
3287,3,896,22,INV-003287,2026-04-29 12:59:00,256737.13,20768.57,42474.34,278442.9,COMPLETED
3288,1,752,1,INV-003288,2026-06-18 09:40:00,84725.89,1478.4,14984.55,98232.04,COMPLETED
3289,2,382,13,INV-003289,2026-05-24 14:53:00,3813.54,57.33,676.12,4432.33,COMPLETED
3290,5,413,34,INV-003290,2026-07-06 15:36:00,217416.7,18333.43,35834.99,234918.26,COMPLETED
3291,3,860,17,INV-003291,2026-05-27 20:41:00,223222.06,10182.98,38347.04,251386.12,COMPLETED
3292,3,555,18,INV-003292,2026-05-24 10:32:00,279676.05,19271.32,46872.85,307277.58,COMPLETED
3293,2,621,13,INV-003293,2026-07-28 16:00:00,297729.57,19557.83,50070.92,328242.66,COMPLETED
3294,3,186,17,INV-003294,2026-07-18 16:43:00,124986.84,5911.08,21433.63,140509.39,COMPLETED
3295,2,227,10,INV-003295,2026-06-17 19:38:00,59959.72,3111.29,10232.71,67081.14,COMPLETED
3296,4,351,25,INV-003296,2026-08-24 15:28:00,235528.57,9554.96,40675.25,266648.86,COMPLETED
3297,5,596,38,INV-003297,2026-05-23 17:37:00,50846.68,5097.38,8234.88,53984.18,COMPLETED
3298,4,772,26,INV-003298,2026-06-26 19:41:00,60626.5,3610.66,10262.85,67278.69,COMPLETED
3299,3,798,21,INV-003299,2026-07-24 17:27:00,314064.4,15294.23,53778.63,352548.8,COMPLETED
3300,4,731,25,INV-003300,2026-04-30 14:14:00,218232.06,12851.71,36968.47,242348.82,COMPLETED
3301,4,173,29,INV-003301,2026-07-09 10:19:00,248529.06,9830.92,42965.67,281663.81,CANCELLED
3302,2,873,13,INV-003302,2026-08-07 18:41:00,41206.16,2977.47,6881.17,45109.86,COMPLETED
3303,1,38,1,INV-003303,2026-04-08 13:41:00,274161.06,24418.63,44953.63,294696.06,COMPLETED
3304,5,9,33,INV-003304,2026-08-20 15:27:00,73903.37,4448.86,12501.8,81956.31,COMPLETED
3305,2,228,10,INV-003305,2026-07-02 18:54:00,235428.46,8787.63,40795.35,267436.18,COMPLETED
3306,3,776,18,INV-003306,2026-08-06 09:45:00,311737.2,15512.98,53320.36,349544.58,COMPLETED
3307,3,106,22,INV-003307,2026-07-20 11:53:00,195637.15,11257.84,33188.27,217567.58,COMPLETED
3308,5,415,37,INV-003308,2026-04-12 10:27:00,215604.11,9753.37,37053.13,242903.87,COMPLETED
3309,2,43,10,INV-003309,2026-05-29 19:25:00,63055.24,952.55,11178.48,73281.17,COMPLETED
3310,5,115,38,INV-003310,2026-09-09 14:46:00,190457.69,18847.06,30889.91,202500.54,COMPLETED
3311,5,330,38,INV-003311,2026-08-16 17:01:00,181809.93,6558.75,31545.22,206796.4,COMPLETED
3312,2,214,9,INV-003312,2026-09-06 11:50:00,54600.59,5834.83,8777.83,57543.59,COMPLETED
3313,4,926,26,INV-003313,2026-04-08 13:41:00,256852.53,21667.12,42333.37,277518.78,COMPLETED
3314,1,184,1,INV-003314,2026-09-01 11:37:00,161396.81,6499.35,27881.54,182779.0,COMPLETED
3315,4,617,29,INV-003315,2026-09-11 10:59:00,86028.0,5559.71,14484.29,94952.58,COMPLETED
3316,4,639,29,INV-003316,2026-06-01 17:53:00,43307.23,3557.72,7154.91,46904.42,COMPLETED
3317,5,851,34,INV-003317,2026-05-31 15:47:00,171744.97,2052.27,30544.68,200237.38,COMPLETED
3318,3,518,17,INV-003318,2026-04-29 19:04:00,103702.2,8231.41,17184.74,112655.53,COMPLETED
3319,2,761,9,INV-003319,2026-09-06 16:47:00,250890.09,10959.85,43187.45,283117.69,COMPLETED
3320,4,759,29,INV-003320,2026-07-22 17:15:00,12901.47,414.08,2247.73,14735.12,COMPLETED
3321,3,156,21,INV-003321,2026-06-26 12:31:00,87703.59,3641.89,15131.1,99192.8,COMPLETED
3322,5,520,34,INV-003322,2026-09-19 19:12:00,37893.41,1701.5,6514.54,42706.45,COMPLETED
3323,3,757,18,INV-003323,2026-08-30 16:49:00,201564.43,13808.68,33796.03,221551.78,COMPLETED
3324,1,781,6,INV-003324,2026-05-11 15:53:00,575314.4,46206.41,95239.44,624347.43,COMPLETED
3325,1,175,5,INV-003325,2026-08-29 16:23:00,363774.06,10762.99,63541.99,416553.06,COMPLETED
3326,2,918,13,INV-003326,2026-05-01 14:56:00,45116.92,4817.43,7253.91,47553.4,COMPLETED
3327,3,429,21,INV-003327,2026-08-23 09:23:00,38184.66,2947.31,6342.72,41580.07,COMPLETED
3328,1,767,6,INV-003328,2026-04-04 13:08:00,127993.38,7362.71,21713.52,142344.19,COMPLETED
3329,5,340,38,INV-003329,2026-05-03 15:14:00,112585.81,3502.54,19634.98,128718.25,COMPLETED
3330,2,62,9,INV-003330,2026-05-26 16:47:00,302929.48,11128.17,52524.23,344325.54,COMPLETED
3331,1,172,2,INV-003331,2026-08-08 15:54:00,3827.59,174.79,657.5,4310.3,COMPLETED
3332,3,829,18,INV-003332,2026-06-17 18:58:00,23411.66,2361.67,3789.0,24838.99,COMPLETED
3333,3,642,22,INV-003333,2026-06-15 20:14:00,150051.49,15466.54,24225.29,158810.24,COMPLETED
3334,1,369,1,INV-003334,2026-09-17 17:22:00,182771.38,4176.24,32147.12,210742.26,COMPLETED
3335,5,627,37,INV-003335,2026-04-17 18:41:00,119993.38,5781.67,20558.11,134769.82,COMPLETED
3336,4,889,29,INV-003336,2026-09-16 09:54:00,43843.33,3036.79,7345.17,48151.71,COMPLETED
3337,4,461,26,INV-003337,2026-08-31 14:04:00,66642.25,3218.89,11416.21,74839.57,COMPLETED
3338,4,645,25,INV-003338,2026-05-13 09:07:00,215188.64,14459.51,36131.24,236860.37,COMPLETED
3339,1,754,1,INV-003339,2026-04-08 17:46:00,100506.78,9788.41,16329.3,107047.67,COMPLETED
3340,2,377,9,INV-003340,2026-07-02 12:41:00,192979.81,11216.37,32717.42,214480.86,COMPLETED
3341,5,103,38,INV-003341,2026-05-18 19:10:00,239272.47,20661.1,39350.05,257961.42,COMPLETED
3342,2,40,13,INV-003342,2026-09-11 09:11:00,201643.28,4618.19,35464.52,232489.61,COMPLETED
3343,2,355,10,INV-003343,2026-04-21 19:35:00,53248.24,5141.07,8659.29,56766.46,COMPLETED
3344,3,893,18,INV-003344,2026-08-15 20:32:00,215476.8,23174.23,34614.45,226917.02,COMPLETED
3345,5,627,38,INV-003345,2026-05-21 18:42:00,47031.06,4541.85,7648.06,50137.27,COMPLETED
3346,3,755,18,INV-003346,2026-05-30 09:18:00,145702.74,10645.16,24310.36,159367.94,COMPLETED
3347,4,300,30,INV-003347,2026-06-14 12:15:00,45746.58,1116.48,8033.42,52663.52,COMPLETED
3348,1,119,1,INV-003348,2026-09-12 13:00:00,247401.92,15111.64,41812.25,274102.53,COMPLETED
3349,3,996,22,INV-003349,2026-06-26 14:01:00,221818.57,16604.59,36938.52,242152.5,COMPLETED
3350,4,315,25,INV-003350,2026-07-07 12:22:00,409025.76,13524.92,71190.15,466690.99,COMPLETED
3351,5,783,34,INV-003351,2026-05-10 11:30:00,28662.45,822.27,5011.23,32851.41,COMPLETED
3352,3,164,17,INV-003352,2026-07-07 14:21:00,189362.52,8313.83,32588.76,213637.45,COMPLETED
3353,2,486,10,INV-003353,2026-05-28 16:40:00,115833.44,11952.67,18698.54,122579.31,COMPLETED
3354,1,154,6,INV-003354,2026-04-19 20:18:00,258978.0,16754.82,43600.17,285823.35,COMPLETED
3355,3,924,17,INV-003355,2026-06-07 10:54:00,162460.2,13502.55,26812.38,175770.03,COMPLETED
3356,4,370,30,INV-003356,2026-05-05 17:40:00,58935.51,3901.31,9906.15,64940.35,COMPLETED
3357,4,383,29,INV-003357,2026-07-15 14:54:00,330028.37,26341.99,54663.54,358349.92,COMPLETED
3358,2,300,9,INV-003358,2026-07-10 12:03:00,332639.69,11620.74,57783.41,378802.36,COMPLETED
3359,3,289,22,INV-003359,2026-08-01 13:43:00,274687.98,20722.5,45713.79,299679.27,COMPLETED
3360,2,825,14,INV-003360,2026-06-11 09:39:00,219819.14,7248.89,38262.65,250832.9,COMPLETED
3361,2,889,13,INV-003361,2026-07-09 11:51:00,44404.59,1550.91,7713.66,50567.34,COMPLETED
3362,4,866,30,INV-003362,2026-04-21 17:34:00,338166.75,8569.15,59327.57,388925.17,COMPLETED
3363,4,358,30,INV-003363,2026-08-29 13:51:00,57880.02,3379.32,9810.13,64310.83,COMPLETED
3364,3,231,21,INV-003364,2026-05-28 16:46:00,174509.85,11780.58,29291.27,192020.54,COMPLETED
3365,4,40,26,INV-003365,2026-04-10 16:37:00,191961.83,15912.69,31688.85,207737.99,COMPLETED
3366,4,393,26,INV-003366,2026-09-12 18:33:00,143409.89,11573.64,23730.53,155566.78,COMPLETED
3367,1,636,1,INV-003367,2026-06-15 16:39:00,109141.2,7396.87,18313.97,120058.3,COMPLETED
3368,5,558,33,INV-003368,2026-07-23 18:56:00,185703.0,16255.56,30500.54,199947.98,COMPLETED
3369,5,395,38,INV-003369,2026-05-29 14:08:00,286906.46,11638.5,49548.24,324816.2,COMPLETED
3370,1,325,6,INV-003370,2026-05-09 17:41:00,77321.72,5108.55,12998.37,85211.54,COMPLETED
3371,5,383,34,INV-003371,2026-07-16 20:04:00,114266.78,3996.05,19848.73,130119.46,COMPLETED
3372,1,334,6,INV-003372,2026-04-24 16:44:00,446166.44,37001.77,73649.65,482814.32,COMPLETED
3373,5,202,34,INV-003373,2026-08-25 11:12:00,165964.38,10569.57,27971.07,183365.88,CANCELLED
3374,3,455,18,INV-003374,2026-05-24 14:36:00,309557.05,11165.88,53710.41,352101.58,COMPLETED
3375,5,924,37,INV-003375,2026-07-30 10:32:00,226638.56,9704.78,39048.08,255981.86,COMPLETED
3376,4,54,25,INV-003376,2026-05-16 11:00:00,67535.66,5583.29,11151.43,73103.8,COMPLETED
3377,5,140,34,INV-003377,2026-06-03 14:20:00,196825.8,11398.77,33376.87,218803.9,COMPLETED
3378,1,759,2,INV-003378,2026-04-06 11:23:00,81862.08,3618.09,14083.91,92327.9,COMPLETED
3379,2,712,13,INV-003379,2026-06-20 10:28:00,251748.23,9000.89,43694.52,286441.86,CANCELLED
3380,2,992,9,INV-003380,2026-09-17 20:12:00,49541.78,5084.03,8002.39,52460.14,COMPLETED
3381,2,964,13,INV-003381,2026-08-14 18:39:00,69450.41,3385.88,11891.61,77956.14,COMPLETED
3382,3,593,21,INV-003382,2026-04-16 16:06:00,172056.0,5242.32,30026.46,196840.14,COMPLETED
3383,4,528,30,INV-003383,2026-06-20 17:59:00,43844.62,748.37,7757.32,50853.57,COMPLETED
3384,1,196,5,INV-003384,2026-09-19 17:47:00,279957.32,17580.36,47227.85,309604.81,COMPLETED
3385,4,238,26,INV-003385,2026-08-10 09:55:00,41109.17,1263.81,7172.16,47017.52,COMPLETED
3386,4,651,29,INV-003386,2026-06-17 10:50:00,56043.99,5149.16,9161.07,60055.9,COMPLETED
3387,1,916,1,INV-003387,2026-09-26 19:35:00,131256.83,12553.31,21366.64,140070.16,COMPLETED
3388,3,661,22,INV-003388,2026-06-12 15:29:00,205657.04,2766.3,36520.33,239411.07,COMPLETED
3389,2,182,9,INV-003389,2026-06-11 12:09:00,134556.32,9242.89,22556.42,147869.85,COMPLETED
3390,4,474,25,INV-003390,2026-06-10 09:14:00,89063.79,6173.07,14920.33,97811.05,COMPLETED
3391,3,401,17,INV-003391,2026-08-23 16:51:00,28212.87,2427.99,4641.28,30426.16,COMPLETED
3392,5,135,34,INV-003392,2026-09-05 17:12:00,74314.0,1289.38,13144.43,86169.05,COMPLETED
3393,4,260,25,INV-003393,2026-09-18 14:50:00,145778.04,16998.79,23180.26,151959.51,COMPLETED
3394,1,143,6,INV-003394,2026-08-07 16:12:00,246347.28,21866.5,40406.54,264887.32,COMPLETED
3395,5,123,34,INV-003395,2026-07-07 09:41:00,145190.72,5255.96,25188.26,165123.02,COMPLETED
3396,3,937,22,INV-003396,2026-04-25 11:33:00,158271.16,11512.37,26416.58,173175.37,COMPLETED
3397,2,108,9,INV-003397,2026-04-10 20:52:00,205437.89,9676.31,35237.08,230998.66,COMPLETED
3398,2,9,9,INV-003398,2026-06-09 11:54:00,194178.9,12179.21,32759.94,214759.63,COMPLETED
3399,3,826,17,INV-003399,2026-08-07 14:20:00,72289.52,3535.72,12375.69,81129.49,COMPLETED
3400,5,637,37,INV-003400,2026-09-11 17:55:00,47034.21,3597.51,7818.6,51255.3,COMPLETED
3401,3,108,18,INV-003401,2026-08-23 17:36:00,133429.95,5558.12,23016.93,150888.76,COMPLETED
3402,1,145,5,INV-003402,2026-08-23 16:37:00,148735.8,6768.73,25554.07,167521.14,COMPLETED
3403,2,383,10,INV-003403,2026-05-27 12:08:00,128001.74,10108.05,21220.87,139114.56,COMPLETED
3404,1,688,2,INV-003404,2026-04-29 10:47:00,203009.64,9782.21,34780.94,228008.37,COMPLETED
3405,1,852,6,INV-003405,2026-08-15 10:56:00,3238.17,95.9,565.61,3707.88,COMPLETED
3406,1,963,5,INV-003406,2026-04-25 20:19:00,329939.87,12860.76,57074.24,374153.35,COMPLETED
3407,2,456,9,INV-003407,2026-08-21 14:27:00,50997.96,1587.64,8893.85,58304.17,COMPLETED
3408,2,258,9,INV-003408,2026-06-01 10:58:00,237067.12,11180.64,40659.57,266546.05,COMPLETED
3409,2,782,10,INV-003409,2026-05-09 09:36:00,235752.46,11495.23,40366.3,264623.53,COMPLETED
3410,3,116,22,INV-003410,2026-08-10 16:56:00,36489.98,2085.95,6192.73,40596.76,COMPLETED
3411,4,552,30,INV-003411,2026-05-30 10:19:00,184423.15,11603.42,31107.56,203927.29,COMPLETED
3412,4,219,30,INV-003412,2026-05-09 12:31:00,53092.93,2626.96,9083.87,59549.84,COMPLETED
3413,4,530,25,INV-003413,2026-07-13 19:39:00,201651.71,19738.83,32744.32,214657.2,COMPLETED
3414,4,683,29,INV-003414,2026-08-13 11:24:00,87586.64,7743.41,14371.78,94215.01,COMPLETED
3415,5,160,33,INV-003415,2026-06-26 17:59:00,8406.75,872.33,1356.2,8890.62,COMPLETED
3416,4,49,30,INV-003416,2026-06-16 20:19:00,38586.68,1233.3,6723.61,44076.99,COMPLETED
3417,4,433,26,INV-003417,2026-04-19 15:03:00,38387.42,2874.06,6392.41,41905.77,COMPLETED
3418,1,794,5,INV-003418,2026-05-26 10:53:00,208852.64,16796.74,34570.06,226625.96,COMPLETED
3419,5,505,34,INV-003419,2026-07-30 20:30:00,30485.7,3261.45,4900.37,32124.62,COMPLETED
3420,5,656,38,INV-003420,2026-07-15 10:08:00,197041.83,11041.74,33480.01,219480.1,COMPLETED
3421,1,935,5,INV-003421,2026-04-10 17:27:00,340064.24,18389.72,57901.41,379575.93,COMPLETED
3422,4,645,26,INV-003422,2026-09-26 17:47:00,240335.79,9077.11,41626.55,272885.23,COMPLETED
3423,4,117,25,INV-003423,2026-07-17 18:24:00,69512.38,4398.67,11720.47,76834.18,COMPLETED
3424,3,690,18,INV-003424,2026-08-22 10:13:00,185352.44,6704.98,32156.54,210804.0,CANCELLED
3425,3,559,21,INV-003425,2026-08-23 15:14:00,234058.91,12795.32,39827.44,261091.03,COMPLETED
3426,3,593,17,INV-003426,2026-06-20 18:10:00,103217.24,6273.83,17449.82,114393.23,COMPLETED
3427,4,413,30,INV-003427,2026-09-18 09:10:00,324373.08,27682.74,53404.26,350094.6,COMPLETED
3428,5,990,34,INV-003428,2026-07-08 10:47:00,6572.16,439.85,1103.82,7236.13,COMPLETED
3429,3,605,21,INV-003429,2026-05-21 13:29:00,154740.57,11348.46,25810.58,169202.69,COMPLETED
3430,4,750,30,INV-003430,2026-04-17 10:49:00,125218.21,7133.63,21255.23,139339.81,COMPLETED
3431,4,428,30,INV-003431,2026-04-08 20:04:00,398294.85,22430.15,67655.64,443520.34,COMPLETED
3432,4,749,30,INV-003432,2026-09-27 11:57:00,288568.06,16847.63,48909.68,320630.11,COMPLETED
3433,4,570,29,INV-003433,2026-08-27 20:34:00,204483.19,8543.23,35269.19,231209.15,COMPLETED
3434,4,567,26,INV-003434,2026-04-17 14:40:00,187455.14,5163.98,32812.41,215103.57,COMPLETED
3435,2,894,14,INV-003435,2026-07-13 12:38:00,138469.83,12937.46,22595.83,148128.2,COMPLETED
3436,5,697,38,INV-003436,2026-09-25 15:23:00,455121.21,14415.05,79327.1,520033.26,COMPLETED
3437,3,90,17,INV-003437,2026-08-03 14:26:00,82821.32,6847.05,13675.37,89649.64,COMPLETED
3438,1,833,6,INV-003438,2026-05-17 15:39:00,274499.48,22607.42,45340.57,297232.63,COMPLETED
3439,1,816,6,INV-003439,2026-08-11 11:19:00,63057.63,4272.92,10581.25,69365.96,COMPLETED
3440,4,124,30,INV-003440,2026-07-04 15:37:00,47724.57,4148.39,7843.71,51419.89,COMPLETED
3441,2,975,10,INV-003441,2026-09-20 18:47:00,209631.62,10280.31,35883.23,235234.54,COMPLETED
3442,4,356,30,INV-003442,2026-05-13 17:21:00,160987.52,8077.44,27523.81,180433.89,COMPLETED
3443,3,154,18,INV-003443,2026-05-09 11:55:00,66823.6,7432.26,10690.44,70081.78,COMPLETED
3444,4,658,29,INV-003444,2026-04-30 13:17:00,53801.6,1927.93,9337.26,61210.93,COMPLETED
3445,4,869,30,INV-003445,2026-05-15 10:59:00,215691.32,14971.7,36129.52,236849.14,COMPLETED
3446,1,496,6,INV-003446,2026-04-28 11:15:00,15310.36,1279.58,2525.54,16556.32,COMPLETED
3447,3,766,17,INV-003447,2026-09-20 19:46:00,73288.44,3148.17,12625.25,82765.52,COMPLETED
3448,2,818,14,INV-003448,2026-07-14 20:10:00,53711.88,3688.81,9004.15,59027.22,COMPLETED
3449,1,26,5,INV-003449,2026-08-25 15:53:00,165452.51,12224.82,27580.98,180808.67,COMPLETED
3450,3,7,22,INV-003450,2026-09-20 17:09:00,149949.53,12888.39,24671.01,161732.15,COMPLETED
3451,1,843,6,INV-003451,2026-07-04 15:27:00,146313.42,12142.08,24150.84,158322.18,COMPLETED
3452,4,41,25,INV-003452,2026-05-20 11:51:00,138469.83,14144.46,22378.57,146703.94,COMPLETED
3453,4,388,26,INV-003453,2026-09-19 16:43:00,94582.86,7477.15,15679.03,102784.74,COMPLETED
3454,5,953,34,INV-003454,2026-09-21 09:38:00,92811.27,6979.66,15449.69,101281.3,COMPLETED
3455,2,616,9,INV-003455,2026-06-02 09:17:00,58177.3,5363.7,9506.44,62320.04,COMPLETED
3456,2,81,9,INV-003456,2026-08-19 16:56:00,140941.71,8285.13,23878.19,156534.77,COMPLETED
3457,1,962,1,INV-003457,2026-09-21 18:22:00,311621.73,15727.13,53261.02,349155.62,COMPLETED
3458,3,711,18,INV-003458,2026-05-03 11:03:00,179471.51,12772.79,30005.77,196704.49,COMPLETED
3459,1,726,1,INV-003459,2026-08-02 11:17:00,129070.78,3159.7,22663.99,148575.07,COMPLETED
3460,1,941,6,INV-003460,2026-04-29 12:21:00,137525.48,6477.42,23588.65,154636.71,COMPLETED
3461,3,61,22,INV-003461,2026-05-28 15:23:00,171678.5,11566.6,28820.14,188932.04,COMPLETED
3462,1,147,6,INV-003462,2026-04-22 19:14:00,229306.11,3275.53,40685.5,266716.08,COMPLETED
3463,1,428,2,INV-003463,2026-05-12 10:01:00,166723.0,11086.97,28014.49,183650.52,COMPLETED
3464,1,236,2,INV-003464,2026-04-14 16:52:00,165785.16,7206.43,28544.17,187122.9,COMPLETED
3465,2,310,9,INV-003465,2026-05-07 12:32:00,176684.68,12843.45,29491.42,193332.65,COMPLETED
3466,4,621,25,INV-003466,2026-07-28 17:50:00,92784.71,6314.08,15564.71,102035.34,COMPLETED
3467,3,551,21,INV-003467,2026-09-20 19:21:00,11440.62,346.99,1996.85,13090.48,COMPLETED
3468,3,43,21,INV-003468,2026-05-15 14:45:00,150923.96,7509.9,25814.53,169228.59,COMPLETED
3469,5,295,38,INV-003469,2026-09-20 15:44:00,135568.0,11069.8,22409.68,146907.88,COMPLETED
3470,4,997,30,INV-003470,2026-08-06 14:15:00,426347.38,23507.21,72511.24,475351.41,COMPLETED
3471,4,117,26,INV-003471,2026-09-03 17:36:00,151601.72,9433.64,25590.25,167758.33,COMPLETED
3472,1,926,5,INV-003472,2026-06-11 14:07:00,305611.34,13002.62,52669.58,345278.3,COMPLETED
3473,3,276,18,INV-003473,2026-07-14 16:07:00,378865.56,33914.84,62091.13,407041.85,COMPLETED
3474,3,338,18,INV-003474,2026-09-18 18:59:00,124034.95,8091.11,20869.89,136813.73,COMPLETED
3475,2,188,10,INV-003475,2026-06-10 15:36:00,176310.31,11375.89,29688.2,194622.62,COMPLETED
3476,4,816,30,INV-003476,2026-05-11 09:19:00,121719.95,7946.29,20479.26,134252.92,COMPLETED
3477,5,324,38,INV-003477,2026-07-16 13:59:00,158068.14,10051.53,26642.99,174659.6,COMPLETED
3478,3,953,21,INV-003478,2026-06-18 09:26:00,267817.2,5865.14,47151.37,309103.43,COMPLETED
3479,1,180,6,INV-003479,2026-04-30 19:12:00,319734.62,22148.54,53565.5,351151.58,COMPLETED
3480,1,559,1,INV-003480,2026-07-19 10:37:00,39553.46,4473.08,6314.47,41394.85,COMPLETED
3481,3,707,17,INV-003481,2026-07-15 18:21:00,214600.56,12984.94,36290.81,237906.43,COMPLETED
3482,4,66,29,INV-003482,2026-07-09 12:11:00,83712.63,4409.91,14274.49,93577.21,COMPLETED
3483,1,229,2,INV-003483,2026-06-25 11:55:00,96380.1,11562.55,15267.16,100084.71,COMPLETED
3484,5,254,33,INV-003484,2026-04-08 20:20:00,19308.58,1050.48,3286.46,21544.56,COMPLETED
3485,5,272,33,INV-003485,2026-07-27 19:36:00,385009.9,14700.0,66655.78,436965.68,COMPLETED
3486,3,268,18,INV-003486,2026-09-12 15:51:00,102218.8,5064.12,17487.84,114642.52,COMPLETED
3487,2,279,9,INV-003487,2026-07-26 10:24:00,213264.54,16259.5,35460.91,232465.95,COMPLETED
3488,3,771,17,INV-003488,2026-04-01 10:05:00,84132.09,768.4,15005.47,98369.16,COMPLETED
3489,3,357,22,INV-003489,2026-07-16 15:41:00,55088.68,3893.68,9215.1,60410.1,COMPLETED
3490,4,84,29,INV-003490,2026-06-05 12:23:00,233680.34,20783.08,38321.51,251218.77,COMPLETED
3491,4,37,30,INV-003491,2026-04-15 18:31:00,53449.49,3130.94,9057.33,59375.88,COMPLETED
3492,1,99,5,INV-003492,2026-08-18 14:39:00,327491.15,17972.14,55713.42,365232.43,COMPLETED
3493,3,763,22,INV-003493,2026-09-27 18:52:00,116169.03,1885.32,20571.07,134854.78,COMPLETED
3494,1,27,5,INV-003494,2026-08-02 15:10:00,231997.88,4893.31,40878.82,267983.39,COMPLETED
3495,1,475,5,INV-003495,2026-07-26 20:32:00,129076.12,7166.86,21943.66,143852.92,COMPLETED
3496,4,261,30,INV-003496,2026-08-26 16:32:00,357055.5,20450.25,60588.95,397194.2,COMPLETED
3497,4,296,25,INV-003497,2026-06-01 17:31:00,96720.45,4985.67,16512.26,108247.04,COMPLETED
3498,3,951,17,INV-003498,2026-06-16 13:47:00,70448.18,4871.68,11803.77,77380.27,COMPLETED
3499,4,104,25,INV-003499,2026-06-23 14:01:00,285882.58,14264.26,48891.3,320509.62,COMPLETED
3500,4,623,25,INV-003500,2026-08-20 14:55:00,128555.42,4398.83,22348.19,146504.78,COMPLETED
3501,3,907,18,INV-003501,2026-08-29 14:01:00,273568.2,18442.85,45922.56,301047.91,COMPLETED
3502,1,30,1,INV-003502,2026-06-08 14:19:00,525661.73,25714.13,89990.58,589938.18,COMPLETED
3503,5,426,33,INV-003503,2026-07-06 09:23:00,101012.84,5253.4,17236.7,112996.14,COMPLETED
3504,1,76,2,INV-003504,2026-09-26 11:43:00,11705.83,780.05,1966.64,12892.42,COMPLETED
3505,5,483,38,INV-003505,2026-05-19 20:58:00,145299.49,13710.3,23686.04,155275.23,COMPLETED
3506,2,961,10,INV-003506,2026-04-23 15:20:00,12111.22,327.23,2121.12,13905.11,COMPLETED
3507,2,621,13,INV-003507,2026-04-12 10:54:00,87159.08,4659.91,14849.85,97349.02,COMPLETED
3508,5,836,37,INV-003508,2026-05-25 16:11:00,221370.45,17267.65,36738.51,240841.31,COMPLETED
3509,1,210,1,INV-003509,2026-05-17 12:02:00,98588.22,3276.48,17156.11,112467.85,COMPLETED
3510,3,707,21,INV-003510,2026-07-03 14:22:00,4268.91,320.65,710.69,4658.95,COMPLETED
3511,4,309,25,INV-003511,2026-05-11 15:50:00,114200.53,7113.95,19275.59,126362.17,COMPLETED
3512,3,208,17,INV-003512,2026-06-22 19:37:00,277287.93,18538.83,46574.83,305323.93,COMPLETED
3513,3,453,18,INV-003513,2026-05-15 14:26:00,273804.62,12199.35,47088.94,308694.21,COMPLETED
3514,1,173,1,INV-003514,2026-06-04 11:01:00,75391.06,4064.27,12838.82,84165.61,COMPLETED
3515,4,383,26,INV-003515,2026-09-19 18:23:00,196785.33,9138.95,33776.36,221422.74,COMPLETED
3516,5,57,37,INV-003516,2026-09-16 20:56:00,155405.04,3869.01,27276.48,178812.51,COMPLETED
3517,5,649,33,INV-003517,2026-05-10 15:55:00,178441.31,5164.93,31189.75,204466.13,COMPLETED
3518,5,245,38,INV-003518,2026-05-25 12:57:00,149861.8,835.15,26824.8,175851.45,COMPLETED
3519,3,933,18,INV-003519,2026-08-30 17:23:00,218608.99,13137.0,36984.96,242456.95,COMPLETED
3520,2,393,13,INV-003520,2026-06-06 16:16:00,198513.58,3312.54,35136.19,230337.23,COMPLETED
3521,5,168,33,INV-003521,2026-05-21 15:51:00,210915.81,10159.85,36136.07,236892.03,COMPLETED
3522,4,215,25,INV-003522,2026-04-21 16:25:00,311105.29,14175.27,53447.4,350377.42,COMPLETED
3523,3,973,22,INV-003523,2026-06-10 20:21:00,226507.5,21229.27,36950.08,242228.31,COMPLETED
3524,3,862,21,INV-003524,2026-08-08 16:25:00,70095.98,4276.29,11847.55,77667.24,COMPLETED
3525,4,802,26,INV-003525,2026-08-21 15:16:00,90009.0,4763.32,15344.23,100589.91,COMPLETED
3526,2,836,10,INV-003526,2026-09-20 11:38:00,171001.27,8198.29,29304.54,192107.52,COMPLETED
3527,1,275,5,INV-003527,2026-04-03 09:33:00,191760.66,17447.07,31376.44,205690.03,COMPLETED
3528,1,882,1,INV-003528,2026-09-09 18:29:00,192262.89,2764.69,34109.67,223607.87,COMPLETED
3529,4,434,25,INV-003529,2026-06-22 15:30:00,62088.48,3206.84,10598.7,69480.34,COMPLETED
3530,4,24,26,INV-003530,2026-05-22 17:59:00,245349.13,20639.49,40447.73,265157.37,COMPLETED
3531,1,963,5,INV-003531,2026-04-05 15:32:00,234829.42,18635.51,38914.9,255108.81,COMPLETED
3532,4,384,30,INV-003532,2026-07-27 19:06:00,105260.39,6499.59,17776.95,116537.75,COMPLETED
3533,5,473,37,INV-003533,2026-04-25 12:52:00,249764.71,10712.63,43029.37,282081.45,COMPLETED
3534,5,46,34,INV-003534,2026-05-22 17:07:00,213671.07,19855.53,34886.79,228702.33,COMPLETED
3535,3,208,21,INV-003535,2026-07-23 15:10:00,21280.0,1849.49,3497.49,22928.0,COMPLETED
3536,2,133,14,INV-003536,2026-07-22 11:51:00,172328.84,9574.63,29295.76,192049.97,CANCELLED
3537,5,373,33,INV-003537,2026-08-26 16:13:00,137209.04,5328.91,23738.42,155618.55,COMPLETED
3538,1,5,2,INV-003538,2026-07-12 17:52:00,59722.95,3221.68,10170.22,66671.49,COMPLETED
3539,2,139,13,INV-003539,2026-07-24 20:39:00,21896.66,1127.33,3738.48,24507.81,COMPLETED
3540,5,37,33,INV-003540,2026-06-08 16:09:00,33020.38,3919.18,5238.22,34339.42,COMPLETED
3541,5,488,38,INV-003541,2026-04-10 10:20:00,191653.71,11402.78,32445.16,212696.09,COMPLETED
3542,5,831,34,INV-003542,2026-05-07 10:01:00,66686.89,6024.26,10919.27,71581.9,CANCELLED
3543,3,151,21,INV-003543,2026-08-06 09:50:00,361503.8,13512.54,62638.42,410629.68,COMPLETED
3544,1,947,2,INV-003544,2026-08-05 19:22:00,407020.93,18448.36,69943.06,458515.63,COMPLETED
3545,2,994,14,INV-003545,2026-06-05 11:52:00,178658.55,14693.35,29513.74,193478.94,COMPLETED
3546,1,446,6,INV-003546,2026-04-22 11:17:00,64734.4,4817.07,10785.12,70702.45,CANCELLED
3547,5,104,33,INV-003547,2026-09-24 15:03:00,114785.36,5684.52,19638.15,128738.99,COMPLETED
3548,1,49,2,INV-003548,2026-07-07 12:04:00,118873.73,5010.84,20495.32,134358.21,CANCELLED
3549,1,817,5,INV-003549,2026-07-21 17:44:00,402133.52,30847.28,66831.52,438117.76,COMPLETED
3550,2,538,9,INV-003550,2026-08-21 18:31:00,24992.69,925.82,4332.04,28398.91,COMPLETED
3551,4,954,29,INV-003551,2026-06-13 20:22:00,267638.18,17049.9,45105.89,295694.17,COMPLETED
3552,1,672,6,INV-003552,2026-08-21 10:55:00,138718.84,13693.26,22504.6,147530.18,COMPLETED
3553,5,870,34,INV-003553,2026-08-23 13:11:00,184481.05,4750.13,32351.57,212082.49,COMPLETED
3554,1,742,6,INV-003554,2026-06-14 09:50:00,37721.19,3722.78,6119.71,40118.12,COMPLETED
3555,3,440,21,INV-003555,2026-06-18 15:58:00,177545.6,13108.62,29598.66,194035.64,COMPLETED
3556,5,635,38,INV-003556,2026-06-09 18:29:00,180655.58,10736.53,30585.43,200504.48,COMPLETED
3557,1,310,2,INV-003557,2026-09-27 17:06:00,245595.22,19626.36,40674.4,266643.26,COMPLETED
3558,2,739,13,INV-003558,2026-06-13 20:40:00,193343.86,2549.19,34343.04,225137.71,COMPLETED
3559,1,343,1,INV-003559,2026-08-07 10:48:00,359259.56,15243.3,61922.93,405939.19,COMPLETED
3560,3,552,22,INV-003560,2026-05-26 13:05:00,4824.95,288.3,816.6,5353.25,COMPLETED
3561,2,279,13,INV-003561,2026-07-05 10:13:00,239825.8,14900.2,40486.61,265412.21,COMPLETED
3562,1,812,2,INV-003562,2026-09-26 10:23:00,124335.8,10868.39,20424.14,133891.55,COMPLETED
3563,3,932,21,INV-003563,2026-05-26 15:51:00,44553.38,583.69,7914.54,51884.23,COMPLETED
3564,2,687,9,INV-003564,2026-06-03 11:44:00,81108.42,7038.58,13332.57,87402.41,COMPLETED
3565,4,76,29,INV-003565,2026-06-19 17:07:00,45828.09,4935.73,7360.62,48252.98,COMPLETED
3566,4,122,25,INV-003566,2026-08-05 12:30:00,3684.98,165.78,633.46,4152.66,COMPLETED
3567,1,372,2,INV-003567,2026-06-23 19:37:00,242202.5,14435.92,40997.97,268764.55,COMPLETED
3568,5,984,33,INV-003568,2026-05-22 20:51:00,305546.4,3950.61,54287.24,355883.03,COMPLETED
3569,3,611,21,INV-003569,2026-08-21 13:16:00,169591.12,13562.33,28085.18,184113.97,COMPLETED
3570,5,65,37,INV-003570,2026-07-23 14:07:00,285752.01,9370.08,49748.74,326130.67,COMPLETED
3571,5,625,38,INV-003571,2026-04-01 14:00:00,151820.32,7649.8,25950.7,170121.22,COMPLETED
3572,2,767,14,INV-003572,2026-05-16 20:33:00,163165.47,2891.72,28849.28,189123.03,COMPLETED
3573,5,584,34,INV-003573,2026-06-06 11:57:00,259116.78,12726.74,44350.21,290740.25,COMPLETED
3574,3,476,22,INV-003574,2026-04-05 15:17:00,275077.97,23441.3,45294.6,296931.27,COMPLETED
3575,5,605,34,INV-003575,2026-05-28 19:53:00,362257.56,12357.01,62982.1,412882.65,COMPLETED
3576,1,680,2,INV-003576,2026-05-02 19:40:00,219193.25,19028.65,36029.63,236194.23,COMPLETED
3577,3,472,18,INV-003577,2026-08-05 10:36:00,123764.95,4036.01,21551.21,141280.15,COMPLETED
3578,2,123,9,INV-003578,2026-08-17 17:18:00,72262.15,6785.25,11785.85,77262.75,COMPLETED
3579,5,113,38,INV-003579,2026-07-30 19:09:00,118487.74,10538.53,19430.87,127380.08,CANCELLED
3580,5,271,33,INV-003580,2026-07-02 14:39:00,11054.94,153.74,1962.22,12863.42,COMPLETED
3581,3,831,21,INV-003581,2026-07-23 14:27:00,112298.75,10939.83,18244.61,119603.53,COMPLETED
3582,1,198,2,INV-003582,2026-07-26 10:41:00,87643.22,6703.41,14569.16,95508.97,COMPLETED
3583,2,527,13,INV-003583,2026-05-01 12:49:00,340719.75,11253.23,59303.98,388770.5,COMPLETED
3584,3,810,17,INV-003584,2026-08-24 19:39:00,301393.19,12190.07,52056.56,341259.68,COMPLETED
3585,3,162,18,INV-003585,2026-04-10 14:18:00,150786.5,8263.1,25654.21,168177.61,COMPLETED
3586,1,88,6,INV-003586,2026-09-03 20:22:00,217862.0,8570.28,37672.51,246964.23,COMPLETED
3587,3,651,22,INV-003587,2026-07-31 13:50:00,329761.34,17794.08,56154.09,368121.35,COMPLETED
3588,1,342,6,INV-003588,2026-08-07 13:58:00,83080.2,9643.35,13218.63,86655.48,COMPLETED
3589,5,187,37,INV-003589,2026-05-18 17:32:00,210154.44,10932.1,35860.03,235082.37,COMPLETED
3590,5,29,38,INV-003590,2026-05-31 14:05:00,57817.69,4760.72,9550.25,62607.22,COMPLETED
3591,4,656,25,INV-003591,2026-05-15 19:20:00,181421.99,8909.3,31052.29,203564.98,COMPLETED
3592,3,811,17,INV-003592,2026-05-06 16:35:00,18452.29,949.69,3150.47,20653.07,COMPLETED
3593,3,114,18,INV-003593,2026-04-20 15:40:00,189661.76,7797.49,32735.57,214599.84,COMPLETED
3594,1,500,2,INV-003594,2026-07-08 15:51:00,174619.18,13212.35,29053.23,190460.06,COMPLETED
3595,1,183,2,INV-003595,2026-08-20 20:17:00,8937.81,707.25,1481.5,9712.06,COMPLETED
3596,5,280,33,INV-003596,2026-05-22 17:36:00,120292.79,10790.37,19710.44,129212.86,COMPLETED
3597,3,159,18,INV-003597,2026-06-14 19:45:00,33605.92,3756.66,5372.87,35222.13,COMPLETED
3598,4,895,26,INV-003598,2026-07-08 14:34:00,24195.28,1482.06,4088.38,26801.6,COMPLETED
3599,5,418,37,INV-003599,2026-04-07 20:59:00,156991.43,9577.05,26534.58,173948.96,COMPLETED
3600,5,185,33,INV-003600,2026-09-09 12:38:00,233713.67,13559.25,39627.8,259782.22,COMPLETED
3601,5,753,33,INV-003601,2026-05-14 12:03:00,250902.88,23068.61,41010.16,268844.43,COMPLETED
3602,5,456,34,INV-003602,2026-07-14 18:04:00,41590.84,3918.31,6781.06,44453.59,COMPLETED
3603,2,541,14,INV-003603,2026-04-15 10:07:00,69827.12,27.38,12563.95,82363.69,COMPLETED
3604,3,324,21,INV-003604,2026-05-29 19:08:00,74307.02,3492.16,12746.68,83561.54,COMPLETED
3605,3,744,21,INV-003605,2026-09-23 19:50:00,139286.28,4587.91,24245.71,158944.08,COMPLETED
3606,1,8,1,INV-003606,2026-08-15 17:34:00,430142.56,26593.47,72638.84,476187.93,COMPLETED
3607,3,364,18,INV-003607,2026-06-13 17:35:00,189.21,16.37,31.11,203.95,COMPLETED
3608,4,606,25,INV-003608,2026-09-20 18:46:00,134628.16,15467.63,21448.9,140609.43,COMPLETED
3609,1,838,2,INV-003609,2026-06-21 20:51:00,108781.99,6987.55,18323.0,120117.44,COMPLETED
3610,3,641,17,INV-003610,2026-06-15 18:17:00,32844.1,1950.47,5560.85,36454.48,COMPLETED
3611,4,233,26,INV-003611,2026-08-29 16:49:00,207545.26,12960.12,35025.33,229610.47,COMPLETED
3612,1,148,5,INV-003612,2026-07-04 12:44:00,344576.25,18541.31,58686.29,384721.23,COMPLETED
3613,1,561,2,INV-003613,2026-09-10 16:13:00,196582.31,8854.31,33791.04,221519.04,COMPLETED
3614,2,235,14,INV-003614,2026-06-07 11:33:00,357049.28,21868.68,60332.51,395513.11,COMPLETED
3615,5,150,34,INV-003615,2026-04-19 18:04:00,87546.49,5509.82,14766.6,96803.27,COMPLETED
3616,3,427,21,INV-003616,2026-06-04 14:47:00,52370.34,2606.12,8957.56,58721.78,COMPLETED
3617,3,415,17,INV-003617,2026-05-26 10:27:00,84502.72,3671.77,14549.57,95380.52,COMPLETED
3618,2,136,9,INV-003618,2026-04-11 15:51:00,109690.87,7482.42,18397.52,120605.97,COMPLETED
3619,2,154,13,INV-003619,2026-04-16 16:21:00,77948.64,7188.71,12736.79,83496.72,COMPLETED
3620,4,232,30,INV-003620,2026-06-11 18:20:00,268199.55,22291.83,44263.39,290171.11,COMPLETED
3621,5,983,34,INV-003621,2026-04-29 11:28:00,567.63,9.66,100.43,658.4,COMPLETED
3622,4,62,30,INV-003622,2026-09-18 18:27:00,423643.82,16088.93,73359.88,480914.77,COMPLETED
3623,1,214,6,INV-003623,2026-06-04 17:56:00,13506.51,1366.49,2185.2,14325.22,COMPLETED
3624,4,381,26,INV-003624,2026-09-12 15:36:00,3181.89,93.83,555.85,3643.91,COMPLETED
3625,3,959,17,INV-003625,2026-08-16 16:44:00,164432.06,8091.09,28141.36,184482.33,COMPLETED
3626,4,542,25,INV-003626,2026-09-04 12:45:00,266352.92,23182.24,43770.73,286941.41,COMPLETED
3627,1,567,1,INV-003627,2026-04-19 17:30:00,225716.16,11151.25,38621.68,253186.59,COMPLETED
3628,3,336,17,INV-003628,2026-05-11 10:09:00,7627.08,723.42,1242.66,8146.32,COMPLETED
3629,1,700,1,INV-003629,2026-07-08 09:50:00,196805.14,17125.21,32342.39,212022.32,COMPLETED
3630,4,659,29,INV-003630,2026-04-27 09:35:00,205491.76,10127.53,35165.57,230529.8,COMPLETED
3631,1,750,5,INV-003631,2026-06-21 14:09:00,109030.83,7098.18,18347.87,120280.52,COMPLETED
3632,1,94,5,INV-003632,2026-05-31 15:47:00,158106.79,12930.13,26131.8,171308.46,COMPLETED
3633,2,357,9,INV-003633,2026-07-19 10:51:00,105671.67,6868.75,17784.52,116587.44,COMPLETED
3634,5,524,33,INV-003634,2026-05-17 20:07:00,124254.23,10959.98,20392.97,133687.22,COMPLETED
3635,1,968,1,INV-003635,2026-08-25 17:13:00,50912.88,3572.56,8521.26,55861.58,COMPLETED
3636,1,193,1,INV-003636,2026-08-11 19:38:00,153223.16,15112.72,24859.88,162970.32,COMPLETED
3637,5,576,34,INV-003637,2026-08-23 15:42:00,248720.43,8719.01,43200.26,283201.68,COMPLETED
3638,5,513,38,INV-003638,2026-04-10 16:26:00,75906.7,1884.15,13324.06,87346.61,COMPLETED
3639,4,902,25,INV-003639,2026-05-08 18:02:00,221406.29,13743.48,37379.3,245042.11,COMPLETED
3640,4,663,26,INV-003640,2026-09-20 18:48:00,166160.4,7119.99,28627.27,187667.68,COMPLETED
3641,5,280,33,INV-003641,2026-04-14 12:53:00,242644.43,14874.84,40998.53,268768.12,COMPLETED
3642,2,195,14,INV-003642,2026-05-26 13:22:00,117519.06,13141.3,18788.0,123165.76,COMPLETED
3643,3,957,21,INV-003643,2026-08-28 09:33:00,130771.19,6712.71,22330.53,146389.01,COMPLETED
3644,5,12,38,INV-003644,2026-07-06 14:33:00,133826.68,3165.32,23519.05,154180.41,COMPLETED
3645,5,547,37,INV-003645,2026-09-16 20:45:00,262437.48,13804.8,44753.88,293386.56,COMPLETED
3646,1,934,1,INV-003646,2026-08-08 18:42:00,272113.48,10966.36,47006.48,308153.6,COMPLETED
3647,4,329,25,INV-003647,2026-06-26 14:50:00,15861.96,393.25,2784.37,18253.08,COMPLETED
3648,2,786,9,INV-003648,2026-07-30 20:08:00,157151.72,4646.11,27451.01,179956.62,COMPLETED
3649,3,991,21,INV-003649,2026-05-09 15:13:00,59052.69,3079.13,10075.24,66048.8,COMPLETED
3650,2,381,9,INV-003650,2026-06-14 11:01:00,17201.96,810.33,2950.49,19342.12,COMPLETED
3651,4,761,26,INV-003651,2026-06-17 09:05:00,114128.15,9133.3,18899.07,123893.92,COMPLETED
3652,2,605,9,INV-003652,2026-06-09 17:10:00,324918.66,17834.1,55275.21,362359.77,COMPLETED
3653,4,858,26,INV-003653,2026-07-29 13:21:00,242750.81,12485.21,41447.8,271713.4,COMPLETED
3654,1,254,2,INV-003654,2026-05-19 15:28:00,365064.99,19865.51,62135.9,407335.38,COMPLETED
3655,5,86,38,INV-003655,2026-05-26 15:17:00,119152.83,8054.45,19997.71,131096.09,COMPLETED
3656,3,966,21,INV-003656,2026-06-06 20:32:00,242819.02,12382.77,41478.53,271914.78,COMPLETED
3657,4,71,25,INV-003657,2026-09-21 18:25:00,200132.91,13019.0,33680.5,220794.41,COMPLETED
3658,5,732,33,INV-003658,2026-08-24 16:47:00,247702.37,19363.47,41100.99,269439.89,COMPLETED
3659,2,625,9,INV-003659,2026-06-25 19:09:00,273243.46,22456.83,45141.59,295928.22,COMPLETED
3660,3,665,21,INV-003660,2026-07-07 16:47:00,266946.25,15462.45,45267.09,296750.89,COMPLETED
3661,3,678,18,INV-003661,2026-07-25 10:18:00,88377.11,3947.26,15197.37,99627.22,COMPLETED
3662,2,623,13,INV-003662,2026-05-11 17:35:00,111852.22,6424.27,18977.03,124404.98,COMPLETED
3663,4,862,29,INV-003663,2026-04-28 11:59:00,155964.54,8823.06,26485.46,173626.94,COMPLETED
3664,4,182,25,INV-003664,2026-05-18 11:17:00,251190.27,4778.68,44354.08,290765.67,COMPLETED
3665,5,574,34,INV-003665,2026-07-02 14:23:00,5281.4,111.08,930.66,6100.98,CANCELLED
3666,1,706,1,INV-003666,2026-08-14 11:42:00,132863.32,4150.21,23168.36,151881.47,COMPLETED
3667,5,326,37,INV-003667,2026-09-16 16:03:00,212654.98,7287.12,36966.21,242334.07,COMPLETED
3668,2,175,10,INV-003668,2026-06-13 10:14:00,105192.1,893.61,18773.73,123072.22,COMPLETED
3669,1,583,2,INV-003669,2026-08-26 19:43:00,71681.74,7065.52,11630.92,76247.14,COMPLETED
3670,1,141,2,INV-003670,2026-04-26 20:17:00,208748.06,10255.94,35728.58,234220.7,COMPLETED
3671,5,818,33,INV-003671,2026-06-15 19:55:00,104034.45,8588.68,17180.24,112626.01,COMPLETED
3672,5,498,33,INV-003672,2026-07-14 12:01:00,6055.61,78.5,1075.88,7052.99,COMPLETED
3673,1,708,6,INV-003673,2026-07-24 09:05:00,159038.7,8456.53,27104.79,177686.96,COMPLETED
3674,1,631,1,INV-003674,2026-08-19 12:40:00,71043.83,3358.77,12183.31,79868.37,COMPLETED
3675,4,383,26,INV-003675,2026-09-11 20:44:00,132234.19,10489.24,21914.09,143659.04,COMPLETED
3676,4,969,30,INV-003676,2026-04-19 11:29:00,341130.22,18529.2,58068.18,380669.2,COMPLETED
3677,1,684,6,INV-003677,2026-05-21 09:25:00,309038.22,29700.5,50280.79,329618.51,COMPLETED
3678,1,414,2,INV-003678,2026-04-24 15:55:00,163354.87,10929.4,27436.58,179862.05,COMPLETED
3679,1,418,1,INV-003679,2026-04-04 13:21:00,243960.93,19022.78,40488.86,265427.01,COMPLETED
3680,1,410,2,INV-003680,2026-08-23 17:06:00,185447.16,19097.89,29942.87,196292.14,COMPLETED
3681,5,518,38,INV-003681,2026-08-09 19:12:00,129565.6,12170.24,21131.16,138526.52,COMPLETED
3682,3,265,22,INV-003682,2026-06-26 18:33:00,131533.86,4032.09,22950.32,150452.09,COMPLETED
3683,3,81,21,INV-003683,2026-08-28 16:47:00,178077.0,18838.4,28662.95,187901.55,CANCELLED
3684,3,774,18,INV-003684,2026-09-23 09:37:00,120146.52,5118.18,20705.1,135733.44,COMPLETED
3685,5,952,37,INV-003685,2026-08-28 13:57:00,82347.89,4259.88,14055.84,92143.85,COMPLETED
3686,5,760,38,INV-003686,2026-05-27 09:54:00,311541.65,19438.33,52578.59,344681.91,COMPLETED
3687,5,519,34,INV-003687,2026-09-19 10:00:00,123008.11,3320.59,21543.75,141231.27,COMPLETED
3688,4,379,30,INV-003688,2026-07-04 15:14:00,347820.17,28990.06,57389.43,376219.54,COMPLETED
3689,3,581,22,INV-003689,2026-06-13 10:16:00,211652.04,17134.24,35013.2,229531.0,COMPLETED
3690,4,717,29,INV-003690,2026-04-26 19:25:00,111119.12,12272.03,17792.48,116639.57,COMPLETED
3691,3,412,22,INV-003691,2026-06-19 09:25:00,87828.61,1217.19,15590.06,102201.48,COMPLETED
3692,5,471,38,INV-003692,2026-08-25 15:38:00,152868.58,11305.23,25481.4,167044.75,COMPLETED
3693,4,516,26,INV-003693,2026-06-20 10:22:00,164081.83,4840.33,28663.47,187904.97,COMPLETED
3694,1,972,6,INV-003694,2026-08-16 15:30:00,132722.17,5448.38,22909.29,150183.08,COMPLETED
3695,3,643,17,INV-003695,2026-09-21 15:06:00,257107.31,18790.89,42896.94,281213.36,COMPLETED
3696,3,551,18,INV-003696,2026-07-20 15:11:00,126932.16,2511.88,22395.65,146815.93,COMPLETED
3697,4,238,30,INV-003697,2026-09-03 09:24:00,106543.92,11547.72,17099.32,112095.52,COMPLETED
3698,2,424,10,INV-003698,2026-07-05 20:28:00,439578.9,22924.92,74997.71,491651.69,COMPLETED
3699,2,882,13,INV-003699,2026-08-28 20:16:00,119612.32,9476.64,19824.42,129960.1,COMPLETED
3700,3,27,17,INV-003700,2026-08-27 18:57:00,95007.29,4293.13,16328.55,107042.71,COMPLETED
3701,1,404,5,INV-003701,2026-07-16 16:00:00,74559.31,3334.04,12820.55,84045.82,COMPLETED
3702,4,315,26,INV-003702,2026-09-06 17:38:00,155356.83,11335.54,25923.83,169945.12,COMPLETED
3703,1,57,5,INV-003703,2026-06-15 13:06:00,124575.43,4295.41,21650.41,141930.43,COMPLETED
3704,1,804,5,INV-003704,2026-08-10 09:32:00,258568.03,20091.64,42925.76,281402.15,COMPLETED
3705,5,470,34,INV-003705,2026-08-24 20:14:00,61114.75,5438.89,10021.65,65697.51,COMPLETED
3706,1,606,1,INV-003706,2026-09-01 14:08:00,224856.67,20504.26,36783.43,241135.84,COMPLETED
3707,2,368,9,INV-003707,2026-04-29 11:33:00,24732.04,2465.56,4007.97,26274.45,COMPLETED
3708,1,249,6,INV-003708,2026-05-21 12:55:00,341229.41,19981.39,57824.64,379072.66,COMPLETED
3709,5,206,34,INV-003709,2026-06-22 15:11:00,23545.72,739.95,4105.04,26910.81,COMPLETED
3710,1,17,2,INV-003710,2026-06-22 16:19:00,420676.33,12993.57,73382.9,481065.66,COMPLETED
3711,2,692,9,INV-003711,2026-04-13 16:25:00,356480.66,21877.89,60228.49,394831.26,COMPLETED
3712,1,718,6,INV-003712,2026-09-20 10:55:00,311278.73,4008.0,55308.73,362579.46,COMPLETED
3713,2,219,10,INV-003713,2026-04-18 11:12:00,54026.04,3222.13,9144.7,59948.61,COMPLETED
3714,2,556,9,INV-003714,2026-04-23 15:38:00,1886.25,6.48,338.36,2218.13,COMPLETED
3715,1,150,6,INV-003715,2026-08-08 20:39:00,201404.36,18221.02,32973.0,216156.34,COMPLETED
3716,4,599,26,INV-003716,2026-05-11 10:52:00,110149.02,10437.75,17948.03,117659.3,COMPLETED
3717,3,240,22,INV-003717,2026-05-20 20:43:00,214494.38,8066.05,37157.1,243585.43,COMPLETED
3718,4,246,25,INV-003718,2026-08-08 16:50:00,219654.08,4914.06,38653.2,253393.22,COMPLETED
3719,3,168,21,INV-003719,2026-08-21 12:23:00,126255.61,7079.25,21451.74,140628.1,COMPLETED
3720,5,7,34,INV-003720,2026-05-01 17:48:00,212698.19,12281.83,36074.95,236491.31,COMPLETED
3721,4,781,30,INV-003721,2026-07-18 09:01:00,216094.36,12180.29,36704.53,240618.6,COMPLETED
3722,2,802,10,INV-003722,2026-08-10 19:00:00,278492.22,17086.82,47052.97,308458.37,COMPLETED
3723,1,800,5,INV-003723,2026-07-23 19:42:00,477351.69,27484.68,80976.07,530843.08,COMPLETED
3724,5,100,34,INV-003724,2026-09-14 17:36:00,91989.87,4214.88,15799.5,103574.49,COMPLETED
3725,4,563,25,INV-003725,2026-06-11 10:24:00,339740.31,30825.8,55604.62,364519.13,COMPLETED
3726,3,422,22,INV-003726,2026-05-20 11:26:00,55135.26,1347.36,9681.83,63469.73,COMPLETED
3727,4,868,29,INV-003727,2026-05-30 14:30:00,198451.16,13991.5,33202.74,217662.4,COMPLETED
3728,3,626,22,INV-003728,2026-08-26 17:54:00,166047.81,9613.6,28158.16,184592.37,COMPLETED
3729,4,809,26,INV-003729,2026-08-15 18:40:00,83181.68,9142.69,13327.02,87366.01,COMPLETED
3730,5,12,38,INV-003730,2026-05-13 12:14:00,285699.64,18894.69,48024.9,314829.85,COMPLETED
3731,4,353,26,INV-003731,2026-08-25 15:58:00,262337.04,12453.99,44978.95,294862.0,COMPLETED
3732,1,146,6,INV-003732,2026-09-14 20:57:00,274577.05,20695.24,45698.73,299580.54,COMPLETED
3733,2,657,14,INV-003733,2026-04-12 19:32:00,204908.48,7366.98,35557.47,233098.97,COMPLETED
3734,5,163,37,INV-003734,2026-04-01 13:39:00,299020.28,25974.98,49148.15,322193.45,COMPLETED
3735,5,320,33,INV-003735,2026-06-27 19:13:00,131399.47,10810.43,21706.02,142295.06,COMPLETED
3736,3,294,21,INV-003736,2026-08-22 18:03:00,121601.4,3369.7,21281.7,139513.4,COMPLETED
3737,2,324,9,INV-003737,2026-07-31 19:32:00,252091.06,11944.3,43226.41,283373.17,COMPLETED
3738,5,29,38,INV-003738,2026-04-10 10:36:00,23945.68,2843.01,3798.48,24901.15,COMPLETED
3739,1,893,2,INV-003739,2026-05-09 14:25:00,99283.28,6266.2,16743.08,109760.16,COMPLETED
3740,4,267,29,INV-003740,2026-07-03 15:56:00,94935.86,8469.56,15563.93,102030.23,COMPLETED
3741,3,931,18,INV-003741,2026-08-08 17:46:00,170641.2,10932.55,28747.56,188456.21,CANCELLED
3742,4,863,25,INV-003742,2026-09-21 20:56:00,383331.17,34199.84,62843.63,411974.96,COMPLETED
3743,5,542,33,INV-003743,2026-09-09 15:08:00,161953.15,10052.16,27342.18,179243.17,COMPLETED
3744,1,879,5,INV-003744,2026-07-12 11:48:00,33432.15,3323.78,5419.51,35527.88,COMPLETED
3745,1,46,5,INV-003745,2026-07-21 19:21:00,268280.35,30198.22,42854.79,280936.92,COMPLETED
3746,2,56,9,INV-003746,2026-05-07 16:40:00,190586.76,3303.53,33710.98,220994.21,COMPLETED
3747,1,995,1,INV-003747,2026-05-08 15:43:00,40023.39,4241.76,6440.69,42222.32,COMPLETED
3748,2,398,14,INV-003748,2026-08-29 11:57:00,73173.32,6446.84,12010.76,78737.24,COMPLETED
3749,5,448,38,INV-003749,2026-05-29 09:09:00,306823.39,25437.57,50649.45,332035.27,COMPLETED
3750,4,458,29,INV-003750,2026-08-13 17:55:00,284643.5,13556.02,48795.74,319883.22,COMPLETED
3751,2,721,10,INV-003751,2026-09-27 16:20:00,111011.39,2191.25,19587.63,128407.77,COMPLETED
3752,3,197,21,INV-003752,2026-05-17 13:07:00,71984.71,6968.89,11702.85,76718.67,COMPLETED
3753,5,285,33,INV-003753,2026-09-20 10:00:00,366943.98,30548.81,60551.13,396946.3,COMPLETED
3754,3,511,21,INV-003754,2026-09-03 13:08:00,174954.55,7932.44,30063.98,197086.09,COMPLETED
3755,1,940,2,INV-003755,2026-05-11 15:58:00,226416.07,18360.18,37450.07,245505.96,COMPLETED
3756,3,138,17,INV-003756,2026-09-01 16:58:00,124772.52,3534.76,21822.8,143060.56,CANCELLED
3757,5,23,38,INV-003757,2026-07-21 19:16:00,76640.56,9105.25,12156.36,79691.67,COMPLETED
3758,4,439,26,INV-003758,2026-05-27 16:24:00,243880.69,20187.97,40264.7,263957.42,COMPLETED
3759,1,600,5,INV-003759,2026-06-09 18:00:00,241720.4,10643.84,41593.78,272670.34,COMPLETED
3760,5,498,33,INV-003760,2026-04-27 18:40:00,127074.93,6774.99,21653.99,141953.93,COMPLETED
3761,1,756,5,INV-003761,2026-06-14 14:47:00,138609.81,3568.81,24307.38,159348.38,COMPLETED
3762,5,396,34,INV-003762,2026-07-28 09:02:00,366860.46,31907.63,60291.51,395244.34,COMPLETED
3763,4,711,29,INV-003763,2026-06-28 16:53:00,213970.67,19396.76,35023.3,229597.21,COMPLETED
3764,4,23,26,INV-003764,2026-07-17 19:27:00,197087.99,15832.78,32625.94,213881.15,COMPLETED
3765,4,776,29,INV-003765,2026-08-31 19:47:00,135930.46,2132.68,24083.6,157881.38,COMPLETED
3766,4,658,29,INV-003766,2026-08-13 10:44:00,216131.84,9531.48,37188.06,243788.42,COMPLETED
3767,3,436,18,INV-003767,2026-04-13 09:04:00,4824.95,514.48,775.88,5086.35,COMPLETED
3768,1,218,6,INV-003768,2026-08-13 17:52:00,286476.58,20087.3,47950.06,314339.34,COMPLETED
3769,4,341,29,INV-003769,2026-05-16 09:46:00,55768.89,1065.73,9846.57,64549.73,COMPLETED
3770,1,24,5,INV-003770,2026-09-18 20:19:00,33020.38,2874.36,5426.28,35572.3,COMPLETED
3771,2,797,14,INV-003771,2026-06-24 09:33:00,61265.04,2696.44,10542.35,69110.95,COMPLETED
3772,5,292,33,INV-003772,2026-09-02 12:31:00,14680.42,55.52,2632.48,17257.38,COMPLETED
3773,3,722,22,INV-003773,2026-08-16 17:50:00,89945.8,3433.0,15572.3,102085.1,COMPLETED
3774,3,813,18,INV-003774,2026-06-15 17:46:00,128503.36,6443.56,21970.76,144030.56,COMPLETED
3775,2,946,13,INV-003775,2026-07-31 18:39:00,66150.68,6072.88,10814.0,70891.8,COMPLETED
3776,3,825,17,INV-003776,2026-08-26 10:57:00,462737.84,37850.42,76479.73,501367.15,COMPLETED
3777,5,359,37,INV-003777,2026-07-25 16:05:00,155792.67,12299.63,25828.75,169321.79,COMPLETED
3778,1,22,2,INV-003778,2026-07-31 12:58:00,270499.14,18456.98,45367.59,297409.75,COMPLETED
3779,5,912,38,INV-003779,2026-04-30 15:38:00,111058.26,3270.08,19401.87,127190.05,COMPLETED
3780,1,305,6,INV-003780,2026-08-13 10:16:00,157550.67,6817.05,27132.04,177865.66,COMPLETED
3781,5,732,33,INV-003781,2026-05-29 17:56:00,169255.05,19130.05,27022.5,177147.5,COMPLETED
3782,4,695,30,INV-003782,2026-07-26 10:12:00,237448.69,2913.11,42216.4,276751.98,COMPLETED
3783,4,821,25,INV-003783,2026-08-17 16:42:00,309549.24,24457.04,51316.6,336408.8,COMPLETED
3784,1,877,1,INV-003784,2026-07-16 11:40:00,18267.31,1347.16,3045.62,19965.77,COMPLETED
3785,5,959,33,INV-003785,2026-05-17 14:47:00,160644.84,2613.74,28445.6,186476.7,COMPLETED
3786,3,421,17,INV-003786,2026-09-21 10:31:00,145370.91,9765.36,24409.0,160014.55,COMPLETED
3787,5,338,34,INV-003787,2026-05-02 17:27:00,135877.97,3027.08,23913.16,156764.05,COMPLETED
3788,3,124,22,INV-003788,2026-06-28 15:22:00,145778.04,1733.4,25928.04,169972.68,COMPLETED
3789,4,569,29,INV-003789,2026-08-10 12:57:00,144204.01,4252.12,25191.34,165143.23,COMPLETED
3790,4,730,29,INV-003790,2026-08-05 14:43:00,242316.12,13447.48,41196.35,270064.99,COMPLETED
3791,5,822,38,INV-003791,2026-09-12 20:37:00,228130.28,5662.19,40044.26,262512.35,CANCELLED
3792,5,826,33,INV-003792,2026-08-05 17:12:00,40519.53,4112.33,6553.3,42960.5,COMPLETED
3793,2,436,14,INV-003793,2026-04-29 16:26:00,166740.8,7798.56,28609.6,187551.84,COMPLETED
3794,3,706,21,INV-003794,2026-04-15 16:22:00,95067.71,8565.75,15570.35,102072.31,COMPLETED
3795,3,188,17,INV-003795,2026-08-11 17:21:00,90202.24,5462.44,15253.17,99992.97,COMPLETED
3796,4,863,25,INV-003796,2026-05-20 20:32:00,21939.68,2002.83,3588.63,23525.48,COMPLETED
3797,4,567,26,INV-003797,2026-09-23 15:21:00,169910.39,12774.41,28284.48,185420.46,COMPLETED
3798,3,418,22,INV-003798,2026-04-24 18:49:00,81142.96,2399.67,14173.79,92917.08,COMPLETED
3799,5,135,38,INV-003799,2026-06-06 14:12:00,18050.29,1979.7,2892.71,18963.3,COMPLETED
3800,2,344,14,INV-003800,2026-05-05 11:55:00,361327.01,13897.63,62537.3,409966.68,COMPLETED
3801,1,846,2,INV-003801,2026-07-23 13:37:00,278713.98,16723.47,47158.29,309148.8,COMPLETED
3802,3,330,17,INV-003802,2026-06-30 16:53:00,91057.61,9195.41,14735.2,96597.4,COMPLETED
3803,4,822,26,INV-003803,2026-08-30 20:56:00,87457.98,6053.06,14652.89,96057.81,COMPLETED
3804,1,830,6,INV-003804,2026-04-22 19:04:00,186415.12,8783.38,31973.71,209605.45,COMPLETED
3805,5,620,37,INV-003805,2026-05-07 16:35:00,126235.08,3129.52,22159.0,145264.56,COMPLETED
3806,1,976,5,INV-003806,2026-07-03 13:36:00,133782.15,9614.64,22350.15,146517.66,COMPLETED
3807,5,279,37,INV-003807,2026-06-19 11:41:00,254189.0,18901.79,42351.69,277638.9,COMPLETED
3808,1,452,1,INV-003808,2026-05-30 10:24:00,320920.34,16720.48,54755.98,358955.84,COMPLETED
3809,1,719,6,INV-003809,2026-06-27 18:36:00,51250.98,5789.58,8183.05,53644.45,COMPLETED
3810,2,428,13,INV-003810,2026-06-15 19:58:00,16802.96,1695.82,2719.29,17826.43,COMPLETED
3811,1,433,1,INV-003811,2026-04-28 15:38:00,18288.39,865.25,3136.16,20559.3,COMPLETED
3812,1,173,6,INV-003812,2026-04-19 17:23:00,67784.0,1113.36,12000.72,78671.36,COMPLETED
3813,1,289,5,INV-003813,2026-07-09 13:39:00,156201.65,10963.79,26142.81,171380.67,COMPLETED
3814,4,296,25,INV-003814,2026-04-24 11:30:00,233899.5,17377.43,38973.98,255496.05,COMPLETED
3815,2,515,10,INV-003815,2026-09-20 10:46:00,164068.32,5472.8,28547.19,187142.71,COMPLETED
3816,4,229,29,INV-003816,2026-05-07 15:10:00,447610.35,31119.36,74968.38,491459.37,COMPLETED
3817,2,925,10,INV-003817,2026-07-18 13:59:00,201762.5,2853.61,35803.6,234712.49,COMPLETED
3818,4,511,25,INV-003818,2026-09-14 14:33:00,72905.32,6364.39,11977.36,78518.29,COMPLETED
3819,5,736,33,INV-003819,2026-08-26 20:59:00,78676.36,3760.57,13484.84,88400.63,CANCELLED
3820,3,380,22,INV-003820,2026-05-12 11:32:00,333252.26,23694.49,55720.4,365278.17,COMPLETED
3821,3,277,21,INV-003821,2026-08-31 13:18:00,192540.6,8956.83,33045.07,216628.84,COMPLETED
3822,2,497,10,INV-003822,2026-09-20 14:23:00,206583.74,8227.71,35704.09,234060.12,COMPLETED
3823,2,149,9,INV-003823,2026-07-17 13:22:00,474725.12,20253.05,81804.98,536277.05,COMPLETED
3824,5,931,34,INV-003824,2026-05-29 12:14:00,120549.92,4603.16,20870.42,136817.18,COMPLETED
3825,3,80,17,INV-003825,2026-05-30 16:12:00,41926.75,4672.71,6705.73,43959.77,COMPLETED
3826,2,794,14,INV-003826,2026-04-11 15:34:00,368222.08,27834.98,61269.68,401656.78,COMPLETED
3827,2,321,14,INV-003827,2026-07-19 17:06:00,154780.94,6681.19,26657.96,174757.71,COMPLETED
3828,4,195,29,INV-003828,2026-05-03 18:46:00,188613.61,5903.72,32887.78,215597.67,COMPLETED
3829,2,615,10,INV-003829,2026-09-24 15:58:00,350748.04,18811.4,59748.59,391685.23,COMPLETED
3830,5,796,38,INV-003830,2026-07-05 18:30:00,247421.51,2885.97,44016.39,288551.93,COMPLETED
3831,3,252,22,INV-003831,2026-05-01 09:23:00,143859.88,6509.13,24723.13,162073.88,COMPLETED
3832,5,244,34,INV-003832,2026-07-17 10:27:00,40456.71,101.28,7263.98,47619.41,COMPLETED
3833,5,730,34,INV-003833,2026-08-15 11:04:00,48541.7,3676.07,8075.81,52941.44,COMPLETED
3834,5,828,38,INV-003834,2026-08-10 13:36:00,217355.82,20429.43,35446.74,232373.13,COMPLETED
3835,1,618,1,INV-003835,2026-06-19 14:12:00,18166.83,304.35,3215.25,21077.73,COMPLETED
3836,2,485,10,INV-003836,2026-04-21 13:56:00,301597.86,24639.08,49852.58,326811.36,COMPLETED
3837,5,930,37,INV-003837,2026-06-19 13:32:00,35299.14,3354.99,5749.94,37694.09,COMPLETED
3838,1,732,6,INV-003838,2026-08-10 16:47:00,374365.43,13950.36,64874.71,425289.78,COMPLETED
3839,1,843,1,INV-003839,2026-05-25 17:39:00,159764.09,12766.03,26459.66,173457.72,COMPLETED
3840,2,234,10,INV-003840,2026-06-14 11:09:00,209960.36,13198.56,35417.13,232178.93,COMPLETED
3841,1,111,6,INV-003841,2026-09-09 19:09:00,204883.9,5476.32,35893.37,235300.95,COMPLETED
3842,5,255,33,INV-003842,2026-09-28 10:27:00,569900.72,31945.92,96831.87,634786.67,COMPLETED
3843,4,118,30,INV-003843,2026-05-08 13:31:00,270945.41,22117.11,44789.09,293617.39,COMPLETED
3844,5,485,34,INV-003844,2026-07-26 20:19:00,209915.95,11361.57,35739.79,234294.17,COMPLETED
3845,1,197,1,INV-003845,2026-08-04 19:24:00,94325.33,7910.22,15554.71,101969.82,COMPLETED
3846,3,69,18,INV-003846,2026-09-15 16:40:00,87837.76,1417.71,15555.61,101975.66,COMPLETED
3847,5,909,34,INV-003847,2026-04-12 09:09:00,45675.94,1471.5,7956.8,52161.24,COMPLETED
3848,5,740,33,INV-003848,2026-04-08 19:05:00,38585.07,3565.78,6303.48,41322.77,COMPLETED
3849,5,380,37,INV-003849,2026-06-26 09:59:00,191189.77,4834.25,33543.99,219899.51,COMPLETED
3850,4,652,26,INV-003850,2026-09-04 19:02:00,234556.84,13229.65,39838.89,261166.08,COMPLETED
3851,3,373,17,INV-003851,2026-05-07 12:35:00,201822.48,3380.98,35719.48,234160.98,COMPLETED
3852,3,409,22,INV-003852,2026-06-01 19:13:00,295318.58,25528.36,48562.25,318352.47,COMPLETED
3853,1,33,6,INV-003853,2026-07-24 12:30:00,47875.24,2324.72,8199.09,53749.61,COMPLETED
3854,1,732,6,INV-003854,2026-09-03 09:17:00,256218.8,17460.43,42976.51,281734.88,COMPLETED
3855,4,373,25,INV-003855,2026-09-06 09:11:00,371064.54,23972.47,62476.57,409568.64,COMPLETED
3856,3,534,17,INV-003856,2026-09-10 18:02:00,163574.21,14063.91,26911.86,176422.16,COMPLETED
3857,2,387,10,INV-003857,2026-05-22 13:20:00,152596.31,8828.91,25878.13,169645.53,COMPLETED
3858,3,803,21,INV-003858,2026-08-09 10:25:00,144094.07,10265.55,24089.14,157917.66,COMPLETED
3859,4,309,30,INV-003859,2026-09-14 09:40:00,251115.6,19998.94,41601.0,272717.66,COMPLETED
3860,5,974,34,INV-003860,2026-05-08 13:58:00,184175.17,12257.65,30945.15,202862.67,COMPLETED
3861,1,636,6,INV-003861,2026-07-24 20:26:00,162551.96,12186.71,27065.75,177431.0,COMPLETED
3862,4,138,30,INV-003862,2026-06-25 15:37:00,159727.07,5238.48,27807.94,182296.53,COMPLETED
3863,2,512,13,INV-003863,2026-06-13 15:37:00,159121.81,11520.43,26568.26,174169.64,COMPLETED
3864,5,839,33,INV-003864,2026-04-11 20:40:00,151516.82,15499.17,24483.17,160500.82,COMPLETED
3865,1,112,2,INV-003865,2026-05-17 18:02:00,173884.92,4990.72,30400.96,199295.16,COMPLETED
3866,2,600,13,INV-003866,2026-06-05 15:01:00,188905.82,5170.59,33072.34,216807.57,COMPLETED
3867,1,958,5,INV-003867,2026-05-18 12:05:00,51250.98,2971.32,8690.34,56970.0,COMPLETED
3868,1,893,5,INV-003868,2026-09-07 20:40:00,224077.6,7847.88,38921.35,255151.07,COMPLETED
3869,1,854,2,INV-003869,2026-08-31 19:48:00,278525.23,10814.81,48187.87,315898.29,COMPLETED
3870,2,854,9,INV-003870,2026-04-26 17:35:00,369826.99,13474.32,64143.48,420496.15,COMPLETED
3871,4,960,25,INV-003871,2026-07-28 12:10:00,211036.67,10544.42,36088.6,236580.85,COMPLETED
3872,3,287,18,INV-003872,2026-04-06 09:51:00,127485.06,2492.0,22498.75,147491.81,COMPLETED
3873,2,266,13,INV-003873,2026-05-24 19:05:00,222207.08,17468.42,36852.96,241591.62,COMPLETED
3874,1,693,5,INV-003874,2026-06-10 18:09:00,101952.96,4954.6,17459.7,114458.06,COMPLETED
3875,1,549,1,INV-003875,2026-07-05 16:02:00,4300.49,436.97,695.43,4558.95,COMPLETED
3876,4,412,30,INV-003876,2026-06-22 14:42:00,232883.66,17467.78,38774.86,254190.74,COMPLETED
3877,2,153,14,INV-003877,2026-08-03 11:22:00,221844.01,11717.43,37822.77,247949.35,COMPLETED
3878,5,745,34,INV-003878,2026-06-09 17:59:00,189256.37,14341.59,31484.66,206399.44,COMPLETED
3879,3,862,21,INV-003879,2026-09-20 18:14:00,322589.33,15586.54,55260.5,362263.29,COMPLETED
3880,1,196,1,INV-003880,2026-07-23 12:25:00,108561.97,6368.07,18394.9,120588.8,COMPLETED
3881,4,900,30,INV-003881,2026-08-17 12:13:00,225923.52,15442.16,37886.64,248368.0,COMPLETED
3882,1,421,2,INV-003882,2026-07-19 17:38:00,158335.1,6070.59,27407.6,179672.11,COMPLETED
3883,2,582,14,INV-003883,2026-06-04 13:28:00,334951.09,25082.86,55776.29,365644.52,COMPLETED
3884,2,263,13,INV-003884,2026-06-24 11:55:00,367934.82,7941.14,64798.86,424792.54,COMPLETED
3885,1,153,1,INV-003885,2026-09-19 12:36:00,81778.63,1491.54,14451.68,94738.77,COMPLETED
3886,3,581,17,INV-003886,2026-05-15 17:12:00,152412.29,13236.91,25051.57,164226.95,COMPLETED
3887,2,638,13,INV-003887,2026-04-17 10:48:00,473226.68,26712.37,80372.57,526886.88,COMPLETED
3888,2,712,9,INV-003888,2026-07-28 11:07:00,151057.98,15703.29,24363.84,159718.53,COMPLETED
3889,4,309,26,INV-003889,2026-07-03 19:28:00,317369.47,8745.13,55552.38,364176.72,COMPLETED
3890,4,320,29,INV-003890,2026-05-28 10:13:00,38351.42,4135.36,6158.89,40374.95,COMPLETED
3891,2,900,10,INV-003891,2026-05-31 19:46:00,113954.89,682.97,20388.95,133660.87,COMPLETED
3892,4,35,29,INV-003892,2026-07-30 11:18:00,357370.64,20825.62,60578.09,397123.11,COMPLETED
3893,4,75,25,INV-003893,2026-07-01 20:58:00,71767.75,8146.81,11451.77,75072.71,COMPLETED
3894,1,59,5,INV-003894,2026-07-11 12:49:00,113181.85,6597.61,19185.17,125769.41,COMPLETED
3895,5,819,33,INV-003895,2026-04-27 10:13:00,49983.64,5942.37,7927.43,51968.7,COMPLETED
3896,1,604,6,INV-003896,2026-07-20 18:28:00,119796.68,7257.17,20257.1,132796.61,COMPLETED
3897,1,463,2,INV-003897,2026-04-19 19:46:00,60512.08,3809.48,10206.47,66909.07,COMPLETED
3898,2,225,14,INV-003898,2026-04-28 15:30:00,164377.71,4868.64,28711.63,188220.7,COMPLETED
3899,1,513,6,INV-003899,2026-06-11 09:20:00,147214.91,5226.7,25557.88,167546.09,COMPLETED
3900,1,277,1,INV-003900,2026-06-08 18:43:00,194184.59,14405.79,32360.18,212138.98,COMPLETED
3901,5,606,33,INV-003901,2026-08-04 20:42:00,290097.7,5654.74,51199.74,335642.7,COMPLETED
3902,2,499,14,INV-003902,2026-06-20 15:42:00,236629.08,22998.05,38453.58,252084.61,COMPLETED
3903,3,447,18,INV-003903,2026-09-17 15:49:00,182187.69,13296.97,30400.33,199291.05,COMPLETED
3904,4,786,26,INV-003904,2026-08-03 15:27:00,133878.86,6638.25,22903.32,150143.93,CANCELLED
3905,2,726,9,INV-003905,2026-04-06 15:25:00,226090.74,11002.96,38715.81,253803.59,COMPLETED
3906,5,78,33,INV-003906,2026-09-16 13:50:00,405871.73,29754.62,67701.07,443818.18,CANCELLED
3907,4,23,29,INV-003907,2026-06-25 20:53:00,50108.87,2206.74,8622.38,56524.51,COMPLETED
3908,1,923,6,INV-003908,2026-09-24 17:13:00,231093.04,22660.09,37517.93,245950.88,COMPLETED
3909,3,314,22,INV-003909,2026-04-11 20:01:00,216580.71,17998.77,35744.75,234326.69,COMPLETED
3910,3,465,17,INV-003910,2026-06-24 16:26:00,107840.72,4716.63,18562.33,121686.42,COMPLETED
3911,1,785,5,INV-003911,2026-05-21 15:23:00,223146.99,8160.07,38697.65,253684.57,COMPLETED
3912,4,898,30,INV-003912,2026-08-31 18:10:00,67698.18,6678.45,10983.55,72003.28,COMPLETED
3913,5,106,38,INV-003913,2026-06-16 15:39:00,28330.8,2623.32,4627.34,30334.82,COMPLETED
3914,3,282,22,INV-003914,2026-04-24 11:58:00,110323.72,6920.89,18612.51,122015.34,COMPLETED
3915,1,579,6,INV-003915,2026-06-15 19:04:00,63635.71,3079.19,10900.17,71456.69,COMPLETED
3916,3,104,22,INV-003916,2026-06-12 11:29:00,79863.18,8854.89,12781.49,83789.78,COMPLETED
3917,1,344,2,INV-003917,2026-09-15 18:52:00,238769.12,8450.27,41457.4,271776.25,COMPLETED
3918,5,402,37,INV-003918,2026-07-15 09:53:00,260640.53,11318.37,44877.99,294200.15,COMPLETED
3919,3,894,21,INV-003919,2026-06-05 20:09:00,82843.17,8346.71,13409.36,87905.82,COMPLETED
3920,4,826,25,INV-003920,2026-09-06 09:45:00,107053.66,6034.36,18183.48,119202.78,COMPLETED
3921,3,284,22,INV-003921,2026-04-25 12:31:00,37468.47,806.06,6599.23,43261.64,COMPLETED
3922,4,517,30,INV-003922,2026-04-09 11:38:00,74200.25,6491.29,12187.6,79896.56,COMPLETED
3923,1,421,5,INV-003923,2026-05-06 17:44:00,112796.56,9221.8,18643.46,122218.22,COMPLETED
3924,5,579,34,INV-003924,2026-06-23 20:50:00,134403.49,6166.68,23082.63,151319.44,COMPLETED
3925,4,38,30,INV-003925,2026-04-13 20:45:00,283812.26,20476.86,47400.37,310735.77,COMPLETED
3926,4,755,25,INV-003926,2026-06-12 14:29:00,100347.15,7811.47,16656.42,109192.1,COMPLETED
3927,4,746,26,INV-003927,2026-09-25 14:46:00,75786.82,882.16,13482.84,88387.5,COMPLETED
3928,4,245,25,INV-003928,2026-05-29 09:54:00,133712.16,13293.99,21675.27,142093.44,COMPLETED
3929,1,962,6,INV-003929,2026-06-15 10:03:00,195466.21,11021.75,33200.0,217644.46,COMPLETED
3930,2,813,13,INV-003930,2026-08-25 10:28:00,19374.04,122.88,3465.21,22716.37,COMPLETED
3931,4,343,25,INV-003931,2026-08-15 12:41:00,181211.43,11001.45,30637.79,200847.77,COMPLETED
3932,1,214,6,INV-003932,2026-07-12 17:21:00,50368.04,2830.82,8556.7,56093.92,COMPLETED
3933,1,827,1,INV-003933,2026-07-03 11:22:00,154759.97,9723.6,26106.55,171142.92,COMPLETED
3934,4,379,30,INV-003934,2026-04-26 13:32:00,79052.3,4115.94,13488.55,88424.91,CANCELLED
3935,2,38,10,INV-003935,2026-04-16 18:51:00,94866.9,2552.5,16616.59,108930.99,COMPLETED
3936,2,962,14,INV-003936,2026-08-04 12:07:00,112630.46,7121.76,18991.56,124500.26,COMPLETED
3937,4,887,26,INV-003937,2026-09-05 18:23:00,131497.55,11011.65,21687.46,142173.36,COMPLETED
3938,2,688,9,INV-003938,2026-07-30 14:24:00,142299.46,3192.28,25039.29,164146.47,COMPLETED
3939,1,113,2,INV-003939,2026-05-10 10:49:00,189085.31,6508.15,32863.88,215441.04,COMPLETED
3940,2,379,13,INV-003940,2026-08-24 11:55:00,133578.57,13374.32,21636.77,141841.02,COMPLETED
3941,5,168,38,INV-003941,2026-09-03 19:45:00,239804.33,14660.49,40525.89,265669.73,COMPLETED
3942,1,756,1,INV-003942,2026-08-27 17:37:00,214129.28,2335.04,38122.97,249917.21,COMPLETED
3943,3,986,22,INV-003943,2026-06-12 13:50:00,37019.42,1411.5,6409.43,42017.35,COMPLETED
3944,1,131,2,INV-003944,2026-05-12 20:52:00,98922.5,6239.36,16682.96,109366.1,COMPLETED
3945,4,982,29,INV-003945,2026-09-07 18:20:00,63229.12,1205.1,11164.33,73188.35,COMPLETED
3946,2,656,10,INV-003946,2026-07-15 16:04:00,246192.37,12875.62,41997.02,275313.77,COMPLETED
3947,3,555,21,INV-003947,2026-08-07 14:36:00,98233.95,5707.87,16654.68,109180.76,COMPLETED
3948,1,898,2,INV-003948,2026-04-14 17:52:00,56153.07,5910.99,9043.58,59285.66,COMPLETED
3949,4,143,30,INV-003949,2026-07-01 10:48:00,207520.26,17130.74,34270.11,224659.63,COMPLETED
3950,4,821,29,INV-003950,2026-09-04 17:35:00,264518.97,11708.7,45505.85,298316.12,COMPLETED
3951,2,975,10,INV-003951,2026-07-06 11:09:00,137434.06,9445.05,23038.02,151027.03,COMPLETED
3952,3,16,18,INV-003952,2026-07-02 13:33:00,174968.58,9242.19,29830.75,195557.14,COMPLETED
3953,2,41,10,INV-003953,2026-09-02 18:41:00,104407.66,3349.09,18190.54,119249.11,COMPLETED
3954,3,134,18,INV-003954,2026-05-08 16:08:00,278679.12,18401.82,46849.91,307127.21,COMPLETED
3955,3,360,17,INV-003955,2026-05-30 17:25:00,216951.46,22474.99,35005.77,229482.24,COMPLETED
3956,4,903,30,INV-003956,2026-05-02 20:36:00,330853.02,24142.1,55207.97,361918.89,COMPLETED
3957,1,314,2,INV-003957,2026-04-13 15:09:00,290821.15,24940.22,47858.56,313739.49,COMPLETED
3958,5,389,34,INV-003958,2026-08-10 20:00:00,239353.07,12822.61,40775.47,267305.93,COMPLETED
3959,3,616,18,INV-003959,2026-04-17 19:11:00,169223.84,1616.73,30169.28,197776.39,COMPLETED
3960,2,890,14,INV-003960,2026-07-14 09:42:00,150953.4,9280.58,25501.11,167173.93,COMPLETED
3961,3,645,18,INV-003961,2026-07-13 12:02:00,146930.93,9150.58,24800.46,162580.81,COMPLETED
3962,2,24,14,INV-003962,2026-06-14 17:43:00,381755.47,25073.55,64202.75,420884.67,COMPLETED
3963,5,691,33,INV-003963,2026-09-19 15:43:00,292000.45,14626.04,49927.39,327301.8,COMPLETED
3964,5,758,38,INV-003964,2026-05-23 17:24:00,224000.34,14975.23,37624.52,246649.63,COMPLETED
3965,1,435,6,INV-003965,2026-06-23 14:32:00,232074.26,17318.46,38656.05,253411.85,COMPLETED
3966,2,243,10,INV-003966,2026-05-23 17:53:00,51754.05,767.41,9177.6,60164.24,COMPLETED
3967,4,757,25,INV-003967,2026-09-17 18:42:00,213273.07,17112.55,35308.89,231469.41,COMPLETED
3968,1,360,2,INV-003968,2026-09-05 11:40:00,142961.76,11092.51,23736.47,155605.72,COMPLETED
3969,2,426,10,INV-003969,2026-06-01 20:00:00,55790.79,5432.28,9064.53,59423.04,COMPLETED
3970,5,799,37,INV-003970,2026-07-13 10:09:00,103956.78,5883.29,17653.23,115726.72,CANCELLED
3971,2,553,9,INV-003971,2026-09-04 18:11:00,186248.55,18941.68,30115.24,197422.11,COMPLETED
3972,1,57,5,INV-003972,2026-05-12 16:53:00,201834.52,5904.55,35267.4,231197.37,COMPLETED
3973,1,697,6,INV-003973,2026-08-06 17:07:00,187519.45,10274.91,31904.03,209148.57,COMPLETED
3974,1,224,6,INV-003974,2026-06-20 09:43:00,69095.9,1301.0,12203.08,79997.98,COMPLETED
3975,1,766,1,INV-003975,2026-07-09 13:20:00,34324.03,3171.09,5607.53,36760.47,COMPLETED
3976,1,834,5,INV-003976,2026-07-14 14:15:00,268135.0,21345.72,44422.07,291211.35,COMPLETED
3977,4,612,25,INV-003977,2026-08-20 18:52:00,72009.91,3171.57,12390.89,81229.23,COMPLETED
3978,2,383,9,INV-003978,2026-07-05 14:08:00,217284.48,10610.21,37201.36,243875.63,COMPLETED
3979,1,720,1,INV-003979,2026-05-17 10:42:00,47215.09,2841.95,7987.16,52360.3,COMPLETED
3980,5,483,38,INV-003980,2026-06-08 15:55:00,284008.0,20260.49,47474.55,311222.06,COMPLETED
3981,5,555,33,INV-003981,2026-06-27 16:19:00,225441.59,7827.29,39170.58,256784.88,COMPLETED
3982,4,110,26,INV-003982,2026-08-15 19:06:00,147731.84,5933.25,25523.75,167322.34,COMPLETED
3983,2,162,14,INV-003983,2026-04-05 13:32:00,70072.04,4479.55,11806.65,77399.14,COMPLETED
3984,1,70,1,INV-003984,2026-09-16 17:52:00,341750.38,14749.36,58860.18,385861.2,COMPLETED
3985,4,860,26,INV-003985,2026-08-12 10:34:00,327524.76,16578.46,55970.33,366916.63,COMPLETED
3986,4,702,29,INV-003986,2026-08-19 18:30:00,12901.47,1107.94,2122.84,13916.37,COMPLETED
3987,2,41,14,INV-003987,2026-09-06 20:54:00,114363.4,4999.27,19685.55,129049.68,COMPLETED
3988,5,280,38,INV-003988,2026-05-27 14:58:00,58354.64,2911.28,9979.81,65423.17,COMPLETED
3989,5,947,37,INV-003989,2026-09-14 13:46:00,33676.3,1496.19,5792.42,37972.53,COMPLETED
3990,4,825,25,INV-003990,2026-07-23 12:57:00,84830.61,6552.61,14090.05,92368.05,COMPLETED
3991,3,14,21,INV-003991,2026-07-26 10:27:00,160980.78,7093.04,27699.79,181587.53,COMPLETED
3992,4,955,29,INV-003992,2026-07-23 15:56:00,248304.08,20925.63,40928.12,268306.57,COMPLETED
3993,3,643,18,INV-003993,2026-08-31 12:33:00,128191.43,6936.15,21825.94,143081.22,COMPLETED
3994,5,253,34,INV-003994,2026-09-24 11:34:00,244514.67,15612.24,41202.44,270104.87,COMPLETED
3995,3,284,18,INV-003995,2026-09-08 14:49:00,349036.37,20698.31,59100.85,387438.91,COMPLETED
3996,5,582,33,INV-003996,2026-05-21 10:35:00,196934.99,16217.83,32529.09,213246.25,COMPLETED
3997,3,967,18,INV-003997,2026-08-20 20:39:00,168221.75,5621.71,29268.01,191868.05,COMPLETED
3998,5,332,33,INV-003998,2026-09-05 14:04:00,180336.09,10442.48,30580.85,200474.46,COMPLETED
3999,4,475,29,INV-003999,2026-04-10 13:51:00,278805.82,22969.3,46050.58,301887.1,COMPLETED
4000,5,523,34,INV-004000,2026-04-05 13:49:00,172327.6,8797.92,29435.35,192965.03,COMPLETED
4001,5,22,38,INV-004001,2026-06-24 16:37:00,142313.65,13362.44,23211.22,152162.43,COMPLETED
4002,4,74,29,INV-004002,2026-08-23 09:15:00,91806.26,4451.4,15723.87,103078.73,COMPLETED
4003,4,886,30,INV-004003,2026-04-08 16:00:00,357761.28,15651.45,61579.77,403689.6,COMPLETED
4004,5,641,33,INV-004004,2026-04-10 14:12:00,248484.57,13519.64,42293.68,277258.61,COMPLETED
4005,5,277,34,INV-004005,2026-06-30 15:22:00,79849.64,5651.09,13355.74,87554.29,COMPLETED
4006,2,466,14,INV-004006,2026-06-16 19:53:00,33673.85,2106.13,5682.19,37249.91,COMPLETED
4007,2,101,14,INV-004007,2026-06-21 11:55:00,80761.32,7281.04,13226.45,86706.73,COMPLETED
4008,5,115,38,INV-004008,2026-07-29 10:24:00,268681.22,8175.9,46890.96,307396.28,COMPLETED
4009,3,74,18,INV-004009,2026-04-30 20:55:00,250395.55,8423.94,43554.89,285526.5,COMPLETED
4010,1,469,5,INV-004010,2026-08-28 18:31:00,291426.79,10292.17,50604.23,331738.85,COMPLETED
4011,2,184,9,INV-004011,2026-09-15 09:01:00,123556.91,5069.47,21327.74,139815.18,COMPLETED
4012,1,161,5,INV-004012,2026-08-12 13:32:00,336968.72,15026.26,57949.65,379892.11,COMPLETED
4013,3,331,22,INV-004013,2026-05-08 10:56:00,296629.98,15823.0,50545.25,331352.23,COMPLETED
4014,5,646,34,INV-004014,2026-07-01 16:07:00,319663.8,20335.39,53879.12,353207.53,COMPLETED
4015,1,272,6,INV-004015,2026-05-07 15:32:00,260107.47,11955.67,44667.32,292819.12,COMPLETED
4016,1,574,6,INV-004016,2026-04-02 10:11:00,33411.8,2270.21,5605.49,36747.08,COMPLETED
4017,5,747,38,INV-004017,2026-04-15 19:19:00,219301.26,22484.98,35426.92,232243.2,COMPLETED
4018,3,569,17,INV-004018,2026-04-05 17:41:00,160199.96,5460.14,27853.17,182592.99,COMPLETED
4019,5,226,37,INV-004019,2026-05-06 11:06:00,355506.35,26069.1,59298.7,388735.95,COMPLETED
4020,1,785,5,INV-004020,2026-06-12 16:19:00,266909.94,18002.52,44803.34,293710.76,COMPLETED
4021,1,933,6,INV-004021,2026-06-28 20:59:00,309934.09,28102.95,50729.61,332560.75,COMPLETED
4022,2,191,9,INV-004022,2026-05-06 11:07:00,174989.31,17604.7,28329.23,185713.84,COMPLETED
4023,5,815,38,INV-004023,2026-04-16 19:11:00,132156.11,3821.93,23100.14,151434.32,COMPLETED
4024,4,193,29,INV-004024,2026-05-06 12:35:00,376768.43,19117.25,64377.21,422028.39,COMPLETED
4025,2,833,9,INV-004025,2026-06-08 20:44:00,146963.75,14703.01,23806.94,156067.68,COMPLETED
4026,1,618,6,INV-004026,2026-04-23 18:05:00,283588.7,24557.42,46625.62,305656.9,COMPLETED
4027,1,753,2,INV-004027,2026-05-22 12:54:00,103483.91,5480.89,17640.55,115643.57,COMPLETED
4028,1,974,2,INV-004028,2026-09-26 19:58:00,314060.78,16015.02,53648.24,351694.0,COMPLETED
4029,1,40,1,INV-004029,2026-04-22 17:22:00,241707.09,19268.56,40038.93,262477.46,COMPLETED
4030,4,496,25,INV-004030,2026-06-08 16:18:00,304585.27,15267.3,52077.24,341395.21,COMPLETED
4031,2,720,9,INV-004031,2026-07-28 11:24:00,178220.79,8983.11,30462.78,199700.46,COMPLETED
4032,5,951,37,INV-004032,2026-07-09 12:37:00,181426.38,6186.97,31543.1,206782.51,COMPLETED
4033,3,396,18,INV-004033,2026-08-28 11:26:00,166411.46,3409.48,29340.36,192342.34,COMPLETED
4034,3,346,21,INV-004034,2026-09-15 17:39:00,363612.96,19357.74,61965.93,406221.15,COMPLETED
4035,4,318,26,INV-004035,2026-06-26 20:44:00,111740.59,4256.57,19347.12,126831.14,COMPLETED
4036,2,268,9,INV-004036,2026-07-15 19:18:00,172590.4,8349.62,29563.34,193804.12,COMPLETED
4037,4,535,29,INV-004037,2026-04-21 20:13:00,273575.53,23703.34,44977.0,294849.19,COMPLETED
4038,2,563,14,INV-004038,2026-07-19 10:11:00,104179.29,11986.06,16594.78,108788.01,CANCELLED
4039,4,793,30,INV-004039,2026-07-14 16:54:00,191361.56,15966.84,31571.05,206965.77,COMPLETED
4040,3,440,21,INV-004040,2026-06-27 11:39:00,31266.03,2116.9,5246.85,34395.98,COMPLETED
4041,3,493,22,INV-004041,2026-07-30 18:14:00,103349.14,7196.8,17307.43,113459.77,COMPLETED
4042,2,207,14,INV-004042,2026-09-21 10:16:00,40519.53,3614.73,6642.86,43547.66,COMPLETED
4043,3,307,17,INV-004043,2026-04-19 11:01:00,37198.47,1717.84,6386.51,41867.14,COMPLETED
4044,4,180,29,INV-004044,2026-09-21 12:29:00,189629.49,11468.2,32069.04,210230.33,COMPLETED
4045,2,10,13,INV-004045,2026-04-01 17:07:00,20525.1,878.0,3536.48,23183.58,COMPLETED
4046,1,434,6,INV-004046,2026-07-15 16:33:00,213323.56,9792.96,36635.51,240166.11,COMPLETED
4047,4,449,29,INV-004047,2026-07-12 09:12:00,146911.04,7819.81,25036.42,164127.65,COMPLETED
4048,2,271,14,INV-004048,2026-04-21 13:57:00,49992.92,1231.45,8777.07,57538.54,COMPLETED
4049,2,74,13,INV-004049,2026-05-10 09:39:00,428306.17,15022.38,74391.08,487674.87,COMPLETED
4050,4,197,25,INV-004050,2026-06-10 10:59:00,92313.22,5968.82,15541.99,101886.39,COMPLETED
4051,5,55,34,INV-004051,2026-04-27 14:12:00,155893.96,16057.36,25170.6,165007.2,COMPLETED
4052,1,198,6,INV-004052,2026-08-21 19:51:00,128857.04,8359.52,21689.56,142187.08,COMPLETED
4053,3,594,22,INV-004053,2026-05-13 12:10:00,225.02,15.43,37.73,247.32,COMPLETED
4054,5,195,34,INV-004054,2026-06-23 15:08:00,164332.08,5082.93,28664.85,187914.0,COMPLETED
4055,5,740,38,INV-004055,2026-08-24 15:56:00,275715.29,18318.27,46331.46,303728.48,COMPLETED
4056,2,539,13,INV-004056,2026-07-31 17:52:00,87846.51,5895.68,14751.15,96701.98,COMPLETED
4057,1,150,2,INV-004057,2026-04-13 14:34:00,119648.73,9250.9,19871.6,130269.43,COMPLETED
4058,2,251,14,INV-004058,2026-09-18 17:11:00,197843.81,5871.56,34555.0,226527.25,COMPLETED
4059,4,97,25,INV-004059,2026-09-06 20:34:00,110897.46,12130.52,17778.05,116544.99,COMPLETED
4060,5,743,34,INV-004060,2026-05-17 12:08:00,130052.59,7750.49,22014.38,144316.48,COMPLETED
4061,5,220,38,INV-004061,2026-05-01 10:05:00,36345.2,2382.39,6113.3,40076.11,COMPLETED
4062,3,634,17,INV-004062,2026-08-31 12:35:00,318781.15,26897.53,52539.06,344422.68,COMPLETED
4063,4,264,26,INV-004063,2026-05-09 18:46:00,365077.36,17969.45,62479.42,409587.33,COMPLETED
4064,2,658,10,INV-004064,2026-07-30 09:40:00,121880.01,7027.19,20673.51,135526.33,COMPLETED
4065,5,562,33,INV-004065,2026-08-30 13:21:00,182374.36,9114.65,31186.75,204446.46,COMPLETED
4066,5,155,38,INV-004066,2026-06-29 09:50:00,212761.74,6464.25,37133.54,243431.03,COMPLETED
4067,3,619,18,INV-004067,2026-04-03 20:05:00,169488.31,11997.1,28348.42,185839.63,COMPLETED
4068,1,121,1,INV-004068,2026-05-15 17:04:00,219769.57,11942.67,37408.84,245235.74,COMPLETED
4069,2,419,13,INV-004069,2026-08-22 20:02:00,380720.73,19705.56,64982.72,425997.89,COMPLETED
4070,3,445,17,INV-004070,2026-08-17 17:58:00,341801.47,30430.39,56046.8,367417.88,CANCELLED
4071,2,663,13,INV-004071,2026-05-03 10:34:00,67278.16,877.21,11952.17,78353.12,COMPLETED
4072,2,591,14,INV-004072,2026-08-30 20:23:00,39440.1,3004.37,6558.43,42994.16,COMPLETED
4073,2,832,13,INV-004073,2026-05-14 15:28:00,167877.03,12414.68,27983.23,183445.58,COMPLETED
4074,1,642,5,INV-004074,2026-07-21 19:59:00,26813.43,350.75,4763.28,31225.96,COMPLETED
4075,5,4,37,INV-004075,2026-04-12 18:51:00,476414.49,23807.34,81469.28,534076.43,COMPLETED
4076,3,379,17,INV-004076,2026-08-06 20:10:00,63515.76,2666.25,10952.91,71802.42,COMPLETED
4077,5,640,33,INV-004077,2026-08-27 20:20:00,156198.45,12065.34,25943.96,170077.07,COMPLETED
4078,5,688,37,INV-004078,2026-08-15 18:30:00,182750.58,9088.16,31259.24,204921.66,COMPLETED
4079,3,679,18,INV-004079,2026-04-10 19:09:00,249811.32,17871.07,41749.25,273689.5,COMPLETED
4080,2,243,13,INV-004080,2026-06-06 15:31:00,159726.36,16888.31,25710.85,168548.9,COMPLETED
4081,1,73,6,INV-004081,2026-07-08 10:15:00,63318.26,7138.47,10112.36,66292.15,COMPLETED
4082,2,433,14,INV-004082,2026-07-13 18:32:00,81818.42,4614.09,13896.78,91101.11,COMPLETED
4083,5,946,37,INV-004083,2026-07-27 10:43:00,2640.7,93.34,458.52,3005.88,COMPLETED
4084,1,955,5,INV-004084,2026-05-20 15:07:00,143824.39,4288.93,25116.38,164651.84,COMPLETED
4085,5,937,33,INV-004085,2026-07-02 15:53:00,33432.15,3708.33,5350.29,35074.11,COMPLETED
4086,4,73,29,INV-004086,2026-07-17 13:47:00,151107.4,5221.24,26259.51,172145.67,CANCELLED
4087,1,565,5,INV-004087,2026-06-13 13:22:00,49361.44,2977.23,8349.16,54733.37,COMPLETED
4088,2,813,13,INV-004088,2026-05-11 17:39:00,323645.58,26088.97,53560.19,351116.8,COMPLETED
4089,3,637,21,INV-004089,2026-04-28 12:13:00,100713.17,5234.51,17186.17,112664.83,COMPLETED
4090,4,443,29,INV-004090,2026-08-22 18:42:00,183689.72,8568.76,31521.77,206642.73,COMPLETED
4091,4,366,30,INV-004091,2026-09-09 10:12:00,102794.37,5159.55,17574.27,115209.09,COMPLETED
4092,1,703,2,INV-004092,2026-07-21 09:27:00,180469.61,17673.26,29303.34,192099.69,COMPLETED
4093,3,331,21,INV-004093,2026-09-18 16:24:00,248236.59,12978.67,42346.43,277604.35,COMPLETED
4094,1,965,5,INV-004094,2026-06-09 16:07:00,286214.53,15190.14,48784.39,319808.78,COMPLETED
4095,3,898,17,INV-004095,2026-09-05 16:29:00,189695.9,16651.8,31147.94,204192.04,COMPLETED
4096,2,863,10,INV-004096,2026-05-15 11:29:00,259466.55,7111.08,45423.99,297779.46,COMPLETED
4097,1,831,6,INV-004097,2026-06-05 18:36:00,100972.81,3038.41,17628.19,115562.59,COMPLETED
4098,1,322,5,INV-004098,2026-06-07 16:03:00,106496.48,11838.61,17038.42,111696.29,COMPLETED
4099,1,831,2,INV-004099,2026-08-23 15:41:00,25001.62,911.64,4336.2,28426.18,COMPLETED
4100,5,418,38,INV-004100,2026-05-08 17:55:00,66549.4,6374.76,10831.43,71006.07,COMPLETED
4101,1,750,1,INV-004101,2026-08-24 15:48:00,205634.27,17738.46,33821.25,221717.06,COMPLETED
4102,5,139,33,INV-004102,2026-07-28 16:13:00,22250.08,2017.93,3641.79,23873.94,COMPLETED
4103,4,194,29,INV-004103,2026-08-01 17:43:00,250367.46,13558.44,42625.62,279434.64,COMPLETED
4104,1,907,6,INV-004104,2026-06-16 16:03:00,138652.77,6262.89,23830.18,156220.06,COMPLETED
4105,5,354,37,INV-004105,2026-07-06 17:32:00,226394.8,7581.49,39386.4,258199.71,COMPLETED
4106,5,469,38,INV-004106,2026-07-01 19:40:00,324671.84,22674.61,54359.51,356356.74,COMPLETED
4107,5,769,34,INV-004107,2026-05-30 20:44:00,39924.82,2932.62,6658.6,43650.8,COMPLETED
4108,4,463,29,INV-004108,2026-06-20 19:33:00,33852.45,1538.89,5816.44,38130.0,COMPLETED
4109,5,186,34,INV-004109,2026-07-24 09:25:00,360041.43,35359.76,58442.69,383124.36,COMPLETED
4110,1,891,5,INV-004110,2026-07-18 12:24:00,127499.85,9237.79,21287.17,139549.23,COMPLETED
4111,3,752,17,INV-004111,2026-05-15 19:11:00,248321.47,15220.37,41958.2,275059.3,COMPLETED
4112,5,861,33,INV-004112,2026-05-16 09:11:00,42865.77,2445.91,7275.58,47695.44,COMPLETED
4113,5,64,34,INV-004113,2026-04-29 17:46:00,156445.53,14194.44,25605.19,167856.28,COMPLETED
4114,2,106,9,INV-004114,2026-07-16 20:21:00,384207.63,18093.92,65900.47,432014.18,COMPLETED
4115,1,701,5,INV-004115,2026-05-11 10:28:00,209145.05,8546.77,36107.7,236705.98,COMPLETED
4116,3,427,21,INV-004116,2026-04-20 19:28:00,43948.33,1526.49,7635.93,50057.77,COMPLETED
4117,3,963,17,INV-004117,2026-04-04 10:40:00,244390.82,5771.21,42951.54,281571.15,COMPLETED
4118,3,900,18,INV-004118,2026-04-08 19:22:00,118672.74,8855.87,19767.04,129583.91,COMPLETED
4119,3,659,21,INV-004119,2026-08-12 11:24:00,148628.0,13276.53,24363.26,159714.73,COMPLETED
4120,4,57,29,INV-004120,2026-07-27 20:49:00,443546.91,33792.08,73755.86,483510.69,CANCELLED
4121,1,409,1,INV-004121,2026-05-22 20:42:00,270236.44,14398.77,46050.78,301888.45,COMPLETED
4122,4,477,26,INV-004122,2026-05-08 17:31:00,244242.56,11951.54,41812.39,274103.41,COMPLETED
4123,5,417,37,INV-004123,2026-04-18 17:27:00,342565.64,18359.7,58357.08,382563.02,COMPLETED
4124,5,440,34,INV-004124,2026-05-22 11:09:00,243803.23,16716.09,40875.69,267962.83,COMPLETED
4125,4,495,30,INV-004125,2026-06-28 10:39:00,156771.7,12478.04,25972.86,170266.52,COMPLETED
4126,4,839,29,INV-004126,2026-04-01 14:56:00,189324.04,12601.02,31810.15,208533.17,COMPLETED
4127,1,440,5,INV-004127,2026-08-04 10:22:00,19215.2,2023.19,3094.56,20286.57,COMPLETED
4128,2,740,13,INV-004128,2026-08-08 18:04:00,163097.08,7911.84,27933.35,183118.59,COMPLETED
4129,2,19,13,INV-004129,2026-08-16 10:36:00,162027.35,13321.85,26766.99,175472.49,COMPLETED
4130,4,870,26,INV-004130,2026-05-14 16:42:00,19215.2,587.81,3352.93,21980.32,COMPLETED
4131,3,855,22,INV-004131,2026-09-05 19:24:00,25112.21,1815.49,4193.41,27490.13,COMPLETED
4132,5,932,38,INV-004132,2026-04-29 15:20:00,34274.09,1923.83,5823.05,38173.31,COMPLETED
4133,1,336,2,INV-004133,2026-05-12 13:09:00,251020.21,8954.42,43571.84,285637.63,COMPLETED
4134,5,646,38,INV-004134,2026-09-13 18:44:00,39179.54,3023.51,6508.09,42664.12,COMPLETED
4135,5,376,34,INV-004135,2026-09-21 18:46:00,300571.19,14048.01,51574.16,338097.34,COMPLETED
4136,3,379,21,INV-004136,2026-08-20 10:51:00,260672.06,17758.31,43724.47,286638.22,COMPLETED
4137,2,940,9,INV-004137,2026-04-07 20:27:00,74310.06,6929.43,12128.52,79509.15,COMPLETED
4138,1,618,1,INV-004138,2026-09-21 18:46:00,169318.8,6327.98,29338.35,192329.17,COMPLETED
4139,3,189,22,INV-004139,2026-04-27 14:12:00,172503.56,14750.44,28395.56,186148.68,COMPLETED
4140,2,54,9,INV-004140,2026-09-17 20:22:00,198024.94,21802.12,31720.11,207942.93,COMPLETED
4141,2,148,13,INV-004141,2026-05-28 11:22:00,132736.87,5568.33,22890.33,150058.87,COMPLETED
4142,3,815,18,INV-004142,2026-04-02 11:21:00,154286.93,13519.31,25338.17,166105.79,COMPLETED
4143,3,509,21,INV-004143,2026-09-15 12:00:00,246569.32,14523.17,41768.3,273814.45,COMPLETED
4144,2,654,13,INV-004144,2026-09-14 12:46:00,154569.14,8953.26,26210.86,171826.74,COMPLETED
4145,1,203,2,INV-004145,2026-07-12 10:13:00,146557.84,8750.29,24805.36,162612.91,COMPLETED
4146,2,570,14,INV-004146,2026-06-13 14:43:00,203433.04,8090.8,35161.59,230503.83,COMPLETED
4147,4,192,26,INV-004147,2026-05-03 15:56:00,229456.73,2394.6,40871.19,267933.32,COMPLETED
4148,3,589,17,INV-004148,2026-08-26 15:22:00,242821.49,19570.02,40185.27,263436.74,COMPLETED
4149,1,165,2,INV-004149,2026-08-30 11:50:00,107181.25,8516.88,17759.59,116423.96,COMPLETED
4150,2,385,13,INV-004150,2026-04-01 12:01:00,8570.61,616.3,1431.78,9386.09,COMPLETED
4151,4,157,29,INV-004151,2026-04-13 09:53:00,82892.39,5517.62,13927.46,91302.23,COMPLETED
4152,2,836,10,INV-004152,2026-09-11 10:17:00,114825.83,6642.68,19472.97,127656.12,COMPLETED
4153,5,136,38,INV-004153,2026-08-03 15:15:00,39611.0,1815.55,6803.18,44598.63,COMPLETED
4154,2,673,14,INV-004154,2026-06-02 18:28:00,188251.03,7080.82,32610.64,213780.85,COMPLETED
4155,3,72,18,INV-004155,2026-06-16 09:06:00,262548.63,15391.15,44488.34,291645.82,COMPLETED
4156,2,106,14,INV-004156,2026-08-10 18:16:00,75784.95,2953.86,13109.6,85940.69,COMPLETED
4157,5,153,37,INV-004157,2026-04-18 11:48:00,121376.52,9345.78,20165.53,132196.27,COMPLETED
4158,1,361,5,INV-004158,2026-08-24 15:16:00,217996.86,14053.96,36709.72,240652.62,COMPLETED
4159,2,422,9,INV-004159,2026-08-26 17:44:00,46047.36,3049.05,7739.7,50738.01,COMPLETED
4160,4,147,26,INV-004160,2026-06-09 19:18:00,118092.28,4462.32,20453.38,134083.34,COMPLETED
4161,2,288,14,INV-004161,2026-09-24 17:18:00,189084.36,11209.81,32017.42,209891.97,COMPLETED
4162,4,430,25,INV-004162,2026-09-28 17:18:00,133973.51,6847.73,22882.65,150008.43,COMPLETED
4163,5,939,38,INV-004163,2026-09-11 09:01:00,108490.82,10954.96,17556.46,115092.32,COMPLETED
4164,5,64,33,INV-004164,2026-08-17 17:59:00,52370.34,3400.23,8814.62,57784.73,COMPLETED
4165,3,76,21,INV-004165,2026-09-27 10:11:00,87383.34,6862.2,14493.8,95014.94,COMPLETED
4166,2,843,13,INV-004166,2026-05-07 20:04:00,505634.03,36794.36,84391.14,553230.81,COMPLETED
4167,5,844,38,INV-004167,2026-09-12 19:33:00,304814.87,30385.74,49397.24,323826.37,COMPLETED
4168,4,951,25,INV-004168,2026-07-20 12:13:00,318839.95,31477.93,51725.16,339087.18,COMPLETED
4169,4,345,25,INV-004169,2026-09-16 20:39:00,80551.49,2130.06,14115.86,92537.29,COMPLETED
4170,5,973,34,INV-004170,2026-04-08 16:19:00,270534.16,13050.5,46347.07,303830.73,COMPLETED
4171,1,174,5,INV-004171,2026-04-21 14:33:00,160966.2,16853.62,25940.27,170052.85,COMPLETED
4172,2,224,13,INV-004172,2026-08-17 11:22:00,151573.64,17223.62,24183.0,158533.02,COMPLETED
4173,3,62,17,INV-004173,2026-05-20 13:44:00,51250.98,4624.38,8392.79,55019.39,COMPLETED
4174,5,290,34,INV-004174,2026-08-27 13:09:00,327785.68,11479.07,56935.18,373241.79,COMPLETED
4175,1,906,6,INV-004175,2026-09-12 09:15:00,22793.28,957.34,3930.47,25766.41,COMPLETED
4176,2,982,9,INV-004176,2026-09-20 10:29:00,95383.92,1861.19,16834.09,110356.82,COMPLETED
4177,5,97,33,INV-004177,2026-05-11 16:54:00,20581.26,2075.77,3330.99,21836.48,COMPLETED
4178,1,456,2,INV-004178,2026-04-09 19:57:00,280955.14,22398.94,46540.12,305096.32,COMPLETED
4179,4,280,30,INV-004179,2026-09-19 15:40:00,237954.21,12406.58,40598.57,266146.2,COMPLETED
4180,4,840,30,INV-004180,2026-06-19 18:10:00,302861.74,16231.72,51593.41,338223.43,COMPLETED
4181,1,704,2,INV-004181,2026-08-04 20:03:00,134021.08,11038.06,22136.95,145119.97,COMPLETED
4182,2,849,10,INV-004182,2026-07-31 18:38:00,15989.17,1866.51,2542.08,16664.74,COMPLETED
4183,5,409,38,INV-004183,2026-07-22 09:49:00,122410.75,9109.95,20394.14,133694.94,COMPLETED
4184,1,353,1,INV-004184,2026-06-12 11:35:00,130860.6,9486.04,21847.42,143221.98,COMPLETED
4185,5,737,34,INV-004185,2026-06-02 19:22:00,212529.25,13212.1,35877.08,235194.23,COMPLETED
4186,2,936,9,INV-004186,2026-04-14 09:25:00,162823.98,10111.25,27488.29,180201.02,COMPLETED
4187,1,527,5,INV-004187,2026-07-19 17:29:00,128828.24,9215.88,21530.22,141142.58,COMPLETED
4188,2,820,10,INV-004188,2026-04-28 09:38:00,31561.33,442.94,5601.31,36719.7,COMPLETED
4189,1,474,5,INV-004189,2026-09-07 12:39:00,246817.23,21047.75,40638.5,266407.98,COMPLETED
4190,2,566,10,INV-004190,2026-09-09 20:10:00,121591.36,8091.5,20429.97,133929.83,CANCELLED
4191,4,342,25,INV-004191,2026-09-04 11:48:00,319029.44,19508.24,53913.81,353435.01,COMPLETED
4192,4,966,30,INV-004192,2026-07-29 17:58:00,340045.3,13158.39,58839.65,385726.56,COMPLETED
4193,5,363,38,INV-004193,2026-07-22 13:32:00,118342.84,6807.03,20076.45,131612.26,COMPLETED
4194,2,91,9,INV-004194,2026-06-30 12:04:00,174074.18,10466.83,29449.32,193056.67,COMPLETED
4195,2,337,13,INV-004195,2026-07-11 10:17:00,112265.68,12750.95,17912.65,117427.38,COMPLETED
4196,1,793,1,INV-004196,2026-08-12 20:12:00,153338.35,13854.58,25107.08,164590.85,COMPLETED
4197,2,154,13,INV-004197,2026-06-06 19:46:00,269535.08,3277.2,47926.42,314184.3,COMPLETED
4198,5,724,33,INV-004198,2026-08-09 20:18:00,43524.24,4334.35,7054.18,46244.07,COMPLETED
4199,2,665,13,INV-004199,2026-05-17 14:37:00,238351.5,11994.53,40744.25,267101.22,COMPLETED
4200,1,158,6,INV-004200,2026-08-16 15:35:00,101817.91,1957.92,17974.79,117834.78,COMPLETED
4201,4,662,25,INV-004201,2026-06-17 13:51:00,11440.62,699.84,1933.34,12674.12,COMPLETED
4202,1,902,2,INV-004202,2026-06-26 18:20:00,442773.41,20679.52,75976.89,498070.78,COMPLETED
4203,4,780,26,INV-004203,2026-07-05 18:39:00,6580.62,665.35,1064.75,6980.02,COMPLETED
4204,3,617,22,INV-004204,2026-05-02 16:10:00,18719.38,555.48,3269.5,21433.4,COMPLETED
4205,2,226,14,INV-004205,2026-04-13 10:22:00,187402.4,12598.22,31464.75,206268.93,COMPLETED
4206,5,282,37,INV-004206,2026-08-18 16:34:00,279118.47,17023.86,47177.02,309271.63,COMPLETED
4207,4,1000,26,INV-004207,2026-04-29 12:01:00,137525.02,13089.51,22398.39,146833.9,COMPLETED
4208,1,656,5,INV-004208,2026-05-30 12:43:00,119453.86,8457.59,19979.32,130975.59,COMPLETED
4209,1,203,2,INV-004209,2026-08-06 10:39:00,157259.3,9351.64,26623.37,174531.03,COMPLETED
4210,2,810,9,INV-004210,2026-07-10 10:22:00,54195.0,987.87,9577.28,62784.41,COMPLETED
4211,3,868,17,INV-004211,2026-06-16 16:40:00,133728.6,2943.86,23541.25,154325.99,COMPLETED
4212,4,342,30,INV-004212,2026-09-04 10:29:00,129729.97,8322.15,21853.41,143261.23,COMPLETED
4213,3,19,22,INV-004213,2026-07-28 20:48:00,184813.08,1134.98,33062.06,216740.16,COMPLETED
4214,3,484,18,INV-004214,2026-05-23 18:54:00,223717.44,13847.62,37776.57,247646.39,COMPLETED
4215,3,353,21,INV-004215,2026-04-19 15:38:00,279504.32,18903.58,46908.14,307508.88,COMPLETED
4216,4,248,29,INV-004216,2026-08-23 12:38:00,21280.0,1745.83,3516.15,23050.32,COMPLETED
4217,5,940,37,INV-004217,2026-08-17 09:26:00,244894.63,20554.72,40381.18,264721.09,COMPLETED
4218,4,363,26,INV-004218,2026-04-16 18:12:00,35324.26,819.65,6210.83,40715.44,COMPLETED
4219,2,329,9,INV-004219,2026-05-25 17:18:00,236322.86,18017.05,39295.04,257600.85,COMPLETED
4220,4,88,30,INV-004220,2026-04-09 12:35:00,165384.06,13399.65,27357.19,179341.6,COMPLETED
4221,3,249,17,INV-004221,2026-04-13 18:48:00,391826.62,17271.79,67419.87,441974.7,COMPLETED
4222,3,140,21,INV-004222,2026-08-03 13:09:00,20030.13,1404.12,3352.68,21978.69,COMPLETED
4223,5,118,37,INV-004223,2026-09-17 18:46:00,123327.51,3910.12,21495.13,140912.52,COMPLETED
4224,3,539,22,INV-004224,2026-05-08 18:09:00,352522.79,19824.57,59885.68,392583.9,COMPLETED
4225,1,449,1,INV-004225,2026-06-08 18:49:00,176345.04,13410.99,29328.13,192262.18,COMPLETED
4226,4,377,26,INV-004226,2026-09-06 11:40:00,71496.58,5975.75,11793.75,77314.58,COMPLETED
4227,3,639,21,INV-004227,2026-06-01 18:34:00,181753.24,6846.49,31483.21,206389.96,COMPLETED
4228,2,13,14,INV-004228,2026-04-03 10:19:00,100845.0,7838.48,16741.17,109747.69,COMPLETED
4229,5,736,34,INV-004229,2026-08-25 14:14:00,264972.74,17161.96,44605.94,292416.72,COMPLETED
4230,2,254,9,INV-004230,2026-08-24 12:56:00,205281.59,11885.75,34811.25,228207.09,COMPLETED
4231,4,956,26,INV-004231,2026-05-31 17:54:00,151727.56,12344.45,25088.96,164472.07,COMPLETED
4232,4,162,29,INV-004232,2026-07-11 12:43:00,177152.22,15045.5,29179.21,191285.93,COMPLETED
4233,2,624,10,INV-004233,2026-08-27 10:44:00,164377.08,13149.47,27220.97,178448.58,COMPLETED
4234,5,415,37,INV-004234,2026-08-06 17:21:00,395552.6,30815.99,65652.58,430389.19,COMPLETED
4235,4,992,29,INV-004235,2026-09-01 17:11:00,138184.25,12794.35,22570.19,147960.09,COMPLETED
4236,5,684,37,INV-004236,2026-06-10 14:28:00,109471.0,2230.53,19303.28,126543.75,COMPLETED
4237,5,203,33,INV-004237,2026-04-28 09:16:00,269322.2,8355.96,46973.93,307940.17,COMPLETED
4238,5,433,34,INV-004238,2026-06-21 10:09:00,64267.1,3593.13,10921.32,71595.29,COMPLETED
4239,2,160,10,INV-004239,2026-07-22 20:27:00,55385.13,5176.0,9037.64,59246.77,COMPLETED
4240,5,710,38,INV-004240,2026-06-15 11:10:00,167552.14,11982.03,28002.62,183572.73,COMPLETED
4241,4,503,29,INV-004241,2026-04-07 12:18:00,29833.64,3058.04,4819.61,31595.21,COMPLETED
4242,5,316,37,INV-004242,2026-05-29 15:09:00,170218.16,6053.44,29549.65,193714.37,COMPLETED
4243,4,128,29,INV-004243,2026-08-30 11:25:00,84586.26,6965.07,13971.81,91593.0,COMPLETED
4244,5,462,34,INV-004244,2026-09-27 20:18:00,20539.01,1312.15,3460.83,22687.69,COMPLETED
4245,1,525,2,INV-004245,2026-04-21 10:57:00,61104.12,246.13,10954.44,71812.43,COMPLETED
4246,4,488,26,INV-004246,2026-06-16 17:03:00,191266.16,8458.22,32905.42,215713.36,COMPLETED
4247,1,696,6,INV-004247,2026-05-29 10:27:00,29998.68,2613.48,4929.34,32314.54,COMPLETED
4248,4,68,29,INV-004248,2026-09-23 15:24:00,47967.51,3155.22,8066.21,52878.5,COMPLETED
4249,3,682,21,INV-004249,2026-05-05 13:21:00,9980.88,878.18,1638.49,10741.19,COMPLETED
4250,3,515,18,INV-004250,2026-07-18 17:47:00,85946.46,4704.25,14623.59,95865.8,COMPLETED
4251,3,177,21,INV-004251,2026-06-20 13:05:00,138174.03,2509.75,24419.58,160083.86,CANCELLED
4252,2,334,13,INV-004252,2026-08-13 19:21:00,344679.86,15934.24,59174.22,387919.84,COMPLETED
4253,3,211,18,INV-004253,2026-07-02 18:11:00,318722.8,17307.51,54254.74,355670.03,COMPLETED
4254,5,101,34,INV-004254,2026-04-17 19:16:00,79872.36,9252.22,12711.63,83331.77,COMPLETED
4255,2,117,14,INV-004255,2026-06-28 19:50:00,232382.12,10387.83,39958.97,261953.26,COMPLETED
4256,2,26,9,INV-004256,2026-07-17 10:07:00,347600.55,26177.38,57856.16,379279.33,COMPLETED
4257,3,242,22,INV-004257,2026-08-21 12:42:00,278152.39,17862.44,46852.19,307142.14,COMPLETED
4258,3,875,17,INV-004258,2026-09-10 09:18:00,103937.76,4848.94,17835.99,116924.81,COMPLETED
4259,2,489,13,INV-004259,2026-04-24 16:59:00,216508.49,12164.81,36781.86,241125.54,COMPLETED
4260,5,158,38,INV-004260,2026-08-09 09:39:00,57737.08,2803.89,9887.98,64821.17,COMPLETED
4261,3,541,17,INV-004261,2026-08-06 18:34:00,49983.64,2591.41,8530.6,55922.83,COMPLETED
4262,3,278,18,INV-004262,2026-07-03 11:58:00,140323.02,15142.27,22532.53,147713.28,COMPLETED
4263,5,538,33,INV-004263,2026-05-14 19:53:00,308641.03,24154.92,51207.51,335693.62,COMPLETED
4264,1,992,6,INV-004264,2026-08-24 19:34:00,223462.53,14161.06,37674.26,246975.73,COMPLETED
4265,2,479,10,INV-004265,2026-04-16 19:07:00,284313.16,20103.59,47557.72,311767.29,COMPLETED
4266,3,77,18,INV-004266,2026-08-29 09:50:00,284152.78,10396.2,49276.18,323032.76,COMPLETED
4267,3,50,22,INV-004267,2026-04-04 20:31:00,287723.96,16015.0,48907.62,320616.58,COMPLETED
4268,5,582,38,INV-004268,2026-06-21 13:26:00,359848.68,23801.94,60488.41,396535.15,COMPLETED
4269,4,131,29,INV-004269,2026-05-26 12:19:00,67352.6,4410.74,11329.53,74271.39,COMPLETED
4270,4,247,25,INV-004270,2026-07-28 14:11:00,167505.89,9947.01,28360.6,185919.48,COMPLETED
4271,2,401,14,INV-004271,2026-07-11 10:24:00,25476.29,1576.21,4302.02,28202.1,COMPLETED
4272,1,820,2,INV-004272,2026-06-23 16:19:00,181384.05,10113.74,30828.64,202098.95,COMPLETED
4273,4,626,25,INV-004273,2026-09-08 18:45:00,147444.64,7297.33,25226.52,165373.83,COMPLETED
4274,1,101,6,INV-004274,2026-08-03 16:11:00,177113.04,1282.67,31649.47,207479.84,COMPLETED
4275,4,724,30,INV-004275,2026-08-21 10:00:00,42623.92,549.85,7573.33,49647.4,COMPLETED
4276,1,628,5,INV-004276,2026-09-24 19:58:00,225970.58,15662.69,37855.43,248163.32,COMPLETED
4277,5,7,37,INV-004277,2026-06-16 12:28:00,224448.71,14840.36,37729.5,247337.85,COMPLETED
4278,2,48,9,INV-004278,2026-06-29 16:11:00,53113.5,1872.3,9223.41,60464.61,COMPLETED
4279,4,429,25,INV-004279,2026-05-06 18:56:00,254445.73,12860.36,43485.36,285070.73,COMPLETED
4280,1,416,5,INV-004280,2026-04-13 11:13:00,185306.68,19552.37,29835.77,195590.08,COMPLETED
4281,2,88,14,INV-004281,2026-08-20 14:22:00,54026.04,351.71,9661.38,63335.71,COMPLETED
4282,5,888,38,INV-004282,2026-08-17 20:58:00,135568.0,8235.21,22919.9,150252.69,COMPLETED
4283,5,916,38,INV-004283,2026-07-30 18:41:00,100498.54,5685.84,17066.28,111878.98,COMPLETED
4284,4,31,26,INV-004284,2026-05-04 09:13:00,219617.25,18175.83,36259.45,237700.87,COMPLETED
4285,5,250,34,INV-004285,2026-04-19 12:33:00,201461.29,15625.02,33450.54,219286.81,COMPLETED
4286,3,476,17,INV-004286,2026-07-11 11:51:00,174299.23,11430.87,29316.3,192184.66,COMPLETED
4287,4,119,26,INV-004287,2026-04-29 17:58:00,180511.65,4574.9,31668.62,207605.37,COMPLETED
4288,5,769,37,INV-004288,2026-04-06 10:42:00,143971.6,10647.65,23998.31,157322.26,COMPLETED
4289,2,228,13,INV-004289,2026-04-20 14:14:00,55647.22,3428.42,9399.39,61618.19,COMPLETED
4290,2,376,10,INV-004290,2026-09-28 18:54:00,228860.46,11819.87,39067.31,256107.9,COMPLETED
4291,1,326,6,INV-004291,2026-05-13 16:43:00,76484.49,4418.11,12971.94,85038.32,COMPLETED
4292,2,844,13,INV-004292,2026-09-17 13:00:00,249095.16,20668.09,41116.87,269543.94,COMPLETED
4293,2,592,10,INV-004293,2026-04-29 11:13:00,233290.11,12643.56,39716.37,260362.92,COMPLETED
4294,1,49,2,INV-004294,2026-08-28 11:08:00,298572.11,23188.35,49569.09,324952.85,COMPLETED
4295,5,20,37,INV-004295,2026-07-10 15:53:00,143119.55,4486.61,24953.93,163586.87,CANCELLED
4296,1,539,2,INV-004296,2026-08-07 12:50:00,168784.64,12978.22,28045.16,183851.58,COMPLETED
4297,5,893,34,INV-004297,2026-08-18 09:12:00,136452.21,6376.43,23413.64,153489.42,COMPLETED
4298,3,312,22,INV-004298,2026-06-17 11:42:00,117228.12,8382.93,19592.13,128437.32,COMPLETED
4299,4,862,26,INV-004299,2026-06-15 17:55:00,231308.78,8283.33,40144.58,263170.03,COMPLETED
4300,3,608,22,INV-004300,2026-06-13 17:04:00,123313.75,5026.66,21291.67,139578.76,COMPLETED
4301,3,503,21,INV-004301,2026-05-31 16:43:00,256540.59,23244.97,41993.21,275288.83,COMPLETED
4302,1,540,6,INV-004302,2026-05-31 11:42:00,50506.38,4368.82,8304.76,54442.32,COMPLETED
4303,2,183,10,INV-004303,2026-05-08 11:15:00,79360.32,2253.86,13879.16,90985.62,COMPLETED
4304,1,140,1,INV-004304,2026-06-09 11:13:00,193316.37,17352.05,31673.58,207637.9,COMPLETED
4305,4,492,29,INV-004305,2026-05-21 09:08:00,178955.2,13999.82,29691.97,194647.35,COMPLETED
4306,2,661,10,INV-004306,2026-08-29 20:46:00,14916.82,218.58,2645.68,17343.92,COMPLETED
4307,5,847,34,INV-004307,2026-05-11 16:16:00,43793.32,5124.6,6960.37,45629.09,COMPLETED
4308,4,248,29,INV-004308,2026-06-06 10:34:00,404325.78,41472.4,65313.62,428167.0,COMPLETED
4309,5,120,37,INV-004309,2026-07-03 10:30:00,204201.59,20502.69,33065.8,216764.7,COMPLETED
4310,3,338,21,INV-004310,2026-08-30 18:46:00,27064.47,1783.69,4550.55,29831.33,COMPLETED
4311,2,621,9,INV-004311,2026-05-15 11:54:00,66978.16,3720.64,11386.35,74643.87,COMPLETED
4312,4,960,25,INV-004312,2026-04-26 20:48:00,61329.32,4644.69,10203.23,66887.86,COMPLETED
4313,2,256,10,INV-004313,2026-06-30 20:19:00,115943.56,4554.54,20050.03,131439.05,COMPLETED
4314,1,400,2,INV-004314,2026-07-31 20:19:00,23545.72,228.27,4197.14,27514.59,COMPLETED
4315,3,942,22,INV-004315,2026-05-18 11:14:00,354909.96,27312.58,58967.53,386564.91,COMPLETED
4316,3,362,17,INV-004316,2026-09-09 09:47:00,349246.79,20235.45,59222.04,388233.38,COMPLETED
4317,2,64,10,INV-004317,2026-09-05 11:35:00,135021.0,6745.3,23089.63,151365.33,COMPLETED
4318,2,55,9,INV-004318,2026-07-16 13:53:00,332466.52,25795.99,55200.69,361871.22,COMPLETED
4319,5,522,38,INV-004319,2026-04-03 10:11:00,45139.32,4226.26,7364.35,48277.41,COMPLETED
4320,5,861,34,INV-004320,2026-08-17 10:57:00,342827.24,22263.16,57701.54,378265.62,COMPLETED
4321,4,571,25,INV-004321,2026-07-10 15:01:00,196187.12,7817.99,33906.44,222275.57,COMPLETED
4322,1,681,5,INV-004322,2026-04-03 20:43:00,22861.99,1024.06,3930.83,25768.76,COMPLETED
4323,2,489,14,INV-004323,2026-08-01 18:13:00,207450.01,7400.82,36008.86,236058.05,COMPLETED
4324,1,815,1,INV-004324,2026-05-09 11:24:00,179243.91,8826.03,30675.22,201093.1,COMPLETED
4325,2,773,9,INV-004325,2026-07-14 11:46:00,165967.09,8638.09,28319.22,185648.22,COMPLETED
4326,5,544,34,INV-004326,2026-06-02 13:56:00,36644.22,3870.75,5899.22,38672.69,COMPLETED
4327,2,283,14,INV-004327,2026-06-18 09:08:00,214065.72,19407.88,35038.4,229696.24,COMPLETED
4328,3,928,18,INV-004328,2026-09-08 17:23:00,121012.27,8557.88,20241.79,132696.18,CANCELLED
4329,1,401,6,INV-004329,2026-08-28 09:50:00,190989.99,5740.47,33344.91,218594.43,COMPLETED
4330,4,371,30,INV-004330,2026-06-01 12:22:00,182465.16,19718.45,29294.4,192041.11,COMPLETED
4331,1,590,6,INV-004331,2026-08-13 13:55:00,124021.21,7709.87,20936.03,137247.37,COMPLETED
4332,4,258,30,INV-004332,2026-06-19 17:23:00,179114.12,11820.82,30112.8,197406.1,COMPLETED
4333,1,541,1,INV-004333,2026-05-23 15:03:00,432138.36,10128.86,75961.7,497971.2,COMPLETED
4334,3,944,18,INV-004334,2026-05-27 20:34:00,164734.05,3511.21,29020.1,190242.94,COMPLETED
4335,1,353,1,INV-004335,2026-04-09 19:19:00,146814.89,8750.92,24851.51,162915.48,COMPLETED
4336,4,931,26,INV-004336,2026-06-24 14:06:00,424687.0,30089.11,71027.62,465625.51,COMPLETED
4337,5,366,37,INV-004337,2026-08-29 16:08:00,48771.65,970.32,8604.24,56405.57,COMPLETED
4338,5,691,37,INV-004338,2026-08-28 15:30:00,271489.47,14105.01,46329.19,303713.65,COMPLETED
4339,4,741,29,INV-004339,2026-05-30 10:43:00,217889.16,16688.53,36216.11,237416.74,COMPLETED
4340,5,550,33,INV-004340,2026-07-31 19:37:00,100017.28,5700.96,16976.94,111293.26,COMPLETED
4341,3,222,17,INV-004341,2026-04-20 14:33:00,228271.52,16367.4,38142.75,250046.87,COMPLETED
4342,3,253,21,INV-004342,2026-09-05 12:17:00,25642.2,2922.47,4089.55,26809.28,COMPLETED
4343,4,663,26,INV-004343,2026-08-18 14:03:00,191966.34,13248.9,32169.13,210886.57,COMPLETED
4344,4,13,29,INV-004344,2026-05-02 20:26:00,102794.37,6035.48,17416.6,114175.49,COMPLETED
4345,4,938,25,INV-004345,2026-05-04 12:30:00,121338.92,9496.58,20131.62,131973.96,COMPLETED
4346,2,356,14,INV-004346,2026-05-25 18:54:00,414167.9,32669.83,68669.66,450167.73,COMPLETED
4347,3,674,17,INV-004347,2026-09-15 15:00:00,23230.7,710.04,4053.72,26574.38,COMPLETED
4348,5,884,34,INV-004348,2026-06-27 20:48:00,25243.55,1262.63,4316.57,28297.49,COMPLETED
4349,4,26,30,INV-004349,2026-06-03 20:43:00,247076.42,11729.96,42362.36,277708.82,COMPLETED
4350,2,145,9,INV-004350,2026-08-16 10:15:00,148024.08,3743.29,25970.54,170251.33,COMPLETED
4351,4,790,29,INV-004351,2026-05-19 16:19:00,82506.02,7178.99,13558.87,88885.9,COMPLETED
4352,4,273,30,INV-004352,2026-06-27 19:48:00,277175.14,13483.89,47464.44,311155.69,COMPLETED
4353,2,357,14,INV-004353,2026-06-21 11:09:00,6572.16,639.11,1067.95,7001.0,COMPLETED
4354,1,977,2,INV-004354,2026-06-30 10:22:00,153170.32,6402.14,26418.28,173186.46,COMPLETED
4355,5,704,37,INV-004355,2026-04-10 16:04:00,9803.64,986.94,1587.01,10403.71,COMPLETED
4356,4,370,26,INV-004356,2026-06-14 16:25:00,140322.18,7910.17,23834.16,156246.17,COMPLETED
4357,3,957,22,INV-004357,2026-08-03 12:29:00,56262.44,733.12,9995.28,65524.6,COMPLETED
4358,1,847,6,INV-004358,2026-06-06 12:08:00,77627.08,1470.83,13708.12,89864.37,COMPLETED
4359,1,954,1,INV-004359,2026-04-28 09:10:00,98727.9,6827.49,16542.08,108442.49,COMPLETED
4360,1,616,2,INV-004360,2026-04-10 15:43:00,13447.24,1348.76,2177.73,14276.21,COMPLETED
4361,5,49,38,INV-004361,2026-05-19 13:20:00,121083.45,7923.0,20368.88,133529.33,COMPLETED
4362,1,257,2,INV-004362,2026-06-04 15:42:00,282270.08,11684.84,48705.34,319290.58,COMPLETED
4363,2,173,10,INV-004363,2026-04-24 12:45:00,33605.92,2214.28,5650.5,37042.14,COMPLETED
4364,4,989,30,INV-004364,2026-05-15 12:21:00,215924.96,11217.91,36847.27,241554.32,COMPLETED
4365,2,948,9,INV-004365,2026-08-15 19:45:00,158973.42,9515.91,26902.35,176359.86,COMPLETED
4366,1,567,6,INV-004366,2026-09-12 17:03:00,85120.0,4674.82,14480.13,94925.31,COMPLETED
4367,4,267,29,INV-004367,2026-04-11 15:23:00,7600.74,179.98,1335.74,8756.5,COMPLETED
4368,1,782,5,INV-004368,2026-04-09 16:29:00,14035.62,1442.15,2266.82,14860.29,COMPLETED
4369,3,339,18,INV-004369,2026-04-22 12:28:00,25456.44,2167.55,4192.0,27480.89,COMPLETED
4370,5,807,34,INV-004370,2026-05-10 18:06:00,11705.83,619.84,1995.48,13081.47,COMPLETED
4371,5,625,37,INV-004371,2026-09-08 18:05:00,339160.78,24684.72,56605.7,371081.76,COMPLETED
4372,4,433,29,INV-004372,2026-04-22 20:25:00,8728.6,69.86,1558.57,10217.31,COMPLETED
4373,2,36,13,INV-004373,2026-09-07 09:41:00,170004.75,6577.86,29416.85,192843.74,COMPLETED
4374,1,405,2,INV-004374,2026-05-19 16:19:00,323876.38,10127.57,56474.78,370223.59,COMPLETED
4375,5,762,34,INV-004375,2026-09-23 14:36:00,257717.4,16484.02,43422.01,284655.39,COMPLETED
4376,5,371,34,INV-004376,2026-08-02 14:07:00,9547.03,289.41,1666.37,10923.99,COMPLETED
4377,2,183,13,INV-004377,2026-08-16 16:20:00,179039.4,8840.55,30635.79,200834.64,COMPLETED
4378,1,284,5,INV-004378,2026-04-10 18:32:00,134885.85,2971.01,23744.67,155659.51,COMPLETED
4379,3,788,18,INV-004379,2026-08-25 12:07:00,83079.16,8048.32,13505.55,88536.39,COMPLETED
4380,5,254,37,INV-004380,2026-07-23 18:09:00,339720.85,21016.62,57366.76,376070.99,COMPLETED
4381,5,336,34,INV-004381,2026-04-13 17:18:00,57991.56,4116.67,9697.48,63572.37,COMPLETED
4382,5,602,34,INV-004382,2026-04-25 13:22:00,182921.23,18778.47,29545.69,193688.45,COMPLETED
4383,3,670,21,INV-004383,2026-06-15 12:09:00,160005.93,10503.51,26910.44,176412.86,COMPLETED
4384,5,749,37,INV-004384,2026-04-14 20:34:00,63956.68,1233.02,11290.26,74013.92,COMPLETED
4385,5,382,34,INV-004385,2026-04-26 20:02:00,278085.29,24216.99,45696.29,299564.59,COMPLETED
4386,3,911,17,INV-004386,2026-09-05 13:26:00,71001.3,3129.23,12216.97,80089.04,COMPLETED
4387,1,533,1,INV-004387,2026-08-03 10:45:00,62086.09,4004.54,10454.68,68536.23,COMPLETED
4388,2,783,10,INV-004388,2026-07-09 10:34:00,142961.76,10183.85,23900.02,156677.93,COMPLETED
4389,2,479,10,INV-004389,2026-08-14 20:32:00,126273.73,4588.64,21903.31,143588.4,COMPLETED
4390,2,709,10,INV-004390,2026-09-25 14:40:00,25642.2,700.36,4489.53,29431.37,COMPLETED
4391,1,723,1,INV-004391,2026-05-12 13:39:00,95783.41,4072.82,16507.91,108218.5,COMPLETED
4392,3,106,17,INV-004392,2026-04-12 17:34:00,14298.03,1588.61,2287.7,14997.12,COMPLETED
4393,2,406,13,INV-004393,2026-04-25 20:17:00,1179.48,42.64,204.63,1341.47,COMPLETED
4394,4,827,26,INV-004394,2026-04-23 16:47:00,121757.92,5123.16,20994.27,137629.03,COMPLETED
4395,5,409,38,INV-004395,2026-05-29 18:07:00,313164.0,8723.49,54799.3,359239.81,COMPLETED
4396,4,776,26,INV-004396,2026-06-26 13:07:00,402318.13,26991.59,67558.79,442885.33,COMPLETED
4397,4,862,26,INV-004397,2026-05-05 19:19:00,33462.1,426.23,5946.46,38982.33,COMPLETED
4398,5,393,33,INV-004398,2026-05-07 15:47:00,165409.06,6136.63,28669.04,187941.47,CANCELLED
4399,2,381,10,INV-004399,2026-07-14 18:02:00,26163.53,2524.96,4254.94,27893.51,COMPLETED
4400,5,227,33,INV-004400,2026-08-08 18:55:00,19308.58,1499.18,3205.69,21015.09,COMPLETED
4401,2,858,10,INV-004401,2026-07-17 14:41:00,73455.52,567.02,13119.93,86008.43,COMPLETED
4402,5,325,34,INV-004402,2026-08-13 13:55:00,27914.9,1388.56,4774.74,31301.08,COMPLETED
4403,2,769,13,INV-004403,2026-07-14 12:30:00,312046.35,10812.75,54222.04,355455.64,COMPLETED
4404,4,570,29,INV-004404,2026-06-05 20:54:00,88547.22,1751.9,15623.16,102418.48,COMPLETED
4405,5,450,34,INV-004405,2026-05-08 15:50:00,35918.52,2060.85,6094.38,39952.05,COMPLETED
4406,2,840,10,INV-004406,2026-06-18 10:52:00,284111.37,21671.98,47239.08,309678.47,COMPLETED
4407,1,485,5,INV-004407,2026-04-18 16:27:00,64494.96,3603.76,10960.41,71851.61,CANCELLED
4408,2,498,13,INV-004408,2026-07-19 14:21:00,105341.66,6352.63,17818.02,116807.05,COMPLETED
4409,2,555,9,INV-004409,2026-08-26 12:06:00,175532.97,12043.27,29428.15,192917.85,COMPLETED
4410,5,436,33,INV-004410,2026-08-06 10:38:00,9714.51,202.18,1712.22,11224.55,COMPLETED
4411,4,683,29,INV-004411,2026-07-15 15:42:00,189979.11,11691.87,32091.71,210378.95,COMPLETED
4412,5,281,34,INV-004412,2026-07-30 13:42:00,373282.67,12641.93,64915.34,425556.08,COMPLETED
4413,5,245,37,INV-004413,2026-07-06 12:53:00,175661.26,13377.16,29211.14,191495.24,COMPLETED
4414,1,568,5,INV-004414,2026-07-10 18:59:00,120971.33,334.42,21714.64,142351.55,COMPLETED
4415,2,784,9,INV-004415,2026-04-23 13:04:00,25456.44,2782.39,4081.33,26755.38,COMPLETED
4416,1,541,6,INV-004416,2026-05-13 20:46:00,99967.28,10769.45,16055.61,105253.44,COMPLETED
4417,1,900,5,INV-004417,2026-08-06 13:57:00,29512.46,2412.69,4877.96,31977.73,COMPLETED
4418,2,963,14,INV-004418,2026-04-02 20:25:00,81572.8,6962.97,13429.77,88039.6,COMPLETED
4419,1,597,1,INV-004419,2026-04-14 13:10:00,213676.25,6557.63,37281.35,244399.97,COMPLETED
4420,3,721,17,INV-004420,2026-08-01 18:43:00,244813.59,12914.64,41741.81,273640.76,COMPLETED
4421,2,484,9,INV-004421,2026-07-15 13:43:00,67218.7,1326.49,11860.6,77752.81,COMPLETED
4422,4,128,25,INV-004422,2026-06-27 16:53:00,175285.33,13654.87,29093.48,190723.94,COMPLETED
4423,1,656,6,INV-004423,2026-09-13 18:44:00,147120.51,7286.21,25170.17,165004.47,CANCELLED
4424,4,900,25,INV-004424,2026-06-06 19:07:00,68827.7,3998.62,11669.24,76498.32,COMPLETED
4425,2,469,10,INV-004425,2026-06-25 18:05:00,31816.38,2012.86,5364.63,35168.15,COMPLETED
4426,1,626,2,INV-004426,2026-06-26 14:28:00,17201.96,59.11,3085.71,20228.56,COMPLETED
4427,5,969,37,INV-004427,2026-05-14 14:44:00,55543.04,4097.37,9260.22,60705.89,COMPLETED
4428,4,639,29,INV-004428,2026-08-28 18:57:00,143153.76,3492.77,25138.97,164799.96,COMPLETED
4429,1,817,5,INV-004429,2026-06-18 18:49:00,347741.52,28364.86,57487.79,376864.45,COMPLETED
4430,3,35,17,INV-004430,2026-05-16 15:14:00,373047.51,19724.27,63598.17,416921.41,COMPLETED
4431,2,31,13,INV-004431,2026-08-23 10:28:00,57535.38,6235.5,9233.98,60533.86,COMPLETED
4432,2,439,10,INV-004432,2026-08-06 17:09:00,255913.16,6287.76,44932.56,294557.96,COMPLETED
4433,5,209,34,INV-004433,2026-09-08 17:24:00,173158.96,15219.35,28429.13,186368.74,COMPLETED
4434,3,916,21,INV-004434,2026-09-13 18:34:00,87093.33,8813.33,14090.4,92370.4,COMPLETED
4435,5,962,38,INV-004435,2026-08-18 17:01:00,189636.95,7734.48,32742.45,214644.92,COMPLETED
4436,1,670,1,INV-004436,2026-04-10 09:48:00,31897.47,1428.07,5484.5,35953.9,COMPLETED
4437,2,228,14,INV-004437,2026-05-03 13:39:00,145952.84,14299.81,23697.55,155350.58,COMPLETED
4438,5,738,37,INV-004438,2026-09-12 20:23:00,74773.85,5391.14,12488.89,81871.6,COMPLETED
4439,1,215,1,INV-004439,2026-08-10 17:31:00,70493.2,3885.31,11989.42,78597.31,COMPLETED
4440,5,800,37,INV-004440,2026-06-04 17:31:00,83704.18,2919.59,14541.22,95325.81,COMPLETED
4441,2,858,13,INV-004441,2026-08-09 19:23:00,211659.04,19111.44,34658.56,227206.16,COMPLETED
4442,1,18,5,INV-004442,2026-05-12 13:03:00,390012.25,26165.31,65492.45,429339.39,COMPLETED
4443,5,352,34,INV-004443,2026-09-26 19:46:00,76676.68,6302.37,12667.38,83041.69,COMPLETED
4444,2,33,14,INV-004444,2026-04-15 11:04:00,40394.87,1016.1,7088.18,46466.95,COMPLETED
4445,3,337,21,INV-004445,2026-04-25 11:09:00,387662.71,31275.83,64149.63,420536.51,COMPLETED
4446,2,935,9,INV-004446,2026-07-26 09:31:00,209706.71,7092.5,36470.56,239084.77,CANCELLED
4447,1,276,5,INV-004447,2026-05-03 12:04:00,82034.16,3712.43,14097.91,92419.64,COMPLETED
4448,5,405,37,INV-004448,2026-07-12 20:31:00,123281.46,2691.47,21706.2,142296.19,COMPLETED
4449,3,650,18,INV-004449,2026-06-21 19:00:00,339946.47,26010.57,56508.47,370444.37,COMPLETED
4450,2,308,13,INV-004450,2026-09-15 11:09:00,346308.97,26251.02,57610.43,377668.38,COMPLETED
4451,2,777,10,INV-004451,2026-06-28 11:02:00,118062.96,5590.6,20245.02,132717.38,COMPLETED
4452,5,857,38,INV-004452,2026-07-20 12:02:00,188839.14,7145.11,32704.93,214398.96,CANCELLED
4453,5,564,33,INV-004453,2026-08-27 17:22:00,241082.86,12021.56,41231.04,270292.34,COMPLETED
4454,5,916,34,INV-004454,2026-06-04 15:27:00,121035.5,8034.33,20340.21,133341.38,COMPLETED
4455,1,773,1,INV-004455,2026-05-02 10:23:00,126005.67,11023.07,20696.86,135679.46,COMPLETED
4456,5,854,34,INV-004456,2026-08-11 10:56:00,107932.77,7184.39,18134.71,118883.09,COMPLETED
4457,5,442,37,INV-004457,2026-04-23 14:39:00,1179.48,42.41,204.67,1341.74,COMPLETED
4458,1,680,6,INV-004458,2026-05-22 20:00:00,131567.9,12848.29,21369.53,140089.14,COMPLETED
4459,1,732,6,INV-004459,2026-04-27 16:14:00,101827.88,8062.24,16877.81,110643.45,COMPLETED
4460,1,996,6,INV-004460,2026-05-16 14:36:00,68088.03,1952.45,11904.4,78039.98,COMPLETED
4461,2,590,13,INV-004461,2026-06-29 15:06:00,148486.68,3972.09,26012.62,170527.21,COMPLETED
4462,1,407,2,INV-004462,2026-06-10 20:25:00,98892.63,8258.46,16314.15,106948.32,COMPLETED
4463,3,937,21,INV-004463,2026-05-21 14:19:00,298037.62,22351.91,49623.43,325309.14,COMPLETED
4464,5,585,34,INV-004464,2026-08-03 20:35:00,82532.8,6587.67,13670.13,89615.26,COMPLETED
4465,2,728,10,INV-004465,2026-05-21 10:09:00,159975.46,13150.89,26428.42,173252.99,COMPLETED
4466,5,329,38,INV-004466,2026-06-16 14:57:00,256512.31,6502.41,45001.78,295011.68,COMPLETED
4467,5,12,33,INV-004467,2026-07-09 09:25:00,289991.78,25776.06,47558.83,311774.55,COMPLETED
4468,2,534,10,INV-004468,2026-06-22 11:35:00,66905.07,3468.89,11418.5,74854.68,COMPLETED
4469,1,337,6,INV-004469,2026-06-01 15:14:00,195139.63,14458.44,32522.62,213203.81,COMPLETED
4470,4,601,25,INV-004470,2026-06-26 16:06:00,189176.27,2849.61,33538.79,219865.45,COMPLETED
4471,3,673,18,INV-004471,2026-08-18 16:20:00,215576.25,21687.96,34899.9,228788.19,COMPLETED
4472,2,548,9,INV-004472,2026-05-24 20:26:00,47091.44,3971.18,7761.65,50881.91,COMPLETED
4473,3,239,22,INV-004473,2026-04-23 10:54:00,74314.0,522.63,13282.45,87073.82,COMPLETED
4474,1,194,1,INV-004474,2026-06-03 15:11:00,322653.15,15543.6,55279.72,362389.27,COMPLETED
4475,4,630,30,INV-004475,2026-08-13 09:50:00,116221.82,8617.61,19368.76,126972.97,COMPLETED
4476,4,590,26,INV-004476,2026-04-06 18:04:00,160206.11,5830.98,27787.52,182162.65,COMPLETED
4477,4,684,29,INV-004477,2026-07-06 16:13:00,150404.45,8853.38,25479.2,167030.27,COMPLETED
4478,1,270,2,INV-004478,2026-08-26 19:01:00,209513.89,10098.1,35894.84,235310.63,COMPLETED
4479,5,112,33,INV-004479,2026-06-09 20:30:00,71258.62,1886.22,12487.04,81859.44,COMPLETED
4480,1,673,1,INV-004480,2026-04-27 14:50:00,110713.17,8798.75,18344.6,120259.02,COMPLETED
4481,2,418,9,INV-004481,2026-08-16 15:30:00,99830.28,3239.99,17386.25,113976.54,COMPLETED
4482,5,661,34,INV-004482,2026-04-16 11:54:00,316938.02,26043.07,52361.1,343256.05,COMPLETED
4483,4,449,29,INV-004483,2026-09-07 17:42:00,223689.56,12289.48,38052.01,249452.09,COMPLETED
4484,1,709,5,INV-004484,2026-05-05 16:50:00,208348.7,8323.72,36004.5,236029.48,COMPLETED
4485,5,922,38,INV-004485,2026-05-30 11:52:00,62306.82,4771.49,10356.36,67891.69,COMPLETED
4486,3,891,18,INV-004486,2026-06-03 18:37:00,98050.7,8489.49,16121.02,105682.23,COMPLETED
4487,1,123,6,INV-004487,2026-09-05 17:53:00,287108.55,17357.57,48555.17,318306.15,COMPLETED
4488,3,500,22,INV-004488,2026-09-21 11:16:00,41774.71,3497.42,6889.91,45167.2,COMPLETED
4489,4,781,25,INV-004489,2026-07-27 19:04:00,41995.34,4155.33,6811.2,44651.21,COMPLETED
4490,4,270,25,INV-004490,2026-05-27 15:17:00,121857.16,11737.86,19821.48,129940.78,COMPLETED
4491,5,572,34,INV-004491,2026-04-29 15:02:00,66400.6,1227.24,11731.2,76904.56,COMPLETED
4492,2,35,10,INV-004492,2026-04-19 12:36:00,61930.51,3263.45,10560.07,69227.13,COMPLETED
4493,1,949,6,INV-004493,2026-05-15 15:15:00,114806.18,11539.62,18587.99,121854.55,COMPLETED
4494,2,556,10,INV-004494,2026-09-25 14:10:00,110625.12,111.06,19892.53,130406.59,COMPLETED
4495,3,495,17,INV-004495,2026-06-17 20:33:00,113019.0,6869.25,19106.95,125256.7,COMPLETED
4496,3,48,21,INV-004496,2026-09-20 17:11:00,69452.86,6448.71,11340.75,74344.9,COMPLETED
4497,5,840,34,INV-004497,2026-09-22 18:31:00,141734.45,6899.39,24270.31,159105.37,COMPLETED
4498,4,54,29,INV-004498,2026-04-20 20:11:00,58607.63,2098.99,10171.55,66680.19,COMPLETED
4499,2,531,13,INV-004499,2026-06-01 17:56:00,114259.27,13083.64,18211.62,119387.25,COMPLETED
4500,4,270,26,INV-004500,2026-09-19 17:47:00,276532.21,23586.84,45530.16,298475.53,COMPLETED
4501,1,612,1,INV-004501,2026-09-19 16:13:00,95714.22,6855.1,15994.65,104853.77,COMPLETED
4502,2,150,13,INV-004502,2026-09-15 09:22:00,76978.38,3327.09,13257.23,86908.52,COMPLETED
4503,1,719,6,INV-004503,2026-07-08 12:42:00,247365.19,19688.77,40981.74,268658.16,COMPLETED
4504,3,30,22,INV-004504,2026-05-11 16:12:00,225.02,14.03,37.98,248.97,COMPLETED
4505,1,224,1,INV-004505,2026-08-29 09:53:00,7930.98,532.13,1331.79,8730.64,COMPLETED
4506,5,116,34,INV-004506,2026-04-01 12:54:00,199840.32,12342.6,33749.58,221247.3,COMPLETED
4507,3,609,18,INV-004507,2026-06-30 19:57:00,166259.52,13819.54,27439.2,179879.18,COMPLETED
4508,1,563,5,INV-004508,2026-09-17 12:08:00,386629.71,28164.11,64523.81,422989.41,COMPLETED
4509,4,614,26,INV-004509,2026-06-05 17:17:00,28972.51,327.32,5156.13,33801.32,COMPLETED
4510,1,987,1,INV-004510,2026-04-18 15:41:00,149861.8,13080.0,24620.72,161402.52,COMPLETED
4511,1,737,5,INV-004511,2026-06-02 09:10:00,87624.35,7948.8,14341.6,94017.15,COMPLETED
4512,3,291,22,INV-004512,2026-04-20 14:07:00,230172.38,19136.22,37986.51,249022.67,COMPLETED
4513,2,594,14,INV-004513,2026-09-15 20:40:00,128954.87,7752.22,21816.47,143019.12,COMPLETED
4514,5,398,34,INV-004514,2026-04-30 20:12:00,205852.48,15567.46,34251.3,224536.32,COMPLETED
4515,3,743,21,INV-004515,2026-04-08 14:46:00,146710.92,5044.19,25500.01,167166.74,COMPLETED
4516,2,567,14,INV-004516,2026-07-17 10:53:00,69692.1,2484.96,12097.29,79304.43,COMPLETED
4517,4,616,30,INV-004517,2026-08-09 18:33:00,403486.93,23466.79,68403.63,448423.77,COMPLETED
4518,5,709,38,INV-004518,2026-05-12 14:10:00,141451.53,11793.19,23338.49,152996.83,COMPLETED
4519,2,218,9,INV-004519,2026-07-01 11:04:00,194531.3,19938.13,31426.77,206019.94,COMPLETED
4520,4,81,26,INV-004520,2026-08-29 16:49:00,115636.66,8107.53,19355.24,126884.37,COMPLETED
4521,5,756,38,INV-004521,2026-07-10 09:52:00,807.42,94.09,128.4,841.73,COMPLETED
4522,4,552,25,INV-004522,2026-04-30 09:31:00,219215.94,4362.99,38673.53,253526.48,COMPLETED
4523,1,882,1,INV-004523,2026-09-10 17:58:00,64414.12,115.3,11573.79,75872.61,COMPLETED
4524,4,63,25,INV-004524,2026-06-21 16:34:00,310436.34,11860.12,53743.72,352319.94,COMPLETED
4525,4,940,30,INV-004525,2026-04-03 15:13:00,97688.81,7342.31,16262.37,106608.87,COMPLETED
4526,1,586,6,INV-004526,2026-09-10 14:20:00,82396.93,3240.31,14248.19,93404.81,COMPLETED
4527,2,16,10,INV-004527,2026-04-07 12:00:00,45391.02,4226.95,7409.53,48573.6,COMPLETED
4528,2,321,10,INV-004528,2026-04-01 18:24:00,338411.5,19611.57,57383.99,376183.92,COMPLETED
4529,2,894,9,INV-004529,2026-08-31 10:30:00,41807.96,4368.07,6739.18,44179.07,COMPLETED
4530,5,130,37,INV-004530,2026-07-15 20:00:00,111055.76,9268.1,18321.78,120109.44,COMPLETED
4531,3,361,18,INV-004531,2026-09-03 13:44:00,13763.19,172.4,2446.34,16037.13,COMPLETED
4532,1,701,2,INV-004532,2026-06-06 19:17:00,76884.62,3032.35,13293.41,87145.68,COMPLETED
4533,2,463,9,INV-004533,2026-04-27 11:15:00,135160.14,1159.14,24120.18,158121.18,COMPLETED
4534,4,587,30,INV-004534,2026-04-28 13:35:00,36444.51,1715.32,6251.25,40980.44,COMPLETED
4535,5,21,34,INV-004535,2026-04-07 20:40:00,301990.54,17224.33,51257.92,336024.13,COMPLETED
4536,3,841,18,INV-004536,2026-04-06 20:16:00,115687.54,4807.3,19958.44,130838.68,COMPLETED
4537,4,660,25,INV-004537,2026-04-23 10:09:00,289628.02,23962.37,47819.81,313485.46,COMPLETED
4538,4,486,26,INV-004538,2026-07-11 19:38:00,99226.02,4256.09,17094.59,112064.52,COMPLETED
4539,5,111,34,INV-004539,2026-04-04 12:54:00,114062.11,3290.42,19938.91,130710.6,COMPLETED
4540,4,149,25,INV-004540,2026-07-29 17:32:00,300489.35,9956.36,52295.94,342828.93,COMPLETED
4541,1,178,5,INV-004541,2026-04-06 12:02:00,282996.46,13700.95,48473.19,317768.7,COMPLETED
4542,2,820,14,INV-004542,2026-04-15 13:52:00,264947.93,13419.8,45275.06,296803.19,COMPLETED
4543,4,365,26,INV-004543,2026-08-22 20:55:00,250919.26,18607.6,41816.1,274127.76,COMPLETED
4544,1,232,5,INV-004544,2026-04-12 13:17:00,139018.23,5014.57,24120.66,158124.32,COMPLETED
4545,5,636,37,INV-004545,2026-04-13 16:00:00,29833.64,3338.52,4769.12,31264.24,COMPLETED
4546,5,223,38,INV-004546,2026-06-23 10:49:00,28469.05,3081.16,4569.82,29957.71,COMPLETED
4547,5,709,38,INV-004547,2026-08-10 12:42:00,457734.69,36931.52,75744.57,496547.74,COMPLETED
4548,1,910,1,INV-004548,2026-08-01 12:40:00,67170.01,2589.79,11624.44,76204.66,COMPLETED
4549,5,33,38,INV-004549,2026-07-25 19:56:00,108094.04,4057.36,18726.6,122763.28,COMPLETED
4550,3,516,22,INV-004550,2026-09-16 15:35:00,179582.24,10694.82,30399.74,199287.16,COMPLETED
4551,1,830,1,INV-004551,2026-09-09 12:35:00,225035.77,10412.21,38632.24,253255.8,COMPLETED
4552,4,998,25,INV-004552,2026-06-06 19:30:00,175617.53,13286.6,29219.57,191550.5,COMPLETED
4553,1,765,5,INV-004553,2026-06-14 14:14:00,19108.3,2023.17,3075.32,20160.45,COMPLETED
4554,1,766,6,INV-004554,2026-07-14 14:07:00,346380.33,14693.47,59703.63,391390.49,COMPLETED
4555,2,162,14,INV-004555,2026-05-02 09:01:00,67021.89,3838.37,11373.03,74556.55,COMPLETED
4556,1,681,5,INV-004556,2026-05-15 10:37:00,512034.06,21478.74,88299.96,578855.28,COMPLETED
4557,3,78,21,INV-004557,2026-06-25 15:34:00,75796.47,4722.82,12793.25,83866.9,COMPLETED
4558,5,880,37,INV-004558,2026-09-09 09:50:00,34366.44,1587.86,5900.14,38678.72,COMPLETED
4559,4,258,30,INV-004559,2026-04-15 17:41:00,198610.11,10287.02,33898.15,222221.24,COMPLETED
4560,3,277,18,INV-004560,2026-05-01 16:24:00,37685.36,1778.8,6463.18,42369.74,COMPLETED
4561,4,949,25,INV-004561,2026-09-01 14:11:00,119794.77,5408.35,20589.56,134975.98,COMPLETED
4562,4,264,30,INV-004562,2026-04-27 14:54:00,38452.97,3318.43,6324.22,41458.76,COMPLETED
4563,2,183,9,INV-004563,2026-08-27 10:19:00,127182.5,13130.8,20529.3,134581.0,COMPLETED
4564,1,344,1,INV-004564,2026-07-02 18:29:00,160111.46,6185.39,27706.69,181632.76,COMPLETED
4565,4,476,25,INV-004565,2026-07-05 09:41:00,106112.32,5824.55,18051.8,118339.57,COMPLETED
4566,5,440,33,INV-004566,2026-08-23 16:59:00,141482.68,8729.5,23895.58,156648.76,COMPLETED
4567,4,202,26,INV-004567,2026-06-26 11:35:00,246072.2,17293.85,41180.1,269958.45,COMPLETED
4568,4,276,25,INV-004568,2026-05-27 10:13:00,174072.92,3894.18,30632.17,200810.91,COMPLETED
4569,1,380,1,INV-004569,2026-07-28 14:16:00,76668.21,5908.24,12736.81,83496.78,COMPLETED
4570,3,566,18,INV-004570,2026-09-21 13:02:00,18244.99,742.26,3150.49,20653.22,COMPLETED
4571,2,957,10,INV-004571,2026-06-27 18:27:00,412601.8,26374.98,69520.82,455747.64,COMPLETED
4572,2,114,9,INV-004572,2026-07-23 16:27:00,55568.25,5034.2,9096.13,59630.18,COMPLETED
4573,2,615,14,INV-004573,2026-07-05 19:25:00,247450.11,16297.68,41607.44,272759.87,COMPLETED
4574,2,350,10,INV-004574,2026-04-14 09:13:00,285367.32,17098.01,48288.48,316557.79,COMPLETED
4575,4,199,30,INV-004575,2026-04-20 16:15:00,106985.45,7655.73,17879.34,117209.06,COMPLETED
4576,1,32,2,INV-004576,2026-04-28 11:00:00,143451.47,3857.07,25126.98,164721.38,COMPLETED
4577,3,816,22,INV-004577,2026-07-26 11:27:00,63840.0,4071.96,10758.25,70526.29,COMPLETED
4578,4,718,25,INV-004578,2026-05-12 16:12:00,239725.11,10741.47,41217.06,270200.7,COMPLETED
4579,5,459,37,INV-004579,2026-07-07 11:42:00,218649.68,18052.36,36107.52,236704.84,COMPLETED
4580,1,318,2,INV-004580,2026-08-15 19:46:00,145661.1,10004.77,24418.14,160074.47,COMPLETED
4581,5,402,33,INV-004581,2026-09-26 12:22:00,188450.9,8688.47,32357.25,212119.68,COMPLETED
4582,4,410,25,INV-004582,2026-06-12 12:07:00,229362.04,14796.19,38621.85,253187.7,COMPLETED
4583,1,173,1,INV-004583,2026-05-08 10:48:00,118525.82,11137.58,19329.88,126718.12,COMPLETED
4584,3,519,21,INV-004584,2026-08-25 20:56:00,195594.67,13924.15,32700.69,214371.21,COMPLETED
4585,1,383,2,INV-004585,2026-09-17 20:29:00,321210.12,5517.25,56824.71,372517.58,COMPLETED
4586,1,637,5,INV-004586,2026-08-16 18:36:00,149649.31,13359.45,24532.17,160822.03,COMPLETED
4587,4,720,25,INV-004587,2026-06-13 18:49:00,322806.46,25417.85,53529.95,350918.56,COMPLETED
4588,3,824,22,INV-004588,2026-06-20 13:44:00,222978.81,13523.06,37702.03,247157.78,COMPLETED
4589,3,102,17,INV-004589,2026-04-01 17:31:00,32572.68,40.72,5855.75,38387.71,COMPLETED
4590,5,297,34,INV-004590,2026-07-14 15:10:00,319557.08,25303.11,52965.72,347219.69,COMPLETED
4591,2,701,10,INV-004591,2026-04-08 18:46:00,242139.94,13091.43,41228.73,270277.24,COMPLETED
4592,1,131,6,INV-004592,2026-04-14 18:40:00,164365.31,5740.15,28552.53,187177.69,COMPLETED
4593,1,251,1,INV-004593,2026-05-06 15:15:00,80661.36,4749.88,13664.07,89575.55,COMPLETED
4594,3,891,17,INV-004594,2026-07-01 19:15:00,221065.22,9871.49,38014.88,249208.61,COMPLETED
4595,3,742,21,INV-004595,2026-09-17 15:48:00,165814.23,7108.05,28567.11,187273.29,COMPLETED
4596,3,648,17,INV-004596,2026-08-21 16:06:00,12279.53,996.83,2030.89,13313.59,COMPLETED
4597,4,545,26,INV-004597,2026-08-26 17:37:00,148663.06,4847.53,25886.79,169702.32,COMPLETED
4598,1,650,5,INV-004598,2026-08-05 19:14:00,195303.7,10460.31,33271.82,218115.21,COMPLETED
4599,1,675,6,INV-004599,2026-09-20 18:53:00,67182.3,5280.86,11142.26,73043.7,COMPLETED
4600,1,988,6,INV-004600,2026-08-02 20:45:00,45764.65,2640.02,7762.43,50887.06,COMPLETED
4601,2,495,10,INV-004601,2026-07-01 19:42:00,180874.67,9204.58,30900.62,202570.71,COMPLETED
4602,2,447,9,INV-004602,2026-05-01 15:36:00,61575.3,1572.5,10800.5,70803.3,CANCELLED
4603,1,512,6,INV-004603,2026-04-08 16:25:00,136944.98,10890.06,22689.88,148744.8,COMPLETED
4604,1,805,1,INV-004604,2026-06-28 20:08:00,332511.84,25067.29,55340.02,362784.57,COMPLETED
4605,3,933,17,INV-004605,2026-04-21 15:42:00,67389.93,3869.93,11433.6,74953.6,COMPLETED
4606,5,584,38,INV-004606,2026-07-24 15:33:00,164086.3,7854.89,28121.64,184353.05,COMPLETED
4607,4,687,29,INV-004607,2026-04-11 13:58:00,232195.2,9847.96,40022.5,262369.74,COMPLETED
4608,4,628,29,INV-004608,2026-04-06 17:11:00,108130.69,9879.06,17685.3,115936.93,COMPLETED
4609,5,666,34,INV-004609,2026-06-28 13:03:00,24385.9,1111.08,4189.46,27464.28,COMPLETED
4610,2,566,14,INV-004610,2026-04-19 11:50:00,24222.44,2644.95,3883.95,25461.44,COMPLETED
4611,4,843,26,INV-004611,2026-07-04 10:20:00,246527.84,15086.27,41659.48,273101.05,COMPLETED
4612,2,749,13,INV-004612,2026-07-13 19:52:00,320427.22,18676.67,54315.1,356065.65,COMPLETED
4613,2,73,9,INV-004613,2026-07-22 18:33:00,69004.05,5675.25,11399.18,74727.98,COMPLETED
4614,2,547,10,INV-004614,2026-06-25 18:46:00,238147.7,10595.31,40959.44,268511.83,COMPLETED
4615,5,956,34,INV-004615,2026-05-14 11:26:00,74099.19,3374.81,12730.39,83454.77,COMPLETED
4616,5,867,38,INV-004616,2026-04-13 14:09:00,567.63,37.25,95.47,625.85,COMPLETED
4617,4,698,30,INV-004617,2026-09-01 10:47:00,163999.47,4760.16,28663.08,187902.39,COMPLETED
4618,5,906,38,INV-004618,2026-04-20 17:33:00,16139.44,1548.77,2626.32,17216.99,COMPLETED
4619,1,261,5,INV-004619,2026-07-01 20:33:00,41820.72,528.72,7432.56,48724.56,COMPLETED
4620,1,424,2,INV-004620,2026-06-20 10:09:00,237006.84,8126.49,41198.47,270078.82,COMPLETED
4621,4,874,26,INV-004621,2026-09-23 14:37:00,246684.16,11000.25,42423.09,278107.0,COMPLETED
4622,4,936,30,INV-004622,2026-05-30 15:12:00,37027.82,599.39,6557.12,42985.55,COMPLETED
4623,5,299,33,INV-004623,2026-06-22 12:05:00,112.51,2.3,19.84,130.05,COMPLETED
4624,3,718,21,INV-004624,2026-08-02 15:38:00,26697.64,3054.25,4255.81,27899.2,COMPLETED
4625,5,423,37,INV-004625,2026-08-27 20:06:00,166391.1,5096.37,29033.05,190327.78,COMPLETED
4626,2,240,10,INV-004626,2026-05-25 09:27:00,82389.06,2745.78,14335.8,93979.08,COMPLETED
4627,2,636,14,INV-004627,2026-07-21 10:42:00,185679.29,12819.83,31114.71,203974.17,COMPLETED
4628,1,577,1,INV-004628,2026-08-09 18:27:00,138198.51,8217.14,23396.66,153378.03,COMPLETED
4629,5,51,33,INV-004629,2026-08-09 17:39:00,207234.01,5891.98,36241.56,237583.59,COMPLETED
4630,4,157,26,INV-004630,2026-09-02 17:57:00,97173.06,3426.53,16874.38,110620.91,COMPLETED
4631,2,324,10,INV-004631,2026-08-22 13:33:00,250312.84,13373.39,42649.1,279588.55,COMPLETED
4632,2,346,13,INV-004632,2026-08-06 19:56:00,112355.1,8138.25,18759.04,122975.89,COMPLETED
4633,3,542,18,INV-004633,2026-06-27 19:29:00,87812.12,9281.21,14135.56,92666.47,COMPLETED
4634,3,438,21,INV-004634,2026-09-11 16:15:00,26586.38,2289.43,4373.45,28670.4,COMPLETED
4635,4,986,29,INV-004635,2026-09-12 20:38:00,293305.97,23835.91,48504.6,317974.66,COMPLETED
4636,1,524,5,INV-004636,2026-09-17 12:25:00,279755.91,17895.68,47134.83,308995.06,COMPLETED
4637,5,985,34,INV-004637,2026-06-13 13:12:00,47585.8,4375.85,7777.79,50987.74,COMPLETED
4638,2,216,14,INV-004638,2026-05-18 11:50:00,15220.98,999.66,2559.84,16781.16,COMPLETED
4639,3,222,21,INV-004639,2026-06-16 13:17:00,123306.8,5929.92,21127.84,138504.72,COMPLETED
4640,4,700,26,INV-004640,2026-04-06 13:55:00,376013.47,35446.49,61302.06,401869.04,COMPLETED
4641,4,592,29,INV-004641,2026-07-09 14:23:00,276192.64,14236.31,47152.14,309108.47,COMPLETED
4642,5,784,34,INV-004642,2026-04-28 17:11:00,250802.84,24347.89,40761.89,267216.84,COMPLETED
4643,3,715,22,INV-004643,2026-07-16 09:11:00,12952.68,1005.78,2150.44,14097.34,COMPLETED
4644,2,596,9,INV-004644,2026-07-14 10:54:00,62795.93,4995.19,10404.13,68204.87,COMPLETED
4645,3,787,17,INV-004645,2026-08-21 13:44:00,158773.43,6974.2,27323.87,179123.1,COMPLETED
4646,5,85,37,INV-004646,2026-06-24 17:29:00,180967.18,8236.43,31091.53,203822.28,COMPLETED
4647,5,961,38,INV-004647,2026-07-06 17:05:00,62711.94,2645.99,10811.87,70877.82,COMPLETED
4648,5,867,33,INV-004648,2026-08-13 16:27:00,173779.41,11306.26,29245.16,191718.31,COMPLETED
4649,5,165,34,INV-004649,2026-06-05 18:00:00,300075.73,21615.25,50122.87,328583.35,COMPLETED
4650,3,758,18,INV-004650,2026-08-04 11:37:00,272183.26,10655.93,47074.92,308602.25,COMPLETED
4651,2,400,13,INV-004651,2026-09-08 17:58:00,293356.35,15033.8,50098.06,328420.61,COMPLETED
4652,2,837,10,INV-004652,2026-08-24 19:05:00,286972.48,22001.46,47694.78,312665.8,COMPLETED
4653,5,375,33,INV-004653,2026-08-18 12:03:00,133560.28,6851.39,22807.6,149516.49,COMPLETED
4654,2,630,13,INV-004654,2026-07-08 11:46:00,62375.82,2912.94,10703.32,70166.2,COMPLETED
4655,2,333,10,INV-004655,2026-06-21 20:01:00,114396.61,6204.23,19474.63,127667.01,COMPLETED
4656,1,666,1,INV-004656,2026-04-27 09:16:00,110625.12,6768.96,18694.11,122550.27,COMPLETED
4657,1,612,5,INV-004657,2026-09-15 15:00:00,168804.39,6927.67,29137.81,191014.53,COMPLETED
4658,5,345,37,INV-004658,2026-05-12 15:05:00,194827.08,15328.53,32309.74,211808.29,COMPLETED
4659,1,47,5,INV-004659,2026-05-17 16:07:00,251637.91,8546.78,43756.4,286847.53,COMPLETED
4660,1,284,2,INV-004660,2026-06-20 16:24:00,171742.9,11996.27,28754.39,188501.02,COMPLETED
4661,3,392,22,INV-004661,2026-07-10 19:40:00,36201.69,1838.52,6185.37,40548.54,COMPLETED
4662,4,557,30,INV-004662,2026-09-26 11:18:00,172474.62,8240.4,29562.16,193796.38,COMPLETED
4663,5,338,37,INV-004663,2026-05-15 13:01:00,66065.12,6562.16,10710.53,70213.49,COMPLETED
4664,2,819,10,INV-004664,2026-08-11 09:55:00,33474.97,2963.31,5492.1,36003.76,COMPLETED
4665,1,257,2,INV-004665,2026-05-28 11:00:00,255481.97,14079.49,43452.44,284854.92,COMPLETED
4666,4,695,25,INV-004666,2026-06-02 15:41:00,350977.24,27396.47,58244.53,381825.3,COMPLETED
4667,2,113,9,INV-004667,2026-05-29 20:58:00,151704.97,10289.52,25454.78,166870.23,COMPLETED
4668,2,758,9,INV-004668,2026-04-23 16:59:00,180431.22,14358.95,29893.0,195965.27,COMPLETED
4669,3,386,17,INV-004669,2026-08-06 19:51:00,16510.19,597.36,2864.31,18777.14,COMPLETED
4670,4,283,26,INV-004670,2026-04-01 10:01:00,68667.84,4402.46,11567.77,75833.15,COMPLETED
4671,5,850,34,INV-004671,2026-09-06 10:15:00,140600.39,13983.09,22791.12,149408.42,COMPLETED
4672,4,179,29,INV-004672,2026-09-03 12:14:00,80092.92,4155.77,13668.69,89605.84,COMPLETED
4673,1,372,1,INV-004673,2026-08-30 15:41:00,329705.04,27575.1,54383.39,356513.33,COMPLETED
4674,3,114,18,INV-004674,2026-07-19 13:01:00,170044.24,5598.2,29600.29,194046.33,COMPLETED
4675,4,100,29,INV-004675,2026-09-20 11:39:00,227896.78,16306.97,38086.17,249675.98,COMPLETED
4676,4,101,26,INV-004676,2026-09-09 20:49:00,382509.56,21501.8,64981.41,425989.17,COMPLETED
4677,2,383,10,INV-004677,2026-06-12 17:47:00,234798.46,12785.26,39962.37,261975.57,COMPLETED
4678,2,203,13,INV-004678,2026-04-02 11:04:00,99842.29,4854.78,17097.76,112085.27,COMPLETED
4679,3,558,17,INV-004679,2026-06-25 09:41:00,136995.55,1497.68,24389.62,159887.49,COMPLETED
4680,1,226,1,INV-004680,2026-08-14 17:53:00,356706.1,22024.96,60242.61,394923.75,CANCELLED
4681,4,462,25,INV-004681,2026-05-04 20:32:00,68543.12,4964.45,11444.16,75022.83,COMPLETED
4682,4,622,30,INV-004682,2026-04-01 19:37:00,80917.68,2098.67,14187.42,93006.43,COMPLETED
4683,5,278,33,INV-004683,2026-06-08 15:00:00,3238.17,342.1,521.29,3417.36,COMPLETED
4684,3,62,18,INV-004684,2026-05-16 16:55:00,162653.62,11363.45,27232.23,178522.4,COMPLETED
4685,1,305,1,INV-004685,2026-06-11 12:00:00,12821.1,963.58,2134.35,13991.87,COMPLETED
4686,3,141,17,INV-004686,2026-09-23 10:03:00,81263.99,7162.61,13338.25,87439.63,COMPLETED
4687,3,622,21,INV-004687,2026-04-25 11:40:00,193669.11,14425.96,32263.76,211506.91,COMPLETED
4688,4,842,26,INV-004688,2026-09-06 17:59:00,277314.41,21375.22,46069.06,302008.25,COMPLETED
4689,1,545,6,INV-004689,2026-08-24 11:13:00,61842.92,2491.22,10683.31,70035.01,COMPLETED
4690,2,94,9,INV-004690,2026-06-20 16:03:00,84062.18,4512.14,14319.01,93869.05,COMPLETED
4691,5,688,33,INV-004691,2026-08-09 11:17:00,148274.2,12827.92,24380.33,159826.61,COMPLETED
4692,1,952,1,INV-004692,2026-08-09 13:08:00,423570.45,18856.36,72848.53,477562.62,COMPLETED
4693,4,85,29,INV-004693,2026-09-24 13:00:00,127715.12,8591.11,21442.32,140566.33,COMPLETED
4694,2,590,13,INV-004694,2026-07-16 10:29:00,308947.26,18661.58,52251.42,342537.1,COMPLETED
4695,3,20,22,INV-004695,2026-06-08 19:49:00,340083.46,6893.11,59974.26,393164.61,COMPLETED
4696,5,735,33,INV-004696,2026-07-14 16:16:00,90546.96,3952.8,15586.95,102181.11,COMPLETED
4697,2,681,13,INV-004697,2026-08-06 14:55:00,173534.62,17541.6,28078.75,184071.77,COMPLETED
4698,3,911,22,INV-004698,2026-06-26 20:24:00,34726.43,1377.06,6002.89,39352.26,COMPLETED
4699,1,466,5,INV-004699,2026-09-05 15:07:00,158264.0,7452.91,27145.99,177957.08,COMPLETED
4700,2,691,10,INV-004700,2026-06-23 12:54:00,193422.06,19090.76,31379.63,205710.93,COMPLETED
4701,2,582,13,INV-004701,2026-08-22 19:37:00,181235.93,11536.47,30545.9,200245.36,COMPLETED
4702,1,691,5,INV-004702,2026-04-04 18:18:00,128831.8,11174.89,21178.25,138835.16,COMPLETED
4703,3,701,18,INV-004703,2026-07-08 11:59:00,47324.73,2566.65,8056.45,52814.53,COMPLETED
4704,3,391,17,INV-004704,2026-08-07 20:54:00,92171.11,6539.3,15413.73,101045.54,COMPLETED
4705,5,391,37,INV-004705,2026-07-10 14:17:00,159514.12,9200.4,27056.48,177370.2,COMPLETED
4706,3,137,18,INV-004706,2026-09-27 15:47:00,41050.2,3985.16,6671.71,43736.75,COMPLETED
4707,1,165,5,INV-004707,2026-04-01 15:17:00,189.21,14.07,31.53,206.67,COMPLETED
4708,1,443,6,INV-004708,2026-08-23 12:20:00,165649.99,15739.87,26983.83,176893.95,COMPLETED
4709,3,411,17,INV-004709,2026-08-04 12:33:00,143060.82,3264.04,25163.42,164960.2,COMPLETED
4710,2,487,10,INV-004710,2026-07-30 09:13:00,210891.16,8628.11,36407.34,238670.39,COMPLETED
4711,2,273,14,INV-004711,2026-06-03 16:59:00,418666.75,20609.05,71650.39,469708.09,COMPLETED
4712,5,876,34,INV-004712,2026-07-06 12:58:00,212303.23,21119.4,34413.09,225596.92,COMPLETED
4713,5,283,33,INV-004713,2026-09-02 19:21:00,40456.71,3449.18,6661.36,43668.89,COMPLETED
4714,1,834,6,INV-004714,2026-09-12 11:24:00,342441.56,22215.82,57640.62,377866.36,COMPLETED
4715,5,785,34,INV-004715,2026-07-30 20:00:00,70707.75,6279.01,11597.17,76025.91,COMPLETED
4716,3,47,22,INV-004716,2026-08-05 14:06:00,249221.49,7893.29,43439.07,284767.27,COMPLETED
4717,1,245,6,INV-004717,2026-04-24 18:59:00,349528.8,17089.77,59839.03,392278.06,COMPLETED
4718,4,453,26,INV-004718,2026-09-11 13:56:00,35918.52,2150.88,6078.18,39845.82,COMPLETED
4719,3,587,21,INV-004719,2026-04-21 19:26:00,20581.26,2350.18,3281.59,21512.67,COMPLETED
4720,3,602,22,INV-004720,2026-06-05 12:56:00,77836.74,3372.03,13403.64,87868.35,COMPLETED
4721,2,345,14,INV-004721,2026-08-31 15:47:00,42926.36,1737.57,7413.98,48602.77,COMPLETED
4722,2,217,10,INV-004722,2026-05-25 15:00:00,276647.26,14684.49,47153.29,309116.06,COMPLETED
4723,5,588,37,INV-004723,2026-07-11 10:47:00,265454.2,21493.7,43912.89,287873.39,COMPLETED
4724,2,911,13,INV-004724,2026-06-18 16:08:00,127091.8,10320.12,21018.9,137790.58,COMPLETED
4725,1,253,5,INV-004725,2026-09-11 20:27:00,335520.16,5797.12,59350.15,389073.19,COMPLETED
4726,1,20,2,INV-004726,2026-08-07 09:56:00,123854.88,7520.27,20940.23,137274.84,COMPLETED
4727,1,578,6,INV-004727,2026-06-26 12:56:00,147068.42,4487.2,25664.61,168245.83,COMPLETED
4728,2,385,10,INV-004728,2026-04-18 12:08:00,282337.38,16243.42,47896.92,313990.88,COMPLETED
4729,4,403,26,INV-004729,2026-09-19 13:07:00,231043.32,18253.09,38302.23,251092.46,COMPLETED
4730,4,788,25,INV-004730,2026-08-21 09:09:00,400874.4,26166.11,67447.49,442155.78,COMPLETED
4731,4,670,29,INV-004731,2026-06-01 09:39:00,167994.55,11263.41,28211.6,184942.74,COMPLETED
4732,1,870,6,INV-004732,2026-08-29 17:41:00,92505.81,4663.86,15811.55,103653.5,COMPLETED
4733,5,906,38,INV-004733,2026-05-26 10:19:00,181875.05,7738.48,31344.58,205481.15,COMPLETED
4734,1,868,1,INV-004734,2026-09-24 10:43:00,119608.66,4087.05,20793.89,136315.5,COMPLETED
4735,1,505,6,INV-004735,2026-05-31 09:36:00,254250.25,9807.13,43999.76,288442.88,COMPLETED
4736,1,728,6,INV-004736,2026-09-28 10:36:00,119269.61,5274.09,20519.19,134514.71,COMPLETED
4737,4,112,29,INV-004737,2026-08-31 16:44:00,355474.28,4985.3,63088.02,413577.0,COMPLETED
4738,3,486,21,INV-004738,2026-09-10 20:58:00,276488.8,12115.16,47587.25,311960.89,COMPLETED
4739,2,767,13,INV-004739,2026-08-05 19:34:00,18681.33,110.74,3342.71,21913.3,COMPLETED
4740,1,852,5,INV-004740,2026-07-06 19:25:00,97310.31,6406.59,16362.67,107266.39,COMPLETED
4741,2,548,13,INV-004741,2026-09-20 11:39:00,63186.06,81.02,11358.91,74463.95,COMPLETED
4742,4,204,30,INV-004742,2026-04-16 14:26:00,251926.5,7586.94,43981.12,288320.68,COMPLETED
4743,3,680,18,INV-004743,2026-09-14 17:33:00,98969.92,2284.12,17403.44,114089.24,COMPLETED
4744,1,210,2,INV-004744,2026-04-03 16:29:00,258059.12,12964.79,44116.98,289211.31,COMPLETED
4745,2,846,10,INV-004745,2026-06-17 17:23:00,261274.36,13665.31,44569.63,292178.68,COMPLETED
4746,3,476,17,INV-004746,2026-05-14 17:44:00,257370.4,17592.15,43160.09,282938.34,COMPLETED
4747,1,421,5,INV-004747,2026-05-02 10:58:00,113680.23,4732.27,19610.63,128558.59,COMPLETED
4748,2,808,10,INV-004748,2026-06-10 10:15:00,115995.2,8402.09,19366.76,126959.87,COMPLETED
4749,3,631,17,INV-004749,2026-06-29 15:20:00,259337.36,21998.22,42721.04,280060.18,COMPLETED
4750,3,491,17,INV-004750,2026-07-11 19:40:00,161596.15,14750.83,26432.15,173277.47,COMPLETED
4751,5,386,38,INV-004751,2026-05-20 16:01:00,124125.14,1832.5,22012.68,144305.32,COMPLETED
4752,4,949,25,INV-004752,2026-07-31 12:35:00,157869.39,10881.37,26457.84,173445.86,CANCELLED
4753,2,73,14,INV-004753,2026-09-18 14:05:00,84951.9,1346.14,15049.03,98654.79,COMPLETED
4754,4,510,26,INV-004754,2026-07-06 11:30:00,196690.31,2157.08,35015.98,229549.21,COMPLETED
4755,3,662,21,INV-004755,2026-07-26 18:26:00,166667.82,13218.76,27620.83,181069.89,COMPLETED
4756,1,99,2,INV-004756,2026-06-16 16:23:00,199232.17,12795.74,33558.55,219994.98,COMPLETED
4757,4,640,30,INV-004757,2026-06-12 16:07:00,271283.09,11606.81,46741.72,306418.0,COMPLETED
4758,2,207,10,INV-004758,2026-08-11 18:47:00,72808.91,7770.16,11706.97,76745.72,COMPLETED
4759,5,106,34,INV-004759,2026-09-09 11:38:00,108957.96,7684.51,18229.22,119502.67,COMPLETED
4760,1,764,6,INV-004760,2026-04-12 15:29:00,39462.15,1511.36,6831.14,44781.93,COMPLETED
4761,1,935,6,INV-004761,2026-04-10 09:32:00,80718.21,8189.99,13055.07,85583.29,COMPLETED
4762,3,504,18,INV-004762,2026-05-30 13:48:00,271058.36,14359.41,46205.81,302904.76,COMPLETED
4763,3,936,17,INV-004763,2026-05-19 19:06:00,151023.11,5233.0,26242.21,172032.32,COMPLETED
4764,3,507,18,INV-004764,2026-07-17 19:37:00,210108.68,20300.75,34165.42,223973.35,COMPLETED
4765,2,595,10,INV-004765,2026-04-26 17:47:00,153223.16,6399.13,26428.33,173252.36,COMPLETED
4766,3,636,21,INV-004766,2026-05-23 19:11:00,173774.4,13958.08,28766.94,188583.26,COMPLETED
4767,5,92,34,INV-004767,2026-09-26 09:19:00,306837.39,18852.15,51837.34,339822.58,COMPLETED
4768,3,753,18,INV-004768,2026-08-22 11:11:00,252312.41,15926.77,42549.41,278935.05,COMPLETED
4769,3,687,21,INV-004769,2026-06-14 10:15:00,24977.23,563.78,4394.42,28807.87,COMPLETED
4770,1,566,5,INV-004770,2026-09-09 18:46:00,262500.76,14228.55,44688.99,292961.2,COMPLETED
4771,3,386,22,INV-004771,2026-05-21 18:01:00,240639.08,14239.69,40751.89,267151.28,COMPLETED
4772,1,148,1,INV-004772,2026-08-01 11:55:00,336387.48,11805.8,58424.71,383006.39,COMPLETED
4773,3,632,21,INV-004773,2026-08-16 20:22:00,332729.1,25152.45,55363.8,362940.45,COMPLETED
4774,4,921,29,INV-004774,2026-07-20 19:33:00,134548.78,1047.58,24030.21,157531.41,COMPLETED
4775,5,336,33,INV-004775,2026-04-18 16:43:00,136963.29,9730.04,22901.99,150135.24,COMPLETED
4776,4,156,26,INV-004776,2026-06-05 11:32:00,91677.37,6869.78,15265.37,100072.96,COMPLETED
4777,2,976,10,INV-004777,2026-06-01 09:10:00,97404.75,9485.51,15825.46,103744.7,COMPLETED
4778,3,62,21,INV-004778,2026-06-26 10:12:00,299372.97,7241.9,52583.59,344714.66,COMPLETED
4779,5,314,37,INV-004779,2026-09-05 12:03:00,187285.04,7264.72,32403.66,212423.98,COMPLETED
4780,1,518,1,INV-004780,2026-07-16 20:06:00,280746.12,20466.97,46850.26,307129.41,COMPLETED
4781,5,498,37,INV-004781,2026-09-10 09:19:00,68225.72,3995.99,11561.35,75791.08,COMPLETED
4782,1,526,2,INV-004782,2026-09-18 11:50:00,157828.55,11401.62,26356.85,172783.78,COMPLETED
4783,4,672,26,INV-004783,2026-07-16 09:49:00,130980.42,11211.8,21558.35,141326.97,COMPLETED
4784,4,655,30,INV-004784,2026-04-04 11:14:00,165012.04,15211.57,26964.08,176764.55,COMPLETED
4785,3,339,18,INV-004785,2026-05-05 10:27:00,221640.4,7510.71,38543.34,252673.03,COMPLETED
4786,3,86,22,INV-004786,2026-05-20 12:17:00,38037.94,726.88,6715.99,44027.05,COMPLETED
4787,5,916,38,INV-004787,2026-04-14 15:11:00,101292.63,8166.02,16762.79,109889.4,COMPLETED
4788,4,76,30,INV-004788,2026-04-20 09:55:00,210022.02,13697.62,35338.39,231662.79,COMPLETED
4789,2,577,13,INV-004789,2026-09-17 20:05:00,125430.33,5598.4,21569.76,141401.69,COMPLETED
4790,5,956,34,INV-004790,2026-08-01 12:14:00,188813.67,15288.09,31234.6,204760.18,COMPLETED
4791,4,554,29,INV-004791,2026-07-30 20:14:00,157204.96,12620.81,26025.15,170609.3,COMPLETED
4792,2,773,13,INV-004792,2026-04-27 13:09:00,356226.8,17507.54,60969.45,399688.71,COMPLETED
4793,5,767,38,INV-004793,2026-05-15 09:24:00,252599.02,10238.0,43624.99,285986.01,COMPLETED
4794,3,63,17,INV-004794,2026-04-20 20:01:00,47610.15,3219.2,7990.37,52381.32,COMPLETED
4795,3,767,22,INV-004795,2026-05-24 12:03:00,75976.58,6899.22,12433.93,81511.29,COMPLETED
4796,4,48,29,INV-004796,2026-05-22 12:51:00,241985.32,20344.42,39895.36,261536.26,COMPLETED
4797,1,2,2,INV-004797,2026-05-30 18:38:00,29541.01,2352.6,4893.91,32082.32,COMPLETED
4798,2,719,13,INV-004798,2026-04-25 17:42:00,71492.54,1954.02,12516.94,82055.46,COMPLETED
4799,5,420,37,INV-004799,2026-09-27 19:18:00,220961.2,8602.93,38224.49,250582.76,COMPLETED
4800,3,308,18,INV-004800,2026-07-29 18:30:00,187157.98,3873.81,32991.16,216275.33,COMPLETED
4801,4,814,25,INV-004801,2026-04-24 11:07:00,286414.24,18690.21,48190.33,315914.36,COMPLETED
4802,1,315,6,INV-004802,2026-08-29 09:39:00,137559.33,7526.77,23405.86,153438.42,COMPLETED
4803,1,827,6,INV-004803,2026-07-31 16:32:00,223069.15,14579.27,37528.18,246018.06,COMPLETED
4804,4,682,29,INV-004804,2026-08-04 16:21:00,190866.04,9627.43,32622.95,213861.56,COMPLETED
4805,5,360,37,INV-004805,2026-04-22 14:50:00,141013.54,7382.33,24053.62,157684.83,COMPLETED
4806,4,167,25,INV-004806,2026-08-21 18:19:00,221146.28,19256.29,36340.21,238230.2,COMPLETED
4807,2,96,10,INV-004807,2026-06-29 16:01:00,252525.39,16664.84,42454.9,278315.45,COMPLETED
4808,4,989,29,INV-004808,2026-06-11 18:14:00,376708.12,28443.56,62687.62,410952.18,COMPLETED
4809,5,440,33,INV-004809,2026-08-27 16:07:00,81847.81,6089.7,13636.46,89394.57,COMPLETED
4810,2,745,13,INV-004810,2026-09-23 10:51:00,408251.49,33113.29,67524.87,442663.07,COMPLETED
4811,4,63,26,INV-004811,2026-09-09 19:01:00,51316.03,1731.69,8925.18,58509.52,COMPLETED
4812,3,33,21,INV-004812,2026-04-20 15:08:00,144855.66,3741.62,25400.53,166514.57,COMPLETED
4813,2,154,13,INV-004813,2026-06-17 12:03:00,153728.41,13060.55,25320.21,165988.07,COMPLETED
4814,4,582,30,INV-004814,2026-09-02 11:43:00,293136.34,17969.14,49530.1,324697.3,COMPLETED
4815,4,988,25,INV-004815,2026-04-30 19:51:00,26528.08,1608.62,4485.5,29404.96,COMPLETED
4816,5,595,37,INV-004816,2026-09-12 09:22:00,52986.84,3287.57,8945.87,58645.14,COMPLETED
4817,3,910,17,INV-004817,2026-05-18 20:03:00,107829.84,9896.72,17627.96,115561.08,COMPLETED
4818,5,39,37,INV-004818,2026-07-13 14:57:00,226195.81,14210.06,38157.44,250143.19,COMPLETED
4819,4,660,25,INV-004819,2026-09-02 09:11:00,209451.72,13964.1,35187.77,230675.39,COMPLETED
4820,4,504,29,INV-004820,2026-05-11 09:21:00,152011.79,8489.29,25834.05,169356.55,COMPLETED
4821,4,605,30,INV-004821,2026-09-11 17:16:00,79727.57,3876.55,13653.18,89504.2,COMPLETED
4822,1,252,5,INV-004822,2026-07-12 15:33:00,236711.58,11026.56,40623.3,266308.32,COMPLETED
4823,4,788,26,INV-004823,2026-06-18 15:43:00,5562.52,451.45,919.99,6031.06,COMPLETED
4824,5,25,38,INV-004824,2026-07-24 17:50:00,138434.29,7694.76,23533.11,154272.64,COMPLETED
4825,2,808,14,INV-004825,2026-06-25 10:25:00,46156.61,4790.6,7445.88,48811.89,COMPLETED
4826,2,84,13,INV-004826,2026-08-29 19:22:00,264376.78,10157.17,45759.52,299979.13,COMPLETED
4827,1,318,6,INV-004827,2026-06-20 12:13:00,161086.64,11859.59,26860.88,176087.93,COMPLETED
4828,5,932,38,INV-004828,2026-06-07 15:33:00,189764.75,20042.89,30549.94,200271.8,COMPLETED
4829,5,301,38,INV-004829,2026-09-10 12:09:00,87787.28,5167.77,14871.51,97491.02,COMPLETED
4830,1,725,5,INV-004830,2026-04-09 15:33:00,37252.88,2599.52,6237.61,40890.97,COMPLETED
4831,5,976,33,INV-004831,2026-05-09 09:52:00,16802.96,1716.45,2715.57,17802.08,COMPLETED
4832,5,892,34,INV-004832,2026-09-24 09:47:00,160101.59,8341.81,27316.76,179076.54,COMPLETED
4833,5,763,38,INV-004833,2026-04-10 13:39:00,84879.05,4398.58,14486.48,94966.95,COMPLETED
4834,5,711,38,INV-004834,2026-06-29 11:23:00,225961.2,10945.1,38702.89,253718.99,COMPLETED
4835,2,879,9,INV-004835,2026-05-04 09:35:00,173866.52,2641.11,30820.57,202045.98,COMPLETED
4836,1,219,6,INV-004836,2026-06-11 13:07:00,173680.59,16615.03,28271.8,185337.36,COMPLETED
4837,2,664,14,INV-004837,2026-08-13 11:29:00,14680.42,864.79,2486.81,16302.44,COMPLETED
4838,2,242,14,INV-004838,2026-09-25 14:49:00,176053.83,6181.98,30576.93,200448.78,COMPLETED
4839,1,146,2,INV-004839,2026-05-29 17:29:00,219562.46,8189.85,38047.07,249419.68,COMPLETED
4840,5,385,33,INV-004840,2026-04-13 15:01:00,91841.37,5523.61,15537.19,101854.95,COMPLETED
4841,5,430,37,INV-004841,2026-08-08 17:51:00,336183.13,22493.53,56464.13,370153.73,COMPLETED
4842,4,876,26,INV-004842,2026-04-16 14:53:00,101994.06,7097.25,17081.42,111978.23,COMPLETED
4843,2,609,9,INV-004843,2026-09-02 17:56:00,232939.07,11055.65,39939.01,261822.43,COMPLETED
4844,2,692,9,INV-004844,2026-08-28 16:56:00,205540.97,14240.85,34434.03,225734.15,COMPLETED
4845,3,503,22,INV-004845,2026-04-27 20:38:00,202039.85,16017.64,33484.0,219506.21,COMPLETED
4846,4,273,26,INV-004846,2026-04-02 14:15:00,240020.54,22410.08,39169.88,256780.34,COMPLETED
4847,4,79,30,INV-004847,2026-09-13 10:21:00,166290.28,19108.86,26492.66,173674.08,COMPLETED
4848,1,878,5,INV-004848,2026-07-08 11:37:00,153223.16,618.59,27468.82,180073.39,COMPLETED
4849,3,489,18,INV-004849,2026-06-20 14:41:00,148938.63,7535.59,25452.54,166855.58,COMPLETED
4850,2,265,10,INV-004850,2026-09-01 12:58:00,255805.16,17486.21,42897.41,281216.36,COMPLETED
4851,1,79,6,INV-004851,2026-05-26 11:31:00,31817.49,3036.76,5180.53,33961.26,COMPLETED
4852,5,399,37,INV-004852,2026-06-01 20:00:00,232230.71,15220.5,39061.85,256072.06,COMPLETED
4853,5,331,34,INV-004853,2026-04-27 20:24:00,26398.98,895.9,4590.55,30093.63,COMPLETED
4854,5,403,34,INV-004854,2026-05-23 12:38:00,82357.72,9633.92,13090.28,85814.08,COMPLETED
4855,2,7,9,INV-004855,2026-08-26 13:24:00,36891.15,1549.28,6361.54,41703.41,COMPLETED
4856,1,695,6,INV-004856,2026-08-20 19:37:00,3290.31,273.69,542.99,3559.61,COMPLETED
4857,2,207,9,INV-004857,2026-09-08 09:35:00,124689.22,11303.49,20409.43,133795.16,COMPLETED
4858,4,652,30,INV-004858,2026-07-05 15:37:00,160310.51,2945.8,28325.66,185690.37,COMPLETED
4859,3,461,22,INV-004859,2026-04-09 10:44:00,281617.48,21426.9,46834.3,307024.88,CANCELLED
4860,3,909,17,INV-004860,2026-06-11 13:07:00,125484.73,8817.54,21000.09,137667.28,COMPLETED
4861,2,532,9,INV-004861,2026-05-23 17:39:00,45287.65,410.29,8077.92,52955.28,COMPLETED
4862,2,989,9,INV-004862,2026-08-22 13:12:00,66990.3,2423.12,11622.1,76189.28,COMPLETED
4863,3,127,17,INV-004863,2026-04-15 19:29:00,166749.39,16798.23,26991.21,176942.37,COMPLETED
4864,2,310,9,INV-004864,2026-07-10 15:28:00,252751.7,7700.95,44109.13,289159.88,COMPLETED
4865,1,758,6,INV-004865,2026-05-11 12:55:00,337769.89,22805.08,56693.66,371658.47,COMPLETED
4866,5,838,38,INV-004866,2026-09-24 16:13:00,41109.17,4534.04,6583.52,43158.65,COMPLETED
4867,4,843,29,INV-004867,2026-09-13 15:30:00,107589.1,5297.58,18412.47,120703.99,CANCELLED
4868,2,279,13,INV-004868,2026-04-29 13:08:00,336204.49,22504.97,56465.91,370165.43,CANCELLED
4869,4,204,30,INV-004869,2026-07-05 18:54:00,181916.71,11712.94,30636.68,200840.45,COMPLETED
4870,4,962,26,INV-004870,2026-04-13 15:57:00,215675.67,16031.96,35935.87,235579.58,CANCELLED
4871,4,596,30,INV-004871,2026-07-09 15:55:00,305022.37,27530.16,49948.59,327440.8,COMPLETED
4872,5,480,38,INV-004872,2026-09-13 15:24:00,209432.18,18755.75,34321.75,224998.18,CANCELLED
4873,3,575,21,INV-004873,2026-06-27 16:39:00,121074.28,4985.54,20895.98,136984.72,COMPLETED
4874,5,264,37,INV-004874,2026-07-26 19:29:00,72261.04,4490.88,12198.62,79968.78,COMPLETED
4875,5,707,33,INV-004875,2026-07-19 20:48:00,206317.71,15142.08,34411.62,225587.25,COMPLETED
4876,5,604,34,INV-004876,2026-05-06 16:53:00,224641.55,20662.99,36716.13,240694.69,COMPLETED
4877,5,826,38,INV-004877,2026-09-05 19:38:00,72201.16,6397.66,11844.63,77648.13,COMPLETED
4878,2,959,14,INV-004878,2026-04-10 10:32:00,27064.69,2291.82,4459.12,29231.99,COMPLETED
4879,2,527,14,INV-004879,2026-06-05 14:45:00,147500.16,12951.49,24218.76,158767.43,COMPLETED
4880,2,316,10,INV-004880,2026-09-05 19:34:00,274840.61,14972.67,46776.23,306644.17,COMPLETED
4881,2,713,13,INV-004881,2026-08-26 18:25:00,120889.65,9904.08,19977.41,130962.98,COMPLETED
4882,2,212,9,INV-004882,2026-08-03 17:27:00,181033.32,5493.69,31597.14,207136.77,COMPLETED
4883,4,773,30,INV-004883,2026-06-03 17:10:00,248067.97,3875.88,43954.57,288146.66,COMPLETED
4884,4,219,30,INV-004884,2026-04-21 14:53:00,35341.16,1218.32,6142.12,40264.96,COMPLETED
4885,1,608,2,INV-004885,2026-04-27 20:20:00,161444.6,4103.51,28321.4,185662.49,CANCELLED
4886,3,88,21,INV-004886,2026-09-21 11:51:00,328474.92,17696.41,55940.13,366718.64,COMPLETED
4887,2,865,9,INV-004887,2026-09-08 15:30:00,211980.83,10873.7,36199.28,237306.41,COMPLETED
4888,4,525,30,INV-004888,2026-09-05 18:31:00,87096.94,6025.54,14592.85,95664.25,COMPLETED
4889,4,130,29,INV-004889,2026-05-22 20:46:00,112970.21,2762.41,19837.4,130045.2,COMPLETED
4890,2,546,9,INV-004890,2026-06-25 11:18:00,222253.96,8311.91,38509.57,252451.62,COMPLETED
4891,4,300,26,INV-004891,2026-06-20 19:50:00,206810.94,11020.9,35242.21,231032.25,COMPLETED
4892,5,944,34,INV-004892,2026-08-23 16:55:00,317326.19,28210.92,52040.74,341156.01,COMPLETED
4893,2,86,10,INV-004893,2026-04-21 11:37:00,387294.86,29290.22,64440.83,422445.47,COMPLETED
4894,5,208,34,INV-004894,2026-08-04 15:25:00,56871.12,4245.3,9472.65,62098.47,COMPLETED
4895,2,710,10,INV-004895,2026-08-03 17:26:00,457640.22,37544.65,75617.19,495712.76,COMPLETED
4896,5,425,33,INV-004896,2026-07-11 10:17:00,332772.23,21383.19,56050.03,367439.07,COMPLETED
4897,3,153,22,INV-004897,2026-04-28 14:54:00,210639.72,16382.49,34966.3,229223.53,COMPLETED
4898,2,514,10,INV-004898,2026-04-30 13:01:00,163822.62,5173.13,28556.9,187206.39,COMPLETED
4899,3,796,22,INV-004899,2026-09-27 17:00:00,349430.62,22141.57,58912.02,386201.07,COMPLETED
4900,4,217,29,INV-004900,2026-08-25 20:56:00,403102.19,15299.89,69804.42,457606.72,COMPLETED
4901,1,598,2,INV-004901,2026-04-07 09:11:00,114934.24,7833.74,19278.09,126378.59,COMPLETED
4902,4,622,30,INV-004902,2026-04-01 11:00:00,169548.92,2795.62,30015.59,196768.89,COMPLETED
4903,1,800,2,INV-004903,2026-08-29 17:04:00,109479.18,4170.47,18955.57,124264.28,COMPLETED
4904,4,632,30,INV-004904,2026-07-09 20:12:00,46779.08,4684.7,7576.99,49671.37,COMPLETED
4905,1,6,1,INV-004905,2026-04-05 13:42:00,239782.61,11385.94,41111.41,269508.08,COMPLETED
4906,2,495,13,INV-004906,2026-04-12 20:07:00,216040.1,17936.22,35658.71,233762.59,COMPLETED
4907,4,2,29,INV-004907,2026-04-30 11:59:00,247033.51,10357.35,42601.71,279277.87,COMPLETED
4908,3,554,22,INV-004908,2026-05-09 11:07:00,139918.68,9522.1,23471.39,153867.97,COMPLETED
4909,2,1,14,INV-004909,2026-07-19 19:23:00,156938.18,2008.73,27887.3,182816.75,COMPLETED
4910,5,515,34,INV-004910,2026-04-24 13:44:00,315552.49,24305.9,52424.39,343670.98,COMPLETED
4911,2,192,13,INV-004911,2026-08-14 20:53:00,218195.18,8433.75,37757.06,247518.49,COMPLETED
4912,4,725,26,INV-004912,2026-05-25 11:05:00,114960.84,6640.51,19497.66,127817.99,COMPLETED
4913,2,918,10,INV-004913,2026-08-24 15:14:00,17183.22,1867.74,2756.79,18072.27,COMPLETED
4914,4,241,26,INV-004914,2026-08-04 17:23:00,81762.21,4379.87,13928.83,91311.17,COMPLETED
4915,2,773,9,INV-004915,2026-05-03 09:53:00,292060.79,18141.53,49305.47,323224.73,COMPLETED
4916,1,399,2,INV-004916,2026-07-17 12:01:00,124502.48,9153.78,20762.76,136111.46,COMPLETED
4917,2,761,14,INV-004917,2026-06-15 18:41:00,25649.91,1318.06,4379.74,28711.59,COMPLETED
4918,5,569,37,INV-004918,2026-08-06 19:35:00,83615.92,5081.31,14136.23,92670.84,COMPLETED
4919,4,907,29,INV-004919,2026-04-07 16:23:00,191703.84,9619.32,32775.2,214859.72,COMPLETED
4920,3,961,17,INV-004920,2026-09-25 13:38:00,243424.39,19108.36,40376.89,264692.92,COMPLETED
4921,3,493,21,INV-004921,2026-08-20 10:30:00,364329.15,19437.84,62080.44,406971.75,COMPLETED
4922,1,257,1,INV-004922,2026-05-18 13:16:00,284093.24,10993.51,49157.96,322257.69,COMPLETED
4923,3,823,18,INV-004923,2026-04-29 17:08:00,4678.54,306.56,786.96,5158.94,COMPLETED
4924,4,872,25,INV-004924,2026-08-22 16:37:00,163417.98,7758.83,28018.64,183677.79,COMPLETED
4925,1,457,1,INV-004925,2026-08-25 11:43:00,33495.49,2945.37,5499.02,36049.14,COMPLETED
4926,2,491,10,INV-004926,2026-08-06 19:29:00,125863.37,13522.2,20221.41,132562.58,COMPLETED
4927,3,438,22,INV-004927,2026-07-14 19:20:00,325473.11,11177.36,56573.23,370868.98,COMPLETED
4928,3,258,21,INV-004928,2026-06-25 15:08:00,24210.08,878.52,4199.68,27531.24,CANCELLED
4929,1,849,1,INV-004929,2026-08-11 19:24:00,195622.13,2886.48,34692.42,227428.07,COMPLETED
4930,2,862,9,INV-004930,2026-05-05 18:16:00,260827.48,8871.78,45352.02,297307.72,COMPLETED
4931,5,103,37,INV-004931,2026-07-25 14:57:00,415364.16,29513.65,69453.09,455303.6,COMPLETED
4932,4,484,26,INV-004932,2026-05-05 12:18:00,80554.02,2735.45,14007.34,91825.91,COMPLETED
4933,4,494,26,INV-004933,2026-09-28 15:44:00,239438.21,15296.59,40345.48,264487.1,COMPLETED
4934,1,604,5,INV-004934,2026-09-23 19:51:00,378320.18,15104.52,65378.81,428594.47,COMPLETED
4935,5,230,34,INV-004935,2026-08-05 14:42:00,59782.49,4838.26,9889.97,64834.2,COMPLETED
4936,4,525,30,INV-004936,2026-08-17 19:09:00,48853.39,4305.29,8018.66,52566.76,COMPLETED
4937,3,22,22,INV-004937,2026-06-02 13:40:00,330228.01,25043.75,54933.16,360117.42,COMPLETED
4938,3,626,21,INV-004938,2026-09-12 17:52:00,245475.41,5487.63,43197.8,283185.58,COMPLETED
4939,1,141,1,INV-004939,2026-09-01 11:29:00,10969.84,175.46,1942.99,12737.37,COMPLETED
4940,3,391,21,INV-004940,2026-08-04 14:01:00,184077.4,9115.69,31493.11,206454.82,COMPLETED
4941,5,731,38,INV-004941,2026-06-18 14:02:00,463384.54,49819.33,74441.74,488006.95,COMPLETED
4942,1,31,1,INV-004942,2026-09-04 17:49:00,229954.58,19350.11,37908.79,248513.26,COMPLETED
4943,3,260,22,INV-004943,2026-06-10 11:52:00,240311.97,21783.49,39335.13,257863.61,COMPLETED
4944,3,644,17,INV-004944,2026-04-15 15:06:00,325760.53,19261.52,55169.82,361668.83,COMPLETED
4945,2,728,13,INV-004945,2026-06-05 19:45:00,93899.86,7237.88,15599.16,102261.14,COMPLETED
4946,2,705,10,INV-004946,2026-06-11 11:35:00,628.75,48.71,104.41,684.45,COMPLETED
4947,4,455,25,INV-004947,2026-06-29 18:59:00,65578.27,4435.68,11005.67,72148.26,COMPLETED
4948,5,574,37,INV-004948,2026-08-18 19:44:00,138104.32,11734.0,22746.66,149116.98,COMPLETED
4949,1,319,1,INV-004949,2026-07-18 12:59:00,176435.96,5359.28,30793.8,201870.48,COMPLETED
4950,5,627,34,INV-004950,2026-08-13 10:04:00,166649.16,10084.36,28181.67,184746.47,COMPLETED
4951,4,667,30,INV-004951,2026-06-26 19:21:00,149486.87,7334.33,25587.46,167740.0,COMPLETED
4952,2,376,10,INV-004952,2026-08-18 10:55:00,312390.3,22934.25,52102.09,341558.14,COMPLETED
4953,2,260,10,INV-004953,2026-09-09 20:50:00,360326.0,26079.99,60164.28,394410.29,COMPLETED
4954,1,691,2,INV-004954,2026-08-03 12:09:00,247779.12,13932.14,42092.47,275939.45,COMPLETED
4955,2,338,13,INV-004955,2026-04-05 15:41:00,299021.04,21479.17,49957.54,327499.41,COMPLETED
4956,1,799,1,INV-004956,2026-05-30 11:55:00,383893.72,31193.39,63486.07,416186.4,COMPLETED
4957,4,289,29,INV-004957,2026-06-29 15:20:00,19098.2,302.43,3383.23,22179.0,COMPLETED
4958,5,42,37,INV-004958,2026-05-15 20:02:00,124374.58,8425.56,20870.82,136819.84,COMPLETED
4959,5,977,34,INV-004959,2026-04-29 19:50:00,371693.36,22033.45,62938.79,412598.7,COMPLETED
4960,1,984,2,INV-004960,2026-05-15 18:12:00,79261.53,8923.86,12660.78,82998.45,COMPLETED
4961,1,413,1,INV-004961,2026-04-08 17:47:00,163146.84,14576.44,26742.66,175313.06,COMPLETED
4962,3,550,21,INV-004962,2026-06-28 12:06:00,133643.09,12466.31,21811.82,142988.6,COMPLETED
4963,2,513,13,INV-004963,2026-06-18 13:07:00,271442.1,9264.7,47191.93,309369.33,COMPLETED
4964,2,260,10,INV-004964,2026-08-23 18:53:00,308073.52,24488.48,51045.3,334630.34,COMPLETED
4965,2,964,10,INV-004965,2026-04-04 14:33:00,270258.92,14125.72,46103.98,302237.18,COMPLETED
4966,3,964,18,INV-004966,2026-05-21 19:12:00,94353.48,3681.46,16320.96,106992.98,COMPLETED
4967,4,123,26,INV-004967,2026-04-12 14:25:00,289725.47,17320.58,49032.88,321437.77,COMPLETED
4968,3,322,18,INV-004968,2026-06-02 14:25:00,195266.33,10935.96,33179.46,217509.83,COMPLETED
4969,3,592,21,INV-004969,2026-09-06 11:30:00,16802.96,1330.71,2785.01,18257.26,COMPLETED
4970,1,589,6,INV-004970,2026-09-22 17:02:00,308767.78,19364.47,52092.59,341495.9,COMPLETED
4971,5,746,33,INV-004971,2026-04-07 10:42:00,55354.2,2975.48,9428.17,61806.89,COMPLETED
4972,1,730,5,INV-004972,2026-08-31 15:12:00,178414.41,19535.5,28598.2,187477.11,COMPLETED
4973,3,135,21,INV-004973,2026-08-07 12:47:00,17457.2,1852.44,2808.86,18413.62,COMPLETED
4974,1,384,1,INV-004974,2026-05-15 17:08:00,106454.4,9933.15,17373.82,113895.07,COMPLETED
4975,4,733,29,INV-004975,2026-09-17 13:40:00,41781.98,4430.49,6723.27,44074.76,COMPLETED
4976,3,464,22,INV-004976,2026-08-01 17:58:00,96380.1,8173.97,15877.1,104083.23,COMPLETED
4977,4,996,25,INV-004977,2026-04-21 13:05:00,317738.09,21843.66,53261.0,349155.43,COMPLETED
4978,4,690,25,INV-004978,2026-04-29 10:56:00,158515.77,1356.13,28288.74,185448.38,COMPLETED
4979,3,813,22,INV-004979,2026-05-21 10:28:00,453045.52,28025.1,76503.68,501524.1,COMPLETED
4980,4,341,29,INV-004980,2026-05-22 17:45:00,210077.57,15287.37,35062.24,229852.44,COMPLETED
4981,5,526,33,INV-004981,2026-04-19 09:10:00,38305.79,1606.33,6605.9,43305.36,CANCELLED
4982,3,569,18,INV-004982,2026-04-18 11:43:00,25554.93,876.13,4442.18,29120.98,COMPLETED
4983,5,856,37,INV-004983,2026-09-10 14:39:00,262179.56,10406.84,45319.09,297091.81,COMPLETED
4984,5,561,33,INV-004984,2026-06-20 18:21:00,149067.16,3513.92,26199.59,171752.83,COMPLETED
4985,1,906,1,INV-004985,2026-04-13 18:37:00,272426.18,16490.61,46068.41,302003.98,COMPLETED
4986,3,954,18,INV-004986,2026-06-23 20:01:00,226097.44,21564.11,36816.0,241349.33,COMPLETED
4987,2,633,13,INV-004987,2026-09-10 12:17:00,234934.24,10394.23,40417.2,264957.21,COMPLETED
4988,5,553,33,INV-004988,2026-04-15 15:15:00,311964.84,17781.97,52952.92,347135.79,COMPLETED
4989,2,582,10,INV-004989,2026-08-06 17:10:00,158166.71,6172.99,27358.87,179352.59,COMPLETED
4990,3,40,18,INV-004990,2026-04-15 18:10:00,269303.95,5664.71,47455.06,311094.3,COMPLETED
4991,4,371,26,INV-004991,2026-07-11 11:21:00,304885.06,23661.17,50620.3,331844.19,COMPLETED
4992,5,648,34,INV-004992,2026-08-25 10:42:00,80913.42,7820.02,13156.81,86250.21,COMPLETED
4993,5,832,33,INV-004993,2026-04-23 12:54:00,337389.64,12160.95,58541.16,383769.85,COMPLETED
4994,1,290,6,INV-004994,2026-06-16 16:08:00,99968.15,2563.85,17532.78,114937.08,COMPLETED
4995,4,123,29,INV-004995,2026-08-27 17:44:00,83475.81,3061.51,14474.58,94888.88,COMPLETED
4996,5,565,38,INV-004996,2026-08-01 11:58:00,309677.81,28098.77,50684.23,332263.27,COMPLETED
4997,1,529,1,INV-004997,2026-06-15 20:50:00,214056.87,14027.87,36005.21,236034.21,COMPLETED
4998,4,992,30,INV-004998,2026-09-13 12:57:00,37157.0,496.4,6598.91,43259.51,COMPLETED
4999,2,302,9,INV-004999,2026-07-01 11:12:00,39931.59,962.93,7014.36,45983.02,COMPLETED
5000,4,420,29,INV-005000,2026-08-04 15:24:00,222271.1,7819.06,38601.36,253053.4,COMPLETED
