payment_id,sale_id,payment_method,amount,payment_status,transaction_reference,paid_at
1,1,CASH,135526.83,success,TXN-00000001,2026-09-22 12:36:00
2,3,CASH,114401.37,success,TXN-00000003,2026-05-27 18:21:00
3,4,CASH,288711.16,success,TXN-00000004,2026-05-01 20:45:00
4,5,CARD,185849.52,success,TXN-00000005,2026-05-24 16:02:00
5,6,UPI,305335.48,success,TXN-00000006,2026-05-08 20:16:00
6,7,CARD,296441.07,success,TXN-00000007,2026-09-09 10:53:00
7,8,CARD,323121.27,success,TXN-00000008,2026-09-20 17:42:00
8,9,UPI,382362.32,success,TXN-00000009,2026-09-15 13:50:00
9,10,BANK_TRANSFER,171678.99,success,TXN-00000010,2026-09-27 20:22:00
10,11,BANK_TRANSFER,154927.74,success,TXN-00000011,2026-09-06 11:20:00
11,12,UPI,325199.55,success,TXN-00000012,2026-07-23 11:45:00
12,13,UPI,158181.55,success,TXN-00000013,2026-06-13 16:59:00
13,14,UPI,399180.99,success,TXN-00000014,2026-05-30 09:49:00
14,15,BANK_TRANSFER,218875.84,success,TXN-00000015,2026-09-14 20:41:00
15,16,CARD,119912.39,success,TXN-00000016,2026-04-13 17:02:00
16,17,CASH,443825.59,success,TXN-00000017,2026-07-17 14:17:00
17,18,UPI,59521.44,success,TXN-00000018,2026-06-03 16:13:00
18,19,BANK_TRANSFER,41422.53,success,TXN-00000019,2026-08-02 19:30:00
19,20,UPI,350519.19,success,TXN-00000020,2026-06-10 18:09:00
20,21,UPI,224101.67,success,TXN-00000021,2026-08-16 10:24:00
21,22,BANK_TRANSFER,264844.92,success,TXN-00000022,2026-09-26 16:36:00
22,23,CASH,134401.89,success,TXN-00000023,2026-07-03 18:19:00
23,24,BANK_TRANSFER,33434.0,success,TXN-00000024,2026-05-04 12:17:00
24,25,UPI,77598.61,success,TXN-00000025,2026-07-03 12:53:00
25,26,CASH,61933.69,success,TXN-00000026,2026-07-16 14:53:00
26,27,UPI,157039.04,success,TXN-00000027,2026-05-30 17:49:00
27,29,UPI,278669.09,success,TXN-00000029,2026-09-10 16:02:00
28,30,CARD,190584.86,success,TXN-00000030,2026-05-05 13:05:00
29,31,UPI,90135.39,success,TXN-00000031,2026-08-28 12:34:00
30,32,BANK_TRANSFER,61230.18,success,TXN-00000032,2026-08-26 15:35:00
31,33,CASH,5815.16,success,TXN-00000033,2026-09-15 19:17:00
32,34,BANK_TRANSFER,186541.44,success,TXN-00000034,2026-08-07 20:19:00
33,35,BANK_TRANSFER,134790.99,success,TXN-00000035,2026-07-31 19:12:00
34,36,CASH,199194.25,success,TXN-00000036,2026-08-22 12:43:00
35,37,UPI,362588.92,success,TXN-00000037,2026-08-31 19:05:00
36,38,CASH,281439.13,success,TXN-00000038,2026-09-06 12:13:00
37,39,CASH,115547.29,success,TXN-00000039,2026-09-26 19:29:00
38,40,CASH,250153.13,success,TXN-00000040,2026-09-14 15:25:00
39,41,UPI,217673.9,success,TXN-00000041,2026-05-11 09:40:00
40,42,BANK_TRANSFER,90385.96,success,TXN-00000042,2026-06-27 15:52:00
41,43,CARD,51328.1,success,TXN-00000043,2026-08-17 11:27:00
42,44,UPI,8920.6,success,TXN-00000044,2026-04-18 17:59:00
43,45,CARD,220530.7,success,TXN-00000045,2026-07-15 13:36:00
44,46,CARD,312811.46,success,TXN-00000046,2026-09-24 16:32:00
45,47,UPI,256291.75,success,TXN-00000047,2026-05-16 17:24:00
46,48,BANK_TRANSFER,649012.68,success,TXN-00000048,2026-04-11 17:51:00
47,49,UPI,339532.92,success,TXN-00000049,2026-08-07 10:34:00
48,50,BANK_TRANSFER,207207.55,success,TXN-00000050,2026-08-13 20:34:00
49,51,CARD,655013.52,success,TXN-00000051,2026-05-04 12:29:00
50,52,CASH,104728.2,success,TXN-00000052,2026-09-08 18:03:00
51,53,BANK_TRANSFER,124395.7,success,TXN-00000053,2026-07-16 11:37:00
52,55,BANK_TRANSFER,229922.05,success,TXN-00000055,2026-09-24 19:25:00
53,56,CARD,5149.31,success,TXN-00000056,2026-06-14 12:26:00
54,57,UPI,321080.45,success,TXN-00000057,2026-04-12 14:49:00
55,58,CASH,426307.83,success,TXN-00000058,2026-06-26 19:49:00
56,59,UPI,230065.85,success,TXN-00000059,2026-08-26 19:49:00
57,60,CASH,108657.36,success,TXN-00000060,2026-04-09 13:33:00
58,61,UPI,59823.1,success,TXN-00000061,2026-04-29 15:16:00
59,62,UPI,124379.33,success,TXN-00000062,2026-06-27 16:57:00
60,63,BANK_TRANSFER,203217.34,success,TXN-00000063,2026-08-12 20:09:00
61,64,CASH,8582.75,success,TXN-00000064,2026-05-11 13:16:00
62,65,BANK_TRANSFER,110382.02,success,TXN-00000065,2026-06-02 11:17:00
63,66,BANK_TRANSFER,205562.63,success,TXN-00000066,2026-07-01 13:25:00
64,67,BANK_TRANSFER,434573.7,success,TXN-00000067,2026-09-12 20:53:00
65,68,BANK_TRANSFER,120904.36,success,TXN-00000068,2026-05-14 14:08:00
66,69,BANK_TRANSFER,327820.63,success,TXN-00000069,2026-06-02 17:14:00
67,70,UPI,128136.15,success,TXN-00000070,2026-08-21 11:17:00
68,71,CARD,206526.44,success,TXN-00000071,2026-08-15 13:52:00
69,72,BANK_TRANSFER,410242.54,success,TXN-00000072,2026-08-19 09:27:00
70,74,BANK_TRANSFER,513513.98,success,TXN-00000074,2026-09-12 16:23:00
71,75,BANK_TRANSFER,137376.84,success,TXN-00000075,2026-08-18 18:46:00
72,76,BANK_TRANSFER,168086.28,success,TXN-00000076,2026-08-13 13:48:00
73,77,UPI,128017.31,success,TXN-00000077,2026-06-15 13:31:00
74,78,CARD,259449.16,success,TXN-00000078,2026-04-14 19:40:00
75,79,CARD,67482.31,success,TXN-00000079,2026-05-15 14:17:00
76,80,CARD,179398.49,success,TXN-00000080,2026-07-08 12:55:00
77,81,CASH,345529.47,success,TXN-00000081,2026-05-08 18:06:00
78,82,UPI,213803.96,success,TXN-00000082,2026-04-26 14:03:00
79,83,CARD,1382.29,success,TXN-00000083,2026-06-12 13:32:00
80,84,CASH,289866.4,success,TXN-00000084,2026-09-02 11:49:00
81,85,BANK_TRANSFER,63250.74,success,TXN-00000085,2026-06-25 09:23:00
82,86,BANK_TRANSFER,11586.51,success,TXN-00000086,2026-07-23 20:17:00
83,87,BANK_TRANSFER,150067.66,success,TXN-00000087,2026-09-11 10:18:00
84,88,BANK_TRANSFER,11382.36,success,TXN-00000088,2026-07-21 15:58:00
85,89,CASH,43219.1,success,TXN-00000089,2026-09-22 13:28:00
86,90,UPI,49754.97,success,TXN-00000090,2026-05-22 11:56:00
87,91,CASH,94551.35,success,TXN-00000091,2026-09-09 17:03:00
88,92,BANK_TRANSFER,24651.23,success,TXN-00000092,2026-04-05 09:43:00
89,93,UPI,70633.22,success,TXN-00000093,2026-08-27 13:07:00
90,94,CARD,117265.54,success,TXN-00000094,2026-09-09 10:00:00
91,95,CARD,98132.28,success,TXN-00000095,2026-09-21 15:45:00
92,96,UPI,55944.45,success,TXN-00000096,2026-04-17 10:22:00
93,97,BANK_TRANSFER,136618.66,success,TXN-00000097,2026-05-11 10:10:00
94,98,CARD,176245.1,success,TXN-00000098,2026-09-25 09:45:00
95,99,BANK_TRANSFER,84467.27,success,TXN-00000099,2026-07-02 17:48:00
96,100,UPI,108552.65,success,TXN-00000100,2026-04-12 09:57:00
97,101,BANK_TRANSFER,182188.83,success,TXN-00000101,2026-05-31 20:30:00
98,102,BANK_TRANSFER,106773.97,success,TXN-00000102,2026-09-04 16:26:00
99,103,BANK_TRANSFER,274238.12,success,TXN-00000103,2026-06-27 13:23:00
100,104,BANK_TRANSFER,27359.54,success,TXN-00000104,2026-07-19 20:57:00
101,105,UPI,284548.64,success,TXN-00000105,2026-08-08 09:28:00
102,106,UPI,119039.37,success,TXN-00000106,2026-09-28 17:04:00
103,107,CASH,164147.37,success,TXN-00000107,2026-09-04 18:05:00
104,108,UPI,123860.15,success,TXN-00000108,2026-07-03 16:57:00
105,109,CASH,298552.5,success,TXN-00000109,2026-06-01 17:22:00
106,110,CARD,124815.76,success,TXN-00000110,2026-08-15 20:08:00
107,111,CASH,186280.65,success,TXN-00000111,2026-09-08 09:32:00
108,112,UPI,458018.84,success,TXN-00000112,2026-09-13 14:36:00
109,113,CARD,71138.7,success,TXN-00000113,2026-05-13 19:05:00
110,114,UPI,113581.84,success,TXN-00000114,2026-06-21 18:21:00
111,115,CASH,48327.75,success,TXN-00000115,2026-07-27 14:34:00
112,116,CASH,247097.99,success,TXN-00000116,2026-08-23 21:01:00
113,117,UPI,271468.13,success,TXN-00000117,2026-09-12 13:07:00
114,118,BANK_TRANSFER,200327.01,success,TXN-00000118,2026-07-19 14:50:00
115,119,CASH,306651.1,success,TXN-00000119,2026-07-18 21:11:00
116,120,CASH,107431.58,success,TXN-00000120,2026-08-24 11:28:00
117,121,UPI,251650.37,success,TXN-00000121,2026-04-07 09:13:00
118,122,UPI,134135.78,success,TXN-00000122,2026-04-18 19:15:00
119,123,CARD,396563.43,success,TXN-00000123,2026-04-15 11:45:00
120,124,CASH,198397.55,success,TXN-00000124,2026-05-13 17:32:00
121,125,UPI,29580.14,success,TXN-00000125,2026-05-12 10:40:00
122,126,CARD,181973.96,success,TXN-00000126,2026-06-29 14:07:00
123,127,UPI,247605.9,success,TXN-00000127,2026-05-24 11:21:00
124,128,CARD,5947.54,success,TXN-00000128,2026-04-17 14:01:00
125,129,CARD,71953.1,success,TXN-00000129,2026-06-29 09:22:00
126,130,CARD,88185.25,success,TXN-00000130,2026-08-27 10:03:00
127,131,CARD,348462.6,success,TXN-00000131,2026-09-26 18:27:00
128,132,BANK_TRANSFER,327501.49,success,TXN-00000132,2026-04-11 10:42:00
129,133,UPI,152924.93,success,TXN-00000133,2026-09-20 16:48:00
130,134,BANK_TRANSFER,224667.8,success,TXN-00000134,2026-08-30 10:56:00
131,135,UPI,403557.92,success,TXN-00000135,2026-09-12 15:46:00
132,136,CASH,237536.63,success,TXN-00000136,2026-09-21 09:29:00
133,137,BANK_TRANSFER,99315.64,success,TXN-00000137,2026-04-09 15:58:00
134,138,BANK_TRANSFER,224684.1,success,TXN-00000138,2026-09-16 14:18:00
135,140,UPI,43170.76,success,TXN-00000140,2026-06-12 14:28:00
136,141,CASH,187561.39,success,TXN-00000141,2026-07-19 14:24:00
137,143,UPI,290265.13,success,TXN-00000143,2026-08-25 11:18:00
138,144,CASH,344088.38,success,TXN-00000144,2026-06-07 09:36:00
139,145,BANK_TRANSFER,222823.62,success,TXN-00000145,2026-08-17 14:21:00
140,146,CARD,66612.23,success,TXN-00000146,2026-08-23 21:04:00
141,147,BANK_TRANSFER,55459.88,success,TXN-00000147,2026-06-21 10:48:00
142,148,CASH,315845.01,success,TXN-00000148,2026-04-08 13:13:00
143,149,UPI,43029.9,success,TXN-00000149,2026-04-11 21:00:00
144,150,UPI,63630.83,success,TXN-00000150,2026-09-16 10:50:00
145,151,BANK_TRANSFER,150318.66,success,TXN-00000151,2026-08-28 20:33:00
146,152,CASH,48714.21,success,TXN-00000152,2026-08-15 15:13:00
147,153,BANK_TRANSFER,179413.42,success,TXN-00000153,2026-07-04 13:14:00
148,154,BANK_TRANSFER,56049.1,success,TXN-00000154,2026-06-05 13:31:00
149,155,CASH,266871.51,success,TXN-00000155,2026-04-21 16:45:00
150,156,CARD,349444.76,success,TXN-00000156,2026-09-12 12:08:00
151,157,BANK_TRANSFER,143015.09,success,TXN-00000157,2026-06-21 16:59:00
152,158,UPI,358530.63,success,TXN-00000158,2026-04-06 18:04:00
153,159,CASH,99191.91,success,TXN-00000159,2026-07-26 19:41:00
154,160,CASH,116435.24,success,TXN-00000160,2026-07-20 12:46:00
155,161,UPI,301988.15,success,TXN-00000161,2026-06-03 14:48:00
156,162,BANK_TRANSFER,225084.97,success,TXN-00000162,2026-06-30 19:12:00
157,163,CASH,378969.72,success,TXN-00000163,2026-04-23 15:02:00
158,164,UPI,378208.29,success,TXN-00000164,2026-05-13 15:16:00
159,165,CARD,71685.38,success,TXN-00000165,2026-07-01 20:54:00
160,166,BANK_TRANSFER,108848.05,success,TXN-00000166,2026-04-20 13:04:00
161,167,BANK_TRANSFER,143795.07,success,TXN-00000167,2026-04-12 19:42:00
162,168,CASH,27240.69,success,TXN-00000168,2026-06-01 15:26:00
163,169,BANK_TRANSFER,155160.79,success,TXN-00000169,2026-08-04 15:56:00
164,170,CARD,236414.88,success,TXN-00000170,2026-07-18 15:09:00
165,171,BANK_TRANSFER,332916.29,success,TXN-00000171,2026-07-29 15:09:00
166,172,CASH,355678.43,success,TXN-00000172,2026-06-05 18:16:00
167,173,BANK_TRANSFER,190266.68,success,TXN-00000173,2026-04-21 21:06:00
168,174,CARD,188121.21,success,TXN-00000174,2026-09-06 18:37:00
169,175,BANK_TRANSFER,200727.73,success,TXN-00000175,2026-06-17 16:11:00
170,176,CASH,234351.66,success,TXN-00000176,2026-09-09 20:45:00
171,177,CARD,215773.89,success,TXN-00000177,2026-09-13 16:15:00
172,178,CARD,214113.2,success,TXN-00000178,2026-06-15 20:51:00
173,179,CARD,78634.12,success,TXN-00000179,2026-07-16 16:25:00
174,180,CASH,42530.15,success,TXN-00000180,2026-04-17 14:38:00
175,181,UPI,174064.75,success,TXN-00000181,2026-08-21 14:01:00
176,182,CARD,17446.06,success,TXN-00000182,2026-08-22 09:56:00
177,183,CARD,37537.57,success,TXN-00000183,2026-08-08 17:01:00
178,184,CASH,320630.43,success,TXN-00000184,2026-07-31 14:19:00
179,185,CASH,195779.09,success,TXN-00000185,2026-04-03 21:15:00
180,186,BANK_TRANSFER,89909.84,success,TXN-00000186,2026-06-11 18:04:00
181,187,CASH,201464.14,success,TXN-00000187,2026-04-10 17:29:00
182,189,CARD,279094.26,success,TXN-00000189,2026-06-16 13:58:00
183,190,CARD,603776.47,success,TXN-00000190,2026-07-04 19:38:00
184,191,CASH,500214.97,success,TXN-00000191,2026-07-27 11:47:00
185,192,BANK_TRANSFER,327316.68,success,TXN-00000192,2026-07-05 13:24:00
186,193,BANK_TRANSFER,187274.61,success,TXN-00000193,2026-04-12 15:43:00
187,194,UPI,142797.67,success,TXN-00000194,2026-08-17 10:01:00
188,195,CARD,93003.17,success,TXN-00000195,2026-07-31 18:05:00
189,196,CARD,163219.41,success,TXN-00000196,2026-08-15 18:30:00
190,197,UPI,386950.56,success,TXN-00000197,2026-04-23 11:21:00
191,198,UPI,188173.37,success,TXN-00000198,2026-08-31 18:24:00
192,199,CARD,23241.54,success,TXN-00000199,2026-08-21 20:16:00
193,200,CARD,44811.09,success,TXN-00000200,2026-08-21 16:03:00
194,202,CARD,218883.84,success,TXN-00000202,2026-08-08 15:17:00
195,203,BANK_TRANSFER,304856.66,success,TXN-00000203,2026-04-03 19:38:00
196,204,CARD,115963.99,success,TXN-00000204,2026-05-16 20:24:00
197,205,BANK_TRANSFER,344371.02,success,TXN-00000205,2026-07-01 12:11:00
198,206,UPI,285991.01,success,TXN-00000206,2026-08-23 19:57:00
199,207,UPI,342459.24,success,TXN-00000207,2026-07-14 13:31:00
200,208,UPI,20762.21,success,TXN-00000208,2026-04-20 12:31:00
201,209,UPI,173619.08,success,TXN-00000209,2026-04-28 16:18:00
202,210,UPI,258107.61,success,TXN-00000210,2026-06-20 20:14:00
203,211,UPI,279019.3,success,TXN-00000211,2026-09-06 15:34:00
204,212,CARD,310631.0,success,TXN-00000212,2026-08-25 11:45:00
205,213,UPI,89152.09,success,TXN-00000213,2026-06-27 13:37:00
206,215,CASH,233460.63,success,TXN-00000215,2026-08-27 18:47:00
207,216,CASH,131208.25,success,TXN-00000216,2026-05-18 09:38:00
208,217,CASH,122729.24,success,TXN-00000217,2026-04-08 12:42:00
209,218,CASH,49927.06,success,TXN-00000218,2026-09-21 11:46:00
210,219,CARD,157712.84,success,TXN-00000219,2026-04-17 10:39:00
211,220,BANK_TRANSFER,15124.2,success,TXN-00000220,2026-08-16 13:57:00
212,221,BANK_TRANSFER,354455.31,success,TXN-00000221,2026-09-17 18:27:00
213,222,UPI,338466.07,success,TXN-00000222,2026-08-27 15:50:00
214,223,UPI,208653.96,success,TXN-00000223,2026-08-28 09:55:00
215,224,CASH,27750.74,success,TXN-00000224,2026-05-01 10:33:00
216,225,BANK_TRANSFER,291314.73,success,TXN-00000225,2026-09-02 12:02:00
217,226,BANK_TRANSFER,7356.11,success,TXN-00000226,2026-07-28 14:57:00
218,227,CASH,109549.06,success,TXN-00000227,2026-08-21 09:34:00
219,228,BANK_TRANSFER,215356.84,success,TXN-00000228,2026-09-23 15:55:00
220,229,CASH,245851.68,success,TXN-00000229,2026-08-24 16:47:00
221,230,BANK_TRANSFER,9606.86,success,TXN-00000230,2026-08-13 10:42:00
222,231,BANK_TRANSFER,108666.29,success,TXN-00000231,2026-08-16 15:57:00
223,232,BANK_TRANSFER,26323.31,success,TXN-00000232,2026-08-26 13:57:00
224,233,BANK_TRANSFER,377595.62,success,TXN-00000233,2026-08-24 16:44:00
225,234,CASH,78293.77,success,TXN-00000234,2026-08-24 10:47:00
226,235,CARD,210858.4,success,TXN-00000235,2026-08-05 16:01:00
227,236,BANK_TRANSFER,49505.68,success,TXN-00000236,2026-04-30 21:03:00
228,237,BANK_TRANSFER,42691.95,success,TXN-00000237,2026-05-12 11:59:00
229,238,UPI,104971.93,success,TXN-00000238,2026-06-09 11:41:00
230,239,UPI,207605.98,success,TXN-00000239,2026-09-01 09:11:00
231,240,UPI,239321.77,success,TXN-00000240,2026-05-13 09:39:00
232,241,CARD,88397.09,success,TXN-00000241,2026-04-17 20:01:00
233,242,BANK_TRANSFER,147045.75,success,TXN-00000242,2026-09-26 15:56:00
234,243,UPI,169229.03,success,TXN-00000243,2026-08-29 20:05:00
235,244,CASH,216032.18,success,TXN-00000244,2026-05-22 11:35:00
236,245,CASH,61488.43,success,TXN-00000245,2026-06-13 09:20:00
237,246,CARD,2597.07,success,TXN-00000246,2026-08-04 10:31:00
238,247,UPI,61172.17,success,TXN-00000247,2026-08-08 10:39:00
239,248,BANK_TRANSFER,383956.81,success,TXN-00000248,2026-07-30 16:42:00
240,250,CARD,19045.21,success,TXN-00000250,2026-06-18 19:44:00
241,251,CARD,313624.69,success,TXN-00000251,2026-06-29 17:54:00
242,252,BANK_TRANSFER,106637.8,success,TXN-00000252,2026-09-22 11:39:00
243,253,CARD,366320.15,success,TXN-00000253,2026-05-19 15:40:00
244,254,BANK_TRANSFER,74313.8,success,TXN-00000254,2026-05-14 16:06:00
245,255,UPI,115206.04,success,TXN-00000255,2026-09-28 11:40:00
246,256,UPI,188959.4,success,TXN-00000256,2026-04-22 15:11:00
247,257,CASH,260684.08,success,TXN-00000257,2026-09-02 18:10:00
248,258,CASH,242642.25,success,TXN-00000258,2026-04-15 15:18:00
249,259,BANK_TRANSFER,263350.25,success,TXN-00000259,2026-09-06 19:55:00
250,260,CARD,66332.97,success,TXN-00000260,2026-07-19 17:10:00
251,261,BANK_TRANSFER,229420.69,success,TXN-00000261,2026-08-06 10:44:00
252,262,BANK_TRANSFER,68929.29,success,TXN-00000262,2026-06-05 19:33:00
253,263,UPI,124047.21,success,TXN-00000263,2026-08-26 18:07:00
254,264,CARD,55453.88,success,TXN-00000264,2026-04-30 18:51:00
255,265,CARD,90150.84,success,TXN-00000265,2026-07-03 20:26:00
256,266,BANK_TRANSFER,316754.92,success,TXN-00000266,2026-09-22 16:11:00
257,267,CASH,64427.61,success,TXN-00000267,2026-05-24 21:26:00
258,268,UPI,410273.4,success,TXN-00000268,2026-07-10 14:55:00
259,270,CASH,197585.38,success,TXN-00000270,2026-07-19 20:12:00
260,271,CARD,152413.25,success,TXN-00000271,2026-07-13 12:23:00
261,272,CARD,286444.49,success,TXN-00000272,2026-07-28 19:25:00
262,273,BANK_TRANSFER,298514.75,success,TXN-00000273,2026-09-25 20:09:00
263,274,CASH,80454.91,success,TXN-00000274,2026-05-24 20:01:00
264,275,UPI,107719.08,success,TXN-00000275,2026-05-23 19:27:00
265,276,CASH,3643.5,success,TXN-00000276,2026-08-18 11:49:00
266,277,CARD,152796.44,success,TXN-00000277,2026-08-26 16:49:00
267,278,CASH,371930.65,success,TXN-00000278,2026-07-01 13:29:00
268,279,CASH,422192.05,success,TXN-00000279,2026-09-16 20:22:00
269,280,UPI,26972.07,success,TXN-00000280,2026-05-28 13:06:00
270,281,CARD,108460.57,success,TXN-00000281,2026-08-04 10:45:00
271,282,CASH,94017.1,success,TXN-00000282,2026-08-30 11:18:00
272,283,CASH,262792.26,success,TXN-00000283,2026-09-03 16:13:00
273,284,UPI,387288.26,success,TXN-00000284,2026-06-01 10:33:00
274,285,CARD,455611.03,success,TXN-00000285,2026-09-17 18:10:00
275,286,BANK_TRANSFER,208936.84,success,TXN-00000286,2026-06-16 16:20:00
276,287,CARD,163579.25,success,TXN-00000287,2026-07-27 14:33:00
277,288,CASH,209576.59,success,TXN-00000288,2026-05-10 19:20:00
278,289,CARD,380269.35,success,TXN-00000289,2026-05-06 15:03:00
279,290,UPI,126736.29,success,TXN-00000290,2026-08-04 17:36:00
280,291,UPI,135511.68,success,TXN-00000291,2026-04-04 19:29:00
281,292,UPI,200692.66,success,TXN-00000292,2026-08-03 11:11:00
282,293,BANK_TRANSFER,169314.85,success,TXN-00000293,2026-08-30 19:41:00
283,294,UPI,207640.99,success,TXN-00000294,2026-04-14 15:32:00
284,295,BANK_TRANSFER,99075.97,success,TXN-00000295,2026-09-17 20:32:00
285,296,UPI,203181.41,success,TXN-00000296,2026-04-25 19:02:00
286,297,CARD,130746.22,success,TXN-00000297,2026-09-28 17:17:00
287,298,BANK_TRANSFER,311455.48,success,TXN-00000298,2026-05-20 15:52:00
288,299,UPI,38954.75,success,TXN-00000299,2026-09-01 13:50:00
289,300,CASH,141481.07,success,TXN-00000300,2026-07-09 15:48:00
290,301,CARD,127012.74,success,TXN-00000301,2026-06-08 17:16:00
291,303,CASH,90894.86,success,TXN-00000303,2026-09-28 17:24:00
292,304,BANK_TRANSFER,340787.04,success,TXN-00000304,2026-04-05 17:54:00
293,305,CASH,159561.15,success,TXN-00000305,2026-08-05 11:30:00
294,306,UPI,325899.08,success,TXN-00000306,2026-05-16 16:08:00
295,307,UPI,434208.72,success,TXN-00000307,2026-04-22 13:27:00
296,308,CASH,246386.58,success,TXN-00000308,2026-04-12 10:42:00
297,309,CASH,61231.26,success,TXN-00000309,2026-05-14 10:44:00
298,310,UPI,408042.54,success,TXN-00000310,2026-05-09 11:53:00
299,311,CASH,207582.6,success,TXN-00000311,2026-09-15 11:25:00
300,312,BANK_TRANSFER,126003.71,success,TXN-00000312,2026-05-17 15:40:00
301,313,CARD,214200.74,success,TXN-00000313,2026-04-22 19:15:00
302,314,UPI,139084.46,success,TXN-00000314,2026-06-29 15:18:00
303,315,UPI,156962.62,success,TXN-00000315,2026-09-26 20:17:00
304,316,BANK_TRANSFER,141115.42,success,TXN-00000316,2026-07-16 12:14:00
305,317,BANK_TRANSFER,83078.38,success,TXN-00000317,2026-05-10 10:18:00
306,319,BANK_TRANSFER,293996.07,success,TXN-00000319,2026-09-06 09:21:00
307,320,CARD,121580.63,success,TXN-00000320,2026-04-20 14:59:00
308,321,CASH,83206.26,success,TXN-00000321,2026-04-22 18:37:00
309,322,UPI,132545.88,success,TXN-00000322,2026-07-11 17:31:00
310,323,CARD,67586.18,success,TXN-00000323,2026-04-10 13:36:00
311,324,BANK_TRANSFER,457131.72,success,TXN-00000324,2026-08-07 17:50:00
312,325,CASH,53760.78,success,TXN-00000325,2026-06-19 18:01:00
313,326,CASH,22941.36,success,TXN-00000326,2026-07-03 14:30:00
314,327,CARD,120433.88,success,TXN-00000327,2026-05-02 18:46:00
315,328,CARD,166492.31,success,TXN-00000328,2026-04-22 19:39:00
316,329,UPI,289475.85,success,TXN-00000329,2026-07-29 16:50:00
317,330,BANK_TRANSFER,12644.43,success,TXN-00000330,2026-05-10 16:25:00
318,331,BANK_TRANSFER,67754.13,success,TXN-00000331,2026-04-06 19:44:00
319,332,BANK_TRANSFER,264864.03,success,TXN-00000332,2026-04-14 11:24:00
320,333,CASH,258743.26,success,TXN-00000333,2026-09-18 18:43:00
321,334,CARD,8990.73,success,TXN-00000334,2026-04-01 17:13:00
322,335,UPI,364943.08,success,TXN-00000335,2026-05-24 13:13:00
323,336,UPI,259357.32,success,TXN-00000336,2026-07-05 11:56:00
324,337,BANK_TRANSFER,202280.26,success,TXN-00000337,2026-06-14 15:27:00
325,338,UPI,201204.54,success,TXN-00000338,2026-07-05 12:33:00
326,339,BANK_TRANSFER,504771.55,success,TXN-00000339,2026-08-11 20:43:00
327,340,UPI,283307.94,success,TXN-00000340,2026-06-21 17:11:00
328,341,BANK_TRANSFER,333987.26,success,TXN-00000341,2026-08-30 11:26:00
329,342,UPI,18521.78,success,TXN-00000342,2026-04-22 11:44:00
330,343,CASH,181659.14,success,TXN-00000343,2026-05-17 10:25:00
331,344,UPI,13002.74,success,TXN-00000344,2026-06-16 10:03:00
332,345,CARD,6069.9,success,TXN-00000345,2026-05-02 13:06:00
333,346,CASH,91052.24,success,TXN-00000346,2026-05-26 09:35:00
334,347,CASH,49430.1,success,TXN-00000347,2026-07-12 12:22:00
335,348,UPI,87378.13,success,TXN-00000348,2026-07-24 15:53:00
336,349,CASH,307529.02,success,TXN-00000349,2026-08-09 13:49:00
337,350,CASH,40375.62,success,TXN-00000350,2026-04-03 15:13:00
338,351,CASH,305409.53,success,TXN-00000351,2026-06-12 18:27:00
339,352,BANK_TRANSFER,238609.78,success,TXN-00000352,2026-05-14 18:24:00
340,353,CASH,77363.48,success,TXN-00000353,2026-06-21 14:48:00
341,354,CARD,148987.13,success,TXN-00000354,2026-09-12 10:59:00
342,355,UPI,48897.94,success,TXN-00000355,2026-07-04 17:09:00
343,356,BANK_TRANSFER,24741.48,success,TXN-00000356,2026-09-26 12:20:00
344,357,CARD,224667.7,success,TXN-00000357,2026-08-14 12:59:00
345,358,BANK_TRANSFER,2362.47,success,TXN-00000358,2026-08-05 09:17:00
346,359,BANK_TRANSFER,251499.37,success,TXN-00000359,2026-08-30 18:00:00
347,360,BANK_TRANSFER,145466.7,success,TXN-00000360,2026-07-12 12:10:00
348,361,CASH,196180.6,success,TXN-00000361,2026-09-17 17:40:00
349,362,UPI,379729.93,success,TXN-00000362,2026-07-07 21:28:00
350,363,CARD,301758.33,success,TXN-00000363,2026-04-17 17:18:00
351,364,BANK_TRANSFER,149875.01,success,TXN-00000364,2026-04-01 10:22:00
352,365,BANK_TRANSFER,18942.79,success,TXN-00000365,2026-06-07 10:38:00
353,366,CASH,157160.0,success,TXN-00000366,2026-04-12 09:58:00
354,367,CARD,230405.31,success,TXN-00000367,2026-07-27 10:04:00
355,368,CARD,198320.58,success,TXN-00000368,2026-08-26 20:53:00
356,369,CASH,254900.87,success,TXN-00000369,2026-08-29 15:27:00
357,370,BANK_TRANSFER,97089.75,success,TXN-00000370,2026-09-23 11:31:00
358,371,CARD,250802.9,success,TXN-00000371,2026-08-30 10:27:00
359,372,BANK_TRANSFER,85830.42,success,TXN-00000372,2026-04-21 13:28:00
360,373,CARD,107401.03,success,TXN-00000373,2026-06-06 13:48:00
361,374,UPI,550469.81,success,TXN-00000374,2026-08-24 19:54:00
362,375,BANK_TRANSFER,157160.07,success,TXN-00000375,2026-05-06 19:24:00
363,376,UPI,264056.61,success,TXN-00000376,2026-04-14 10:26:00
364,377,CARD,60740.61,success,TXN-00000377,2026-08-05 11:18:00
365,378,BANK_TRANSFER,2412.16,success,TXN-00000378,2026-09-02 10:46:00
366,379,BANK_TRANSFER,102068.3,success,TXN-00000379,2026-07-13 16:16:00
367,380,CARD,257030.98,success,TXN-00000380,2026-09-16 12:11:00
368,381,CARD,417867.45,success,TXN-00000381,2026-08-23 15:12:00
369,382,CASH,204197.89,success,TXN-00000382,2026-04-17 12:11:00
370,383,CARD,429089.81,success,TXN-00000383,2026-09-13 16:32:00
371,384,BANK_TRANSFER,60093.81,success,TXN-00000384,2026-09-21 16:50:00
372,385,CARD,77683.58,success,TXN-00000385,2026-06-04 10:13:00
373,386,UPI,220045.5,success,TXN-00000386,2026-05-05 19:48:00
374,387,CARD,546498.82,success,TXN-00000387,2026-05-18 20:12:00
375,388,CASH,51828.1,success,TXN-00000388,2026-05-01 16:44:00
376,389,UPI,181629.14,success,TXN-00000389,2026-07-01 11:14:00
377,390,UPI,202996.19,success,TXN-00000390,2026-04-08 09:33:00
378,391,CARD,269855.38,success,TXN-00000391,2026-09-04 11:14:00
379,392,CARD,177571.6,success,TXN-00000392,2026-09-23 20:04:00
380,393,BANK_TRANSFER,296927.28,success,TXN-00000393,2026-07-15 21:04:00
381,394,UPI,277918.85,success,TXN-00000394,2026-06-04 17:15:00
382,395,CASH,25654.32,success,TXN-00000395,2026-09-07 16:41:00
383,396,UPI,279059.85,success,TXN-00000396,2026-07-05 21:01:00
384,397,UPI,199525.64,success,TXN-00000397,2026-04-22 09:47:00
385,398,UPI,139878.84,success,TXN-00000398,2026-06-07 18:39:00
386,399,CASH,304325.82,success,TXN-00000399,2026-09-21 14:05:00
387,400,UPI,183845.35,success,TXN-00000400,2026-09-05 13:38:00
388,401,CARD,390354.93,success,TXN-00000401,2026-09-11 17:41:00
389,402,CASH,203958.83,success,TXN-00000402,2026-04-30 19:11:00
390,403,BANK_TRANSFER,221071.77,success,TXN-00000403,2026-04-12 18:18:00
391,404,CARD,257798.05,success,TXN-00000404,2026-04-07 15:08:00
392,405,UPI,211313.28,success,TXN-00000405,2026-09-03 12:54:00
393,406,CASH,160676.75,success,TXN-00000406,2026-05-02 18:00:00
394,407,UPI,157952.77,success,TXN-00000407,2026-06-02 14:45:00
395,408,BANK_TRANSFER,182062.75,success,TXN-00000408,2026-05-29 17:04:00
396,409,BANK_TRANSFER,53905.08,success,TXN-00000409,2026-08-05 20:20:00
397,410,CARD,188298.98,success,TXN-00000410,2026-04-09 15:24:00
398,411,UPI,347846.21,success,TXN-00000411,2026-06-26 18:43:00
399,412,BANK_TRANSFER,202314.88,success,TXN-00000412,2026-09-14 16:34:00
400,413,UPI,275032.31,success,TXN-00000413,2026-05-16 11:12:00
401,414,CARD,188008.41,success,TXN-00000414,2026-05-28 11:19:00
402,415,CARD,298043.16,success,TXN-00000415,2026-05-23 13:45:00
403,416,UPI,248001.91,success,TXN-00000416,2026-04-21 21:13:00
404,417,CARD,196534.61,success,TXN-00000417,2026-04-26 21:14:00
405,418,CARD,89735.09,success,TXN-00000418,2026-05-21 20:19:00
406,419,CASH,277197.69,success,TXN-00000419,2026-09-24 13:57:00
407,420,BANK_TRANSFER,144585.71,success,TXN-00000420,2026-05-27 11:19:00
408,421,CASH,135501.81,success,TXN-00000421,2026-08-04 18:48:00
409,422,CARD,61850.15,success,TXN-00000422,2026-07-23 15:43:00
410,423,CASH,44313.13,success,TXN-00000423,2026-09-05 18:51:00
411,424,CARD,73817.34,success,TXN-00000424,2026-04-13 17:31:00
412,425,CASH,395824.85,success,TXN-00000425,2026-04-06 17:34:00
413,426,CASH,374837.13,success,TXN-00000426,2026-08-08 21:00:00
414,427,UPI,165424.26,success,TXN-00000427,2026-09-15 18:45:00
415,428,BANK_TRANSFER,224346.53,success,TXN-00000428,2026-05-30 16:43:00
416,429,BANK_TRANSFER,211293.54,success,TXN-00000429,2026-08-05 13:44:00
417,430,CARD,169383.36,success,TXN-00000430,2026-09-14 12:27:00
418,431,CASH,407264.86,success,TXN-00000431,2026-07-18 16:27:00
419,433,BANK_TRANSFER,160423.66,success,TXN-00000433,2026-09-25 10:53:00
420,434,CASH,461418.72,success,TXN-00000434,2026-07-13 14:01:00
421,435,UPI,102697.62,success,TXN-00000435,2026-05-14 09:55:00
422,436,CASH,390834.66,success,TXN-00000436,2026-09-18 16:37:00
423,437,BANK_TRANSFER,250382.04,success,TXN-00000437,2026-05-13 20:14:00
424,438,CARD,154215.09,success,TXN-00000438,2026-07-03 16:50:00
425,439,CASH,237476.39,success,TXN-00000439,2026-04-25 15:07:00
426,440,BANK_TRANSFER,103393.0,success,TXN-00000440,2026-07-30 19:07:00
427,441,CASH,144652.82,success,TXN-00000441,2026-09-11 20:32:00
428,442,BANK_TRANSFER,154224.41,success,TXN-00000442,2026-04-04 19:31:00
429,443,CASH,70699.49,success,TXN-00000443,2026-08-22 14:26:00
430,444,CASH,165144.9,success,TXN-00000444,2026-04-03 12:46:00
431,445,UPI,139290.54,success,TXN-00000445,2026-06-20 15:30:00
432,446,CASH,200855.18,success,TXN-00000446,2026-09-12 17:35:00
433,447,CASH,121479.75,success,TXN-00000447,2026-08-10 12:28:00
434,448,BANK_TRANSFER,121456.51,success,TXN-00000448,2026-08-29 09:36:00
435,449,BANK_TRANSFER,267727.49,success,TXN-00000449,2026-04-26 12:14:00
436,450,CARD,330467.82,success,TXN-00000450,2026-07-05 18:51:00
437,451,CARD,99468.42,success,TXN-00000451,2026-08-24 11:15:00
438,452,UPI,73106.47,success,TXN-00000452,2026-04-21 11:31:00
439,453,BANK_TRANSFER,211048.66,success,TXN-00000453,2026-05-25 17:02:00
440,454,CARD,259405.4,success,TXN-00000454,2026-08-04 19:57:00
441,455,UPI,360633.61,success,TXN-00000455,2026-07-08 19:32:00
442,456,CASH,395961.04,success,TXN-00000456,2026-06-21 12:04:00
443,457,BANK_TRANSFER,404791.02,success,TXN-00000457,2026-05-16 15:49:00
444,458,BANK_TRANSFER,141421.39,success,TXN-00000458,2026-09-01 19:34:00
445,459,UPI,145204.49,success,TXN-00000459,2026-04-29 14:51:00
446,460,CASH,123306.27,success,TXN-00000460,2026-06-10 14:43:00
447,461,CASH,144924.97,success,TXN-00000461,2026-06-05 20:51:00
448,462,BANK_TRANSFER,312278.66,success,TXN-00000462,2026-04-13 14:43:00
449,463,BANK_TRANSFER,90160.73,success,TXN-00000463,2026-05-04 13:36:00
450,464,CASH,376032.57,success,TXN-00000464,2026-07-09 17:02:00
451,465,CARD,132355.05,success,TXN-00000465,2026-06-14 14:41:00
452,466,CASH,293333.69,success,TXN-00000466,2026-09-03 10:17:00
453,467,CARD,183121.33,success,TXN-00000467,2026-09-23 20:18:00
454,468,UPI,300159.18,success,TXN-00000468,2026-04-01 18:13:00
455,469,CASH,254708.87,success,TXN-00000469,2026-09-06 17:29:00
456,470,BANK_TRANSFER,330503.86,success,TXN-00000470,2026-05-22 14:25:00
457,471,BANK_TRANSFER,12359.84,success,TXN-00000471,2026-05-11 12:57:00
458,472,CARD,337563.0,success,TXN-00000472,2026-07-16 14:24:00
459,473,CARD,181815.86,success,TXN-00000473,2026-05-14 14:51:00
460,474,CASH,167844.61,success,TXN-00000474,2026-09-24 16:44:00
461,475,CARD,158239.73,success,TXN-00000475,2026-07-22 19:19:00
462,476,CASH,153811.44,success,TXN-00000476,2026-08-28 09:29:00
463,477,BANK_TRANSFER,184346.49,success,TXN-00000477,2026-08-13 16:30:00
464,478,CASH,20935.35,success,TXN-00000478,2026-05-22 15:00:00
465,479,UPI,163663.37,success,TXN-00000479,2026-04-15 17:05:00
466,480,UPI,281890.48,success,TXN-00000480,2026-05-24 12:34:00
467,481,CARD,301348.08,success,TXN-00000481,2026-07-23 19:23:00
468,482,BANK_TRANSFER,139754.28,success,TXN-00000482,2026-07-22 11:10:00
469,483,CARD,525391.68,success,TXN-00000483,2026-07-23 14:47:00
470,484,CASH,209968.4,success,TXN-00000484,2026-05-11 18:58:00
471,485,BANK_TRANSFER,226353.88,success,TXN-00000485,2026-06-18 14:58:00
472,486,BANK_TRANSFER,85127.81,success,TXN-00000486,2026-06-10 10:03:00
473,487,BANK_TRANSFER,299786.21,success,TXN-00000487,2026-05-26 18:40:00
474,488,BANK_TRANSFER,103927.39,success,TXN-00000488,2026-04-26 10:07:00
475,489,BANK_TRANSFER,114606.6,success,TXN-00000489,2026-06-16 18:36:00
476,490,UPI,324010.9,success,TXN-00000490,2026-07-29 12:56:00
477,491,UPI,231128.69,success,TXN-00000491,2026-08-10 14:20:00
478,492,BANK_TRANSFER,99469.81,success,TXN-00000492,2026-04-19 19:56:00
479,493,CASH,366730.56,success,TXN-00000493,2026-06-15 10:08:00
480,494,CASH,20036.7,success,TXN-00000494,2026-05-08 12:49:00
481,495,UPI,182866.34,success,TXN-00000495,2026-06-17 11:42:00
482,496,UPI,53160.34,success,TXN-00000496,2026-07-24 16:31:00
483,497,BANK_TRANSFER,107908.03,success,TXN-00000497,2026-08-04 20:39:00
484,498,BANK_TRANSFER,103798.79,success,TXN-00000498,2026-07-17 16:22:00
485,499,UPI,240785.98,success,TXN-00000499,2026-04-22 19:43:00
486,500,CASH,187551.95,success,TXN-00000500,2026-09-17 13:53:00
487,501,BANK_TRANSFER,281517.2,success,TXN-00000501,2026-04-07 14:04:00
488,502,CASH,181920.09,success,TXN-00000502,2026-07-16 17:50:00
489,503,CARD,40473.37,success,TXN-00000503,2026-09-05 19:50:00
490,504,UPI,32577.65,success,TXN-00000504,2026-05-07 12:50:00
491,505,UPI,224703.5,success,TXN-00000505,2026-09-16 13:47:00
492,506,BANK_TRANSFER,251735.65,success,TXN-00000506,2026-05-07 19:17:00
493,507,CASH,98526.09,success,TXN-00000507,2026-06-07 17:39:00
494,508,CASH,3410.73,success,TXN-00000508,2026-08-03 17:43:00
495,509,BANK_TRANSFER,155328.59,success,TXN-00000509,2026-05-29 17:07:00
496,510,CARD,282379.22,success,TXN-00000510,2026-08-08 11:37:00
497,511,CARD,334790.46,success,TXN-00000511,2026-05-13 20:04:00
498,512,CARD,147233.89,success,TXN-00000512,2026-06-04 20:48:00
499,513,CASH,173198.17,success,TXN-00000513,2026-08-30 12:40:00
500,514,UPI,288483.01,success,TXN-00000514,2026-05-01 17:40:00
501,515,CASH,394045.42,success,TXN-00000515,2026-05-14 21:11:00
502,516,CASH,250585.13,success,TXN-00000516,2026-08-09 14:30:00
503,517,UPI,41077.39,success,TXN-00000517,2026-08-11 19:43:00
504,518,CASH,231577.58,success,TXN-00000518,2026-06-01 14:41:00
505,519,CASH,242309.0,success,TXN-00000519,2026-04-08 20:54:00
506,520,BANK_TRANSFER,158945.97,success,TXN-00000520,2026-08-19 19:31:00
507,521,UPI,243323.53,success,TXN-00000521,2026-05-18 15:19:00
508,522,BANK_TRANSFER,273226.07,success,TXN-00000522,2026-08-08 20:46:00
509,523,CARD,76570.62,success,TXN-00000523,2026-06-15 18:58:00
510,524,UPI,259569.53,success,TXN-00000524,2026-05-28 20:42:00
511,525,CASH,311405.05,success,TXN-00000525,2026-07-22 15:53:00
512,526,CARD,33121.25,success,TXN-00000526,2026-09-25 11:44:00
513,527,CARD,42373.76,success,TXN-00000527,2026-06-08 18:54:00
514,528,UPI,263419.74,success,TXN-00000528,2026-09-14 10:20:00
515,529,BANK_TRANSFER,75581.83,success,TXN-00000529,2026-09-28 11:30:00
516,530,CARD,276919.01,success,TXN-00000530,2026-04-02 18:30:00
517,531,CASH,165396.4,success,TXN-00000531,2026-08-05 20:19:00
518,532,CASH,119090.15,success,TXN-00000532,2026-06-04 16:06:00
519,533,UPI,45633.57,success,TXN-00000533,2026-04-16 19:34:00
520,534,CARD,8032.33,success,TXN-00000534,2026-08-24 18:35:00
521,535,CASH,151357.86,success,TXN-00000535,2026-07-05 18:15:00
522,537,BANK_TRANSFER,84752.79,success,TXN-00000537,2026-09-16 18:19:00
523,538,BANK_TRANSFER,143722.8,success,TXN-00000538,2026-08-12 10:55:00
524,539,CASH,149897.72,success,TXN-00000539,2026-08-04 09:56:00
525,540,BANK_TRANSFER,155536.0,success,TXN-00000540,2026-04-23 14:21:00
526,541,CARD,24733.45,success,TXN-00000541,2026-07-04 20:07:00
527,542,BANK_TRANSFER,237542.98,success,TXN-00000542,2026-05-23 16:15:00
528,543,CASH,228677.39,success,TXN-00000543,2026-06-03 19:09:00
529,544,CARD,224853.91,success,TXN-00000544,2026-09-01 10:04:00
530,545,UPI,357630.34,success,TXN-00000545,2026-08-16 13:26:00
531,546,UPI,41505.91,success,TXN-00000546,2026-05-07 16:57:00
532,547,UPI,319603.08,success,TXN-00000547,2026-06-04 11:50:00
533,548,CASH,153079.18,success,TXN-00000548,2026-06-02 18:45:00
534,549,UPI,23001.07,success,TXN-00000549,2026-04-27 19:42:00
535,551,CASH,298841.0,success,TXN-00000551,2026-05-10 16:39:00
536,552,BANK_TRANSFER,202524.22,success,TXN-00000552,2026-08-17 12:40:00
537,553,BANK_TRANSFER,247339.16,success,TXN-00000553,2026-06-26 14:47:00
538,554,CARD,318174.18,success,TXN-00000554,2026-09-14 16:40:00
539,555,UPI,152812.06,success,TXN-00000555,2026-07-15 14:51:00
540,556,CARD,9912.53,success,TXN-00000556,2026-04-06 10:22:00
541,557,CARD,64375.11,success,TXN-00000557,2026-04-17 14:45:00
542,558,UPI,229280.35,success,TXN-00000558,2026-09-06 15:29:00
543,560,BANK_TRANSFER,389622.35,success,TXN-00000560,2026-05-05 18:25:00
544,561,CARD,46158.78,success,TXN-00000561,2026-08-10 13:56:00
545,562,UPI,221120.52,success,TXN-00000562,2026-07-20 14:26:00
546,563,CASH,506867.93,success,TXN-00000563,2026-07-07 13:15:00
547,564,UPI,110845.21,success,TXN-00000564,2026-06-08 11:03:00
548,565,CARD,88980.54,success,TXN-00000565,2026-04-23 10:19:00
549,566,UPI,87287.3,success,TXN-00000566,2026-09-18 10:45:00
550,567,BANK_TRANSFER,71572.51,success,TXN-00000567,2026-07-20 19:34:00
551,568,CARD,52452.26,success,TXN-00000568,2026-09-21 19:04:00
552,569,CARD,92936.21,success,TXN-00000569,2026-05-02 20:54:00
553,570,UPI,265379.25,success,TXN-00000570,2026-07-15 17:43:00
554,571,CASH,284179.43,success,TXN-00000571,2026-04-16 19:03:00
555,572,BANK_TRANSFER,353983.86,success,TXN-00000572,2026-08-06 14:03:00
556,573,CARD,217545.48,success,TXN-00000573,2026-05-07 20:52:00
557,574,BANK_TRANSFER,210633.23,success,TXN-00000574,2026-05-09 13:35:00
558,575,CARD,54442.95,success,TXN-00000575,2026-09-18 09:30:00
559,576,BANK_TRANSFER,34256.82,success,TXN-00000576,2026-05-26 15:51:00
560,577,CASH,368461.84,success,TXN-00000577,2026-06-12 15:09:00
561,578,CARD,100121.14,success,TXN-00000578,2026-07-31 13:51:00
562,579,BANK_TRANSFER,47743.98,success,TXN-00000579,2026-04-05 14:47:00
563,580,CARD,105425.0,success,TXN-00000580,2026-07-25 15:57:00
564,581,CARD,162399.98,success,TXN-00000581,2026-09-06 17:05:00
565,582,UPI,208287.97,success,TXN-00000582,2026-04-16 21:06:00
566,583,CARD,233655.56,success,TXN-00000583,2026-06-15 09:24:00
567,584,CASH,160177.37,success,TXN-00000584,2026-05-12 18:21:00
568,585,CARD,25291.07,success,TXN-00000585,2026-04-09 19:23:00
569,586,BANK_TRANSFER,233856.06,success,TXN-00000586,2026-05-31 11:11:00
570,587,UPI,139308.72,success,TXN-00000587,2026-05-24 16:12:00
571,588,BANK_TRANSFER,159267.17,success,TXN-00000588,2026-04-11 12:49:00
572,589,BANK_TRANSFER,253476.21,success,TXN-00000589,2026-04-07 19:52:00
573,590,CASH,125110.0,success,TXN-00000590,2026-09-08 20:52:00
574,591,CASH,70816.37,success,TXN-00000591,2026-04-08 16:53:00
575,592,CASH,10981.1,success,TXN-00000592,2026-06-04 12:39:00
576,593,CASH,137636.95,success,TXN-00000593,2026-06-23 16:40:00
577,594,UPI,153709.54,success,TXN-00000594,2026-04-14 14:42:00
578,595,CARD,130431.95,success,TXN-00000595,2026-06-07 17:14:00
579,597,UPI,99167.34,success,TXN-00000597,2026-04-17 14:06:00
580,598,BANK_TRANSFER,35884.31,success,TXN-00000598,2026-09-27 17:08:00
581,599,BANK_TRANSFER,426906.87,success,TXN-00000599,2026-07-05 20:38:00
582,600,CARD,167314.24,success,TXN-00000600,2026-05-06 15:27:00
583,602,BANK_TRANSFER,289402.83,success,TXN-00000602,2026-04-27 18:17:00
584,603,CARD,199232.71,success,TXN-00000603,2026-06-29 20:49:00
585,604,UPI,152847.34,success,TXN-00000604,2026-05-07 10:51:00
586,605,BANK_TRANSFER,416443.8,success,TXN-00000605,2026-06-04 16:09:00
587,606,UPI,289928.07,success,TXN-00000606,2026-04-08 14:00:00
588,607,BANK_TRANSFER,116085.89,success,TXN-00000607,2026-06-02 20:55:00
589,608,BANK_TRANSFER,443298.38,success,TXN-00000608,2026-09-28 16:19:00
590,609,BANK_TRANSFER,179245.68,success,TXN-00000609,2026-05-12 09:26:00
591,610,CASH,312576.38,success,TXN-00000610,2026-05-13 11:24:00
592,611,CASH,122646.61,success,TXN-00000611,2026-05-06 10:17:00
593,612,BANK_TRANSFER,57388.27,success,TXN-00000612,2026-07-15 10:36:00
594,613,CARD,160106.12,success,TXN-00000613,2026-04-04 10:55:00
595,615,CASH,255821.89,success,TXN-00000615,2026-09-08 16:06:00
596,616,UPI,165791.71,success,TXN-00000616,2026-05-03 16:51:00
597,617,CARD,193364.33,success,TXN-00000617,2026-07-28 20:07:00
598,618,BANK_TRANSFER,389649.54,success,TXN-00000618,2026-08-04 14:43:00
599,619,CASH,312424.68,success,TXN-00000619,2026-09-16 13:10:00
600,620,BANK_TRANSFER,173434.58,success,TXN-00000620,2026-09-10 14:12:00
601,621,CASH,315543.28,success,TXN-00000621,2026-06-05 16:54:00
602,622,CASH,275523.5,success,TXN-00000622,2026-04-18 13:36:00
603,623,CARD,189203.4,success,TXN-00000623,2026-05-31 11:09:00
604,624,BANK_TRANSFER,54776.66,success,TXN-00000624,2026-05-15 12:32:00
605,625,CASH,388285.84,success,TXN-00000625,2026-04-21 15:56:00
606,626,CASH,302689.83,success,TXN-00000626,2026-09-05 16:22:00
607,627,CASH,271333.31,success,TXN-00000627,2026-07-30 09:55:00
608,628,CASH,366616.55,success,TXN-00000628,2026-05-14 13:09:00
609,629,UPI,67875.67,success,TXN-00000629,2026-07-21 14:14:00
610,630,CARD,93240.07,success,TXN-00000630,2026-07-30 16:15:00
611,631,CASH,102831.88,success,TXN-00000631,2026-07-04 20:28:00
612,632,UPI,144027.17,success,TXN-00000632,2026-05-05 11:06:00
613,633,BANK_TRANSFER,430854.26,success,TXN-00000633,2026-06-13 16:39:00
614,634,CARD,209309.55,success,TXN-00000634,2026-04-10 12:25:00
615,635,CARD,49769.3,success,TXN-00000635,2026-05-07 10:12:00
616,636,BANK_TRANSFER,157917.21,success,TXN-00000636,2026-04-14 12:38:00
617,637,CASH,429021.08,success,TXN-00000637,2026-06-15 14:53:00
618,638,BANK_TRANSFER,181537.93,success,TXN-00000638,2026-09-04 16:46:00
619,639,CARD,258492.58,success,TXN-00000639,2026-05-21 10:40:00
620,641,BANK_TRANSFER,213106.09,success,TXN-00000641,2026-08-21 18:05:00
621,642,CARD,134304.99,success,TXN-00000642,2026-07-13 10:07:00
622,643,CARD,72165.57,success,TXN-00000643,2026-07-12 15:50:00
623,644,CARD,299230.24,success,TXN-00000644,2026-07-04 10:29:00
624,645,CASH,112228.32,success,TXN-00000645,2026-05-11 18:47:00
625,646,CARD,127720.96,success,TXN-00000646,2026-08-25 10:28:00
626,647,CASH,420791.48,success,TXN-00000647,2026-08-04 10:39:00
627,648,BANK_TRANSFER,388726.76,success,TXN-00000648,2026-07-25 14:37:00
628,649,UPI,29172.23,success,TXN-00000649,2026-04-16 19:06:00
629,650,UPI,315222.98,success,TXN-00000650,2026-06-01 20:57:00
630,651,CASH,391362.62,success,TXN-00000651,2026-08-06 16:56:00
631,652,UPI,175810.77,success,TXN-00000652,2026-06-25 11:23:00
632,653,CARD,54912.56,success,TXN-00000653,2026-09-05 14:28:00
633,654,UPI,422030.52,success,TXN-00000654,2026-09-16 21:03:00
634,655,CARD,302426.54,success,TXN-00000655,2026-09-03 18:16:00
635,656,BANK_TRANSFER,126940.62,success,TXN-00000656,2026-07-11 09:28:00
636,657,UPI,306505.86,success,TXN-00000657,2026-09-01 19:25:00
637,658,CARD,32023.41,success,TXN-00000658,2026-09-13 12:52:00
638,659,UPI,89874.34,success,TXN-00000659,2026-05-12 15:41:00
639,660,BANK_TRANSFER,260135.22,success,TXN-00000660,2026-06-09 11:33:00
640,661,CARD,59867.96,success,TXN-00000661,2026-04-05 19:07:00
641,662,CASH,211444.69,success,TXN-00000662,2026-07-09 15:27:00
642,663,UPI,175777.5,success,TXN-00000663,2026-04-11 09:39:00
643,664,UPI,282372.95,success,TXN-00000664,2026-04-25 18:43:00
644,666,UPI,181273.01,success,TXN-00000666,2026-04-24 12:25:00
645,667,BANK_TRANSFER,112372.38,success,TXN-00000667,2026-08-20 19:22:00
646,668,BANK_TRANSFER,46515.23,success,TXN-00000668,2026-04-14 11:30:00
647,669,CASH,210842.82,success,TXN-00000669,2026-04-28 13:29:00
648,670,BANK_TRANSFER,157961.21,success,TXN-00000670,2026-05-31 09:57:00
649,671,UPI,140308.25,success,TXN-00000671,2026-06-03 18:58:00
650,672,UPI,211227.88,success,TXN-00000672,2026-06-04 20:27:00
651,673,BANK_TRANSFER,173251.63,success,TXN-00000673,2026-04-29 20:22:00
652,674,UPI,92206.19,success,TXN-00000674,2026-07-09 14:36:00
653,675,CARD,115796.8,success,TXN-00000675,2026-07-15 11:11:00
654,676,BANK_TRANSFER,61545.59,success,TXN-00000676,2026-08-01 15:25:00
655,677,CARD,276659.6,success,TXN-00000677,2026-06-08 20:44:00
656,678,CASH,386592.75,success,TXN-00000678,2026-04-06 14:53:00
657,679,CASH,72105.09,success,TXN-00000679,2026-05-21 12:36:00
658,680,CARD,29417.94,success,TXN-00000680,2026-08-22 09:59:00
659,681,BANK_TRANSFER,80046.36,success,TXN-00000681,2026-09-22 17:32:00
660,682,CARD,115337.54,success,TXN-00000682,2026-05-24 10:43:00
661,683,CARD,53775.52,success,TXN-00000683,2026-05-26 15:57:00
662,684,CASH,86304.56,success,TXN-00000684,2026-06-10 12:26:00
663,685,CASH,55683.82,success,TXN-00000685,2026-09-06 11:29:00
664,686,CARD,291254.89,success,TXN-00000686,2026-04-17 11:39:00
665,687,UPI,303662.68,success,TXN-00000687,2026-07-25 12:21:00
666,688,CARD,14866.55,success,TXN-00000688,2026-09-25 11:59:00
667,689,CASH,47654.96,success,TXN-00000689,2026-05-30 11:32:00
668,690,UPI,21643.91,success,TXN-00000690,2026-06-06 14:52:00
669,691,UPI,252574.52,success,TXN-00000691,2026-07-18 20:43:00
670,692,CARD,342458.85,success,TXN-00000692,2026-04-26 17:10:00
671,693,UPI,84375.83,success,TXN-00000693,2026-08-04 18:09:00
672,694,CARD,16373.47,success,TXN-00000694,2026-08-08 15:42:00
673,696,CARD,267088.37,success,TXN-00000696,2026-06-19 11:55:00
674,697,CARD,315774.95,success,TXN-00000697,2026-04-13 11:08:00
675,698,CARD,161120.19,success,TXN-00000698,2026-06-08 12:26:00
676,699,CASH,305537.26,success,TXN-00000699,2026-06-16 11:04:00
677,700,CASH,208783.53,success,TXN-00000700,2026-07-09 13:47:00
678,701,CARD,76137.35,success,TXN-00000701,2026-07-06 13:41:00
679,702,CASH,316335.77,success,TXN-00000702,2026-09-24 14:31:00
680,703,BANK_TRANSFER,4641.42,success,TXN-00000703,2026-05-27 12:15:00
681,704,CASH,85058.05,success,TXN-00000704,2026-05-21 12:45:00
682,705,BANK_TRANSFER,77443.74,success,TXN-00000705,2026-04-09 20:08:00
683,706,BANK_TRANSFER,114397.57,success,TXN-00000706,2026-08-20 21:16:00
684,707,CASH,218911.84,success,TXN-00000707,2026-06-12 18:11:00
685,708,CASH,326917.84,success,TXN-00000708,2026-05-30 15:44:00
686,709,BANK_TRANSFER,75396.51,success,TXN-00000709,2026-06-05 10:14:00
687,710,UPI,15789.07,success,TXN-00000710,2026-04-12 17:51:00
688,711,BANK_TRANSFER,338147.68,success,TXN-00000711,2026-07-09 16:13:00
689,712,BANK_TRANSFER,352627.84,success,TXN-00000712,2026-08-25 10:56:00
690,713,CASH,247126.48,success,TXN-00000713,2026-05-31 17:14:00
691,714,BANK_TRANSFER,202050.41,success,TXN-00000714,2026-06-14 14:01:00
692,715,CASH,515660.27,success,TXN-00000715,2026-09-16 14:12:00
693,716,UPI,139987.12,success,TXN-00000716,2026-05-15 12:20:00
694,717,BANK_TRANSFER,39804.1,success,TXN-00000717,2026-07-31 11:31:00
695,718,UPI,37742.56,success,TXN-00000718,2026-05-29 18:05:00
696,719,CARD,166920.96,success,TXN-00000719,2026-06-28 16:09:00
697,720,BANK_TRANSFER,111274.51,success,TXN-00000720,2026-09-21 11:53:00
698,721,CASH,130816.91,success,TXN-00000721,2026-09-23 12:02:00
699,722,BANK_TRANSFER,349238.46,success,TXN-00000722,2026-08-29 14:11:00
700,723,CARD,252049.75,success,TXN-00000723,2026-09-19 13:20:00
701,724,BANK_TRANSFER,563999.2,success,TXN-00000724,2026-08-28 17:10:00
702,725,BANK_TRANSFER,152302.48,success,TXN-00000725,2026-07-15 19:38:00
703,726,CARD,286140.77,success,TXN-00000726,2026-05-20 12:34:00
704,727,CASH,93920.73,success,TXN-00000727,2026-05-12 09:29:00
705,728,CASH,97916.92,success,TXN-00000728,2026-08-25 14:34:00
706,729,UPI,167909.35,success,TXN-00000729,2026-05-14 18:34:00
707,730,CARD,267733.59,success,TXN-00000730,2026-05-31 16:16:00
708,731,CARD,409578.21,success,TXN-00000731,2026-04-24 17:25:00
709,732,BANK_TRANSFER,280092.19,success,TXN-00000732,2026-04-30 17:39:00
710,733,CARD,72904.8,success,TXN-00000733,2026-07-13 17:55:00
711,734,CARD,287407.22,success,TXN-00000734,2026-09-20 11:08:00
712,735,CARD,306625.57,success,TXN-00000735,2026-08-24 15:51:00
713,736,BANK_TRANSFER,92853.07,success,TXN-00000736,2026-09-01 21:05:00
714,737,CASH,276094.74,success,TXN-00000737,2026-04-10 20:54:00
715,738,BANK_TRANSFER,218433.73,success,TXN-00000738,2026-09-08 19:53:00
716,739,CASH,193682.95,success,TXN-00000739,2026-08-13 09:50:00
717,740,BANK_TRANSFER,212941.12,success,TXN-00000740,2026-09-06 14:58:00
718,741,UPI,143569.51,success,TXN-00000741,2026-05-06 15:14:00
719,742,CASH,210033.28,success,TXN-00000742,2026-06-26 21:03:00
720,743,CASH,149458.95,success,TXN-00000743,2026-07-10 14:24:00
721,744,BANK_TRANSFER,200742.3,success,TXN-00000744,2026-08-03 19:38:00
722,745,UPI,147348.07,success,TXN-00000745,2026-05-21 18:04:00
723,746,UPI,201352.31,success,TXN-00000746,2026-05-26 20:31:00
724,747,UPI,110158.01,success,TXN-00000747,2026-09-12 10:41:00
725,748,CASH,27957.1,success,TXN-00000748,2026-04-16 18:59:00
726,749,CASH,354464.99,success,TXN-00000749,2026-06-24 18:15:00
727,750,BANK_TRANSFER,121853.93,success,TXN-00000750,2026-08-29 15:34:00
728,751,UPI,158603.07,success,TXN-00000751,2026-04-02 09:28:00
729,752,CASH,130021.34,success,TXN-00000752,2026-05-24 09:48:00
730,753,CARD,438906.78,success,TXN-00000753,2026-08-29 19:15:00
731,754,CARD,54645.1,success,TXN-00000754,2026-04-18 17:42:00
732,755,BANK_TRANSFER,21881.48,success,TXN-00000755,2026-04-24 09:30:00
733,756,CASH,301521.27,success,TXN-00000756,2026-04-07 17:26:00
734,757,CARD,91610.19,success,TXN-00000757,2026-08-25 09:43:00
735,758,CARD,222393.72,success,TXN-00000758,2026-07-30 11:28:00
736,759,CASH,45707.8,success,TXN-00000759,2026-04-26 20:50:00
737,760,CASH,325854.71,success,TXN-00000760,2026-08-21 13:36:00
738,761,CASH,175581.77,success,TXN-00000761,2026-07-24 18:57:00
739,762,UPI,44499.42,success,TXN-00000762,2026-05-09 10:09:00
740,763,BANK_TRANSFER,458363.62,success,TXN-00000763,2026-04-12 14:18:00
741,764,CARD,181649.28,success,TXN-00000764,2026-04-05 13:26:00
742,765,CARD,115483.51,success,TXN-00000765,2026-05-09 19:38:00
743,766,BANK_TRANSFER,184157.26,success,TXN-00000766,2026-04-02 18:40:00
744,767,CARD,7938.4,success,TXN-00000767,2026-04-30 18:51:00
745,768,CASH,201943.97,success,TXN-00000768,2026-05-05 20:46:00
746,769,CARD,18646.62,success,TXN-00000769,2026-06-12 11:36:00
747,770,CASH,81685.02,success,TXN-00000770,2026-09-18 14:32:00
748,771,CARD,180505.91,success,TXN-00000771,2026-09-15 10:06:00
749,772,CARD,130018.04,success,TXN-00000772,2026-05-19 16:00:00
750,773,UPI,189219.7,success,TXN-00000773,2026-04-14 15:21:00
751,774,UPI,145111.2,success,TXN-00000774,2026-05-29 11:16:00
752,775,CASH,445883.95,success,TXN-00000775,2026-04-16 10:17:00
753,776,UPI,8735.34,success,TXN-00000776,2026-06-04 16:29:00
754,777,BANK_TRANSFER,15341.88,success,TXN-00000777,2026-07-15 17:20:00
755,778,UPI,69626.86,success,TXN-00000778,2026-04-04 17:20:00
756,779,CASH,138855.94,success,TXN-00000779,2026-04-14 17:01:00
757,780,CASH,61413.7,success,TXN-00000780,2026-07-12 11:23:00
758,781,BANK_TRANSFER,82500.82,success,TXN-00000781,2026-08-22 09:51:00
759,782,UPI,102399.25,success,TXN-00000782,2026-07-10 15:54:00
760,783,CASH,94105.78,success,TXN-00000783,2026-07-18 10:21:00
761,784,BANK_TRANSFER,180373.27,success,TXN-00000784,2026-05-31 18:19:00
762,785,CASH,327204.08,success,TXN-00000785,2026-05-28 19:08:00
763,786,BANK_TRANSFER,333004.91,success,TXN-00000786,2026-04-26 11:39:00
764,787,UPI,157524.69,success,TXN-00000787,2026-06-07 12:17:00
765,788,CASH,258255.22,success,TXN-00000788,2026-08-18 10:45:00
766,789,CASH,211358.72,success,TXN-00000789,2026-04-19 18:14:00
767,790,CARD,209699.99,success,TXN-00000790,2026-04-07 14:01:00
768,791,BANK_TRANSFER,292863.94,success,TXN-00000791,2026-04-22 14:02:00
769,792,UPI,137467.59,success,TXN-00000792,2026-09-10 09:43:00
770,793,BANK_TRANSFER,242526.62,success,TXN-00000793,2026-06-30 15:08:00
771,794,CASH,201730.96,success,TXN-00000794,2026-09-02 15:49:00
772,795,CARD,50616.15,success,TXN-00000795,2026-05-10 17:48:00
773,796,BANK_TRANSFER,396224.34,success,TXN-00000796,2026-08-18 11:20:00
774,798,BANK_TRANSFER,76470.57,success,TXN-00000798,2026-09-17 19:09:00
775,799,CASH,194124.5,success,TXN-00000799,2026-06-03 10:14:00
776,800,BANK_TRANSFER,245033.68,success,TXN-00000800,2026-09-05 10:56:00
777,802,UPI,339193.43,success,TXN-00000802,2026-05-18 15:51:00
778,803,UPI,79493.73,success,TXN-00000803,2026-09-16 09:35:00
779,804,UPI,21600.82,success,TXN-00000804,2026-09-26 16:04:00
780,805,CASH,223176.22,success,TXN-00000805,2026-07-17 14:21:00
781,806,CASH,222317.83,success,TXN-00000806,2026-07-06 15:54:00
782,807,CASH,113454.83,success,TXN-00000807,2026-07-23 14:42:00
783,808,BANK_TRANSFER,288790.51,success,TXN-00000808,2026-05-04 13:15:00
784,809,BANK_TRANSFER,314006.66,success,TXN-00000809,2026-04-14 09:49:00
785,810,BANK_TRANSFER,102889.22,success,TXN-00000810,2026-04-08 10:07:00
786,811,CARD,89947.48,success,TXN-00000811,2026-07-31 18:56:00
787,812,BANK_TRANSFER,374690.99,success,TXN-00000812,2026-05-13 20:19:00
788,813,CARD,23041.47,success,TXN-00000813,2026-08-20 15:09:00
789,814,CARD,185530.86,success,TXN-00000814,2026-06-08 09:32:00
790,815,BANK_TRANSFER,164583.46,success,TXN-00000815,2026-08-16 19:10:00
791,816,BANK_TRANSFER,43746.79,success,TXN-00000816,2026-07-31 14:53:00
792,817,UPI,199254.04,success,TXN-00000817,2026-09-10 12:19:00
793,818,UPI,223750.88,success,TXN-00000818,2026-07-31 17:34:00
794,819,CARD,129863.8,success,TXN-00000819,2026-09-28 17:24:00
795,820,CARD,228548.62,success,TXN-00000820,2026-08-16 20:33:00
796,821,UPI,248305.23,success,TXN-00000821,2026-04-23 20:59:00
797,822,UPI,126890.49,success,TXN-00000822,2026-07-10 12:19:00
798,823,BANK_TRANSFER,24263.21,success,TXN-00000823,2026-07-21 15:30:00
799,824,UPI,155919.69,success,TXN-00000824,2026-08-19 11:11:00
800,825,CARD,263567.55,success,TXN-00000825,2026-08-02 13:27:00
801,826,BANK_TRANSFER,213528.23,success,TXN-00000826,2026-06-24 21:07:00
802,827,CASH,105402.18,success,TXN-00000827,2026-04-23 20:30:00
803,828,BANK_TRANSFER,173535.0,success,TXN-00000828,2026-08-12 18:06:00
804,829,UPI,270070.08,success,TXN-00000829,2026-04-04 17:33:00
805,830,CARD,32929.28,success,TXN-00000830,2026-09-25 18:28:00
806,831,CASH,361855.92,success,TXN-00000831,2026-08-20 10:01:00
807,832,CASH,371707.99,success,TXN-00000832,2026-04-20 10:58:00
808,833,UPI,263333.73,success,TXN-00000833,2026-05-04 10:55:00
809,834,CASH,220271.26,success,TXN-00000834,2026-09-28 14:55:00
810,835,UPI,283806.73,success,TXN-00000835,2026-04-23 16:36:00
811,836,BANK_TRANSFER,205949.81,success,TXN-00000836,2026-04-01 18:13:00
812,837,UPI,34729.54,success,TXN-00000837,2026-04-12 09:45:00
813,838,CARD,202087.8,success,TXN-00000838,2026-08-08 19:18:00
814,839,UPI,94941.98,success,TXN-00000839,2026-08-31 13:19:00
815,840,CASH,277058.54,success,TXN-00000840,2026-05-10 15:07:00
816,841,UPI,370430.3,success,TXN-00000841,2026-07-19 16:23:00
817,842,UPI,154590.99,success,TXN-00000842,2026-07-23 13:57:00
818,843,CASH,6681.86,success,TXN-00000843,2026-08-23 11:50:00
819,844,UPI,34619.3,success,TXN-00000844,2026-09-27 13:50:00
820,845,CARD,148678.3,success,TXN-00000845,2026-09-01 19:07:00
821,847,CASH,391561.58,success,TXN-00000847,2026-07-22 15:05:00
822,848,UPI,334693.26,success,TXN-00000848,2026-07-22 13:04:00
823,849,CARD,124895.17,success,TXN-00000849,2026-09-21 18:27:00
824,850,BANK_TRANSFER,397385.26,success,TXN-00000850,2026-04-19 17:35:00
825,851,CARD,208988.54,success,TXN-00000851,2026-04-05 15:59:00
826,852,CARD,251925.93,success,TXN-00000852,2026-06-13 13:58:00
827,853,CARD,78362.82,success,TXN-00000853,2026-08-05 12:46:00
828,854,UPI,18073.4,success,TXN-00000854,2026-05-27 13:42:00
829,855,BANK_TRANSFER,260137.48,success,TXN-00000855,2026-06-02 09:51:00
830,856,CARD,300556.88,success,TXN-00000856,2026-08-23 11:19:00
831,857,UPI,168879.87,success,TXN-00000857,2026-09-25 11:55:00
832,858,UPI,111623.08,success,TXN-00000858,2026-08-19 09:28:00
833,859,UPI,275409.13,success,TXN-00000859,2026-04-02 19:36:00
834,860,BANK_TRANSFER,160793.36,success,TXN-00000860,2026-04-13 15:27:00
835,861,CARD,34858.05,success,TXN-00000861,2026-06-19 09:43:00
836,862,UPI,378563.61,success,TXN-00000862,2026-05-25 18:21:00
837,863,CARD,33398.08,success,TXN-00000863,2026-09-02 20:14:00
838,864,CASH,65772.74,success,TXN-00000864,2026-09-26 11:37:00
839,865,BANK_TRANSFER,245649.77,success,TXN-00000865,2026-05-04 17:17:00
840,867,CASH,155312.58,success,TXN-00000867,2026-09-23 20:07:00
841,868,UPI,78938.5,success,TXN-00000868,2026-05-12 11:53:00
842,869,CASH,190928.17,success,TXN-00000869,2026-08-21 15:18:00
843,870,CARD,419765.62,success,TXN-00000870,2026-04-10 16:40:00
844,871,CASH,167778.86,success,TXN-00000871,2026-05-01 10:27:00
845,872,UPI,132622.94,success,TXN-00000872,2026-08-10 18:04:00
846,873,CARD,147012.51,success,TXN-00000873,2026-09-11 13:10:00
847,874,CARD,82070.94,success,TXN-00000874,2026-05-18 15:09:00
848,875,BANK_TRANSFER,211687.6,success,TXN-00000875,2026-04-21 21:23:00
849,876,BANK_TRANSFER,259116.53,success,TXN-00000876,2026-06-24 16:51:00
850,877,CASH,143981.67,success,TXN-00000877,2026-06-11 11:22:00
851,878,CASH,259917.42,success,TXN-00000878,2026-07-12 18:14:00
852,879,CARD,159646.13,success,TXN-00000879,2026-08-29 10:43:00
853,880,UPI,166005.2,success,TXN-00000880,2026-04-30 13:50:00
854,881,CASH,167426.1,success,TXN-00000881,2026-08-14 15:09:00
855,882,CARD,249583.28,success,TXN-00000882,2026-09-16 14:15:00
856,883,CASH,116598.18,success,TXN-00000883,2026-06-27 21:06:00
857,884,CASH,35423.13,success,TXN-00000884,2026-04-01 10:44:00
858,885,CARD,165044.69,success,TXN-00000885,2026-08-16 10:12:00
859,886,UPI,115317.36,success,TXN-00000886,2026-07-18 09:45:00
860,887,BANK_TRANSFER,196745.63,success,TXN-00000887,2026-09-07 14:48:00
861,888,CARD,205165.19,success,TXN-00000888,2026-07-05 18:23:00
862,889,UPI,190510.17,success,TXN-00000889,2026-07-31 21:00:00
863,890,UPI,93571.47,success,TXN-00000890,2026-04-13 17:54:00
864,891,CASH,165932.39,success,TXN-00000891,2026-05-22 15:23:00
865,892,CASH,147368.37,success,TXN-00000892,2026-08-21 20:00:00
866,893,UPI,94426.06,success,TXN-00000893,2026-06-23 17:13:00
867,894,BANK_TRANSFER,273323.9,success,TXN-00000894,2026-05-10 15:03:00
868,895,UPI,134043.2,success,TXN-00000895,2026-09-13 11:01:00
869,896,BANK_TRANSFER,325738.11,success,TXN-00000896,2026-09-19 14:36:00
870,897,CASH,223943.82,success,TXN-00000897,2026-06-20 20:28:00
871,898,CARD,142864.2,success,TXN-00000898,2026-08-24 19:27:00
872,899,BANK_TRANSFER,59261.59,success,TXN-00000899,2026-09-14 16:35:00
873,900,UPI,294609.9,success,TXN-00000900,2026-08-15 18:56:00
874,901,BANK_TRANSFER,64738.01,success,TXN-00000901,2026-08-18 15:33:00
875,902,BANK_TRANSFER,389715.87,success,TXN-00000902,2026-08-10 20:12:00
876,903,UPI,453412.66,success,TXN-00000903,2026-04-13 09:22:00
877,904,CASH,43297.26,success,TXN-00000904,2026-06-28 15:55:00
878,905,CASH,339734.74,success,TXN-00000905,2026-04-10 19:06:00
879,906,UPI,215854.41,success,TXN-00000906,2026-07-04 14:35:00
880,907,CASH,373592.38,success,TXN-00000907,2026-08-13 19:20:00
881,908,CASH,381168.79,success,TXN-00000908,2026-05-02 15:53:00
882,909,BANK_TRANSFER,117206.58,success,TXN-00000909,2026-08-01 21:04:00
883,910,CARD,82781.43,success,TXN-00000910,2026-08-01 09:32:00
884,911,CARD,129130.78,success,TXN-00000911,2026-06-17 14:00:00
885,912,CARD,463456.22,success,TXN-00000912,2026-07-10 14:42:00
886,913,BANK_TRANSFER,150243.76,success,TXN-00000913,2026-05-27 10:10:00
887,914,BANK_TRANSFER,155112.78,success,TXN-00000914,2026-06-03 12:45:00
888,915,UPI,38215.75,success,TXN-00000915,2026-08-20 19:41:00
889,916,CASH,145763.17,success,TXN-00000916,2026-06-13 10:43:00
890,917,CARD,67081.36,success,TXN-00000917,2026-07-24 14:47:00
891,918,UPI,162920.57,success,TXN-00000918,2026-08-25 10:37:00
892,919,CASH,12251.73,success,TXN-00000919,2026-07-26 15:24:00
893,920,CARD,195389.63,success,TXN-00000920,2026-04-15 11:19:00
894,921,CARD,18550.14,success,TXN-00000921,2026-04-18 19:01:00
895,922,CASH,157807.74,success,TXN-00000922,2026-07-22 20:53:00
896,923,CARD,27734.06,success,TXN-00000923,2026-09-07 19:25:00
897,924,CASH,61236.54,success,TXN-00000924,2026-08-08 10:34:00
898,925,UPI,34403.6,success,TXN-00000925,2026-06-03 16:19:00
899,926,UPI,91283.28,success,TXN-00000926,2026-08-10 09:41:00
900,927,CARD,324480.11,success,TXN-00000927,2026-04-27 18:45:00
901,928,CASH,26978.0,success,TXN-00000928,2026-06-14 11:28:00
902,929,CASH,91231.16,success,TXN-00000929,2026-05-20 21:02:00
903,930,CASH,409916.21,success,TXN-00000930,2026-08-11 16:39:00
904,931,BANK_TRANSFER,102104.93,success,TXN-00000931,2026-09-07 21:27:00
905,932,UPI,70593.91,success,TXN-00000932,2026-05-14 12:19:00
906,933,CASH,157491.85,success,TXN-00000933,2026-08-30 13:18:00
907,934,UPI,131478.18,success,TXN-00000934,2026-07-21 12:43:00
908,935,CARD,149890.79,success,TXN-00000935,2026-09-17 14:07:00
909,937,BANK_TRANSFER,85579.23,success,TXN-00000937,2026-08-28 10:48:00
910,938,BANK_TRANSFER,223364.43,success,TXN-00000938,2026-06-20 17:46:00
911,939,UPI,232619.34,success,TXN-00000939,2026-05-20 11:04:00
912,940,UPI,275765.95,success,TXN-00000940,2026-07-14 18:41:00
913,941,CARD,227782.87,success,TXN-00000941,2026-05-21 20:40:00
914,942,BANK_TRANSFER,14850.97,success,TXN-00000942,2026-08-23 18:28:00
915,943,BANK_TRANSFER,299820.64,success,TXN-00000943,2026-05-29 12:00:00
916,944,CARD,143424.52,success,TXN-00000944,2026-06-03 15:47:00
917,945,UPI,155457.41,success,TXN-00000945,2026-09-01 21:07:00
918,946,BANK_TRANSFER,147528.09,success,TXN-00000946,2026-04-25 19:16:00
919,947,CARD,316540.14,success,TXN-00000947,2026-08-07 20:30:00
920,948,CASH,320851.87,success,TXN-00000948,2026-09-26 15:56:00
921,949,BANK_TRANSFER,168239.82,success,TXN-00000949,2026-07-23 20:38:00
922,950,CARD,367473.62,success,TXN-00000950,2026-07-22 19:05:00
923,951,CASH,251915.01,success,TXN-00000951,2026-07-15 16:25:00
924,952,UPI,268136.42,success,TXN-00000952,2026-09-02 12:09:00
925,953,UPI,255271.32,success,TXN-00000953,2026-08-15 13:40:00
926,954,CASH,322609.07,success,TXN-00000954,2026-05-31 09:30:00
927,955,BANK_TRANSFER,74665.1,success,TXN-00000955,2026-07-01 15:36:00
928,956,UPI,123612.94,success,TXN-00000956,2026-08-24 09:34:00
929,957,BANK_TRANSFER,31230.65,success,TXN-00000957,2026-06-15 13:43:00
930,958,BANK_TRANSFER,167931.87,success,TXN-00000958,2026-04-10 15:34:00
931,959,CASH,20066.9,success,TXN-00000959,2026-05-17 10:53:00
932,960,BANK_TRANSFER,209142.59,success,TXN-00000960,2026-06-18 17:24:00
933,961,UPI,52242.9,success,TXN-00000961,2026-06-25 20:52:00
934,962,CASH,144649.65,success,TXN-00000962,2026-09-11 11:46:00
935,963,BANK_TRANSFER,10333.25,success,TXN-00000963,2026-06-20 10:28:00
936,964,BANK_TRANSFER,56127.05,success,TXN-00000964,2026-04-14 18:04:00
937,965,BANK_TRANSFER,219019.73,success,TXN-00000965,2026-07-03 19:20:00
938,966,CARD,238946.9,success,TXN-00000966,2026-09-02 12:10:00
939,967,CASH,151951.58,success,TXN-00000967,2026-04-10 17:36:00
940,968,UPI,57104.35,success,TXN-00000968,2026-06-18 15:32:00
941,969,BANK_TRANSFER,347527.06,success,TXN-00000969,2026-06-14 14:00:00
942,970,CASH,132179.36,success,TXN-00000970,2026-07-06 19:56:00
943,971,CASH,478422.76,success,TXN-00000971,2026-08-31 16:03:00
944,972,BANK_TRANSFER,5401.99,success,TXN-00000972,2026-08-12 11:57:00
945,973,CASH,549003.63,success,TXN-00000973,2026-05-06 13:59:00
946,974,CASH,290978.56,success,TXN-00000974,2026-05-11 17:44:00
947,975,UPI,354240.36,success,TXN-00000975,2026-09-06 20:19:00
948,976,CARD,293601.85,success,TXN-00000976,2026-07-28 20:28:00
949,977,UPI,176017.22,success,TXN-00000977,2026-08-25 16:42:00
950,978,CARD,337204.0,success,TXN-00000978,2026-08-15 11:24:00
951,979,CASH,177075.46,success,TXN-00000979,2026-09-24 15:00:00
952,980,UPI,60665.15,success,TXN-00000980,2026-08-28 16:58:00
953,981,BANK_TRANSFER,25967.87,success,TXN-00000981,2026-08-03 11:43:00
954,982,CASH,252256.31,success,TXN-00000982,2026-06-03 13:25:00
955,983,BANK_TRANSFER,81136.93,success,TXN-00000983,2026-07-05 10:09:00
956,984,UPI,169113.01,success,TXN-00000984,2026-08-09 10:30:00
957,985,CASH,380152.3,success,TXN-00000985,2026-09-25 20:13:00
958,986,UPI,89418.64,success,TXN-00000986,2026-08-04 10:36:00
959,987,CASH,58595.35,success,TXN-00000987,2026-08-07 18:14:00
960,988,BANK_TRANSFER,206549.44,success,TXN-00000988,2026-07-13 13:49:00
961,989,UPI,165213.69,success,TXN-00000989,2026-05-05 14:36:00
962,990,CASH,194747.61,success,TXN-00000990,2026-07-28 11:12:00
963,991,UPI,339238.67,success,TXN-00000991,2026-09-07 17:01:00
964,992,BANK_TRANSFER,58579.93,success,TXN-00000992,2026-06-14 09:20:00
965,993,CASH,361537.63,success,TXN-00000993,2026-07-31 09:16:00
966,994,UPI,341521.3,success,TXN-00000994,2026-06-26 16:34:00
967,995,BANK_TRANSFER,427331.22,success,TXN-00000995,2026-04-11 20:36:00
968,996,CARD,92145.95,success,TXN-00000996,2026-04-18 17:20:00
969,997,CASH,137201.36,success,TXN-00000997,2026-05-04 11:48:00
970,998,CARD,336185.91,success,TXN-00000998,2026-09-18 20:17:00
971,999,BANK_TRANSFER,78388.55,success,TXN-00000999,2026-07-29 18:54:00
972,1000,BANK_TRANSFER,125065.79,success,TXN-00001000,2026-08-26 19:16:00
973,1001,BANK_TRANSFER,131425.88,success,TXN-00001001,2026-08-10 19:35:00
974,1002,CARD,206498.43,success,TXN-00001002,2026-09-16 17:14:00
975,1003,BANK_TRANSFER,29615.89,success,TXN-00001003,2026-07-21 13:39:00
976,1004,BANK_TRANSFER,45421.36,success,TXN-00001004,2026-05-08 21:16:00
977,1005,CASH,90149.52,success,TXN-00001005,2026-06-24 10:20:00
978,1006,UPI,29353.74,success,TXN-00001006,2026-08-30 10:40:00
979,1007,BANK_TRANSFER,110990.97,success,TXN-00001007,2026-08-24 21:04:00
980,1008,UPI,90467.01,success,TXN-00001008,2026-04-03 18:20:00
981,1009,BANK_TRANSFER,12073.55,success,TXN-00001009,2026-05-27 12:30:00
982,1010,CARD,291544.4,success,TXN-00001010,2026-04-24 19:47:00
983,1011,UPI,250157.16,success,TXN-00001011,2026-07-24 14:47:00
984,1012,CASH,186970.69,success,TXN-00001012,2026-05-06 19:35:00
985,1013,CARD,270720.57,success,TXN-00001013,2026-05-11 12:48:00
986,1014,CARD,164928.08,success,TXN-00001014,2026-04-05 13:57:00
987,1015,CASH,33881.1,success,TXN-00001015,2026-05-15 13:15:00
988,1016,BANK_TRANSFER,158122.82,success,TXN-00001016,2026-07-19 16:02:00
989,1017,CARD,97954.12,success,TXN-00001017,2026-04-07 11:03:00
990,1018,CARD,234328.34,success,TXN-00001018,2026-05-09 13:42:00
991,1019,BANK_TRANSFER,307089.83,success,TXN-00001019,2026-07-25 10:01:00
992,1020,BANK_TRANSFER,156957.59,success,TXN-00001020,2026-06-09 18:28:00
993,1021,CARD,65653.6,success,TXN-00001021,2026-06-20 13:54:00
994,1022,UPI,276126.32,success,TXN-00001022,2026-06-04 19:12:00
995,1023,BANK_TRANSFER,148549.03,success,TXN-00001023,2026-09-04 16:57:00
996,1025,CARD,35221.57,success,TXN-00001025,2026-04-05 15:21:00
997,1026,BANK_TRANSFER,86323.19,success,TXN-00001026,2026-09-16 20:19:00
998,1027,CARD,80590.22,success,TXN-00001027,2026-06-01 16:11:00
999,1028,UPI,308734.57,success,TXN-00001028,2026-07-24 18:11:00
1000,1029,CASH,260168.48,success,TXN-00001029,2026-04-27 20:16:00
1001,1030,CARD,319294.52,success,TXN-00001030,2026-05-01 10:38:00
1002,1031,BANK_TRANSFER,182462.72,success,TXN-00001031,2026-05-29 16:16:00
1003,1032,CASH,266348.62,success,TXN-00001032,2026-05-01 17:38:00
1004,1033,CARD,137700.14,success,TXN-00001033,2026-08-07 09:06:00
1005,1034,UPI,376616.42,success,TXN-00001034,2026-04-10 15:46:00
1006,1035,CARD,29785.09,success,TXN-00001035,2026-05-07 10:33:00
1007,1036,CARD,136756.12,success,TXN-00001036,2026-04-03 12:31:00
1008,1037,UPI,150143.13,success,TXN-00001037,2026-06-14 17:15:00
1009,1038,BANK_TRANSFER,51631.25,success,TXN-00001038,2026-04-26 15:21:00
1010,1040,BANK_TRANSFER,110659.92,success,TXN-00001040,2026-05-02 15:00:00
1011,1041,CASH,462557.18,success,TXN-00001041,2026-04-26 11:28:00
1012,1042,CARD,44098.06,success,TXN-00001042,2026-07-28 16:11:00
1013,1044,BANK_TRANSFER,15561.84,success,TXN-00001044,2026-05-18 16:40:00
1014,1045,CASH,260448.3,success,TXN-00001045,2026-05-12 18:13:00
1015,1046,BANK_TRANSFER,215098.39,success,TXN-00001046,2026-06-04 11:16:00
1016,1047,CASH,244118.51,success,TXN-00001047,2026-09-02 11:14:00
1017,1048,CASH,206341.0,success,TXN-00001048,2026-08-13 19:14:00
1018,1049,UPI,198381.31,success,TXN-00001049,2026-09-22 20:06:00
1019,1050,UPI,51404.83,success,TXN-00001050,2026-08-13 13:32:00
1020,1051,BANK_TRANSFER,30820.42,success,TXN-00001051,2026-09-12 11:44:00
1021,1052,BANK_TRANSFER,231007.04,success,TXN-00001052,2026-08-04 10:46:00
1022,1053,BANK_TRANSFER,129078.32,success,TXN-00001053,2026-07-05 11:33:00
1023,1054,CARD,14185.37,success,TXN-00001054,2026-08-18 10:21:00
1024,1055,CASH,36400.38,success,TXN-00001055,2026-05-20 17:15:00
1025,1056,CARD,156208.6,success,TXN-00001056,2026-07-15 16:41:00
1026,1057,BANK_TRANSFER,200251.28,success,TXN-00001057,2026-05-27 18:25:00
1027,1058,CARD,490964.43,success,TXN-00001058,2026-08-17 10:28:00
1028,1059,UPI,405822.16,success,TXN-00001059,2026-08-29 16:34:00
1029,1060,UPI,3304.02,success,TXN-00001060,2026-05-14 18:11:00
1030,1061,UPI,90196.47,success,TXN-00001061,2026-05-28 11:59:00
1031,1062,UPI,14665.24,success,TXN-00001062,2026-09-14 14:30:00
1032,1063,BANK_TRANSFER,186537.72,success,TXN-00001063,2026-05-24 18:17:00
1033,1064,CARD,384579.52,success,TXN-00001064,2026-08-23 20:49:00
1034,1065,CARD,46770.79,success,TXN-00001065,2026-08-06 15:15:00
1035,1066,UPI,37306.07,success,TXN-00001066,2026-08-31 14:00:00
1036,1067,CASH,100395.94,success,TXN-00001067,2026-07-24 11:00:00
1037,1068,CASH,277606.71,success,TXN-00001068,2026-08-09 20:09:00
1038,1069,CASH,83821.34,success,TXN-00001069,2026-05-19 11:46:00
1039,1070,BANK_TRANSFER,36031.12,success,TXN-00001070,2026-05-24 21:10:00
1040,1071,UPI,91559.32,success,TXN-00001071,2026-09-02 11:42:00
1041,1072,CARD,187876.15,success,TXN-00001072,2026-08-17 16:38:00
1042,1073,CASH,300299.09,success,TXN-00001073,2026-08-29 17:48:00
1043,1074,CASH,430503.52,success,TXN-00001074,2026-08-13 17:36:00
1044,1075,CARD,410109.35,success,TXN-00001075,2026-08-28 15:31:00
1045,1076,BANK_TRANSFER,35732.59,success,TXN-00001076,2026-05-14 11:17:00
1046,1077,CARD,123712.71,success,TXN-00001077,2026-04-01 14:18:00
1047,1078,BANK_TRANSFER,112287.11,success,TXN-00001078,2026-04-22 18:17:00
1048,1079,BANK_TRANSFER,345331.54,success,TXN-00001079,2026-04-02 20:30:00
1049,1080,CARD,321172.29,success,TXN-00001080,2026-05-26 21:01:00
1050,1081,BANK_TRANSFER,129186.74,success,TXN-00001081,2026-05-21 15:17:00
1051,1082,CASH,189380.86,success,TXN-00001082,2026-04-26 15:38:00
1052,1083,BANK_TRANSFER,230908.94,success,TXN-00001083,2026-09-25 12:51:00
1053,1084,CASH,136592.88,success,TXN-00001084,2026-09-05 18:21:00
1054,1086,CARD,32173.11,success,TXN-00001086,2026-06-15 17:40:00
1055,1087,CARD,249108.96,success,TXN-00001087,2026-09-15 09:16:00
1056,1088,BANK_TRANSFER,207876.35,success,TXN-00001088,2026-09-20 15:27:00
1057,1089,UPI,250926.16,success,TXN-00001089,2026-07-25 20:06:00
1058,1090,BANK_TRANSFER,326149.22,success,TXN-00001090,2026-07-05 17:48:00
1059,1091,BANK_TRANSFER,177907.48,success,TXN-00001091,2026-07-15 15:24:00
1060,1092,BANK_TRANSFER,68059.54,success,TXN-00001092,2026-07-13 17:13:00
1061,1093,BANK_TRANSFER,310798.79,success,TXN-00001093,2026-04-21 18:14:00
1062,1094,UPI,28088.6,success,TXN-00001094,2026-09-11 15:17:00
1063,1095,BANK_TRANSFER,53079.86,success,TXN-00001095,2026-09-13 17:40:00
1064,1096,UPI,93581.07,success,TXN-00001096,2026-04-16 10:47:00
1065,1097,CASH,186419.42,success,TXN-00001097,2026-05-01 17:29:00
1066,1098,CARD,25205.57,success,TXN-00001098,2026-08-29 13:21:00
1067,1099,CASH,234301.72,success,TXN-00001099,2026-06-12 15:11:00
1068,1100,UPI,29937.06,success,TXN-00001100,2026-05-08 20:56:00
1069,1101,UPI,202066.39,success,TXN-00001101,2026-05-27 19:18:00
1070,1102,UPI,89895.55,success,TXN-00001102,2026-07-24 09:22:00
1071,1103,CASH,184736.99,success,TXN-00001103,2026-08-14 11:57:00
1072,1104,UPI,344383.74,success,TXN-00001104,2026-06-10 10:21:00
1073,1105,CASH,2577.41,success,TXN-00001105,2026-09-07 10:38:00
1074,1106,UPI,290789.1,success,TXN-00001106,2026-08-31 16:04:00
1075,1107,CASH,105591.27,success,TXN-00001107,2026-05-12 20:15:00
1076,1108,CASH,396467.61,success,TXN-00001108,2026-09-28 09:32:00
1077,1109,CARD,511.85,success,TXN-00001109,2026-07-04 13:47:00
1078,1110,BANK_TRANSFER,95576.92,success,TXN-00001110,2026-06-03 17:33:00
1079,1111,BANK_TRANSFER,235006.23,success,TXN-00001111,2026-07-05 18:33:00
1080,1112,BANK_TRANSFER,213592.55,success,TXN-00001112,2026-07-26 19:00:00
1081,1113,CARD,206495.89,success,TXN-00001113,2026-05-18 15:23:00
1082,1114,BANK_TRANSFER,12993.77,success,TXN-00001114,2026-05-03 15:30:00
1083,1115,UPI,104663.53,success,TXN-00001115,2026-09-05 21:15:00
1084,1116,BANK_TRANSFER,209413.94,success,TXN-00001116,2026-06-16 10:22:00
1085,1117,CASH,102213.27,success,TXN-00001117,2026-05-11 21:17:00
1086,1118,UPI,289943.91,success,TXN-00001118,2026-08-03 15:42:00
1087,1119,CARD,324913.64,success,TXN-00001119,2026-04-26 17:43:00
1088,1120,UPI,213922.39,success,TXN-00001120,2026-07-13 10:16:00
1089,1121,CASH,329155.47,success,TXN-00001121,2026-07-17 10:57:00
1090,1122,UPI,198803.32,success,TXN-00001122,2026-09-03 10:12:00
1091,1123,CARD,325584.4,success,TXN-00001123,2026-04-20 18:13:00
1092,1124,BANK_TRANSFER,86172.96,success,TXN-00001124,2026-06-30 17:22:00
1093,1125,CASH,361256.38,success,TXN-00001125,2026-09-18 11:02:00
1094,1126,BANK_TRANSFER,183828.5,success,TXN-00001126,2026-06-03 19:21:00
1095,1127,CASH,180048.13,success,TXN-00001127,2026-07-23 17:37:00
1096,1128,CARD,120738.01,success,TXN-00001128,2026-07-21 20:58:00
1097,1129,CASH,93952.69,success,TXN-00001129,2026-04-06 18:26:00
1098,1130,UPI,191852.31,success,TXN-00001130,2026-05-22 20:05:00
1099,1132,UPI,221815.51,success,TXN-00001132,2026-06-20 12:53:00
1100,1133,CARD,265951.92,success,TXN-00001133,2026-04-19 18:47:00
1101,1134,UPI,47564.14,success,TXN-00001134,2026-04-01 14:19:00
1102,1135,BANK_TRANSFER,155340.06,success,TXN-00001135,2026-08-21 16:08:00
1103,1136,CARD,171793.43,success,TXN-00001136,2026-04-12 12:07:00
1104,1137,UPI,310975.7,success,TXN-00001137,2026-05-05 09:57:00
1105,1138,CASH,426395.45,success,TXN-00001138,2026-04-13 19:08:00
1106,1139,CARD,501812.56,success,TXN-00001139,2026-08-10 10:27:00
1107,1140,BANK_TRANSFER,14803.24,success,TXN-00001140,2026-08-05 18:35:00
1108,1141,UPI,332682.16,success,TXN-00001141,2026-08-17 15:13:00
1109,1142,UPI,108530.65,success,TXN-00001142,2026-07-22 12:55:00
1110,1143,UPI,31423.92,success,TXN-00001143,2026-04-16 14:31:00
1111,1144,BANK_TRANSFER,204413.13,success,TXN-00001144,2026-07-03 12:20:00
1112,1145,CARD,314304.47,success,TXN-00001145,2026-05-25 15:29:00
1113,1146,BANK_TRANSFER,50252.59,success,TXN-00001146,2026-04-23 17:24:00
1114,1147,BANK_TRANSFER,269808.9,success,TXN-00001147,2026-05-07 20:58:00
1115,1148,CARD,104046.41,success,TXN-00001148,2026-05-13 16:52:00
1116,1149,CARD,112847.42,success,TXN-00001149,2026-04-25 14:01:00
1117,1150,BANK_TRANSFER,78981.12,success,TXN-00001150,2026-05-25 13:42:00
1118,1151,UPI,239692.34,success,TXN-00001151,2026-06-08 20:28:00
1119,1152,CARD,222001.39,success,TXN-00001152,2026-04-08 09:48:00
1120,1153,CASH,314494.92,success,TXN-00001153,2026-07-11 16:05:00
1121,1154,UPI,67958.67,success,TXN-00001154,2026-09-09 13:10:00
1122,1155,UPI,337787.2,success,TXN-00001155,2026-09-20 20:03:00
1123,1156,BANK_TRANSFER,85451.72,success,TXN-00001156,2026-08-09 19:46:00
1124,1157,CARD,169012.42,success,TXN-00001157,2026-09-01 10:35:00
1125,1158,BANK_TRANSFER,348780.25,success,TXN-00001158,2026-05-04 10:24:00
1126,1159,CARD,209240.46,success,TXN-00001159,2026-05-20 19:03:00
1127,1160,CASH,180245.2,success,TXN-00001160,2026-08-13 19:47:00
1128,1161,CARD,236427.93,success,TXN-00001161,2026-08-26 18:35:00
1129,1162,UPI,44453.4,success,TXN-00001162,2026-05-22 16:04:00
1130,1163,BANK_TRANSFER,108654.39,success,TXN-00001163,2026-04-26 15:31:00
1131,1164,CASH,77999.76,success,TXN-00001164,2026-08-05 14:23:00
1132,1165,CARD,88781.65,success,TXN-00001165,2026-09-22 09:28:00
1133,1166,BANK_TRANSFER,546701.77,success,TXN-00001166,2026-04-18 17:38:00
1134,1167,CARD,152130.1,success,TXN-00001167,2026-04-12 18:20:00
1135,1168,CASH,235878.15,success,TXN-00001168,2026-04-18 12:30:00
1136,1169,BANK_TRANSFER,83395.25,success,TXN-00001169,2026-04-04 13:30:00
1137,1171,CARD,69388.25,success,TXN-00001171,2026-09-05 13:28:00
1138,1172,CASH,233241.05,success,TXN-00001172,2026-04-05 16:32:00
1139,1173,CASH,328899.59,success,TXN-00001173,2026-06-19 10:36:00
1140,1174,CASH,314507.08,success,TXN-00001174,2026-06-02 19:55:00
1141,1175,CASH,160216.16,success,TXN-00001175,2026-08-02 14:24:00
1142,1176,BANK_TRANSFER,164753.54,success,TXN-00001176,2026-07-02 14:40:00
1143,1177,UPI,448699.66,success,TXN-00001177,2026-05-14 12:51:00
1144,1178,BANK_TRANSFER,224055.5,success,TXN-00001178,2026-06-20 14:18:00
1145,1179,UPI,180960.22,success,TXN-00001179,2026-06-07 17:53:00
1146,1180,UPI,399670.09,success,TXN-00001180,2026-08-18 10:37:00
1147,1181,CASH,399610.72,success,TXN-00001181,2026-08-29 11:16:00
1148,1182,CARD,389373.45,success,TXN-00001182,2026-07-27 18:06:00
1149,1183,CASH,92258.12,success,TXN-00001183,2026-06-24 14:45:00
1150,1184,CARD,201668.22,success,TXN-00001184,2026-09-02 20:00:00
1151,1186,UPI,46210.23,success,TXN-00001186,2026-07-12 17:52:00
1152,1187,CARD,509822.11,success,TXN-00001187,2026-07-25 18:55:00
1153,1188,BANK_TRANSFER,283376.99,success,TXN-00001188,2026-06-16 09:27:00
1154,1189,BANK_TRANSFER,262301.1,success,TXN-00001189,2026-07-22 12:34:00
1155,1190,BANK_TRANSFER,32808.34,success,TXN-00001190,2026-06-28 20:10:00
1156,1191,BANK_TRANSFER,331932.94,success,TXN-00001191,2026-05-02 15:06:00
1157,1192,BANK_TRANSFER,283919.54,success,TXN-00001192,2026-06-13 10:40:00
1158,1193,UPI,51205.69,success,TXN-00001193,2026-05-03 19:17:00
1159,1194,CARD,141695.47,success,TXN-00001194,2026-09-10 15:13:00
1160,1195,CARD,164146.93,success,TXN-00001195,2026-05-02 18:52:00
1161,1197,CARD,432367.09,success,TXN-00001197,2026-07-17 16:47:00
1162,1198,CARD,245216.41,success,TXN-00001198,2026-06-17 16:11:00
1163,1199,UPI,314273.95,success,TXN-00001199,2026-08-28 14:57:00
1164,1200,CARD,17024.2,success,TXN-00001200,2026-05-26 17:47:00
1165,1201,UPI,303003.62,success,TXN-00001201,2026-09-22 14:08:00
1166,1202,BANK_TRANSFER,22874.37,success,TXN-00001202,2026-05-21 11:41:00
1167,1203,CASH,298433.94,success,TXN-00001203,2026-05-05 20:17:00
1168,1204,CARD,54537.49,success,TXN-00001204,2026-09-26 17:44:00
1169,1205,BANK_TRANSFER,31079.56,success,TXN-00001205,2026-09-09 11:12:00
1170,1206,CARD,141000.81,success,TXN-00001206,2026-06-17 11:22:00
1171,1207,CASH,145548.64,success,TXN-00001207,2026-05-18 12:33:00
1172,1208,CARD,23400.17,success,TXN-00001208,2026-04-25 10:19:00
1173,1209,UPI,294032.23,success,TXN-00001209,2026-06-03 13:22:00
1174,1210,CARD,239816.68,success,TXN-00001210,2026-05-24 13:40:00
1175,1211,UPI,220230.48,success,TXN-00001211,2026-07-15 19:24:00
1176,1212,BANK_TRANSFER,115545.35,success,TXN-00001212,2026-05-20 13:32:00
1177,1214,CARD,14106.39,success,TXN-00001214,2026-06-25 19:06:00
1178,1215,CARD,14071.49,success,TXN-00001215,2026-07-16 15:32:00
1179,1216,CASH,380032.06,success,TXN-00001216,2026-06-13 17:13:00
1180,1217,CARD,414525.78,success,TXN-00001217,2026-05-22 20:59:00
1181,1218,UPI,74705.07,success,TXN-00001218,2026-09-16 13:40:00
1182,1219,CARD,64342.25,success,TXN-00001219,2026-05-28 19:55:00
1183,1220,UPI,136638.41,success,TXN-00001220,2026-06-02 09:40:00
1184,1221,CARD,52281.06,success,TXN-00001221,2026-08-02 18:01:00
1185,1222,CASH,137823.45,success,TXN-00001222,2026-07-11 13:02:00
1186,1223,BANK_TRANSFER,185079.16,success,TXN-00001223,2026-05-19 18:29:00
1187,1224,UPI,100709.62,success,TXN-00001224,2026-07-27 10:43:00
1188,1225,UPI,403185.59,success,TXN-00001225,2026-09-02 14:13:00
1189,1226,CASH,92487.46,success,TXN-00001226,2026-04-16 11:16:00
1190,1227,CARD,142685.01,success,TXN-00001227,2026-08-14 18:02:00
1191,1228,UPI,150909.34,success,TXN-00001228,2026-08-20 14:12:00
1192,1229,UPI,159810.75,success,TXN-00001229,2026-08-18 15:29:00
1193,1230,CASH,130914.79,success,TXN-00001230,2026-05-05 20:17:00
1194,1231,CASH,300816.95,success,TXN-00001231,2026-09-26 11:09:00
1195,1232,CASH,89104.97,success,TXN-00001232,2026-08-26 13:17:00
1196,1234,CASH,41579.26,success,TXN-00001234,2026-06-19 10:17:00
1197,1235,CARD,381156.04,success,TXN-00001235,2026-07-09 18:46:00
1198,1236,CASH,164325.5,success,TXN-00001236,2026-04-23 16:13:00
1199,1237,CASH,382482.56,success,TXN-00001237,2026-07-06 18:07:00
1200,1238,UPI,230587.78,success,TXN-00001238,2026-08-16 11:18:00
1201,1239,CARD,280709.84,success,TXN-00001239,2026-05-10 17:24:00
1202,1240,BANK_TRANSFER,30902.36,success,TXN-00001240,2026-06-03 15:12:00
1203,1241,CASH,59021.67,success,TXN-00001241,2026-09-12 17:53:00
1204,1242,CASH,41326.54,success,TXN-00001242,2026-07-28 17:19:00
1205,1243,UPI,31963.21,success,TXN-00001243,2026-06-24 12:49:00
1206,1244,UPI,224415.45,success,TXN-00001244,2026-08-21 16:13:00
1207,1245,UPI,167476.44,success,TXN-00001245,2026-08-28 10:53:00
1208,1246,BANK_TRANSFER,148852.83,success,TXN-00001246,2026-06-28 17:09:00
1209,1247,BANK_TRANSFER,289401.42,success,TXN-00001247,2026-05-10 17:52:00
1210,1248,CARD,144927.12,success,TXN-00001248,2026-09-17 17:25:00
1211,1249,UPI,236370.25,success,TXN-00001249,2026-06-08 13:38:00
1212,1250,UPI,253745.36,success,TXN-00001250,2026-05-03 13:20:00
1213,1251,CASH,45362.42,success,TXN-00001251,2026-07-06 09:22:00
1214,1252,CASH,243893.26,success,TXN-00001252,2026-04-22 14:46:00
1215,1253,UPI,80860.1,success,TXN-00001253,2026-05-04 09:31:00
1216,1254,CARD,73370.85,success,TXN-00001254,2026-07-13 15:42:00
1217,1255,CARD,102464.68,success,TXN-00001255,2026-04-12 13:50:00
1218,1256,CASH,38967.16,success,TXN-00001256,2026-09-02 09:14:00
1219,1257,CARD,141010.48,success,TXN-00001257,2026-05-18 14:32:00
1220,1258,UPI,162287.46,success,TXN-00001258,2026-06-28 21:01:00
1221,1259,UPI,149237.26,success,TXN-00001259,2026-07-22 20:48:00
1222,1260,CASH,336990.68,success,TXN-00001260,2026-08-06 15:42:00
1223,1261,UPI,172593.74,success,TXN-00001261,2026-09-17 11:09:00
1224,1262,BANK_TRANSFER,251748.02,success,TXN-00001262,2026-05-06 16:19:00
1225,1263,BANK_TRANSFER,36681.49,success,TXN-00001263,2026-08-16 19:11:00
1226,1264,CARD,104009.34,success,TXN-00001264,2026-08-01 18:15:00
1227,1265,CARD,357231.33,success,TXN-00001265,2026-04-25 11:17:00
1228,1266,BANK_TRANSFER,85608.14,success,TXN-00001266,2026-05-07 16:25:00
1229,1267,CARD,68277.78,success,TXN-00001267,2026-06-15 18:38:00
1230,1268,BANK_TRANSFER,158055.04,success,TXN-00001268,2026-05-04 18:55:00
1231,1269,UPI,159981.75,success,TXN-00001269,2026-08-31 12:57:00
1232,1270,BANK_TRANSFER,76413.13,success,TXN-00001270,2026-04-02 11:33:00
1233,1271,CARD,313461.76,success,TXN-00001271,2026-05-06 14:30:00
1234,1272,CARD,361823.69,success,TXN-00001272,2026-04-17 21:28:00
1235,1273,CARD,281783.58,success,TXN-00001273,2026-04-13 21:06:00
1236,1274,BANK_TRANSFER,178050.9,success,TXN-00001274,2026-09-11 11:13:00
1237,1275,CASH,80007.1,success,TXN-00001275,2026-08-22 15:00:00
1238,1276,UPI,80114.96,success,TXN-00001276,2026-06-24 13:43:00
1239,1277,CARD,265215.12,success,TXN-00001277,2026-08-13 20:59:00
1240,1278,UPI,224974.71,success,TXN-00001278,2026-09-10 19:10:00
1241,1279,CARD,76385.13,success,TXN-00001279,2026-06-12 16:23:00
1242,1280,UPI,329167.65,success,TXN-00001280,2026-04-28 14:49:00
1243,1281,BANK_TRANSFER,107935.13,success,TXN-00001281,2026-04-08 14:57:00
1244,1282,CASH,502705.33,success,TXN-00001282,2026-07-03 12:45:00
1245,1283,BANK_TRANSFER,63959.79,success,TXN-00001283,2026-08-03 19:01:00
1246,1284,CASH,26039.91,success,TXN-00001284,2026-08-30 18:01:00
1247,1285,UPI,367252.18,success,TXN-00001285,2026-06-01 09:55:00
1248,1286,CASH,182430.84,success,TXN-00001286,2026-06-21 11:49:00
1249,1287,BANK_TRANSFER,78263.97,success,TXN-00001287,2026-06-14 16:29:00
1250,1288,CASH,586998.93,success,TXN-00001288,2026-05-01 20:02:00
1251,1289,BANK_TRANSFER,258526.53,success,TXN-00001289,2026-09-05 20:43:00
1252,1290,UPI,157410.2,success,TXN-00001290,2026-04-23 18:15:00
1253,1291,CARD,15598.74,success,TXN-00001291,2026-06-24 10:01:00
1254,1292,CARD,234629.39,success,TXN-00001292,2026-04-09 11:33:00
1255,1293,BANK_TRANSFER,187628.8,success,TXN-00001293,2026-08-07 20:34:00
1256,1294,CARD,23661.6,success,TXN-00001294,2026-06-01 11:11:00
1257,1295,UPI,158723.66,success,TXN-00001295,2026-08-30 11:57:00
1258,1296,CARD,82701.13,success,TXN-00001296,2026-06-26 13:21:00
1259,1297,CASH,290143.51,success,TXN-00001297,2026-09-15 12:52:00
1260,1298,CASH,188202.37,success,TXN-00001298,2026-08-13 19:37:00
1261,1299,CASH,295125.0,success,TXN-00001299,2026-07-18 10:40:00
1262,1300,CARD,91362.15,success,TXN-00001300,2026-07-27 09:56:00
1263,1301,UPI,236831.33,success,TXN-00001301,2026-05-22 18:41:00
1264,1302,BANK_TRANSFER,279754.32,success,TXN-00001302,2026-09-24 11:01:00
1265,1303,BANK_TRANSFER,40531.03,success,TXN-00001303,2026-07-12 11:58:00
1266,1304,UPI,92806.66,success,TXN-00001304,2026-07-11 14:15:00
1267,1305,CASH,150352.23,success,TXN-00001305,2026-08-01 16:53:00
1268,1306,CARD,33024.03,success,TXN-00001306,2026-04-08 11:17:00
1269,1307,CASH,159934.59,success,TXN-00001307,2026-04-24 17:54:00
1270,1308,BANK_TRANSFER,253408.45,success,TXN-00001308,2026-08-04 15:07:00
1271,1309,CARD,69636.85,success,TXN-00001309,2026-05-14 19:16:00
1272,1310,CASH,382155.94,success,TXN-00001310,2026-05-24 11:03:00
1273,1311,CASH,73640.36,success,TXN-00001311,2026-06-01 17:19:00
1274,1313,CARD,116733.77,success,TXN-00001313,2026-08-10 13:10:00
1275,1314,CASH,265902.07,success,TXN-00001314,2026-07-21 16:01:00
1276,1315,CASH,116166.63,success,TXN-00001315,2026-09-04 17:24:00
1277,1316,CASH,265730.14,success,TXN-00001316,2026-04-09 18:20:00
1278,1317,UPI,205140.75,success,TXN-00001317,2026-08-22 09:14:00
1279,1318,CASH,80339.64,success,TXN-00001318,2026-04-17 12:17:00
1280,1319,CARD,109275.03,success,TXN-00001319,2026-05-13 15:48:00
1281,1320,UPI,512851.76,success,TXN-00001320,2026-04-14 17:42:00
1282,1321,BANK_TRANSFER,99580.98,success,TXN-00001321,2026-04-21 16:48:00
1283,1322,UPI,251631.23,success,TXN-00001322,2026-07-26 12:21:00
1284,1323,UPI,381895.21,success,TXN-00001323,2026-06-05 17:21:00
1285,1324,UPI,161398.39,success,TXN-00001324,2026-06-25 09:51:00
1286,1325,CARD,183422.07,success,TXN-00001325,2026-05-29 18:24:00
1287,1326,CASH,150083.46,success,TXN-00001326,2026-06-05 11:51:00
1288,1327,UPI,141977.92,success,TXN-00001327,2026-04-22 18:16:00
1289,1328,UPI,38452.87,success,TXN-00001328,2026-05-01 20:03:00
1290,1329,CARD,289931.86,success,TXN-00001329,2026-06-26 11:02:00
1291,1330,BANK_TRANSFER,321116.78,success,TXN-00001330,2026-08-24 11:06:00
1292,1331,BANK_TRANSFER,283807.68,success,TXN-00001331,2026-06-14 15:12:00
1293,1332,CASH,349867.78,success,TXN-00001332,2026-05-25 20:20:00
1294,1333,CARD,220830.5,success,TXN-00001333,2026-07-14 19:59:00
1295,1334,CARD,56229.68,success,TXN-00001334,2026-06-20 10:33:00
1296,1335,UPI,293176.26,success,TXN-00001335,2026-05-31 11:17:00
1297,1336,UPI,57686.29,success,TXN-00001336,2026-08-03 15:46:00
1298,1337,CASH,283719.62,success,TXN-00001337,2026-07-21 12:29:00
1299,1338,BANK_TRANSFER,303687.9,success,TXN-00001338,2026-09-03 16:34:00
1300,1339,BANK_TRANSFER,56582.96,success,TXN-00001339,2026-08-28 14:43:00
1301,1340,CASH,122257.68,success,TXN-00001340,2026-07-03 16:23:00
1302,1341,CASH,230857.6,success,TXN-00001341,2026-08-05 15:19:00
1303,1342,CARD,58556.83,success,TXN-00001342,2026-06-15 17:43:00
1304,1343,CARD,115436.31,success,TXN-00001343,2026-04-07 13:25:00
1305,1344,UPI,187965.21,success,TXN-00001344,2026-05-27 16:56:00
1306,1345,BANK_TRANSFER,172249.68,success,TXN-00001345,2026-04-17 10:02:00
1307,1346,CASH,123334.96,success,TXN-00001346,2026-04-23 17:26:00
1308,1347,BANK_TRANSFER,108545.17,success,TXN-00001347,2026-09-01 09:46:00
1309,1348,BANK_TRANSFER,416621.38,success,TXN-00001348,2026-08-11 20:18:00
1310,1350,CARD,53957.23,success,TXN-00001350,2026-05-24 20:18:00
1311,1351,UPI,274761.88,success,TXN-00001351,2026-05-27 20:20:00
1312,1352,UPI,256826.75,success,TXN-00001352,2026-07-01 20:23:00
1313,1353,UPI,127221.64,success,TXN-00001353,2026-05-26 19:07:00
1314,1354,UPI,198252.84,success,TXN-00001354,2026-08-21 10:44:00
1315,1355,UPI,152671.38,success,TXN-00001355,2026-08-25 18:36:00
1316,1356,CARD,329399.79,success,TXN-00001356,2026-07-30 18:48:00
1317,1357,CARD,204779.5,success,TXN-00001357,2026-09-10 12:28:00
1318,1358,CASH,221628.06,success,TXN-00001358,2026-07-19 16:05:00
1319,1359,UPI,52256.76,success,TXN-00001359,2026-04-16 16:04:00
1320,1360,UPI,226858.8,success,TXN-00001360,2026-05-14 14:10:00
1321,1361,CASH,202165.54,success,TXN-00001361,2026-04-17 14:36:00
1322,1362,CARD,299088.47,success,TXN-00001362,2026-06-23 10:45:00
1323,1363,CARD,348296.13,success,TXN-00001363,2026-07-07 20:44:00
1324,1364,BANK_TRANSFER,257020.69,success,TXN-00001364,2026-06-18 11:24:00
1325,1365,BANK_TRANSFER,87782.57,success,TXN-00001365,2026-08-11 17:52:00
1326,1366,BANK_TRANSFER,91092.1,success,TXN-00001366,2026-04-10 17:36:00
1327,1367,BANK_TRANSFER,285485.27,success,TXN-00001367,2026-04-06 19:05:00
1328,1368,CASH,335628.43,success,TXN-00001368,2026-09-01 11:17:00
1329,1369,BANK_TRANSFER,218242.04,success,TXN-00001369,2026-07-06 17:46:00
1330,1370,CASH,29157.58,success,TXN-00001370,2026-06-06 18:54:00
1331,1371,BANK_TRANSFER,455464.48,success,TXN-00001371,2026-07-10 17:09:00
1332,1372,CASH,219685.31,success,TXN-00001372,2026-09-22 11:39:00
1333,1373,UPI,122901.29,success,TXN-00001373,2026-08-26 12:41:00
1334,1374,CASH,98092.7,success,TXN-00001374,2026-04-15 20:11:00
1335,1375,UPI,204213.98,success,TXN-00001375,2026-06-03 18:05:00
1336,1376,CARD,394038.32,success,TXN-00001376,2026-04-21 11:41:00
1337,1377,CARD,349153.42,success,TXN-00001377,2026-04-14 12:54:00
1338,1378,CARD,177666.84,success,TXN-00001378,2026-09-21 15:27:00
1339,1379,CARD,516077.55,success,TXN-00001379,2026-06-02 15:47:00
1340,1380,BANK_TRANSFER,37635.93,success,TXN-00001380,2026-07-27 14:06:00
1341,1381,CARD,402509.35,success,TXN-00001381,2026-05-09 09:57:00
1342,1382,CASH,85587.44,success,TXN-00001382,2026-04-09 19:58:00
1343,1383,CARD,200379.73,success,TXN-00001383,2026-06-14 20:30:00
1344,1384,UPI,36817.56,success,TXN-00001384,2026-09-22 19:51:00
1345,1385,CASH,250800.25,success,TXN-00001385,2026-06-18 19:05:00
1346,1386,UPI,31912.59,success,TXN-00001386,2026-06-10 15:44:00
1347,1387,CASH,130604.76,success,TXN-00001387,2026-04-01 13:47:00
1348,1388,UPI,130128.89,success,TXN-00001388,2026-05-13 20:25:00
1349,1389,BANK_TRANSFER,136499.42,success,TXN-00001389,2026-06-01 19:02:00
1350,1390,UPI,159663.94,success,TXN-00001390,2026-08-30 10:46:00
1351,1391,BANK_TRANSFER,215351.67,success,TXN-00001391,2026-08-08 16:57:00
1352,1392,BANK_TRANSFER,168076.11,success,TXN-00001392,2026-04-24 13:23:00
1353,1394,CARD,54171.12,success,TXN-00001394,2026-07-02 18:11:00
1354,1397,CASH,318037.7,success,TXN-00001397,2026-05-21 12:15:00
1355,1398,BANK_TRANSFER,36797.56,success,TXN-00001398,2026-08-15 10:54:00
1356,1399,BANK_TRANSFER,337198.13,success,TXN-00001399,2026-06-20 14:49:00
1357,1400,UPI,225731.47,success,TXN-00001400,2026-05-10 09:27:00
1358,1401,CARD,35844.39,success,TXN-00001401,2026-09-18 13:13:00
1359,1402,CARD,159439.5,success,TXN-00001402,2026-09-11 15:15:00
1360,1403,CARD,424039.47,success,TXN-00001403,2026-05-04 17:58:00
1361,1404,BANK_TRANSFER,57086.51,success,TXN-00001404,2026-09-04 14:06:00
1362,1405,BANK_TRANSFER,129269.29,success,TXN-00001405,2026-08-20 09:34:00
1363,1406,CASH,4160.38,success,TXN-00001406,2026-08-27 09:23:00
1364,1407,BANK_TRANSFER,275019.64,success,TXN-00001407,2026-07-09 15:03:00
1365,1408,UPI,41430.77,success,TXN-00001408,2026-05-23 16:11:00
1366,1409,BANK_TRANSFER,57152.08,success,TXN-00001409,2026-05-20 17:53:00
1367,1410,CASH,218706.39,success,TXN-00001410,2026-08-09 09:16:00
1368,1411,CARD,38829.12,success,TXN-00001411,2026-07-27 19:05:00
1369,1412,BANK_TRANSFER,109468.59,success,TXN-00001412,2026-07-14 16:29:00
1370,1413,UPI,186899.23,success,TXN-00001413,2026-08-09 17:50:00
1371,1414,BANK_TRANSFER,83939.71,success,TXN-00001414,2026-06-02 14:29:00
1372,1415,CARD,282100.71,success,TXN-00001415,2026-04-05 18:28:00
1373,1416,CASH,292350.83,success,TXN-00001416,2026-05-22 10:33:00
1374,1417,BANK_TRANSFER,46405.15,success,TXN-00001417,2026-08-13 15:52:00
1375,1418,UPI,358077.22,success,TXN-00001418,2026-09-04 15:52:00
1376,1419,CASH,73384.06,success,TXN-00001419,2026-08-08 11:22:00
1377,1420,UPI,285175.28,success,TXN-00001420,2026-06-11 11:17:00
1378,1421,CARD,110090.61,success,TXN-00001421,2026-06-16 17:12:00
1379,1422,BANK_TRANSFER,255322.14,success,TXN-00001422,2026-08-03 11:15:00
1380,1423,CASH,291074.92,success,TXN-00001423,2026-09-27 11:51:00
1381,1424,BANK_TRANSFER,244183.93,success,TXN-00001424,2026-09-01 20:24:00
1382,1425,CASH,214990.49,success,TXN-00001425,2026-05-06 11:08:00
1383,1426,UPI,87227.79,success,TXN-00001426,2026-08-22 19:09:00
1384,1427,CARD,37704.98,success,TXN-00001427,2026-08-02 14:34:00
1385,1428,BANK_TRANSFER,204349.42,success,TXN-00001428,2026-06-10 18:49:00
1386,1429,CASH,11615.97,success,TXN-00001429,2026-06-21 19:18:00
1387,1430,CARD,167386.04,success,TXN-00001430,2026-07-20 17:40:00
1388,1431,CASH,215038.21,success,TXN-00001431,2026-07-02 18:37:00
1389,1432,CASH,258523.58,success,TXN-00001432,2026-08-16 16:17:00
1390,1433,CASH,202908.39,success,TXN-00001433,2026-07-10 17:37:00
1391,1434,CASH,290300.05,success,TXN-00001434,2026-08-03 15:14:00
1392,1435,CASH,297707.91,success,TXN-00001435,2026-07-29 10:39:00
1393,1436,UPI,260169.05,success,TXN-00001436,2026-08-11 20:35:00
1394,1437,CARD,379173.14,success,TXN-00001437,2026-04-10 15:51:00
1395,1438,UPI,126657.95,success,TXN-00001438,2026-07-12 19:31:00
1396,1439,CARD,92999.67,success,TXN-00001439,2026-05-05 17:54:00
1397,1440,UPI,189356.94,success,TXN-00001440,2026-05-19 10:01:00
1398,1441,CASH,122047.42,success,TXN-00001441,2026-09-28 19:25:00
1399,1442,BANK_TRANSFER,31416.36,success,TXN-00001442,2026-05-10 16:00:00
1400,1443,BANK_TRANSFER,308370.87,success,TXN-00001443,2026-04-18 11:59:00
1401,1444,CASH,154862.95,success,TXN-00001444,2026-09-12 17:49:00
1402,1445,BANK_TRANSFER,101114.9,success,TXN-00001445,2026-07-05 19:59:00
1403,1446,BANK_TRANSFER,48562.72,success,TXN-00001446,2026-06-26 11:20:00
1404,1447,UPI,80790.0,success,TXN-00001447,2026-06-11 16:34:00
1405,1448,CASH,209723.27,success,TXN-00001448,2026-07-23 11:49:00
1406,1449,UPI,305323.96,success,TXN-00001449,2026-08-25 09:42:00
1407,1450,CASH,331304.96,success,TXN-00001450,2026-08-18 17:58:00
1408,1451,BANK_TRANSFER,129690.39,success,TXN-00001451,2026-04-10 15:06:00
1409,1452,UPI,132880.14,success,TXN-00001452,2026-05-04 15:16:00
1410,1453,UPI,309717.14,success,TXN-00001453,2026-07-11 17:14:00
1411,1454,UPI,133049.39,success,TXN-00001454,2026-08-25 21:04:00
1412,1455,CASH,462715.56,success,TXN-00001455,2026-07-04 17:18:00
1413,1456,CASH,91510.65,success,TXN-00001456,2026-04-21 13:20:00
1414,1457,UPI,232244.25,success,TXN-00001457,2026-08-27 10:06:00
1415,1458,BANK_TRANSFER,118159.57,success,TXN-00001458,2026-08-07 16:59:00
1416,1459,BANK_TRANSFER,152829.94,success,TXN-00001459,2026-07-10 13:59:00
1417,1460,BANK_TRANSFER,152501.17,success,TXN-00001460,2026-09-18 16:16:00
1418,1461,BANK_TRANSFER,163216.95,success,TXN-00001461,2026-07-30 12:13:00
1419,1462,CASH,16027.67,success,TXN-00001462,2026-06-27 11:12:00
1420,1463,CASH,263528.41,success,TXN-00001463,2026-04-30 17:32:00
1421,1464,BANK_TRANSFER,15035.9,success,TXN-00001464,2026-08-01 16:06:00
1422,1465,CASH,415507.29,success,TXN-00001465,2026-06-14 19:56:00
1423,1466,CARD,309379.98,success,TXN-00001466,2026-04-03 19:02:00
1424,1467,BANK_TRANSFER,314105.27,success,TXN-00001467,2026-08-11 12:04:00
1425,1468,UPI,90311.84,success,TXN-00001468,2026-07-29 18:25:00
1426,1469,CARD,145525.53,success,TXN-00001469,2026-05-22 11:23:00
1427,1471,CASH,343636.91,success,TXN-00001471,2026-09-04 14:44:00
1428,1472,CASH,41908.97,success,TXN-00001472,2026-08-02 21:03:00
1429,1473,CASH,19277.36,success,TXN-00001473,2026-06-27 12:35:00
1430,1474,CARD,350946.17,success,TXN-00001474,2026-06-03 16:28:00
1431,1475,CASH,132234.71,success,TXN-00001475,2026-05-02 13:14:00
1432,1476,UPI,214009.24,success,TXN-00001476,2026-05-24 19:05:00
1433,1477,UPI,72184.23,success,TXN-00001477,2026-06-16 10:43:00
1434,1478,CARD,120000.03,success,TXN-00001478,2026-04-21 20:26:00
1435,1479,BANK_TRANSFER,179593.09,success,TXN-00001479,2026-08-04 14:33:00
1436,1480,BANK_TRANSFER,88596.1,success,TXN-00001480,2026-09-14 20:10:00
1437,1481,CARD,360142.63,success,TXN-00001481,2026-04-14 13:08:00
1438,1482,UPI,148829.41,success,TXN-00001482,2026-04-13 11:15:00
1439,1484,CARD,62259.03,success,TXN-00001484,2026-09-06 11:40:00
1440,1485,BANK_TRANSFER,119864.27,success,TXN-00001485,2026-05-29 20:12:00
1441,1486,UPI,275449.92,success,TXN-00001486,2026-04-05 16:38:00
1442,1487,CASH,400821.32,success,TXN-00001487,2026-04-18 11:39:00
1443,1488,UPI,99492.32,success,TXN-00001488,2026-09-02 15:44:00
1444,1489,CASH,215136.91,success,TXN-00001489,2026-07-30 19:24:00
1445,1490,CARD,169304.2,success,TXN-00001490,2026-09-25 20:55:00
1446,1491,UPI,140335.67,success,TXN-00001491,2026-06-08 19:28:00
1447,1492,UPI,175391.6,success,TXN-00001492,2026-05-17 15:48:00
1448,1493,BANK_TRANSFER,387375.19,success,TXN-00001493,2026-06-08 12:24:00
1449,1494,CASH,221064.89,success,TXN-00001494,2026-08-31 09:51:00
1450,1495,CASH,508426.49,success,TXN-00001495,2026-09-02 18:10:00
1451,1496,CARD,159814.75,success,TXN-00001496,2026-09-12 12:29:00
1452,1497,CARD,130285.02,success,TXN-00001497,2026-04-05 13:31:00
1453,1498,CARD,37905.64,success,TXN-00001498,2026-08-09 10:59:00
1454,1499,CARD,95252.48,success,TXN-00001499,2026-06-19 11:17:00
1455,1500,CARD,38492.85,success,TXN-00001500,2026-06-01 12:33:00
1456,1501,CASH,158405.89,success,TXN-00001501,2026-04-23 14:33:00
1457,1502,UPI,80454.83,success,TXN-00001502,2026-04-21 18:55:00
1458,1504,UPI,340740.42,success,TXN-00001504,2026-06-25 20:58:00
1459,1505,CARD,3352.84,success,TXN-00001505,2026-07-15 12:05:00
1460,1506,BANK_TRANSFER,3743.02,success,TXN-00001506,2026-04-01 16:44:00
1461,1507,BANK_TRANSFER,32768.85,success,TXN-00001507,2026-07-24 16:57:00
1462,1508,UPI,89823.72,success,TXN-00001508,2026-08-30 09:34:00
1463,1509,UPI,212026.6,success,TXN-00001509,2026-05-09 17:10:00
1464,1510,CARD,87779.55,success,TXN-00001510,2026-08-31 09:35:00
1465,1511,CASH,67124.72,success,TXN-00001511,2026-04-09 09:45:00
1466,1512,BANK_TRANSFER,153095.87,success,TXN-00001512,2026-05-24 14:55:00
1467,1513,BANK_TRANSFER,253791.64,success,TXN-00001513,2026-09-12 13:35:00
1468,1514,UPI,347237.28,success,TXN-00001514,2026-07-05 11:12:00
1469,1515,BANK_TRANSFER,43758.58,success,TXN-00001515,2026-08-29 11:12:00
1470,1516,CASH,320923.99,success,TXN-00001516,2026-07-30 20:48:00
1471,1517,CASH,31865.37,success,TXN-00001517,2026-04-27 11:17:00
1472,1518,BANK_TRANSFER,72228.59,success,TXN-00001518,2026-08-30 09:40:00
1473,1519,CASH,217110.94,success,TXN-00001519,2026-06-19 15:26:00
1474,1520,BANK_TRANSFER,11994.32,success,TXN-00001520,2026-09-25 20:22:00
1475,1521,UPI,348191.04,success,TXN-00001521,2026-05-20 14:18:00
1476,1522,CASH,34707.79,success,TXN-00001522,2026-04-27 11:27:00
1477,1523,UPI,55346.34,success,TXN-00001523,2026-08-08 09:49:00
1478,1524,CASH,214882.27,success,TXN-00001524,2026-05-03 16:43:00
1479,1525,BANK_TRANSFER,283797.15,success,TXN-00001525,2026-05-08 11:54:00
1480,1526,BANK_TRANSFER,11470.46,success,TXN-00001526,2026-05-28 11:14:00
1481,1527,UPI,36213.4,success,TXN-00001527,2026-06-07 11:06:00
1482,1528,UPI,178549.86,success,TXN-00001528,2026-04-27 19:08:00
1483,1529,UPI,132891.86,success,TXN-00001529,2026-08-22 19:16:00
1484,1530,BANK_TRANSFER,84979.92,success,TXN-00001530,2026-08-07 14:41:00
1485,1531,CASH,70204.7,success,TXN-00001531,2026-08-07 16:49:00
1486,1532,CARD,281693.97,success,TXN-00001532,2026-06-23 19:43:00
1487,1533,UPI,317333.89,success,TXN-00001533,2026-05-18 19:37:00
1488,1534,CASH,29026.71,success,TXN-00001534,2026-04-23 20:03:00
1489,1535,CASH,165157.58,success,TXN-00001535,2026-06-22 12:42:00
1490,1536,BANK_TRANSFER,378383.57,success,TXN-00001536,2026-06-16 17:25:00
1491,1537,BANK_TRANSFER,92114.01,success,TXN-00001537,2026-05-27 19:34:00
1492,1538,CASH,249742.52,success,TXN-00001538,2026-04-14 09:29:00
1493,1539,UPI,72996.53,success,TXN-00001539,2026-04-28 17:18:00
1494,1540,BANK_TRANSFER,180750.32,success,TXN-00001540,2026-09-25 18:58:00
1495,1541,CASH,203753.13,success,TXN-00001541,2026-07-26 13:04:00
1496,1542,BANK_TRANSFER,131878.82,success,TXN-00001542,2026-06-24 19:45:00
1497,1543,UPI,277132.75,success,TXN-00001543,2026-04-09 15:13:00
1498,1544,CASH,520051.7,success,TXN-00001544,2026-07-10 21:03:00
1499,1546,UPI,9532.04,success,TXN-00001546,2026-06-22 11:39:00
1500,1547,BANK_TRANSFER,32279.89,success,TXN-00001547,2026-04-29 19:56:00
1501,1548,BANK_TRANSFER,205888.01,success,TXN-00001548,2026-06-04 20:55:00
1502,1549,CASH,127259.04,success,TXN-00001549,2026-05-26 10:14:00
1503,1550,CARD,328237.68,success,TXN-00001550,2026-05-06 11:31:00
1504,1551,CARD,165450.04,success,TXN-00001551,2026-07-15 13:59:00
1505,1552,UPI,80505.33,success,TXN-00001552,2026-07-28 15:40:00
1506,1553,CARD,309442.97,success,TXN-00001553,2026-05-16 14:19:00
1507,1554,UPI,413384.37,success,TXN-00001554,2026-06-05 13:30:00
1508,1555,UPI,95971.8,success,TXN-00001555,2026-04-22 14:26:00
1509,1556,CARD,299866.03,success,TXN-00001556,2026-05-09 09:52:00
1510,1557,CARD,266399.04,success,TXN-00001557,2026-08-16 09:20:00
1511,1558,CARD,470310.81,success,TXN-00001558,2026-04-22 10:16:00
1512,1559,CARD,4206.74,success,TXN-00001559,2026-05-12 12:15:00
1513,1560,CASH,416529.78,success,TXN-00001560,2026-05-13 19:34:00
1514,1561,CARD,109511.55,success,TXN-00001561,2026-04-01 16:26:00
1515,1562,CARD,84737.38,success,TXN-00001562,2026-09-20 10:47:00
1516,1563,UPI,52858.32,success,TXN-00001563,2026-04-24 20:05:00
1517,1564,CARD,184006.24,success,TXN-00001564,2026-05-03 11:35:00
1518,1565,CASH,66553.06,success,TXN-00001565,2026-09-15 17:21:00
1519,1566,BANK_TRANSFER,298962.72,success,TXN-00001566,2026-05-23 18:34:00
1520,1567,UPI,80938.6,success,TXN-00001567,2026-09-21 13:13:00
1521,1568,UPI,98175.23,success,TXN-00001568,2026-06-07 18:33:00
1522,1570,UPI,111320.33,success,TXN-00001570,2026-05-20 10:32:00
1523,1571,CARD,253435.28,success,TXN-00001571,2026-09-13 17:00:00
1524,1572,CARD,316026.44,success,TXN-00001572,2026-04-28 10:20:00
1525,1573,CARD,262030.62,success,TXN-00001573,2026-07-23 13:46:00
1526,1574,UPI,95086.62,success,TXN-00001574,2026-07-03 19:00:00
1527,1575,UPI,300586.39,success,TXN-00001575,2026-08-19 12:14:00
1528,1576,CARD,28267.43,success,TXN-00001576,2026-08-14 18:35:00
1529,1577,UPI,293885.72,success,TXN-00001577,2026-07-07 20:57:00
1530,1578,CARD,4023.28,success,TXN-00001578,2026-08-31 11:36:00
1531,1579,CARD,255065.4,success,TXN-00001579,2026-08-17 18:02:00
1532,1580,UPI,467679.14,success,TXN-00001580,2026-06-02 10:00:00
1533,1581,CASH,210781.14,success,TXN-00001581,2026-07-19 11:32:00
1534,1582,CARD,234549.79,success,TXN-00001582,2026-09-04 17:31:00
1535,1583,CARD,210968.33,success,TXN-00001583,2026-09-25 12:16:00
1536,1585,UPI,140269.65,success,TXN-00001585,2026-05-21 11:36:00
1537,1586,UPI,36444.67,success,TXN-00001586,2026-06-08 16:50:00
1538,1587,CASH,287658.1,success,TXN-00001587,2026-07-04 15:03:00
1539,1588,UPI,88488.17,success,TXN-00001588,2026-07-10 11:16:00
1540,1589,CARD,26617.44,success,TXN-00001589,2026-07-22 20:46:00
1541,1590,UPI,296812.66,success,TXN-00001590,2026-06-15 13:42:00
1542,1591,CASH,134477.48,success,TXN-00001591,2026-08-16 19:13:00
1543,1592,UPI,123437.25,success,TXN-00001592,2026-08-12 11:50:00
1544,1593,CASH,150083.78,success,TXN-00001593,2026-08-23 16:45:00
1545,1594,BANK_TRANSFER,86105.52,success,TXN-00001594,2026-04-15 12:43:00
1546,1595,CARD,104574.13,success,TXN-00001595,2026-05-31 19:56:00
1547,1596,CARD,36310.04,success,TXN-00001596,2026-04-07 16:22:00
1548,1597,BANK_TRANSFER,10766.63,success,TXN-00001597,2026-06-11 11:55:00
1549,1598,UPI,84775.9,success,TXN-00001598,2026-07-12 12:38:00
1550,1599,CASH,290193.96,success,TXN-00001599,2026-09-28 15:53:00
1551,1600,BANK_TRANSFER,361563.22,success,TXN-00001600,2026-07-28 12:58:00
1552,1601,BANK_TRANSFER,339441.48,success,TXN-00001601,2026-07-12 17:05:00
1553,1602,BANK_TRANSFER,8919.74,success,TXN-00001602,2026-07-11 17:45:00
1554,1603,UPI,161881.3,success,TXN-00001603,2026-08-26 15:09:00
1555,1604,UPI,128203.27,success,TXN-00001604,2026-08-21 19:43:00
1556,1605,BANK_TRANSFER,29652.95,success,TXN-00001605,2026-04-06 17:44:00
1557,1606,CASH,27476.17,success,TXN-00001606,2026-04-11 16:37:00
1558,1607,UPI,92891.86,success,TXN-00001607,2026-08-19 18:25:00
1559,1608,CARD,104756.2,success,TXN-00001608,2026-04-28 16:58:00
1560,1609,CASH,97731.64,success,TXN-00001609,2026-04-21 10:04:00
1561,1610,CASH,255852.37,success,TXN-00001610,2026-08-31 20:31:00
1562,1611,BANK_TRANSFER,218123.67,success,TXN-00001611,2026-06-29 20:26:00
1563,1612,BANK_TRANSFER,117864.25,success,TXN-00001612,2026-09-21 15:59:00
1564,1613,CASH,417111.39,success,TXN-00001613,2026-07-02 17:34:00
1565,1614,CASH,271513.4,success,TXN-00001614,2026-04-07 19:05:00
1566,1615,CASH,283247.64,success,TXN-00001615,2026-09-21 16:20:00
1567,1616,BANK_TRANSFER,135695.23,success,TXN-00001616,2026-04-11 11:39:00
1568,1617,UPI,219453.25,success,TXN-00001617,2026-09-04 11:20:00
1569,1618,CARD,155904.5,success,TXN-00001618,2026-07-31 11:19:00
1570,1619,CARD,438191.59,success,TXN-00001619,2026-08-07 18:05:00
1571,1620,CASH,356430.2,success,TXN-00001620,2026-04-01 20:37:00
1572,1621,BANK_TRANSFER,18791.5,success,TXN-00001621,2026-09-19 14:31:00
1573,1622,CARD,262564.76,success,TXN-00001622,2026-04-16 16:09:00
1574,1623,UPI,104382.28,success,TXN-00001623,2026-07-22 19:18:00
1575,1624,CASH,385281.99,success,TXN-00001624,2026-08-18 11:49:00
1576,1625,CASH,270423.42,success,TXN-00001625,2026-08-12 09:16:00
1577,1626,CARD,20489.6,success,TXN-00001626,2026-08-15 13:55:00
1578,1628,UPI,33391.5,success,TXN-00001628,2026-08-02 17:48:00
1579,1629,BANK_TRANSFER,204327.55,success,TXN-00001629,2026-08-08 16:34:00
1580,1630,CASH,128821.1,success,TXN-00001630,2026-07-25 17:04:00
1581,1631,CASH,150231.47,success,TXN-00001631,2026-04-16 11:51:00
1582,1632,UPI,440217.9,success,TXN-00001632,2026-06-26 14:10:00
1583,1633,CARD,291014.76,success,TXN-00001633,2026-06-13 16:02:00
1584,1634,CASH,253595.27,success,TXN-00001634,2026-04-19 20:21:00
1585,1635,CASH,132698.63,success,TXN-00001635,2026-05-11 15:24:00
1586,1636,UPI,125143.56,success,TXN-00001636,2026-04-13 13:23:00
1587,1637,CARD,130997.41,success,TXN-00001637,2026-05-28 12:33:00
1588,1638,CASH,301598.57,success,TXN-00001638,2026-05-04 19:53:00
1589,1639,UPI,187232.22,success,TXN-00001639,2026-06-27 18:51:00
1590,1640,CASH,73993.28,success,TXN-00001640,2026-07-03 14:02:00
1591,1641,CASH,266028.31,success,TXN-00001641,2026-04-16 17:02:00
1592,1642,UPI,263299.61,success,TXN-00001642,2026-09-18 11:56:00
1593,1643,UPI,49812.37,success,TXN-00001643,2026-06-13 10:14:00
1594,1644,CARD,80020.39,success,TXN-00001644,2026-09-16 11:51:00
1595,1645,BANK_TRANSFER,104707.55,success,TXN-00001645,2026-07-14 09:23:00
1596,1646,CARD,37374.97,success,TXN-00001646,2026-08-05 12:35:00
1597,1647,CARD,174371.68,success,TXN-00001647,2026-04-24 13:41:00
1598,1650,BANK_TRANSFER,443535.63,success,TXN-00001650,2026-07-04 15:06:00
1599,1651,UPI,49005.8,success,TXN-00001651,2026-07-06 20:16:00
1600,1652,BANK_TRANSFER,185596.83,success,TXN-00001652,2026-09-24 17:07:00
1601,1653,BANK_TRANSFER,106913.33,success,TXN-00001653,2026-06-28 18:40:00
1602,1654,UPI,20030.67,success,TXN-00001654,2026-09-22 14:42:00
1603,1655,CARD,266581.6,success,TXN-00001655,2026-06-03 11:28:00
1604,1656,CASH,125629.93,success,TXN-00001656,2026-08-26 16:35:00
1605,1657,CASH,144041.35,success,TXN-00001657,2026-04-29 12:56:00
1606,1658,UPI,197648.57,success,TXN-00001658,2026-08-05 17:37:00
1607,1659,UPI,283603.1,success,TXN-00001659,2026-06-05 16:38:00
1608,1660,BANK_TRANSFER,273124.35,success,TXN-00001660,2026-05-14 18:34:00
1609,1661,CARD,344644.91,success,TXN-00001661,2026-06-19 20:26:00
1610,1662,CARD,203665.98,success,TXN-00001662,2026-06-26 20:56:00
1611,1663,UPI,275132.52,success,TXN-00001663,2026-04-07 12:46:00
1612,1664,CASH,182508.97,success,TXN-00001664,2026-07-15 19:30:00
1613,1665,BANK_TRANSFER,131323.86,success,TXN-00001665,2026-07-23 20:56:00
1614,1666,CASH,255085.92,success,TXN-00001666,2026-04-08 20:56:00
1615,1667,CASH,174762.07,success,TXN-00001667,2026-07-31 16:25:00
1616,1668,CARD,168805.75,success,TXN-00001668,2026-05-02 14:18:00
1617,1669,CASH,274848.21,success,TXN-00001669,2026-09-26 20:45:00
1618,1670,UPI,227082.96,success,TXN-00001670,2026-06-20 19:12:00
1619,1671,CARD,268155.52,success,TXN-00001671,2026-09-15 14:39:00
1620,1672,UPI,234508.96,success,TXN-00001672,2026-08-17 13:02:00
1621,1673,UPI,166336.76,success,TXN-00001673,2026-05-06 16:23:00
1622,1674,UPI,309947.64,success,TXN-00001674,2026-04-10 20:00:00
1623,1675,BANK_TRANSFER,120494.45,success,TXN-00001675,2026-08-26 16:47:00
1624,1676,UPI,280697.33,success,TXN-00001676,2026-09-20 20:49:00
1625,1677,UPI,160168.49,success,TXN-00001677,2026-08-02 18:42:00
1626,1678,UPI,301830.23,success,TXN-00001678,2026-05-23 17:28:00
1627,1679,CARD,249202.71,success,TXN-00001679,2026-08-12 09:55:00
1628,1680,BANK_TRANSFER,547040.6,success,TXN-00001680,2026-06-17 17:41:00
1629,1681,CARD,322795.13,success,TXN-00001681,2026-09-01 17:23:00
1630,1682,CASH,109161.11,success,TXN-00001682,2026-05-26 12:19:00
1631,1683,CARD,476192.78,success,TXN-00001683,2026-06-25 10:40:00
1632,1684,CARD,220699.63,success,TXN-00001684,2026-05-05 16:42:00
1633,1685,CASH,62004.92,success,TXN-00001685,2026-09-20 11:16:00
1634,1686,UPI,226806.09,success,TXN-00001686,2026-04-09 12:52:00
1635,1687,CASH,15121.9,success,TXN-00001687,2026-08-19 20:24:00
1636,1688,CARD,335621.61,success,TXN-00001688,2026-07-17 18:57:00
1637,1689,CARD,203434.21,success,TXN-00001689,2026-06-14 09:29:00
1638,1690,BANK_TRANSFER,237073.76,success,TXN-00001690,2026-08-25 09:26:00
1639,1691,BANK_TRANSFER,184764.46,success,TXN-00001691,2026-09-23 20:22:00
1640,1692,BANK_TRANSFER,127276.71,success,TXN-00001692,2026-08-05 15:38:00
1641,1693,BANK_TRANSFER,85684.79,success,TXN-00001693,2026-09-05 11:09:00
1642,1694,CASH,434997.55,success,TXN-00001694,2026-06-23 14:47:00
1643,1695,CARD,131055.87,success,TXN-00001695,2026-07-21 20:05:00
1644,1696,CARD,209487.62,success,TXN-00001696,2026-09-19 15:20:00
1645,1699,CASH,118826.21,success,TXN-00001699,2026-05-21 16:15:00
1646,1700,BANK_TRANSFER,419384.51,success,TXN-00001700,2026-05-30 17:43:00
1647,1701,CARD,348551.89,success,TXN-00001701,2026-06-10 13:00:00
1648,1702,CASH,68867.85,success,TXN-00001702,2026-07-10 18:46:00
1649,1703,CASH,224014.73,success,TXN-00001703,2026-04-27 19:41:00
1650,1704,UPI,123441.83,success,TXN-00001704,2026-07-13 13:53:00
1651,1705,BANK_TRANSFER,138548.17,success,TXN-00001705,2026-06-20 14:58:00
1652,1706,UPI,158003.8,success,TXN-00001706,2026-05-28 17:49:00
1653,1707,CASH,127053.93,success,TXN-00001707,2026-06-15 14:56:00
1654,1708,CARD,376095.67,success,TXN-00001708,2026-08-26 11:05:00
1655,1709,CASH,201049.27,success,TXN-00001709,2026-08-04 20:08:00
1656,1710,CARD,149493.36,success,TXN-00001710,2026-09-21 11:28:00
1657,1711,BANK_TRANSFER,146840.18,success,TXN-00001711,2026-04-09 19:36:00
1658,1712,CARD,22644.25,success,TXN-00001712,2026-05-01 17:55:00
1659,1713,CASH,159318.02,success,TXN-00001713,2026-04-16 11:40:00
1660,1714,UPI,223550.4,success,TXN-00001714,2026-04-06 19:12:00
1661,1715,UPI,117271.36,success,TXN-00001715,2026-08-11 10:34:00
1662,1716,UPI,244952.05,success,TXN-00001716,2026-07-18 18:34:00
1663,1717,CASH,292646.03,success,TXN-00001717,2026-06-27 15:47:00
1664,1718,CASH,151644.54,success,TXN-00001718,2026-09-14 17:14:00
1665,1719,CARD,239729.05,success,TXN-00001719,2026-07-30 14:08:00
1666,1720,CASH,471028.59,success,TXN-00001720,2026-04-03 12:46:00
1667,1721,CASH,152044.5,success,TXN-00001721,2026-04-23 20:33:00
1668,1722,CARD,73138.69,success,TXN-00001722,2026-07-09 10:39:00
1669,1723,UPI,125655.32,success,TXN-00001723,2026-05-01 17:18:00
1670,1724,BANK_TRANSFER,156283.04,success,TXN-00001724,2026-05-08 18:34:00
1671,1725,CARD,235858.84,success,TXN-00001725,2026-05-21 19:56:00
1672,1726,BANK_TRANSFER,488493.5,success,TXN-00001726,2026-08-23 20:23:00
1673,1727,BANK_TRANSFER,185649.97,success,TXN-00001727,2026-08-08 16:55:00
1674,1728,CARD,72140.85,success,TXN-00001728,2026-06-15 20:29:00
1675,1729,BANK_TRANSFER,246342.17,success,TXN-00001729,2026-06-03 13:51:00
1676,1730,BANK_TRANSFER,353210.86,success,TXN-00001730,2026-05-03 17:52:00
1677,1731,UPI,284325.03,success,TXN-00001731,2026-07-05 20:09:00
1678,1732,CARD,397926.41,success,TXN-00001732,2026-06-13 14:36:00
1679,1733,CASH,400124.06,success,TXN-00001733,2026-08-27 16:37:00
1680,1734,CARD,342698.8,success,TXN-00001734,2026-04-18 20:49:00
1681,1735,BANK_TRANSFER,44497.45,success,TXN-00001735,2026-05-24 12:08:00
1682,1736,BANK_TRANSFER,636128.32,success,TXN-00001736,2026-09-23 10:32:00
1683,1737,CARD,143851.22,success,TXN-00001737,2026-08-19 11:23:00
1684,1739,CASH,187052.53,success,TXN-00001739,2026-04-10 15:44:00
1685,1740,CASH,203965.47,success,TXN-00001740,2026-08-12 19:37:00
1686,1741,CASH,162900.32,success,TXN-00001741,2026-09-08 17:30:00
1687,1742,BANK_TRANSFER,372025.54,success,TXN-00001742,2026-06-06 11:20:00
1688,1743,CASH,150045.91,success,TXN-00001743,2026-08-22 15:12:00
1689,1744,BANK_TRANSFER,144843.41,success,TXN-00001744,2026-08-19 19:38:00
1690,1745,CARD,67368.96,success,TXN-00001745,2026-04-25 10:19:00
1691,1746,CARD,399262.87,success,TXN-00001746,2026-05-11 10:33:00
1692,1747,CARD,299423.84,success,TXN-00001747,2026-09-04 18:26:00
1693,1748,BANK_TRANSFER,187196.02,success,TXN-00001748,2026-08-23 16:25:00
1694,1749,BANK_TRANSFER,633008.61,success,TXN-00001749,2026-09-22 14:44:00
1695,1750,CARD,280862.18,success,TXN-00001750,2026-08-13 14:59:00
1696,1751,CASH,331600.95,success,TXN-00001751,2026-07-18 14:50:00
1697,1752,CASH,240690.95,success,TXN-00001752,2026-07-23 14:17:00
1698,1753,UPI,219724.22,success,TXN-00001753,2026-05-29 19:51:00
1699,1754,CARD,222355.29,success,TXN-00001754,2026-08-15 15:14:00
1700,1755,CASH,869.66,success,TXN-00001755,2026-06-10 10:49:00
1701,1756,CARD,113252.3,success,TXN-00001756,2026-04-12 21:25:00
1702,1757,BANK_TRANSFER,200365.89,success,TXN-00001757,2026-06-11 19:36:00
1703,1758,CASH,249356.21,success,TXN-00001758,2026-05-08 10:04:00
1704,1759,CASH,357898.11,success,TXN-00001759,2026-09-10 16:13:00
1705,1760,CARD,296969.49,success,TXN-00001760,2026-04-09 12:17:00
1706,1761,CARD,246472.31,success,TXN-00001761,2026-05-26 18:37:00
1707,1762,UPI,127726.66,success,TXN-00001762,2026-08-07 16:27:00
1708,1763,CASH,369833.8,success,TXN-00001763,2026-08-05 09:51:00
1709,1764,CARD,16817.52,success,TXN-00001764,2026-06-14 14:05:00
1710,1765,CASH,149587.15,success,TXN-00001765,2026-04-22 15:45:00
1711,1766,UPI,88021.13,success,TXN-00001766,2026-07-18 19:08:00
1712,1767,UPI,240791.75,success,TXN-00001767,2026-05-21 12:27:00
1713,1768,CARD,245548.44,success,TXN-00001768,2026-05-12 09:10:00
1714,1769,CASH,143071.84,success,TXN-00001769,2026-04-10 21:17:00
1715,1770,CARD,140141.94,success,TXN-00001770,2026-08-11 14:44:00
1716,1771,BANK_TRANSFER,131830.18,success,TXN-00001771,2026-08-10 11:49:00
1717,1772,BANK_TRANSFER,130042.36,success,TXN-00001772,2026-06-26 18:15:00
1718,1773,CARD,67721.21,success,TXN-00001773,2026-06-15 18:05:00
1719,1774,CARD,105283.81,success,TXN-00001774,2026-07-15 19:21:00
1720,1775,CARD,310322.96,success,TXN-00001775,2026-06-24 13:44:00
1721,1776,CASH,84362.64,success,TXN-00001776,2026-04-10 09:49:00
1722,1777,CASH,116088.82,success,TXN-00001777,2026-06-07 21:20:00
1723,1778,BANK_TRANSFER,285193.75,success,TXN-00001778,2026-05-10 14:35:00
1724,1779,CASH,103627.22,success,TXN-00001779,2026-06-12 14:18:00
1725,1780,CASH,384877.66,success,TXN-00001780,2026-06-14 14:47:00
1726,1781,CARD,193287.58,success,TXN-00001781,2026-08-27 10:09:00
1727,1782,UPI,242499.76,success,TXN-00001782,2026-04-12 18:45:00
1728,1783,UPI,4849.62,success,TXN-00001783,2026-08-20 12:44:00
1729,1784,CARD,278353.69,success,TXN-00001784,2026-04-09 19:15:00
1730,1785,CASH,627072.62,success,TXN-00001785,2026-08-22 19:57:00
1731,1786,BANK_TRANSFER,9698.14,success,TXN-00001786,2026-05-30 13:42:00
1732,1787,CARD,53450.77,success,TXN-00001787,2026-07-15 13:42:00
1733,1788,UPI,247216.61,success,TXN-00001788,2026-06-01 16:48:00
1734,1789,UPI,371889.17,success,TXN-00001789,2026-09-04 13:18:00
1735,1790,CARD,240773.04,success,TXN-00001790,2026-08-29 15:30:00
1736,1791,CASH,363928.66,success,TXN-00001791,2026-05-24 12:42:00
1737,1792,CARD,302848.82,success,TXN-00001792,2026-06-23 20:19:00
1738,1793,BANK_TRANSFER,239247.93,success,TXN-00001793,2026-07-18 13:52:00
1739,1794,BANK_TRANSFER,19924.51,success,TXN-00001794,2026-06-04 11:17:00
1740,1795,CASH,3627.38,success,TXN-00001795,2026-04-26 14:30:00
1741,1797,UPI,192685.65,success,TXN-00001797,2026-08-23 18:08:00
1742,1798,CASH,297720.83,success,TXN-00001798,2026-08-04 09:22:00
1743,1799,CARD,125471.01,success,TXN-00001799,2026-05-04 16:03:00
1744,1800,BANK_TRANSFER,247224.09,success,TXN-00001800,2026-08-02 16:56:00
1745,1801,BANK_TRANSFER,230155.06,success,TXN-00001801,2026-07-27 10:46:00
1746,1802,UPI,427038.3,success,TXN-00001802,2026-05-22 15:27:00
1747,1803,BANK_TRANSFER,120384.55,success,TXN-00001803,2026-07-31 20:21:00
1748,1805,UPI,180861.42,success,TXN-00001805,2026-05-29 21:26:00
1749,1806,BANK_TRANSFER,224977.64,success,TXN-00001806,2026-04-15 17:01:00
1750,1807,UPI,30767.15,success,TXN-00001807,2026-09-23 15:15:00
1751,1808,CARD,99588.9,success,TXN-00001808,2026-06-18 17:42:00
1752,1809,UPI,155069.38,success,TXN-00001809,2026-06-03 12:27:00
1753,1810,CARD,132781.43,success,TXN-00001810,2026-07-13 13:32:00
1754,1811,CARD,208696.93,success,TXN-00001811,2026-09-08 19:10:00
1755,1812,BANK_TRANSFER,76733.64,success,TXN-00001812,2026-09-27 10:13:00
1756,1814,CARD,169167.63,success,TXN-00001814,2026-07-04 16:16:00
1757,1815,UPI,133645.78,success,TXN-00001815,2026-04-07 12:18:00
1758,1816,BANK_TRANSFER,305646.65,success,TXN-00001816,2026-08-21 11:07:00
1759,1817,BANK_TRANSFER,110024.86,success,TXN-00001817,2026-09-19 18:39:00
1760,1818,UPI,194278.89,success,TXN-00001818,2026-08-04 16:19:00
1761,1819,BANK_TRANSFER,204742.59,success,TXN-00001819,2026-08-24 21:03:00
1762,1820,CASH,89118.52,success,TXN-00001820,2026-08-17 10:51:00
1763,1821,CARD,255074.15,success,TXN-00001821,2026-09-05 19:07:00
1764,1822,UPI,140023.6,success,TXN-00001822,2026-05-22 09:51:00
1765,1823,CASH,316795.07,success,TXN-00001823,2026-08-21 16:41:00
1766,1824,CARD,131154.61,success,TXN-00001824,2026-05-05 18:53:00
1767,1825,UPI,98433.49,success,TXN-00001825,2026-05-30 18:36:00
1768,1826,BANK_TRANSFER,10285.05,success,TXN-00001826,2026-07-22 15:17:00
1769,1827,UPI,19928.34,success,TXN-00001827,2026-06-16 12:07:00
1770,1828,CASH,274008.97,success,TXN-00001828,2026-04-09 18:16:00
1771,1829,UPI,281348.51,success,TXN-00001829,2026-08-16 15:57:00
1772,1830,BANK_TRANSFER,224689.13,success,TXN-00001830,2026-08-03 20:57:00
1773,1831,UPI,53146.08,success,TXN-00001831,2026-05-10 19:41:00
1774,1832,CASH,75144.48,success,TXN-00001832,2026-08-06 10:21:00
1775,1833,CARD,129045.8,success,TXN-00001833,2026-06-17 15:03:00
1776,1834,UPI,226122.79,success,TXN-00001834,2026-08-04 11:02:00
1777,1835,UPI,16693.39,success,TXN-00001835,2026-08-25 18:07:00
1778,1836,CASH,34929.7,success,TXN-00001836,2026-04-20 14:01:00
1779,1837,UPI,365365.69,success,TXN-00001837,2026-07-12 10:29:00
1780,1838,CASH,284808.6,success,TXN-00001838,2026-08-31 10:40:00
1781,1839,CASH,109921.07,success,TXN-00001839,2026-08-28 10:58:00
1782,1840,CARD,118279.11,success,TXN-00001840,2026-06-12 10:07:00
1783,1841,UPI,25530.47,success,TXN-00001841,2026-05-14 15:25:00
1784,1842,BANK_TRANSFER,351950.33,success,TXN-00001842,2026-06-18 15:49:00
1785,1843,CARD,8329.36,success,TXN-00001843,2026-06-20 12:57:00
1786,1844,CASH,63559.46,success,TXN-00001844,2026-08-15 12:09:00
1787,1845,BANK_TRANSFER,150148.27,success,TXN-00001845,2026-04-21 19:41:00
1788,1846,BANK_TRANSFER,118436.01,success,TXN-00001846,2026-07-08 09:42:00
1789,1847,UPI,230157.0,success,TXN-00001847,2026-04-14 18:13:00
1790,1848,CARD,344834.8,success,TXN-00001848,2026-09-24 20:11:00
1791,1849,CARD,112853.13,success,TXN-00001849,2026-07-21 21:14:00
1792,1850,UPI,198709.52,success,TXN-00001850,2026-07-07 19:21:00
1793,1851,UPI,97228.39,success,TXN-00001851,2026-07-26 19:38:00
1794,1853,UPI,372926.89,success,TXN-00001853,2026-07-05 10:12:00
1795,1854,CARD,208149.25,success,TXN-00001854,2026-09-04 13:58:00
1796,1855,UPI,77565.33,success,TXN-00001855,2026-04-18 14:48:00
1797,1856,UPI,197497.28,success,TXN-00001856,2026-07-15 16:28:00
1798,1857,BANK_TRANSFER,233620.64,success,TXN-00001857,2026-08-06 11:37:00
1799,1858,CASH,246674.58,success,TXN-00001858,2026-09-21 11:32:00
1800,1860,CASH,130046.56,success,TXN-00001860,2026-06-01 10:15:00
1801,1861,CARD,371790.88,success,TXN-00001861,2026-04-12 11:10:00
1802,1862,CASH,10231.96,success,TXN-00001862,2026-09-03 18:52:00
1803,1863,BANK_TRANSFER,72689.62,success,TXN-00001863,2026-05-23 13:20:00
1804,1864,BANK_TRANSFER,113907.5,success,TXN-00001864,2026-06-14 10:31:00
1805,1865,BANK_TRANSFER,250635.09,success,TXN-00001865,2026-07-30 12:09:00
1806,1866,UPI,213131.72,success,TXN-00001866,2026-08-20 16:49:00
1807,1867,CASH,211259.56,success,TXN-00001867,2026-07-26 19:51:00
1808,1868,UPI,248481.15,success,TXN-00001868,2026-08-09 10:53:00
1809,1869,CASH,168215.89,success,TXN-00001869,2026-06-24 18:21:00
1810,1870,CASH,166838.67,success,TXN-00001870,2026-08-11 15:06:00
1811,1871,CARD,288928.73,success,TXN-00001871,2026-05-27 19:46:00
1812,1872,BANK_TRANSFER,77515.91,success,TXN-00001872,2026-04-10 17:14:00
1813,1873,UPI,170600.21,success,TXN-00001873,2026-05-15 13:54:00
1814,1874,BANK_TRANSFER,375239.48,success,TXN-00001874,2026-04-06 20:35:00
1815,1875,CARD,352922.93,success,TXN-00001875,2026-04-05 10:37:00
1816,1876,CARD,158277.0,success,TXN-00001876,2026-07-18 17:45:00
1817,1877,CASH,362089.26,success,TXN-00001877,2026-07-29 09:22:00
1818,1878,CARD,122680.66,success,TXN-00001878,2026-07-28 15:07:00
1819,1879,CASH,269748.37,success,TXN-00001879,2026-05-10 15:05:00
1820,1880,CARD,76887.15,success,TXN-00001880,2026-08-30 09:42:00
1821,1881,CARD,209546.6,success,TXN-00001881,2026-05-03 11:22:00
1822,1882,CASH,203692.32,success,TXN-00001882,2026-07-18 10:25:00
1823,1883,CASH,376338.84,success,TXN-00001883,2026-05-03 21:10:00
1824,1884,BANK_TRANSFER,136023.31,success,TXN-00001884,2026-04-08 16:46:00
1825,1885,CASH,196182.7,success,TXN-00001885,2026-06-15 11:41:00
1826,1886,CARD,89837.85,success,TXN-00001886,2026-08-29 12:26:00
1827,1887,CASH,290162.06,success,TXN-00001887,2026-07-03 12:32:00
1828,1888,CASH,158263.54,success,TXN-00001888,2026-07-02 14:06:00
1829,1889,CASH,133808.3,success,TXN-00001889,2026-05-07 15:10:00
1830,1890,CASH,438242.23,success,TXN-00001890,2026-09-20 20:08:00
1831,1891,CARD,241415.66,success,TXN-00001891,2026-09-07 15:08:00
1832,1892,CARD,60748.42,success,TXN-00001892,2026-05-08 19:33:00
1833,1893,BANK_TRANSFER,41767.49,success,TXN-00001893,2026-07-14 13:56:00
1834,1894,CARD,112109.46,success,TXN-00001894,2026-05-12 17:42:00
1835,1895,CASH,415946.45,success,TXN-00001895,2026-08-01 19:41:00
1836,1896,BANK_TRANSFER,332622.55,success,TXN-00001896,2026-05-29 19:57:00
1837,1897,BANK_TRANSFER,279337.09,success,TXN-00001897,2026-05-13 10:42:00
1838,1898,UPI,47939.34,success,TXN-00001898,2026-08-06 10:45:00
1839,1900,CASH,72949.2,success,TXN-00001900,2026-06-19 17:41:00
1840,1901,BANK_TRANSFER,41148.69,success,TXN-00001901,2026-08-18 20:04:00
1841,1902,CASH,7429.96,success,TXN-00001902,2026-08-28 13:48:00
1842,1903,CASH,104783.34,success,TXN-00001903,2026-06-29 10:32:00
1843,1904,BANK_TRANSFER,24033.86,success,TXN-00001904,2026-05-14 20:33:00
1844,1905,BANK_TRANSFER,159872.62,success,TXN-00001905,2026-06-27 19:54:00
1845,1906,UPI,99724.43,success,TXN-00001906,2026-07-24 11:54:00
1846,1907,BANK_TRANSFER,427794.97,success,TXN-00001907,2026-04-28 17:14:00
1847,1908,BANK_TRANSFER,141825.72,success,TXN-00001908,2026-08-09 21:03:00
1848,1909,CASH,123956.58,success,TXN-00001909,2026-05-31 19:49:00
1849,1910,CASH,242119.07,success,TXN-00001910,2026-06-06 13:12:00
1850,1911,CARD,55965.24,success,TXN-00001911,2026-09-26 18:24:00
1851,1912,BANK_TRANSFER,180734.74,success,TXN-00001912,2026-08-06 10:31:00
1852,1913,UPI,265818.28,success,TXN-00001913,2026-08-29 10:52:00
1853,1914,CASH,356434.23,success,TXN-00001914,2026-08-16 12:46:00
1854,1915,UPI,260386.37,success,TXN-00001915,2026-07-22 10:13:00
1855,1916,CASH,368986.18,success,TXN-00001916,2026-09-17 16:48:00
1856,1917,BANK_TRANSFER,212401.67,success,TXN-00001917,2026-06-17 10:04:00
1857,1918,UPI,175268.18,success,TXN-00001918,2026-04-17 13:07:00
1858,1919,CASH,26768.56,success,TXN-00001919,2026-05-06 19:58:00
1859,1920,UPI,63395.31,success,TXN-00001920,2026-07-03 19:27:00
1860,1921,CASH,37821.69,success,TXN-00001921,2026-08-29 12:48:00
1861,1922,CASH,425014.9,success,TXN-00001922,2026-09-18 17:16:00
1862,1923,BANK_TRANSFER,195368.06,success,TXN-00001923,2026-06-24 15:04:00
1863,1924,UPI,46646.38,success,TXN-00001924,2026-06-10 11:24:00
1864,1925,BANK_TRANSFER,235014.55,success,TXN-00001925,2026-08-16 16:55:00
1865,1926,CARD,256.84,success,TXN-00001926,2026-07-20 12:39:00
1866,1927,CASH,55726.15,success,TXN-00001927,2026-09-26 12:58:00
1867,1928,CARD,436489.77,success,TXN-00001928,2026-06-04 17:48:00
1868,1929,BANK_TRANSFER,283325.45,success,TXN-00001929,2026-06-04 14:58:00
1869,1930,UPI,351302.14,success,TXN-00001930,2026-08-17 21:16:00
1870,1931,BANK_TRANSFER,504966.55,success,TXN-00001931,2026-07-18 18:35:00
1871,1932,CARD,305992.41,success,TXN-00001932,2026-04-02 11:45:00
1872,1933,CARD,289484.11,success,TXN-00001933,2026-07-03 19:25:00
1873,1934,CASH,206499.74,success,TXN-00001934,2026-06-30 09:34:00
1874,1935,UPI,290867.62,success,TXN-00001935,2026-08-05 14:45:00
1875,1936,UPI,55404.91,success,TXN-00001936,2026-06-03 11:42:00
1876,1937,BANK_TRANSFER,127149.42,success,TXN-00001937,2026-09-06 09:43:00
1877,1938,BANK_TRANSFER,240317.79,success,TXN-00001938,2026-07-22 15:08:00
1878,1939,CASH,85890.56,success,TXN-00001939,2026-05-26 18:49:00
1879,1940,BANK_TRANSFER,135804.17,success,TXN-00001940,2026-06-05 12:56:00
1880,1941,BANK_TRANSFER,73924.08,success,TXN-00001941,2026-08-23 11:05:00
1881,1942,CASH,130301.17,success,TXN-00001942,2026-09-26 14:40:00
1882,1943,UPI,538926.63,success,TXN-00001943,2026-06-10 13:33:00
1883,1944,CARD,257173.37,success,TXN-00001944,2026-05-09 12:05:00
1884,1945,BANK_TRANSFER,423763.61,success,TXN-00001945,2026-04-11 09:06:00
1885,1946,CARD,117434.21,success,TXN-00001946,2026-09-16 13:37:00
1886,1947,UPI,324599.96,success,TXN-00001947,2026-07-06 15:08:00
1887,1948,CASH,461437.3,success,TXN-00001948,2026-08-06 15:41:00
1888,1949,CASH,83622.09,success,TXN-00001949,2026-06-09 17:28:00
1889,1950,BANK_TRANSFER,159561.94,success,TXN-00001950,2026-05-21 16:51:00
1890,1951,CASH,293156.97,success,TXN-00001951,2026-09-06 16:04:00
1891,1952,CARD,67264.59,success,TXN-00001952,2026-07-10 11:57:00
1892,1953,BANK_TRANSFER,179375.33,success,TXN-00001953,2026-07-27 19:53:00
1893,1954,CARD,115673.71,success,TXN-00001954,2026-06-19 21:04:00
1894,1955,CARD,288222.4,success,TXN-00001955,2026-06-23 14:44:00
1895,1956,CARD,113462.25,success,TXN-00001956,2026-05-11 16:22:00
1896,1957,BANK_TRANSFER,212033.89,success,TXN-00001957,2026-06-04 15:51:00
1897,1958,UPI,211867.06,success,TXN-00001958,2026-09-05 11:25:00
1898,1959,CASH,105237.78,success,TXN-00001959,2026-08-22 17:30:00
1899,1960,CARD,50788.99,success,TXN-00001960,2026-05-05 19:59:00
1900,1961,BANK_TRANSFER,137295.34,success,TXN-00001961,2026-05-26 10:53:00
1901,1962,BANK_TRANSFER,169548.41,success,TXN-00001962,2026-04-02 18:51:00
1902,1963,UPI,249844.25,success,TXN-00001963,2026-04-29 11:40:00
1903,1964,CARD,156028.1,success,TXN-00001964,2026-08-27 20:15:00
1904,1965,UPI,320151.41,success,TXN-00001965,2026-06-19 17:30:00
1905,1966,UPI,72392.25,success,TXN-00001966,2026-05-05 16:22:00
1906,1967,CARD,91010.98,success,TXN-00001967,2026-09-01 20:36:00
1907,1968,BANK_TRANSFER,46178.77,success,TXN-00001968,2026-07-02 11:56:00
1908,1969,BANK_TRANSFER,86367.05,success,TXN-00001969,2026-06-14 11:48:00
1909,1970,UPI,238182.64,success,TXN-00001970,2026-07-20 17:10:00
1910,1971,UPI,97986.44,success,TXN-00001971,2026-08-02 19:53:00
1911,1972,CARD,409962.36,success,TXN-00001972,2026-06-22 14:01:00
1912,1973,UPI,49822.22,success,TXN-00001973,2026-09-16 13:56:00
1913,1974,UPI,224124.27,success,TXN-00001974,2026-05-13 16:55:00
1914,1975,BANK_TRANSFER,418789.42,success,TXN-00001975,2026-04-08 10:58:00
1915,1976,CASH,214083.48,success,TXN-00001976,2026-06-30 16:57:00
1916,1977,UPI,429281.4,success,TXN-00001977,2026-06-03 18:01:00
1917,1978,UPI,127147.32,success,TXN-00001978,2026-08-23 16:02:00
1918,1979,BANK_TRANSFER,268889.12,success,TXN-00001979,2026-04-20 17:10:00
1919,1980,CARD,59791.46,success,TXN-00001980,2026-05-19 20:27:00
1920,1981,BANK_TRANSFER,328206.46,success,TXN-00001981,2026-05-31 14:52:00
1921,1982,CARD,217331.36,success,TXN-00001982,2026-07-08 13:54:00
1922,1983,UPI,80337.01,success,TXN-00001983,2026-07-26 15:23:00
1923,1984,CARD,72346.72,success,TXN-00001984,2026-04-27 15:36:00
1924,1985,CASH,215647.7,success,TXN-00001985,2026-07-16 12:34:00
1925,1986,CASH,216919.41,success,TXN-00001986,2026-05-01 21:08:00
1926,1987,CASH,132679.47,success,TXN-00001987,2026-09-12 13:23:00
1927,1988,BANK_TRANSFER,405613.2,success,TXN-00001988,2026-07-03 10:22:00
1928,1989,CARD,290266.97,success,TXN-00001989,2026-06-01 09:05:00
1929,1990,CARD,176285.24,success,TXN-00001990,2026-08-21 11:40:00
1930,1991,UPI,35567.28,success,TXN-00001991,2026-05-14 13:27:00
1931,1992,UPI,230066.41,success,TXN-00001992,2026-04-07 16:19:00
1932,1993,CARD,65895.48,success,TXN-00001993,2026-06-29 18:03:00
1933,1994,CASH,150866.54,success,TXN-00001994,2026-06-05 09:35:00
1934,1995,CARD,318316.55,success,TXN-00001995,2026-07-05 10:03:00
1935,1996,CASH,303473.21,success,TXN-00001996,2026-07-31 13:08:00
1936,1997,CARD,234189.55,success,TXN-00001997,2026-07-21 13:10:00
1937,1998,UPI,120863.69,success,TXN-00001998,2026-07-30 13:57:00
1938,1999,BANK_TRANSFER,203580.15,success,TXN-00001999,2026-05-29 18:23:00
1939,2000,UPI,237252.89,success,TXN-00002000,2026-04-04 18:52:00
1940,2001,CARD,157387.44,success,TXN-00002001,2026-04-23 17:46:00
1941,2002,BANK_TRANSFER,180748.88,success,TXN-00002002,2026-06-15 09:57:00
1942,2003,CASH,242740.3,success,TXN-00002003,2026-07-24 21:00:00
1943,2004,CARD,102767.83,success,TXN-00002004,2026-06-24 20:55:00
1944,2005,UPI,478732.75,success,TXN-00002005,2026-05-12 12:55:00
1945,2006,BANK_TRANSFER,234069.14,success,TXN-00002006,2026-08-23 20:23:00
1946,2007,BANK_TRANSFER,34266.69,success,TXN-00002007,2026-07-21 20:36:00
1947,2008,UPI,310076.19,success,TXN-00002008,2026-07-14 10:20:00
1948,2009,BANK_TRANSFER,140524.38,success,TXN-00002009,2026-06-02 13:14:00
1949,2010,BANK_TRANSFER,198604.54,success,TXN-00002010,2026-05-17 19:16:00
1950,2011,UPI,72481.51,success,TXN-00002011,2026-07-26 15:23:00
1951,2012,UPI,125008.23,success,TXN-00002012,2026-09-07 12:43:00
1952,2013,UPI,299110.93,success,TXN-00002013,2026-09-15 17:33:00
1953,2014,BANK_TRANSFER,45495.05,success,TXN-00002014,2026-04-28 14:46:00
1954,2015,BANK_TRANSFER,147897.73,success,TXN-00002015,2026-06-13 17:45:00
1955,2016,CARD,108960.05,success,TXN-00002016,2026-09-18 09:22:00
1956,2017,CASH,389480.08,success,TXN-00002017,2026-06-07 18:00:00
1957,2018,BANK_TRANSFER,98780.32,success,TXN-00002018,2026-07-20 14:05:00
1958,2019,BANK_TRANSFER,24935.26,success,TXN-00002019,2026-06-05 17:16:00
1959,2020,UPI,221336.76,success,TXN-00002020,2026-09-23 13:50:00
1960,2021,CARD,311390.39,success,TXN-00002021,2026-08-02 20:28:00
1961,2022,BANK_TRANSFER,86406.96,success,TXN-00002022,2026-06-08 14:46:00
1962,2023,CASH,112683.22,success,TXN-00002023,2026-04-24 14:55:00
1963,2024,UPI,377457.65,success,TXN-00002024,2026-06-23 15:04:00
1964,2025,BANK_TRANSFER,32784.78,success,TXN-00002025,2026-05-01 20:33:00
1965,2026,BANK_TRANSFER,163472.91,success,TXN-00002026,2026-07-05 11:01:00
1966,2027,UPI,236300.62,success,TXN-00002027,2026-06-19 18:02:00
1967,2028,UPI,69587.24,success,TXN-00002028,2026-05-17 11:52:00
1968,2029,CARD,199693.77,success,TXN-00002029,2026-04-28 18:06:00
1969,2030,CASH,214185.04,success,TXN-00002030,2026-07-16 16:42:00
1970,2031,BANK_TRANSFER,82824.6,success,TXN-00002031,2026-05-11 16:23:00
1971,2032,UPI,183033.36,success,TXN-00002032,2026-06-23 12:05:00
1972,2033,UPI,117100.07,success,TXN-00002033,2026-09-18 15:31:00
1973,2034,CARD,113988.68,success,TXN-00002034,2026-05-12 18:09:00
1974,2035,CASH,247303.96,success,TXN-00002035,2026-07-10 12:26:00
1975,2036,CARD,100899.1,success,TXN-00002036,2026-05-26 15:08:00
1976,2037,BANK_TRANSFER,173450.19,success,TXN-00002037,2026-07-25 10:48:00
1977,2038,UPI,398429.33,success,TXN-00002038,2026-09-07 13:58:00
1978,2039,UPI,225835.38,success,TXN-00002039,2026-06-30 16:55:00
1979,2040,CARD,194779.34,success,TXN-00002040,2026-06-07 19:19:00
1980,2041,BANK_TRANSFER,28787.13,success,TXN-00002041,2026-09-08 14:25:00
1981,2042,UPI,225080.66,success,TXN-00002042,2026-05-24 18:58:00
1982,2043,UPI,240065.25,success,TXN-00002043,2026-06-23 19:17:00
1983,2045,CASH,19058.79,success,TXN-00002045,2026-08-02 09:45:00
1984,2046,CARD,36925.08,success,TXN-00002046,2026-07-14 16:33:00
1985,2047,BANK_TRANSFER,224000.4,success,TXN-00002047,2026-08-31 09:55:00
1986,2048,CARD,29571.74,success,TXN-00002048,2026-05-12 14:24:00
1987,2049,UPI,58865.67,success,TXN-00002049,2026-08-09 10:08:00
1988,2050,CARD,196670.05,success,TXN-00002050,2026-06-20 19:11:00
1989,2051,UPI,235479.02,success,TXN-00002051,2026-06-02 16:00:00
1990,2052,CASH,161130.65,success,TXN-00002052,2026-09-17 18:08:00
1991,2053,UPI,20299.67,success,TXN-00002053,2026-09-17 18:42:00
1992,2054,CASH,519613.51,success,TXN-00002054,2026-08-21 17:46:00
1993,2055,CARD,43110.81,success,TXN-00002055,2026-05-26 17:50:00
1994,2056,UPI,191237.11,success,TXN-00002056,2026-04-03 11:27:00
1995,2058,BANK_TRANSFER,34742.25,success,TXN-00002058,2026-07-22 13:06:00
1996,2059,CASH,199050.92,success,TXN-00002059,2026-08-31 17:01:00
1997,2060,CARD,134928.11,success,TXN-00002060,2026-06-06 20:35:00
1998,2061,CARD,304272.44,success,TXN-00002061,2026-06-16 20:17:00
1999,2062,CARD,84110.32,success,TXN-00002062,2026-06-21 16:30:00
2000,2063,UPI,22764.95,success,TXN-00002063,2026-07-21 14:52:00
2001,2064,BANK_TRANSFER,82014.67,success,TXN-00002064,2026-05-22 20:17:00
2002,2065,BANK_TRANSFER,222241.8,success,TXN-00002065,2026-06-26 20:55:00
2003,2066,CARD,275834.92,success,TXN-00002066,2026-07-28 20:30:00
2004,2067,CASH,165685.13,success,TXN-00002067,2026-05-19 11:18:00
2005,2068,CARD,10619.62,success,TXN-00002068,2026-06-27 14:20:00
2006,2069,CASH,197616.54,success,TXN-00002069,2026-05-30 14:53:00
2007,2070,CASH,292020.62,success,TXN-00002070,2026-07-24 19:13:00
2008,2071,CARD,160420.54,success,TXN-00002071,2026-07-08 09:51:00
2009,2072,BANK_TRANSFER,119817.83,success,TXN-00002072,2026-04-11 10:40:00
2010,2073,CARD,174692.37,success,TXN-00002073,2026-06-12 19:35:00
2011,2074,BANK_TRANSFER,340890.38,success,TXN-00002074,2026-07-15 12:54:00
2012,2075,UPI,383871.44,success,TXN-00002075,2026-04-27 19:15:00
2013,2076,CASH,92299.23,success,TXN-00002076,2026-08-09 19:48:00
2014,2077,CARD,276447.95,success,TXN-00002077,2026-07-09 19:43:00
2015,2078,CASH,40901.69,success,TXN-00002078,2026-04-04 16:05:00
2016,2079,CASH,20933.38,success,TXN-00002079,2026-09-16 09:30:00
2017,2080,CASH,53960.8,success,TXN-00002080,2026-05-02 17:12:00
2018,2081,UPI,152758.45,success,TXN-00002081,2026-08-20 20:27:00
2019,2082,CARD,242020.03,success,TXN-00002082,2026-04-29 17:04:00
2020,2083,CARD,2335.43,success,TXN-00002083,2026-09-01 13:31:00
2021,2084,CASH,83618.25,success,TXN-00002084,2026-05-09 12:42:00
2022,2085,CASH,345062.91,success,TXN-00002085,2026-08-22 14:49:00
2023,2086,CARD,121192.05,success,TXN-00002086,2026-04-28 14:52:00
2024,2087,CASH,191414.63,success,TXN-00002087,2026-04-16 18:16:00
2025,2088,CASH,151840.0,success,TXN-00002088,2026-08-14 15:49:00
2026,2089,CARD,14119.59,success,TXN-00002089,2026-05-08 09:52:00
2027,2090,BANK_TRANSFER,349049.19,success,TXN-00002090,2026-05-04 17:57:00
2028,2091,BANK_TRANSFER,14753.39,success,TXN-00002091,2026-08-22 09:24:00
2029,2092,CARD,99272.27,success,TXN-00002092,2026-09-13 17:29:00
2030,2093,BANK_TRANSFER,266367.87,success,TXN-00002093,2026-05-24 19:17:00
2031,2094,BANK_TRANSFER,232460.21,success,TXN-00002094,2026-04-08 10:33:00
2032,2095,CARD,462709.5,success,TXN-00002095,2026-08-29 18:27:00
2033,2096,CASH,180765.3,success,TXN-00002096,2026-07-30 13:27:00
2034,2097,UPI,348690.01,success,TXN-00002097,2026-05-12 10:59:00
2035,2098,UPI,234999.38,success,TXN-00002098,2026-08-21 20:32:00
2036,2099,CASH,285339.85,success,TXN-00002099,2026-09-14 11:23:00
2037,2100,UPI,48672.56,success,TXN-00002100,2026-05-02 17:29:00
2038,2101,UPI,176594.1,success,TXN-00002101,2026-04-16 21:01:00
2039,2102,CASH,66775.44,success,TXN-00002102,2026-08-28 15:42:00
2040,2103,CASH,187446.17,success,TXN-00002103,2026-09-01 12:14:00
2041,2104,CARD,11254.12,success,TXN-00002104,2026-09-18 17:10:00
2042,2105,CARD,168241.66,success,TXN-00002105,2026-07-20 21:03:00
2043,2106,CARD,77693.37,success,TXN-00002106,2026-06-15 10:28:00
2044,2107,UPI,277578.34,success,TXN-00002107,2026-05-10 16:52:00
2045,2109,UPI,192259.59,success,TXN-00002109,2026-06-25 15:14:00
2046,2110,BANK_TRANSFER,118723.98,success,TXN-00002110,2026-05-18 16:06:00
2047,2111,CASH,152060.72,success,TXN-00002111,2026-09-20 10:00:00
2048,2112,BANK_TRANSFER,217924.41,success,TXN-00002112,2026-05-13 18:12:00
2049,2114,CASH,149765.36,success,TXN-00002114,2026-05-11 18:33:00
2050,2115,CASH,279400.97,success,TXN-00002115,2026-05-19 15:21:00
2051,2116,CASH,201724.34,success,TXN-00002116,2026-04-23 17:17:00
2052,2117,BANK_TRANSFER,191841.12,success,TXN-00002117,2026-04-17 18:56:00
2053,2118,UPI,114649.26,success,TXN-00002118,2026-05-07 12:00:00
2054,2119,UPI,116049.16,success,TXN-00002119,2026-09-05 17:50:00
2055,2120,UPI,38832.79,success,TXN-00002120,2026-04-04 18:12:00
2056,2121,UPI,36434.86,success,TXN-00002121,2026-05-20 12:29:00
2057,2122,CARD,276347.35,success,TXN-00002122,2026-09-12 18:07:00
2058,2123,CASH,273535.77,success,TXN-00002123,2026-06-14 15:48:00
2059,2124,UPI,317495.8,success,TXN-00002124,2026-09-24 20:45:00
2060,2125,CASH,24824.69,success,TXN-00002125,2026-08-04 18:08:00
2061,2126,UPI,302672.32,success,TXN-00002126,2026-08-07 18:59:00
2062,2127,CASH,196237.78,success,TXN-00002127,2026-08-20 16:40:00
2063,2128,CARD,120109.27,success,TXN-00002128,2026-07-11 10:42:00
2064,2129,BANK_TRANSFER,159431.98,success,TXN-00002129,2026-06-09 20:04:00
2065,2130,CASH,250251.44,success,TXN-00002130,2026-07-04 20:09:00
2066,2131,UPI,142948.57,success,TXN-00002131,2026-05-05 17:15:00
2067,2132,UPI,376978.47,success,TXN-00002132,2026-04-05 12:11:00
2068,2133,BANK_TRANSFER,37944.29,success,TXN-00002133,2026-06-01 21:12:00
2069,2134,BANK_TRANSFER,123324.89,success,TXN-00002134,2026-07-18 16:08:00
2070,2135,CASH,257625.25,success,TXN-00002135,2026-04-05 10:46:00
2071,2136,CASH,205955.73,success,TXN-00002136,2026-07-25 11:43:00
2072,2137,CASH,55217.27,success,TXN-00002137,2026-07-06 12:39:00
2073,2138,UPI,224666.92,success,TXN-00002138,2026-06-24 20:45:00
2074,2139,CARD,285440.91,success,TXN-00002139,2026-04-21 16:13:00
2075,2140,BANK_TRANSFER,259462.17,success,TXN-00002140,2026-06-14 19:25:00
2076,2141,UPI,89192.38,success,TXN-00002141,2026-08-28 15:58:00
2077,2142,CASH,154807.39,success,TXN-00002142,2026-04-08 10:51:00
2078,2143,CASH,41600.31,success,TXN-00002143,2026-09-27 15:49:00
2079,2144,CARD,127933.63,success,TXN-00002144,2026-05-17 13:30:00
2080,2145,BANK_TRANSFER,325969.14,success,TXN-00002145,2026-04-12 14:19:00
2081,2146,UPI,276504.96,success,TXN-00002146,2026-07-23 12:17:00
2082,2147,BANK_TRANSFER,253876.01,success,TXN-00002147,2026-04-24 13:13:00
2083,2148,BANK_TRANSFER,23655.9,success,TXN-00002148,2026-09-19 13:44:00
2084,2149,BANK_TRANSFER,221637.57,success,TXN-00002149,2026-04-13 12:16:00
2085,2150,CASH,89515.71,success,TXN-00002150,2026-08-22 11:13:00
2086,2151,CARD,159309.17,success,TXN-00002151,2026-07-16 21:05:00
2087,2153,UPI,258519.68,success,TXN-00002153,2026-09-14 15:40:00
2088,2154,CARD,281761.38,success,TXN-00002154,2026-05-23 20:57:00
2089,2155,UPI,370313.63,success,TXN-00002155,2026-08-18 15:39:00
2090,2156,CARD,57967.06,success,TXN-00002156,2026-08-01 09:19:00
2091,2157,CASH,228509.26,success,TXN-00002157,2026-05-11 10:18:00
2092,2158,BANK_TRANSFER,300122.11,success,TXN-00002158,2026-07-15 10:37:00
2093,2159,BANK_TRANSFER,141590.96,success,TXN-00002159,2026-05-08 18:06:00
2094,2160,BANK_TRANSFER,168577.7,success,TXN-00002160,2026-07-05 21:06:00
2095,2161,UPI,265008.51,success,TXN-00002161,2026-07-02 14:32:00
2096,2162,BANK_TRANSFER,72849.59,success,TXN-00002162,2026-07-13 20:35:00
2097,2163,CASH,396393.67,success,TXN-00002163,2026-06-06 13:58:00
2098,2164,UPI,159559.26,success,TXN-00002164,2026-08-25 15:34:00
2099,2165,CASH,205173.65,success,TXN-00002165,2026-05-17 13:01:00
2100,2166,UPI,402537.92,success,TXN-00002166,2026-05-04 15:16:00
2101,2167,BANK_TRANSFER,171078.18,success,TXN-00002167,2026-05-30 15:31:00
2102,2168,BANK_TRANSFER,252103.22,success,TXN-00002168,2026-09-09 18:50:00
2103,2169,BANK_TRANSFER,81724.33,success,TXN-00002169,2026-07-22 19:22:00
2104,2170,UPI,176002.91,success,TXN-00002170,2026-09-06 11:10:00
2105,2171,BANK_TRANSFER,232959.0,success,TXN-00002171,2026-04-30 16:18:00
2106,2172,CARD,86869.92,success,TXN-00002172,2026-05-30 13:25:00
2107,2173,CARD,110224.11,success,TXN-00002173,2026-08-28 19:58:00
2108,2174,BANK_TRANSFER,362570.29,success,TXN-00002174,2026-04-01 17:46:00
2109,2176,UPI,148009.56,success,TXN-00002176,2026-06-25 10:05:00
2110,2177,CARD,50930.2,success,TXN-00002177,2026-09-04 21:12:00
2111,2178,BANK_TRANSFER,247421.11,success,TXN-00002178,2026-07-01 11:34:00
2112,2179,CASH,160935.2,success,TXN-00002179,2026-04-24 21:16:00
2113,2180,CARD,246349.79,success,TXN-00002180,2026-08-12 13:13:00
2114,2181,CASH,298837.78,success,TXN-00002181,2026-05-17 17:12:00
2115,2182,CASH,453989.63,success,TXN-00002182,2026-08-22 14:02:00
2116,2183,UPI,95524.17,success,TXN-00002183,2026-06-02 21:04:00
2117,2184,CARD,275264.32,success,TXN-00002184,2026-09-08 18:00:00
2118,2185,UPI,110281.47,success,TXN-00002185,2026-06-13 10:15:00
2119,2186,CASH,222479.66,success,TXN-00002186,2026-09-10 14:42:00
2120,2187,UPI,297998.18,success,TXN-00002187,2026-09-08 16:31:00
2121,2188,CARD,141143.18,success,TXN-00002188,2026-08-22 12:33:00
2122,2189,UPI,255810.7,success,TXN-00002189,2026-06-15 20:06:00
2123,2190,BANK_TRANSFER,307676.12,success,TXN-00002190,2026-05-25 19:05:00
2124,2191,UPI,46729.18,success,TXN-00002191,2026-04-04 18:40:00
2125,2192,BANK_TRANSFER,366938.65,success,TXN-00002192,2026-09-08 17:26:00
2126,2193,BANK_TRANSFER,175227.66,success,TXN-00002193,2026-06-29 12:32:00
2127,2194,CASH,292543.61,success,TXN-00002194,2026-08-06 20:46:00
2128,2195,CARD,326409.67,success,TXN-00002195,2026-06-04 16:25:00
2129,2196,BANK_TRANSFER,317244.85,success,TXN-00002196,2026-07-04 13:13:00
2130,2197,CASH,172966.02,success,TXN-00002197,2026-06-23 20:24:00
2131,2198,CASH,151647.3,success,TXN-00002198,2026-05-14 15:55:00
2132,2199,CARD,85474.42,success,TXN-00002199,2026-05-21 12:20:00
2133,2200,BANK_TRANSFER,70208.62,success,TXN-00002200,2026-08-02 14:03:00
2134,2201,BANK_TRANSFER,42906.01,success,TXN-00002201,2026-05-23 13:18:00
2135,2202,BANK_TRANSFER,295564.29,success,TXN-00002202,2026-06-02 12:14:00
2136,2203,BANK_TRANSFER,125898.9,success,TXN-00002203,2026-06-15 18:55:00
2137,2204,CARD,222718.4,success,TXN-00002204,2026-07-13 15:57:00
2138,2205,CARD,173624.0,success,TXN-00002205,2026-04-20 15:25:00
2139,2206,CARD,78217.48,success,TXN-00002206,2026-05-22 10:55:00
2140,2207,UPI,368592.43,success,TXN-00002207,2026-05-01 18:42:00
2141,2209,CARD,248178.27,success,TXN-00002209,2026-08-05 17:43:00
2142,2210,BANK_TRANSFER,163790.32,success,TXN-00002210,2026-04-20 15:12:00
2143,2211,CARD,111030.92,success,TXN-00002211,2026-07-05 09:50:00
2144,2212,BANK_TRANSFER,46749.83,success,TXN-00002212,2026-09-23 16:11:00
2145,2213,CARD,153709.25,success,TXN-00002213,2026-04-02 19:29:00
2146,2214,UPI,43540.41,success,TXN-00002214,2026-05-15 11:42:00
2147,2215,UPI,277406.68,success,TXN-00002215,2026-09-23 13:33:00
2148,2216,CARD,255461.62,success,TXN-00002216,2026-06-09 15:31:00
2149,2217,UPI,138940.0,success,TXN-00002217,2026-04-04 20:41:00
2150,2218,CASH,214151.44,success,TXN-00002218,2026-04-29 14:49:00
2151,2219,CARD,443647.53,success,TXN-00002219,2026-05-15 15:07:00
2152,2220,CASH,127591.51,success,TXN-00002220,2026-04-22 20:30:00
2153,2221,CASH,281540.18,success,TXN-00002221,2026-09-18 19:42:00
2154,2223,CASH,152447.96,success,TXN-00002223,2026-04-14 15:29:00
2155,2225,CASH,160096.75,success,TXN-00002225,2026-08-12 18:57:00
2156,2226,UPI,233851.32,success,TXN-00002226,2026-05-26 11:20:00
2157,2227,UPI,146378.4,success,TXN-00002227,2026-06-22 14:27:00
2158,2228,CARD,149901.5,success,TXN-00002228,2026-04-23 16:12:00
2159,2229,CASH,28033.24,success,TXN-00002229,2026-07-18 13:10:00
2160,2230,UPI,353295.46,success,TXN-00002230,2026-04-15 21:24:00
2161,2231,CASH,131408.7,success,TXN-00002231,2026-07-31 15:01:00
2162,2232,CARD,150482.59,success,TXN-00002232,2026-08-09 13:33:00
2163,2233,BANK_TRANSFER,200994.91,success,TXN-00002233,2026-06-21 11:06:00
2164,2234,CARD,91524.25,success,TXN-00002234,2026-04-25 21:17:00
2165,2235,CASH,70261.33,success,TXN-00002235,2026-08-06 17:53:00
2166,2236,CASH,22778.93,success,TXN-00002236,2026-08-21 17:35:00
2167,2237,CASH,302356.12,success,TXN-00002237,2026-08-06 12:42:00
2168,2238,BANK_TRANSFER,115582.88,success,TXN-00002238,2026-09-27 17:00:00
2169,2239,BANK_TRANSFER,135978.68,success,TXN-00002239,2026-08-23 09:37:00
2170,2240,UPI,268074.63,success,TXN-00002240,2026-05-23 21:13:00
2171,2241,CARD,44233.03,success,TXN-00002241,2026-08-07 12:34:00
2172,2242,CASH,9455.51,success,TXN-00002242,2026-05-12 12:16:00
2173,2243,CARD,72910.08,success,TXN-00002243,2026-07-19 10:43:00
2174,2244,BANK_TRANSFER,173432.57,success,TXN-00002244,2026-05-22 15:01:00
2175,2245,UPI,362749.47,success,TXN-00002245,2026-04-29 15:09:00
2176,2246,UPI,360792.66,success,TXN-00002246,2026-09-24 20:48:00
2177,2247,UPI,11982.72,success,TXN-00002247,2026-06-01 14:07:00
2178,2248,CASH,298050.52,success,TXN-00002248,2026-07-05 19:25:00
2179,2249,CASH,119384.3,success,TXN-00002249,2026-05-06 20:37:00
2180,2250,UPI,184231.4,success,TXN-00002250,2026-08-26 13:27:00
2181,2251,CASH,113240.61,success,TXN-00002251,2026-07-06 19:24:00
2182,2252,CASH,196367.41,success,TXN-00002252,2026-05-02 10:24:00
2183,2253,UPI,148195.6,success,TXN-00002253,2026-08-03 09:25:00
2184,2254,BANK_TRANSFER,114332.96,success,TXN-00002254,2026-08-21 11:52:00
2185,2255,UPI,236497.29,success,TXN-00002255,2026-06-27 17:44:00
2186,2256,CARD,165063.68,success,TXN-00002256,2026-08-05 09:57:00
2187,2257,BANK_TRANSFER,59980.04,success,TXN-00002257,2026-05-19 13:44:00
2188,2258,UPI,20922.03,success,TXN-00002258,2026-09-09 19:42:00
2189,2259,CASH,20082.66,success,TXN-00002259,2026-07-04 17:23:00
2190,2260,BANK_TRANSFER,202211.3,success,TXN-00002260,2026-07-20 17:43:00
2191,2261,UPI,24892.48,success,TXN-00002261,2026-04-07 16:38:00
2192,2262,CASH,348605.31,success,TXN-00002262,2026-09-27 14:06:00
2193,2263,BANK_TRANSFER,106006.5,success,TXN-00002263,2026-04-15 19:39:00
2194,2264,UPI,224428.34,success,TXN-00002264,2026-05-15 09:20:00
2195,2265,BANK_TRANSFER,232568.8,success,TXN-00002265,2026-04-19 13:59:00
2196,2266,CARD,252035.37,success,TXN-00002266,2026-07-28 16:01:00
2197,2267,BANK_TRANSFER,157152.37,success,TXN-00002267,2026-05-05 14:40:00
2198,2268,UPI,71903.47,success,TXN-00002268,2026-08-21 19:32:00
2199,2269,CARD,130132.72,success,TXN-00002269,2026-09-09 15:47:00
2200,2270,CARD,177670.58,success,TXN-00002270,2026-07-30 09:19:00
2201,2271,CASH,99331.05,success,TXN-00002271,2026-09-18 17:38:00
2202,2272,CASH,163326.54,success,TXN-00002272,2026-08-31 20:38:00
2203,2273,CARD,416763.87,success,TXN-00002273,2026-07-13 13:11:00
2204,2274,BANK_TRANSFER,56433.09,success,TXN-00002274,2026-06-03 14:04:00
2205,2275,CARD,222770.69,success,TXN-00002275,2026-07-27 15:31:00
2206,2276,CASH,115208.53,success,TXN-00002276,2026-08-27 17:13:00
2207,2277,BANK_TRANSFER,123924.87,success,TXN-00002277,2026-07-05 19:43:00
2208,2278,CASH,318007.33,success,TXN-00002278,2026-06-30 17:09:00
2209,2279,CASH,410061.8,success,TXN-00002279,2026-07-09 19:19:00
2210,2280,BANK_TRANSFER,200209.62,success,TXN-00002280,2026-08-23 14:18:00
2211,2281,CARD,478762.25,success,TXN-00002281,2026-07-09 18:45:00
2212,2282,BANK_TRANSFER,171102.02,success,TXN-00002282,2026-06-18 14:00:00
2213,2283,CASH,258903.58,success,TXN-00002283,2026-05-28 16:32:00
2214,2284,BANK_TRANSFER,66855.76,success,TXN-00002284,2026-09-03 11:39:00
2215,2285,CARD,11088.99,success,TXN-00002285,2026-08-09 11:38:00
2216,2286,CASH,66076.68,success,TXN-00002286,2026-05-24 16:23:00
2217,2287,BANK_TRANSFER,245467.5,success,TXN-00002287,2026-09-26 16:03:00
2218,2288,CARD,22599.12,success,TXN-00002288,2026-07-01 18:41:00
2219,2289,CASH,251545.09,success,TXN-00002289,2026-07-08 16:12:00
2220,2290,UPI,370141.53,success,TXN-00002290,2026-06-02 17:01:00
2221,2291,CASH,88790.11,success,TXN-00002291,2026-04-20 15:32:00
2222,2292,BANK_TRANSFER,429899.82,success,TXN-00002292,2026-07-29 11:55:00
2223,2293,UPI,345642.14,success,TXN-00002293,2026-06-15 09:33:00
2224,2294,CASH,10499.29,success,TXN-00002294,2026-06-07 10:53:00
2225,2295,UPI,262023.81,success,TXN-00002295,2026-05-17 15:24:00
2226,2296,BANK_TRANSFER,114577.77,success,TXN-00002296,2026-06-17 14:37:00
2227,2297,UPI,129286.71,success,TXN-00002297,2026-08-06 12:03:00
2228,2298,BANK_TRANSFER,190844.48,success,TXN-00002298,2026-06-14 18:21:00
2229,2299,UPI,181407.96,success,TXN-00002299,2026-07-13 09:36:00
2230,2300,BANK_TRANSFER,95117.29,success,TXN-00002300,2026-04-14 11:10:00
2231,2301,CASH,296486.13,success,TXN-00002301,2026-09-27 13:56:00
2232,2302,UPI,450388.9,success,TXN-00002302,2026-06-06 09:37:00
2233,2303,CASH,417107.61,success,TXN-00002303,2026-08-21 09:07:00
2234,2304,UPI,104815.37,success,TXN-00002304,2026-05-06 19:10:00
2235,2305,UPI,258826.28,success,TXN-00002305,2026-09-19 17:52:00
2236,2306,CASH,3099.54,success,TXN-00002306,2026-07-07 19:42:00
2237,2307,UPI,41691.86,success,TXN-00002307,2026-07-30 12:10:00
2238,2308,CARD,425247.85,success,TXN-00002308,2026-04-10 10:07:00
2239,2309,UPI,177742.83,success,TXN-00002309,2026-07-26 15:15:00
2240,2310,CARD,54412.33,success,TXN-00002310,2026-09-10 18:57:00
2241,2311,CARD,448717.15,success,TXN-00002311,2026-06-11 20:14:00
2242,2312,CARD,31968.42,success,TXN-00002312,2026-08-15 12:38:00
2243,2313,CASH,240028.05,success,TXN-00002313,2026-04-18 16:15:00
2244,2314,BANK_TRANSFER,451657.37,success,TXN-00002314,2026-05-02 15:56:00
2245,2315,BANK_TRANSFER,268248.97,success,TXN-00002315,2026-07-02 13:13:00
2246,2316,UPI,73868.8,success,TXN-00002316,2026-09-14 17:56:00
2247,2317,CASH,64625.44,success,TXN-00002317,2026-04-02 15:38:00
2248,2318,UPI,340705.23,success,TXN-00002318,2026-06-20 20:06:00
2249,2319,CARD,200648.11,success,TXN-00002319,2026-06-07 16:01:00
2250,2320,BANK_TRANSFER,82464.36,success,TXN-00002320,2026-09-09 10:04:00
2251,2321,CASH,105639.15,success,TXN-00002321,2026-06-12 11:54:00
2252,2322,UPI,15982.85,success,TXN-00002322,2026-06-21 15:00:00
2253,2323,CASH,76151.9,success,TXN-00002323,2026-06-28 09:50:00
2254,2324,CARD,73953.42,success,TXN-00002324,2026-04-01 16:23:00
2255,2325,CARD,366249.43,success,TXN-00002325,2026-09-27 18:29:00
2256,2326,CASH,131374.52,success,TXN-00002326,2026-07-03 15:30:00
2257,2327,CASH,436718.49,success,TXN-00002327,2026-07-20 16:00:00
2258,2328,UPI,8921.41,success,TXN-00002328,2026-07-17 18:18:00
2259,2329,BANK_TRANSFER,138581.73,success,TXN-00002329,2026-05-30 20:24:00
2260,2330,CARD,100043.53,success,TXN-00002330,2026-09-20 09:12:00
2261,2331,BANK_TRANSFER,129653.71,success,TXN-00002331,2026-05-08 14:22:00
2262,2332,CARD,300892.86,success,TXN-00002332,2026-05-12 16:27:00
2263,2333,CARD,455969.25,success,TXN-00002333,2026-07-27 09:22:00
2264,2334,UPI,50723.74,success,TXN-00002334,2026-08-25 15:29:00
2265,2335,BANK_TRANSFER,77079.91,success,TXN-00002335,2026-04-13 14:06:00
2266,2336,BANK_TRANSFER,213915.03,success,TXN-00002336,2026-06-13 11:00:00
2267,2337,BANK_TRANSFER,123174.34,success,TXN-00002337,2026-06-09 17:17:00
2268,2338,UPI,109414.39,success,TXN-00002338,2026-04-18 19:43:00
2269,2339,CARD,147703.29,success,TXN-00002339,2026-09-23 13:29:00
2270,2341,CARD,155043.1,success,TXN-00002341,2026-06-21 16:38:00
2271,2342,CASH,218856.02,success,TXN-00002342,2026-05-06 13:57:00
2272,2343,BANK_TRANSFER,510628.15,success,TXN-00002343,2026-06-10 21:09:00
2273,2344,BANK_TRANSFER,229788.1,success,TXN-00002344,2026-06-27 20:10:00
2274,2345,BANK_TRANSFER,11487.25,success,TXN-00002345,2026-07-20 19:24:00
2275,2346,CASH,139595.78,success,TXN-00002346,2026-08-16 17:27:00
2276,2347,UPI,210105.19,success,TXN-00002347,2026-08-23 16:20:00
2277,2348,BANK_TRANSFER,142373.74,success,TXN-00002348,2026-05-08 16:35:00
2278,2349,BANK_TRANSFER,317.34,success,TXN-00002349,2026-06-12 19:03:00
2279,2350,BANK_TRANSFER,47455.37,success,TXN-00002350,2026-06-26 14:23:00
2280,2351,UPI,116713.01,success,TXN-00002351,2026-04-02 19:36:00
2281,2352,CASH,181680.95,success,TXN-00002352,2026-07-15 15:24:00
2282,2353,CASH,150923.85,success,TXN-00002353,2026-04-06 15:42:00
2283,2355,CASH,337209.82,success,TXN-00002355,2026-07-05 21:05:00
2284,2356,CARD,58296.5,success,TXN-00002356,2026-08-14 20:51:00
2285,2357,BANK_TRANSFER,302484.29,success,TXN-00002357,2026-08-05 17:15:00
2286,2358,BANK_TRANSFER,171439.5,success,TXN-00002358,2026-04-14 14:09:00
2287,2359,UPI,354248.77,success,TXN-00002359,2026-08-31 18:58:00
2288,2360,UPI,224864.13,success,TXN-00002360,2026-08-30 10:21:00
2289,2361,UPI,50664.92,success,TXN-00002361,2026-05-23 13:31:00
2290,2362,UPI,305753.73,success,TXN-00002362,2026-06-01 18:47:00
2291,2363,BANK_TRANSFER,11864.35,success,TXN-00002363,2026-06-18 19:27:00
2292,2364,UPI,31793.7,success,TXN-00002364,2026-07-28 19:49:00
2293,2365,CARD,89547.23,success,TXN-00002365,2026-07-12 11:29:00
2294,2367,CARD,26826.91,success,TXN-00002367,2026-05-20 15:53:00
2295,2368,CASH,75444.39,success,TXN-00002368,2026-08-24 11:37:00
2296,2369,CASH,207638.16,success,TXN-00002369,2026-08-02 13:55:00
2297,2370,CASH,156979.5,success,TXN-00002370,2026-07-08 11:01:00
2298,2371,UPI,184499.34,success,TXN-00002371,2026-08-12 20:09:00
2299,2372,BANK_TRANSFER,196863.05,success,TXN-00002372,2026-07-08 18:23:00
2300,2373,CARD,272737.37,success,TXN-00002373,2026-07-11 18:07:00
2301,2374,CARD,235506.49,success,TXN-00002374,2026-09-14 13:41:00
2302,2375,UPI,77997.7,success,TXN-00002375,2026-09-18 11:23:00
2303,2376,BANK_TRANSFER,33984.84,success,TXN-00002376,2026-04-23 20:13:00
2304,2377,UPI,128476.55,success,TXN-00002377,2026-06-30 18:09:00
2305,2378,CASH,15772.85,success,TXN-00002378,2026-06-09 12:28:00
2306,2379,UPI,352602.71,success,TXN-00002379,2026-06-17 16:34:00
2307,2380,CARD,37884.88,success,TXN-00002380,2026-06-23 18:05:00
2308,2381,BANK_TRANSFER,145207.96,success,TXN-00002381,2026-04-06 16:01:00
2309,2382,UPI,332191.13,success,TXN-00002382,2026-06-15 11:42:00
2310,2384,UPI,134647.57,success,TXN-00002384,2026-08-24 18:52:00
2311,2385,BANK_TRANSFER,277650.43,success,TXN-00002385,2026-08-09 12:07:00
2312,2386,BANK_TRANSFER,186886.42,success,TXN-00002386,2026-08-07 12:11:00
2313,2387,BANK_TRANSFER,51040.49,success,TXN-00002387,2026-04-30 13:19:00
2314,2388,CARD,377841.44,success,TXN-00002388,2026-04-05 17:32:00
2315,2389,UPI,25765.32,success,TXN-00002389,2026-08-24 15:52:00
2316,2390,CASH,313113.45,success,TXN-00002390,2026-06-01 15:55:00
2317,2391,UPI,221271.36,success,TXN-00002391,2026-06-05 12:00:00
2318,2392,UPI,237941.43,success,TXN-00002392,2026-04-21 16:15:00
2319,2393,BANK_TRANSFER,235309.58,success,TXN-00002393,2026-08-11 20:25:00
2320,2394,UPI,178222.73,success,TXN-00002394,2026-08-21 18:47:00
2321,2395,CARD,197556.14,success,TXN-00002395,2026-08-08 12:16:00
2322,2396,CASH,174577.31,success,TXN-00002396,2026-07-31 09:43:00
2323,2397,BANK_TRANSFER,50596.15,success,TXN-00002397,2026-06-01 17:53:00
2324,2398,CARD,15306.23,success,TXN-00002398,2026-04-26 19:29:00
2325,2399,CARD,33691.46,success,TXN-00002399,2026-04-04 18:10:00
2326,2400,CASH,122738.68,success,TXN-00002400,2026-05-31 13:58:00
2327,2401,CASH,154111.53,success,TXN-00002401,2026-05-21 12:48:00
2328,2402,CARD,370716.15,success,TXN-00002402,2026-06-18 17:31:00
2329,2403,CARD,175057.66,success,TXN-00002403,2026-05-26 15:22:00
2330,2404,CASH,64487.25,success,TXN-00002404,2026-05-26 14:14:00
2331,2405,CARD,210310.61,success,TXN-00002405,2026-08-03 10:37:00
2332,2406,CASH,390006.33,success,TXN-00002406,2026-06-24 17:14:00
2333,2407,BANK_TRANSFER,314892.67,success,TXN-00002407,2026-05-14 11:02:00
2334,2408,CARD,138220.7,success,TXN-00002408,2026-09-01 13:41:00
2335,2409,UPI,271630.34,success,TXN-00002409,2026-05-08 18:45:00
2336,2410,CARD,185402.74,success,TXN-00002410,2026-09-14 16:09:00
2337,2411,BANK_TRANSFER,319460.2,success,TXN-00002411,2026-08-19 18:05:00
2338,2412,BANK_TRANSFER,72259.8,success,TXN-00002412,2026-09-17 17:34:00
2339,2413,CASH,12679.21,success,TXN-00002413,2026-08-22 12:57:00
2340,2414,UPI,125634.99,success,TXN-00002414,2026-06-01 10:12:00
2341,2415,CARD,174814.57,success,TXN-00002415,2026-05-11 15:38:00
2342,2416,UPI,111098.66,success,TXN-00002416,2026-04-21 17:39:00
2343,2417,BANK_TRANSFER,20482.29,success,TXN-00002417,2026-04-11 10:25:00
2344,2418,UPI,152305.02,success,TXN-00002418,2026-08-18 19:28:00
2345,2419,CARD,536077.11,success,TXN-00002419,2026-04-20 13:47:00
2346,2420,UPI,44881.76,success,TXN-00002420,2026-05-23 14:03:00
2347,2421,CASH,119595.31,success,TXN-00002421,2026-05-01 16:19:00
2348,2422,BANK_TRANSFER,193255.41,success,TXN-00002422,2026-05-03 09:51:00
2349,2423,CASH,377655.04,success,TXN-00002423,2026-08-23 09:18:00
2350,2424,UPI,14437.23,success,TXN-00002424,2026-07-06 16:32:00
2351,2425,CARD,85372.02,success,TXN-00002425,2026-04-05 12:38:00
2352,2426,UPI,178259.43,success,TXN-00002426,2026-09-13 18:14:00
2353,2427,CARD,432281.59,success,TXN-00002427,2026-08-03 14:24:00
2354,2428,BANK_TRANSFER,168987.69,success,TXN-00002428,2026-09-02 19:30:00
2355,2429,BANK_TRANSFER,215875.66,success,TXN-00002429,2026-09-20 14:24:00
2356,2430,CASH,191542.66,success,TXN-00002430,2026-06-15 14:51:00
2357,2431,CASH,101016.44,success,TXN-00002431,2026-07-24 20:23:00
2358,2432,CASH,359703.91,success,TXN-00002432,2026-05-21 15:24:00
2359,2433,CASH,74731.39,success,TXN-00002433,2026-05-18 11:43:00
2360,2434,BANK_TRANSFER,61006.02,success,TXN-00002434,2026-06-03 16:46:00
2361,2435,CASH,221809.59,success,TXN-00002435,2026-09-04 20:38:00
2362,2437,CARD,100759.85,success,TXN-00002437,2026-08-25 18:53:00
2363,2438,UPI,306536.97,success,TXN-00002438,2026-04-28 13:40:00
2364,2440,UPI,269111.3,success,TXN-00002440,2026-04-04 20:53:00
2365,2441,CASH,117058.22,success,TXN-00002441,2026-04-26 18:41:00
2366,2442,BANK_TRANSFER,234609.62,success,TXN-00002442,2026-07-21 18:21:00
2367,2443,UPI,300695.07,success,TXN-00002443,2026-07-28 18:29:00
2368,2444,CARD,60202.86,success,TXN-00002444,2026-07-13 14:44:00
2369,2445,CASH,224315.79,success,TXN-00002445,2026-09-14 12:15:00
2370,2446,CASH,44339.31,success,TXN-00002446,2026-06-01 16:19:00
2371,2447,UPI,119325.82,success,TXN-00002447,2026-09-20 16:48:00
2372,2448,BANK_TRANSFER,223424.88,success,TXN-00002448,2026-07-07 11:29:00
2373,2449,CARD,126120.31,success,TXN-00002449,2026-05-20 10:54:00
2374,2450,UPI,42199.36,success,TXN-00002450,2026-09-11 20:11:00
2375,2451,UPI,50475.28,success,TXN-00002451,2026-08-08 21:25:00
2376,2452,CASH,83269.79,success,TXN-00002452,2026-09-23 18:25:00
2377,2455,CARD,68528.5,success,TXN-00002455,2026-05-30 20:52:00
2378,2456,CARD,141502.08,success,TXN-00002456,2026-09-24 17:42:00
2379,2457,CASH,315099.1,success,TXN-00002457,2026-07-31 17:52:00
2380,2458,CARD,290023.63,success,TXN-00002458,2026-04-23 15:56:00
2381,2459,CARD,126982.54,success,TXN-00002459,2026-07-18 18:47:00
2382,2460,BANK_TRANSFER,325617.16,success,TXN-00002460,2026-05-13 19:35:00
2383,2462,CARD,180996.2,success,TXN-00002462,2026-05-22 15:34:00
2384,2463,CASH,416356.38,success,TXN-00002463,2026-07-14 10:06:00
2385,2464,CASH,246629.11,success,TXN-00002464,2026-06-02 19:34:00
2386,2465,CASH,258699.99,success,TXN-00002465,2026-06-26 17:25:00
2387,2466,CARD,11493.39,success,TXN-00002466,2026-07-09 17:00:00
2388,2467,CARD,106737.07,success,TXN-00002467,2026-07-11 11:05:00
2389,2468,CASH,101363.84,success,TXN-00002468,2026-08-09 20:29:00
2390,2469,CARD,314657.17,success,TXN-00002469,2026-07-15 10:51:00
2391,2470,BANK_TRANSFER,168515.21,success,TXN-00002470,2026-07-13 14:50:00
2392,2471,UPI,345681.41,success,TXN-00002471,2026-04-16 14:42:00
2393,2472,BANK_TRANSFER,85830.55,success,TXN-00002472,2026-07-22 15:45:00
2394,2473,CASH,351863.38,success,TXN-00002473,2026-04-22 13:22:00
2395,2474,BANK_TRANSFER,88470.73,success,TXN-00002474,2026-08-21 12:36:00
2396,2475,UPI,64681.32,success,TXN-00002475,2026-04-13 17:55:00
2397,2476,UPI,99025.22,success,TXN-00002476,2026-04-06 12:56:00
2398,2477,UPI,189448.19,success,TXN-00002477,2026-07-25 18:25:00
2399,2478,BANK_TRANSFER,115769.27,success,TXN-00002478,2026-05-21 13:59:00
2400,2479,CASH,137962.06,success,TXN-00002479,2026-09-12 12:30:00
2401,2480,CASH,364941.41,success,TXN-00002480,2026-07-26 16:35:00
2402,2481,UPI,180647.79,success,TXN-00002481,2026-05-04 10:01:00
2403,2482,CASH,208448.57,success,TXN-00002482,2026-06-09 17:37:00
2404,2483,BANK_TRANSFER,328091.34,success,TXN-00002483,2026-08-28 09:50:00
2405,2484,UPI,262706.13,success,TXN-00002484,2026-07-27 19:18:00
2406,2485,BANK_TRANSFER,44426.66,success,TXN-00002485,2026-09-01 19:00:00
2407,2486,CARD,93067.54,success,TXN-00002486,2026-07-30 14:12:00
2408,2487,BANK_TRANSFER,77647.84,success,TXN-00002487,2026-09-04 16:50:00
2409,2488,BANK_TRANSFER,244896.57,success,TXN-00002488,2026-07-22 20:58:00
2410,2489,CASH,74206.31,success,TXN-00002489,2026-07-11 15:10:00
2411,2490,CARD,225296.82,success,TXN-00002490,2026-05-04 11:08:00
2412,2491,CARD,66198.36,success,TXN-00002491,2026-07-08 14:04:00
2413,2492,CASH,65359.55,success,TXN-00002492,2026-06-16 09:40:00
2414,2493,CARD,70408.57,success,TXN-00002493,2026-08-11 16:20:00
2415,2494,UPI,158454.73,success,TXN-00002494,2026-06-24 15:54:00
2416,2495,CARD,172285.49,success,TXN-00002495,2026-06-18 11:07:00
2417,2496,CASH,144629.87,success,TXN-00002496,2026-08-17 13:54:00
2418,2498,CASH,191974.67,success,TXN-00002498,2026-06-25 10:37:00
2419,2499,UPI,21758.3,success,TXN-00002499,2026-06-29 10:12:00
2420,2500,CARD,308622.9,success,TXN-00002500,2026-08-30 16:31:00
2421,2501,UPI,223851.84,success,TXN-00002501,2026-09-20 09:11:00
2422,2502,CASH,249106.56,success,TXN-00002502,2026-05-18 21:02:00
2423,2503,CASH,315830.87,success,TXN-00002503,2026-05-08 17:44:00
2424,2504,CARD,134609.29,success,TXN-00002504,2026-05-18 18:14:00
2425,2505,BANK_TRANSFER,400016.32,success,TXN-00002505,2026-09-22 10:36:00
2426,2506,UPI,190197.43,success,TXN-00002506,2026-04-26 18:20:00
2427,2507,CASH,369686.69,success,TXN-00002507,2026-08-27 09:41:00
2428,2508,CARD,25463.54,success,TXN-00002508,2026-04-26 18:55:00
2429,2509,CARD,122643.15,success,TXN-00002509,2026-05-17 19:12:00
2430,2510,UPI,331343.76,success,TXN-00002510,2026-07-10 16:00:00
2431,2511,CARD,179134.18,success,TXN-00002511,2026-09-23 12:06:00
2432,2512,CARD,294002.51,success,TXN-00002512,2026-08-24 09:07:00
2433,2513,BANK_TRANSFER,296341.08,success,TXN-00002513,2026-05-25 12:09:00
2434,2514,BANK_TRANSFER,303045.92,success,TXN-00002514,2026-07-26 17:36:00
2435,2515,CASH,169937.47,success,TXN-00002515,2026-07-29 20:16:00
2436,2516,CASH,72848.82,success,TXN-00002516,2026-08-04 18:23:00
2437,2517,CARD,78856.12,success,TXN-00002517,2026-05-26 09:35:00
2438,2518,CASH,46180.89,success,TXN-00002518,2026-07-28 09:09:00
2439,2519,CARD,191957.88,success,TXN-00002519,2026-09-05 15:53:00
2440,2520,CASH,144910.45,success,TXN-00002520,2026-05-12 10:48:00
2441,2522,CARD,264196.65,success,TXN-00002522,2026-04-24 10:11:00
2442,2523,CARD,346549.61,success,TXN-00002523,2026-07-17 16:24:00
2443,2524,BANK_TRANSFER,96429.7,success,TXN-00002524,2026-08-19 18:39:00
2444,2525,UPI,243764.33,success,TXN-00002525,2026-08-02 13:05:00
2445,2526,CASH,441198.81,success,TXN-00002526,2026-09-12 11:01:00
2446,2527,UPI,152799.85,success,TXN-00002527,2026-08-08 13:17:00
2447,2528,BANK_TRANSFER,262804.74,success,TXN-00002528,2026-05-22 13:57:00
2448,2529,UPI,365652.4,success,TXN-00002529,2026-06-14 12:19:00
2449,2530,BANK_TRANSFER,27398.64,success,TXN-00002530,2026-08-13 11:37:00
2450,2531,CASH,31086.0,success,TXN-00002531,2026-04-02 14:21:00
2451,2532,CASH,218445.57,success,TXN-00002532,2026-05-17 11:42:00
2452,2533,BANK_TRANSFER,60776.74,success,TXN-00002533,2026-06-06 19:38:00
2453,2534,CARD,436209.89,success,TXN-00002534,2026-07-16 15:49:00
2454,2535,CARD,50800.13,success,TXN-00002535,2026-06-13 17:44:00
2455,2536,UPI,133240.11,success,TXN-00002536,2026-09-27 14:40:00
2456,2537,BANK_TRANSFER,126025.07,success,TXN-00002537,2026-06-20 17:39:00
2457,2538,BANK_TRANSFER,37427.76,success,TXN-00002538,2026-09-13 17:40:00
2458,2539,UPI,70490.1,success,TXN-00002539,2026-08-13 10:02:00
2459,2540,CARD,24618.4,success,TXN-00002540,2026-08-21 20:45:00
2460,2541,CASH,45833.55,success,TXN-00002541,2026-07-25 11:47:00
2461,2542,CARD,35054.34,success,TXN-00002542,2026-04-04 17:15:00
2462,2543,CARD,207544.77,success,TXN-00002543,2026-07-11 17:53:00
2463,2544,UPI,125472.13,success,TXN-00002544,2026-09-13 15:29:00
2464,2545,CASH,89980.42,success,TXN-00002545,2026-04-01 20:25:00
2465,2546,BANK_TRANSFER,49526.1,success,TXN-00002546,2026-06-25 18:10:00
2466,2547,UPI,183954.21,success,TXN-00002547,2026-09-03 10:32:00
2467,2548,UPI,119755.36,success,TXN-00002548,2026-09-01 09:48:00
2468,2549,UPI,133539.11,success,TXN-00002549,2026-07-19 16:54:00
2469,2550,CARD,290018.31,success,TXN-00002550,2026-09-08 11:46:00
2470,2551,CASH,119522.28,success,TXN-00002551,2026-08-17 10:11:00
2471,2552,UPI,293053.96,success,TXN-00002552,2026-09-05 11:22:00
2472,2553,CASH,191154.95,success,TXN-00002553,2026-09-15 17:33:00
2473,2554,CASH,723157.24,success,TXN-00002554,2026-05-05 14:25:00
2474,2555,UPI,97988.85,success,TXN-00002555,2026-07-27 15:35:00
2475,2556,CARD,107577.84,success,TXN-00002556,2026-09-24 15:16:00
2476,2557,BANK_TRANSFER,98476.73,success,TXN-00002557,2026-06-28 16:27:00
2477,2558,BANK_TRANSFER,273878.07,success,TXN-00002558,2026-07-01 14:25:00
2478,2559,CASH,29065.17,success,TXN-00002559,2026-08-09 16:35:00
2479,2560,UPI,53418.71,success,TXN-00002560,2026-07-23 18:43:00
2480,2561,CASH,245636.47,success,TXN-00002561,2026-05-21 16:13:00
2481,2562,CARD,75222.51,success,TXN-00002562,2026-05-16 18:43:00
2482,2563,BANK_TRANSFER,31231.12,success,TXN-00002563,2026-07-28 20:20:00
2483,2564,CASH,161972.91,success,TXN-00002564,2026-05-20 15:19:00
2484,2565,CASH,464466.46,success,TXN-00002565,2026-09-10 14:06:00
2485,2566,UPI,162433.56,success,TXN-00002566,2026-04-21 18:31:00
2486,2567,UPI,302879.77,success,TXN-00002567,2026-06-21 21:15:00
2487,2569,CASH,399297.71,success,TXN-00002569,2026-05-16 15:04:00
2488,2570,UPI,25760.19,success,TXN-00002570,2026-05-05 16:49:00
2489,2571,CASH,452856.56,success,TXN-00002571,2026-07-07 10:02:00
2490,2572,BANK_TRANSFER,160525.78,success,TXN-00002572,2026-07-13 19:41:00
2491,2573,CARD,200824.03,success,TXN-00002573,2026-06-07 21:16:00
2492,2574,UPI,160889.52,success,TXN-00002574,2026-06-21 21:08:00
2493,2575,CARD,28240.77,success,TXN-00002575,2026-07-03 19:18:00
2494,2576,CASH,348863.84,success,TXN-00002576,2026-07-01 15:31:00
2495,2577,BANK_TRANSFER,556811.73,success,TXN-00002577,2026-08-13 09:51:00
2496,2578,CARD,351880.93,success,TXN-00002578,2026-06-22 17:39:00
2497,2579,BANK_TRANSFER,42438.13,success,TXN-00002579,2026-09-24 11:03:00
2498,2581,UPI,30342.25,success,TXN-00002581,2026-05-10 17:34:00
2499,2582,CARD,163773.64,success,TXN-00002582,2026-06-13 14:44:00
2500,2583,CASH,363739.24,success,TXN-00002583,2026-04-25 12:21:00
2501,2584,BANK_TRANSFER,333673.24,success,TXN-00002584,2026-05-18 18:19:00
2502,2585,CASH,163164.62,success,TXN-00002585,2026-06-02 12:38:00
2503,2586,CARD,27059.3,success,TXN-00002586,2026-04-18 17:05:00
2504,2587,UPI,148145.6,success,TXN-00002587,2026-08-07 11:11:00
2505,2588,CARD,255102.5,success,TXN-00002588,2026-05-12 12:27:00
2506,2589,CASH,64848.45,success,TXN-00002589,2026-07-04 15:30:00
2507,2590,CARD,121784.37,success,TXN-00002590,2026-05-11 20:46:00
2508,2591,CARD,282407.61,success,TXN-00002591,2026-09-12 18:35:00
2509,2592,BANK_TRANSFER,216561.25,success,TXN-00002592,2026-05-17 21:04:00
2510,2593,BANK_TRANSFER,158569.5,success,TXN-00002593,2026-09-22 16:37:00
2511,2594,CASH,198465.97,success,TXN-00002594,2026-09-17 10:16:00
2512,2595,UPI,141850.31,success,TXN-00002595,2026-09-18 10:23:00
2513,2596,CARD,199931.35,success,TXN-00002596,2026-04-13 20:25:00
2514,2597,CASH,89113.86,success,TXN-00002597,2026-05-27 14:02:00
2515,2598,BANK_TRANSFER,96741.24,success,TXN-00002598,2026-04-17 14:52:00
2516,2599,CASH,108756.74,success,TXN-00002599,2026-07-22 17:39:00
2517,2600,UPI,10272.5,success,TXN-00002600,2026-05-30 09:33:00
2518,2601,CARD,77303.58,success,TXN-00002601,2026-06-14 17:53:00
2519,2602,UPI,41390.75,success,TXN-00002602,2026-08-29 19:16:00
2520,2603,UPI,49490.13,success,TXN-00002603,2026-04-19 20:58:00
2521,2604,BANK_TRANSFER,174377.87,success,TXN-00002604,2026-04-11 20:12:00
2522,2605,UPI,291058.42,success,TXN-00002605,2026-07-16 09:58:00
2523,2606,CASH,72991.33,success,TXN-00002606,2026-04-14 19:13:00
2524,2607,CASH,200137.87,success,TXN-00002607,2026-07-21 12:18:00
2525,2608,UPI,22841.53,success,TXN-00002608,2026-06-21 14:19:00
2526,2609,CARD,41693.13,success,TXN-00002609,2026-05-08 14:56:00
2527,2610,UPI,271958.6,success,TXN-00002610,2026-04-09 21:04:00
2528,2611,UPI,239483.62,success,TXN-00002611,2026-08-31 18:54:00
2529,2612,CARD,121349.0,success,TXN-00002612,2026-05-09 14:32:00
2530,2613,CASH,173390.47,success,TXN-00002613,2026-08-31 16:00:00
2531,2614,CARD,151460.43,success,TXN-00002614,2026-07-30 16:46:00
2532,2615,BANK_TRANSFER,375476.47,success,TXN-00002615,2026-08-26 11:24:00
2533,2616,BANK_TRANSFER,99684.67,success,TXN-00002616,2026-09-22 18:11:00
2534,2617,UPI,347564.46,success,TXN-00002617,2026-07-15 10:10:00
2535,2618,CARD,69228.5,success,TXN-00002618,2026-04-13 19:50:00
2536,2619,UPI,271333.15,success,TXN-00002619,2026-07-04 16:22:00
2537,2620,CARD,43488.38,success,TXN-00002620,2026-07-12 10:51:00
2538,2621,UPI,15336.33,success,TXN-00002621,2026-04-04 12:12:00
2539,2622,CARD,26733.68,success,TXN-00002622,2026-06-25 14:25:00
2540,2623,CARD,129131.65,success,TXN-00002623,2026-07-24 15:00:00
2541,2624,BANK_TRANSFER,366107.87,success,TXN-00002624,2026-08-05 13:45:00
2542,2625,UPI,51607.59,success,TXN-00002625,2026-04-01 17:10:00
2543,2626,UPI,188593.71,success,TXN-00002626,2026-05-07 09:51:00
2544,2627,UPI,146468.85,success,TXN-00002627,2026-09-28 17:43:00
2545,2628,UPI,262805.65,success,TXN-00002628,2026-09-19 21:03:00
2546,2629,BANK_TRANSFER,116352.04,success,TXN-00002629,2026-05-17 18:10:00
2547,2630,CASH,415533.22,success,TXN-00002630,2026-05-20 19:46:00
2548,2631,CARD,13200.63,success,TXN-00002631,2026-09-21 17:22:00
2549,2632,UPI,338010.75,success,TXN-00002632,2026-07-10 12:17:00
2550,2633,BANK_TRANSFER,87707.94,success,TXN-00002633,2026-07-19 16:53:00
2551,2634,UPI,119701.8,success,TXN-00002634,2026-09-21 12:06:00
2552,2635,BANK_TRANSFER,260671.2,success,TXN-00002635,2026-06-26 10:04:00
2553,2636,BANK_TRANSFER,217965.43,success,TXN-00002636,2026-06-15 18:34:00
2554,2637,CASH,318809.47,success,TXN-00002637,2026-04-11 13:57:00
2555,2638,UPI,368151.37,success,TXN-00002638,2026-05-24 13:16:00
2556,2639,CASH,105713.47,success,TXN-00002639,2026-09-20 09:42:00
2557,2640,UPI,348750.24,success,TXN-00002640,2026-06-21 17:02:00
2558,2641,CASH,155100.42,success,TXN-00002641,2026-05-28 11:42:00
2559,2642,UPI,463516.34,success,TXN-00002642,2026-07-25 19:25:00
2560,2643,CARD,123710.55,success,TXN-00002643,2026-07-15 19:53:00
2561,2644,BANK_TRANSFER,281873.17,success,TXN-00002644,2026-08-01 15:30:00
2562,2645,BANK_TRANSFER,285589.56,success,TXN-00002645,2026-09-13 11:38:00
2563,2646,CARD,155107.45,success,TXN-00002646,2026-06-06 09:20:00
2564,2647,BANK_TRANSFER,113633.72,success,TXN-00002647,2026-04-09 14:29:00
2565,2648,UPI,141450.87,success,TXN-00002648,2026-07-24 09:45:00
2566,2649,CASH,214954.87,success,TXN-00002649,2026-09-14 19:51:00
2567,2650,BANK_TRANSFER,211454.83,success,TXN-00002650,2026-08-16 09:23:00
2568,2651,BANK_TRANSFER,294719.41,success,TXN-00002651,2026-08-19 16:19:00
2569,2652,UPI,302.42,success,TXN-00002652,2026-09-26 19:27:00
2570,2653,BANK_TRANSFER,361464.75,success,TXN-00002653,2026-09-20 19:40:00
2571,2654,CASH,287735.63,success,TXN-00002654,2026-07-10 16:10:00
2572,2655,CARD,197198.98,success,TXN-00002655,2026-09-06 12:28:00
2573,2656,UPI,157098.83,success,TXN-00002656,2026-04-17 15:11:00
2574,2657,UPI,207594.51,success,TXN-00002657,2026-07-30 19:55:00
2575,2658,BANK_TRANSFER,45600.32,success,TXN-00002658,2026-06-02 21:13:00
2576,2659,UPI,554233.61,success,TXN-00002659,2026-08-27 18:45:00
2577,2660,BANK_TRANSFER,175591.06,success,TXN-00002660,2026-06-18 14:45:00
2578,2661,CARD,120472.93,success,TXN-00002661,2026-06-19 18:58:00
2579,2662,CASH,13662.15,success,TXN-00002662,2026-05-20 18:13:00
2580,2663,BANK_TRANSFER,37193.45,success,TXN-00002663,2026-04-20 10:57:00
2581,2664,CASH,199002.72,success,TXN-00002664,2026-08-27 20:33:00
2582,2665,UPI,372302.73,success,TXN-00002665,2026-07-19 10:53:00
2583,2666,UPI,123659.04,success,TXN-00002666,2026-06-10 13:02:00
2584,2667,CASH,252031.83,success,TXN-00002667,2026-06-25 19:03:00
2585,2668,BANK_TRANSFER,82623.38,success,TXN-00002668,2026-07-04 18:29:00
2586,2669,CARD,115219.34,success,TXN-00002669,2026-09-09 12:52:00
2587,2670,CASH,183555.78,success,TXN-00002670,2026-05-27 12:04:00
2588,2671,CARD,165044.99,success,TXN-00002671,2026-07-01 10:55:00
2589,2672,CASH,422417.02,success,TXN-00002672,2026-04-01 12:55:00
2590,2673,UPI,357620.52,success,TXN-00002673,2026-08-30 09:07:00
2591,2674,CASH,462053.95,success,TXN-00002674,2026-08-20 17:49:00
2592,2675,BANK_TRANSFER,30268.03,success,TXN-00002675,2026-06-21 09:50:00
2593,2676,CASH,113120.4,success,TXN-00002676,2026-04-10 13:54:00
2594,2677,UPI,315489.76,success,TXN-00002677,2026-06-23 12:55:00
2595,2678,CASH,89886.78,success,TXN-00002678,2026-08-06 15:32:00
2596,2679,CARD,265104.0,success,TXN-00002679,2026-06-27 12:07:00
2597,2680,CASH,368661.65,success,TXN-00002680,2026-07-26 19:05:00
2598,2681,CASH,223259.74,success,TXN-00002681,2026-08-08 09:53:00
2599,2682,BANK_TRANSFER,48571.31,success,TXN-00002682,2026-08-18 12:35:00
2600,2683,CASH,87963.12,success,TXN-00002683,2026-07-05 18:11:00
2601,2684,BANK_TRANSFER,141028.32,success,TXN-00002684,2026-06-03 19:50:00
2602,2685,CARD,250115.83,success,TXN-00002685,2026-05-12 10:21:00
2603,2686,UPI,149429.47,success,TXN-00002686,2026-06-19 19:29:00
2604,2687,UPI,219929.78,success,TXN-00002687,2026-04-29 12:32:00
2605,2688,BANK_TRANSFER,179597.13,success,TXN-00002688,2026-09-05 12:00:00
2606,2689,BANK_TRANSFER,295171.81,success,TXN-00002689,2026-08-28 20:48:00
2607,2690,BANK_TRANSFER,232296.91,success,TXN-00002690,2026-07-13 12:40:00
2608,2691,BANK_TRANSFER,326499.32,success,TXN-00002691,2026-05-03 20:33:00
2609,2692,UPI,25051.86,success,TXN-00002692,2026-08-03 09:43:00
2610,2693,CARD,220600.79,success,TXN-00002693,2026-06-01 18:10:00
2611,2694,UPI,157478.69,success,TXN-00002694,2026-06-17 14:54:00
2612,2695,CASH,46979.71,success,TXN-00002695,2026-06-18 13:09:00
2613,2696,BANK_TRANSFER,226233.4,success,TXN-00002696,2026-05-30 16:42:00
2614,2697,CARD,269629.13,success,TXN-00002697,2026-04-18 17:33:00
2615,2698,CASH,110978.33,success,TXN-00002698,2026-08-11 17:17:00
2616,2699,CASH,304034.06,success,TXN-00002699,2026-04-08 20:33:00
2617,2700,BANK_TRANSFER,34954.2,success,TXN-00002700,2026-06-29 18:26:00
2618,2701,CASH,79365.13,success,TXN-00002701,2026-07-03 14:26:00
2619,2702,CARD,38210.52,success,TXN-00002702,2026-05-10 20:19:00
2620,2703,CARD,281983.89,success,TXN-00002703,2026-07-17 14:09:00
2621,2704,CASH,277256.01,success,TXN-00002704,2026-06-01 11:37:00
2622,2705,CARD,165158.28,success,TXN-00002705,2026-09-19 14:10:00
2623,2706,BANK_TRANSFER,205645.93,success,TXN-00002706,2026-07-13 20:13:00
2624,2707,CARD,457939.64,success,TXN-00002707,2026-08-30 11:59:00
2625,2708,BANK_TRANSFER,336538.8,success,TXN-00002708,2026-05-14 11:38:00
2626,2709,CASH,393029.42,success,TXN-00002709,2026-05-25 17:50:00
2627,2710,CASH,143423.54,success,TXN-00002710,2026-08-13 09:53:00
2628,2711,CASH,157253.06,success,TXN-00002711,2026-04-27 16:08:00
2629,2712,CARD,41473.19,success,TXN-00002712,2026-07-08 19:13:00
2630,2713,UPI,19222.48,success,TXN-00002713,2026-06-15 10:43:00
2631,2715,CARD,298372.05,success,TXN-00002715,2026-06-08 15:19:00
2632,2716,CASH,169831.02,success,TXN-00002716,2026-09-02 11:08:00
2633,2717,BANK_TRANSFER,212928.43,success,TXN-00002717,2026-08-27 10:38:00
2634,2718,UPI,103224.87,success,TXN-00002718,2026-05-11 19:33:00
2635,2719,BANK_TRANSFER,70078.11,success,TXN-00002719,2026-08-09 12:38:00
2636,2720,CARD,254095.74,success,TXN-00002720,2026-04-06 17:00:00
2637,2721,UPI,207029.68,success,TXN-00002721,2026-07-30 09:46:00
2638,2722,CARD,365815.76,success,TXN-00002722,2026-05-16 17:05:00
2639,2723,UPI,185751.49,success,TXN-00002723,2026-06-19 10:02:00
2640,2724,CARD,4177.83,success,TXN-00002724,2026-08-15 18:01:00
2641,2725,CARD,32353.16,success,TXN-00002725,2026-06-17 15:16:00
2642,2726,BANK_TRANSFER,162907.91,success,TXN-00002726,2026-05-08 11:00:00
2643,2727,UPI,124752.6,success,TXN-00002727,2026-09-28 19:33:00
2644,2728,CARD,408574.18,success,TXN-00002728,2026-04-02 20:43:00
2645,2730,BANK_TRANSFER,151839.81,success,TXN-00002730,2026-04-14 16:20:00
2646,2731,CARD,264056.02,success,TXN-00002731,2026-09-06 18:19:00
2647,2732,CASH,253487.83,success,TXN-00002732,2026-09-22 13:14:00
2648,2733,UPI,187225.85,success,TXN-00002733,2026-05-18 19:49:00
2649,2734,CARD,134740.01,success,TXN-00002734,2026-05-23 10:35:00
2650,2735,UPI,139993.8,success,TXN-00002735,2026-06-16 14:42:00
2651,2736,CARD,208614.12,success,TXN-00002736,2026-05-21 14:39:00
2652,2737,UPI,246382.39,success,TXN-00002737,2026-08-17 11:50:00
2653,2738,BANK_TRANSFER,180530.57,success,TXN-00002738,2026-06-15 18:42:00
2654,2739,BANK_TRANSFER,162383.42,success,TXN-00002739,2026-09-25 14:17:00
2655,2740,BANK_TRANSFER,367010.7,success,TXN-00002740,2026-07-16 19:03:00
2656,2741,BANK_TRANSFER,11704.07,success,TXN-00002741,2026-04-23 17:38:00
2657,2742,CASH,12256.75,success,TXN-00002742,2026-06-06 16:28:00
2658,2743,CASH,178295.42,success,TXN-00002743,2026-06-25 15:14:00
2659,2744,UPI,195530.68,success,TXN-00002744,2026-05-29 19:15:00
2660,2745,CARD,119007.39,success,TXN-00002745,2026-07-14 19:53:00
2661,2746,BANK_TRANSFER,302902.36,success,TXN-00002746,2026-09-06 18:41:00
2662,2747,BANK_TRANSFER,682597.6,success,TXN-00002747,2026-07-10 21:03:00
2663,2748,CARD,261162.91,success,TXN-00002748,2026-06-25 14:29:00
2664,2749,UPI,101433.17,success,TXN-00002749,2026-09-08 13:26:00
2665,2750,CARD,195117.51,success,TXN-00002750,2026-07-09 11:43:00
2666,2751,BANK_TRANSFER,346307.56,success,TXN-00002751,2026-04-06 12:42:00
2667,2752,UPI,4107.32,success,TXN-00002752,2026-04-20 20:01:00
2668,2753,CASH,204130.85,success,TXN-00002753,2026-05-14 12:20:00
2669,2754,CASH,181572.68,success,TXN-00002754,2026-05-16 18:56:00
2670,2755,CASH,406365.63,success,TXN-00002755,2026-08-02 17:41:00
2671,2756,BANK_TRANSFER,180428.34,success,TXN-00002756,2026-08-25 09:35:00
2672,2757,CARD,147135.7,success,TXN-00002757,2026-08-27 09:19:00
2673,2758,CARD,196546.89,success,TXN-00002758,2026-09-09 10:07:00
2674,2759,CARD,203588.37,success,TXN-00002759,2026-08-14 15:55:00
2675,2760,CARD,182258.95,success,TXN-00002760,2026-06-21 13:09:00
2676,2761,CASH,84722.54,success,TXN-00002761,2026-06-18 10:02:00
2677,2762,BANK_TRANSFER,462923.32,success,TXN-00002762,2026-04-03 18:10:00
2678,2763,CARD,380967.17,success,TXN-00002763,2026-08-12 11:36:00
2679,2764,CASH,39999.92,success,TXN-00002764,2026-06-28 20:43:00
2680,2765,CARD,196928.39,success,TXN-00002765,2026-06-18 18:00:00
2681,2766,CARD,42367.36,success,TXN-00002766,2026-06-24 18:58:00
2682,2767,BANK_TRANSFER,122401.73,success,TXN-00002767,2026-05-24 11:06:00
2683,2768,UPI,50800.98,success,TXN-00002768,2026-07-24 14:38:00
2684,2769,CARD,21787.75,success,TXN-00002769,2026-09-15 20:17:00
2685,2770,CASH,88524.85,success,TXN-00002770,2026-07-16 11:19:00
2686,2771,CARD,203206.46,success,TXN-00002771,2026-04-17 18:35:00
2687,2772,CASH,335705.47,success,TXN-00002772,2026-07-16 14:16:00
2688,2773,BANK_TRANSFER,260061.98,success,TXN-00002773,2026-09-01 20:58:00
2689,2774,CARD,377648.14,success,TXN-00002774,2026-07-01 10:19:00
2690,2775,CARD,36730.07,success,TXN-00002775,2026-09-09 19:35:00
2691,2776,UPI,181250.7,success,TXN-00002776,2026-08-27 20:15:00
2692,2777,CASH,3816.36,success,TXN-00002777,2026-08-30 16:49:00
2693,2778,CASH,32252.95,success,TXN-00002778,2026-08-18 14:44:00
2694,2779,UPI,241057.21,success,TXN-00002779,2026-05-05 17:49:00
2695,2780,UPI,49594.85,success,TXN-00002780,2026-09-03 15:25:00
2696,2781,CASH,202486.39,success,TXN-00002781,2026-04-27 18:53:00
2697,2782,BANK_TRANSFER,308624.62,success,TXN-00002782,2026-04-23 10:03:00
2698,2784,CASH,96072.59,success,TXN-00002784,2026-04-08 19:52:00
2699,2785,UPI,177572.87,success,TXN-00002785,2026-08-17 14:17:00
2700,2786,CARD,108740.89,success,TXN-00002786,2026-09-20 20:09:00
2701,2787,CASH,330950.85,success,TXN-00002787,2026-09-07 13:42:00
2702,2788,CARD,269581.34,success,TXN-00002788,2026-08-17 20:36:00
2703,2789,UPI,515270.68,success,TXN-00002789,2026-07-23 10:09:00
2704,2790,CASH,47386.85,success,TXN-00002790,2026-09-20 11:28:00
2705,2792,UPI,295603.17,success,TXN-00002792,2026-09-28 19:19:00
2706,2793,UPI,107066.6,success,TXN-00002793,2026-09-18 16:44:00
2707,2794,BANK_TRANSFER,174024.22,success,TXN-00002794,2026-05-12 09:06:00
2708,2795,BANK_TRANSFER,42670.98,success,TXN-00002795,2026-04-12 17:22:00
2709,2796,UPI,341880.47,success,TXN-00002796,2026-05-25 15:36:00
2710,2797,UPI,140219.96,success,TXN-00002797,2026-08-28 18:26:00
2711,2798,UPI,25709.18,success,TXN-00002798,2026-06-18 11:52:00
2712,2799,BANK_TRANSFER,327192.62,success,TXN-00002799,2026-06-12 13:26:00
2713,2800,CARD,91306.63,success,TXN-00002800,2026-04-05 17:42:00
2714,2801,CASH,517553.85,success,TXN-00002801,2026-07-21 20:42:00
2715,2802,BANK_TRANSFER,214733.83,success,TXN-00002802,2026-04-01 20:15:00
2716,2803,CARD,310143.04,success,TXN-00002803,2026-05-12 12:52:00
2717,2804,UPI,127895.44,success,TXN-00002804,2026-04-23 17:55:00
2718,2805,UPI,245815.51,success,TXN-00002805,2026-09-02 18:31:00
2719,2806,BANK_TRANSFER,254818.57,success,TXN-00002806,2026-09-16 18:52:00
2720,2807,UPI,57093.73,success,TXN-00002807,2026-08-23 19:35:00
2721,2808,CASH,250659.79,success,TXN-00002808,2026-07-06 12:30:00
2722,2809,CARD,256219.75,success,TXN-00002809,2026-08-25 20:17:00
2723,2810,CARD,142779.19,success,TXN-00002810,2026-09-14 18:26:00
2724,2811,UPI,29663.38,success,TXN-00002811,2026-08-08 18:51:00
2725,2812,UPI,37681.09,success,TXN-00002812,2026-07-05 13:40:00
2726,2813,BANK_TRANSFER,66014.62,success,TXN-00002813,2026-07-09 11:42:00
2727,2814,UPI,96646.54,success,TXN-00002814,2026-07-25 20:20:00
2728,2816,CASH,339032.39,success,TXN-00002816,2026-04-29 10:26:00
2729,2817,UPI,171478.92,success,TXN-00002817,2026-05-10 18:20:00
2730,2818,CARD,339764.84,success,TXN-00002818,2026-08-31 09:19:00
2731,2819,BANK_TRANSFER,325313.93,success,TXN-00002819,2026-04-19 16:28:00
2732,2820,BANK_TRANSFER,41217.06,success,TXN-00002820,2026-09-02 16:36:00
2733,2821,CASH,176951.37,success,TXN-00002821,2026-08-09 18:37:00
2734,2822,UPI,190116.21,success,TXN-00002822,2026-09-11 21:06:00
2735,2823,BANK_TRANSFER,357155.25,success,TXN-00002823,2026-08-19 09:42:00
2736,2824,UPI,377253.06,success,TXN-00002824,2026-06-14 12:06:00
2737,2825,CASH,247935.61,success,TXN-00002825,2026-08-02 12:00:00
2738,2826,BANK_TRANSFER,206527.96,success,TXN-00002826,2026-09-02 13:12:00
2739,2827,BANK_TRANSFER,439134.22,success,TXN-00002827,2026-04-03 20:12:00
2740,2828,BANK_TRANSFER,278639.77,success,TXN-00002828,2026-06-13 14:10:00
2741,2829,UPI,41491.99,success,TXN-00002829,2026-08-13 18:42:00
2742,2830,BANK_TRANSFER,207284.3,success,TXN-00002830,2026-09-06 16:16:00
2743,2831,UPI,337925.15,success,TXN-00002831,2026-04-12 09:42:00
2744,2832,UPI,164955.63,success,TXN-00002832,2026-07-26 09:11:00
2745,2833,UPI,64085.19,success,TXN-00002833,2026-04-20 17:59:00
2746,2834,CASH,340908.86,success,TXN-00002834,2026-09-05 18:01:00
2747,2835,CASH,206430.52,success,TXN-00002835,2026-05-05 19:08:00
2748,2836,BANK_TRANSFER,125737.98,success,TXN-00002836,2026-06-23 09:22:00
2749,2837,CASH,202923.89,success,TXN-00002837,2026-05-14 13:26:00
2750,2838,UPI,52501.27,success,TXN-00002838,2026-05-02 19:20:00
2751,2839,CASH,278806.12,success,TXN-00002839,2026-07-18 21:10:00
2752,2840,UPI,399451.58,success,TXN-00002840,2026-09-26 19:28:00
2753,2841,CASH,113147.01,success,TXN-00002841,2026-08-05 10:41:00
2754,2842,CARD,9766.74,success,TXN-00002842,2026-09-24 19:49:00
2755,2843,CASH,216008.05,success,TXN-00002843,2026-05-26 12:04:00
2756,2844,CARD,128841.67,success,TXN-00002844,2026-08-31 13:40:00
2757,2845,CARD,69709.02,success,TXN-00002845,2026-08-23 13:29:00
2758,2846,BANK_TRANSFER,238885.79,success,TXN-00002846,2026-08-10 11:29:00
2759,2847,UPI,114492.07,success,TXN-00002847,2026-09-04 11:18:00
2760,2848,CARD,446207.7,success,TXN-00002848,2026-04-18 14:19:00
2761,2849,CASH,40304.67,success,TXN-00002849,2026-09-15 18:43:00
2762,2850,CARD,200741.51,success,TXN-00002850,2026-07-27 16:32:00
2763,2851,BANK_TRANSFER,121979.17,success,TXN-00002851,2026-05-21 11:58:00
2764,2852,CARD,157450.48,success,TXN-00002852,2026-05-18 16:13:00
2765,2853,BANK_TRANSFER,124707.75,success,TXN-00002853,2026-08-06 13:54:00
2766,2854,CASH,427226.35,success,TXN-00002854,2026-06-26 11:55:00
2767,2855,BANK_TRANSFER,455842.62,success,TXN-00002855,2026-04-29 14:10:00
2768,2856,CARD,309752.83,success,TXN-00002856,2026-05-16 12:30:00
2769,2857,BANK_TRANSFER,112404.0,success,TXN-00002857,2026-05-15 14:22:00
2770,2858,CARD,493300.6,success,TXN-00002858,2026-09-18 12:34:00
2771,2859,CARD,300440.18,success,TXN-00002859,2026-09-26 20:00:00
2772,2860,UPI,595295.01,success,TXN-00002860,2026-05-10 10:04:00
2773,2861,CARD,348582.55,success,TXN-00002861,2026-06-30 09:59:00
2774,2862,CASH,368786.44,success,TXN-00002862,2026-06-21 16:16:00
2775,2863,CASH,171107.26,success,TXN-00002863,2026-09-16 10:49:00
2776,2864,CASH,270300.53,success,TXN-00002864,2026-05-21 09:28:00
2777,2865,CASH,119063.63,success,TXN-00002865,2026-07-12 12:27:00
2778,2866,CASH,31172.79,success,TXN-00002866,2026-08-08 15:26:00
2779,2867,CASH,275378.23,success,TXN-00002867,2026-07-19 10:11:00
2780,2868,UPI,111211.09,success,TXN-00002868,2026-06-05 16:39:00
2781,2869,CARD,137655.86,success,TXN-00002869,2026-07-21 17:41:00
2782,2870,BANK_TRANSFER,352448.16,success,TXN-00002870,2026-04-21 18:30:00
2783,2871,BANK_TRANSFER,154409.16,success,TXN-00002871,2026-04-09 17:55:00
2784,2872,UPI,91530.29,success,TXN-00002872,2026-04-21 16:39:00
2785,2873,CASH,140724.96,success,TXN-00002873,2026-08-04 19:30:00
2786,2874,BANK_TRANSFER,185658.54,success,TXN-00002874,2026-07-21 15:46:00
2787,2875,CASH,160997.57,success,TXN-00002875,2026-05-20 13:26:00
2788,2877,CASH,254045.2,success,TXN-00002877,2026-05-03 15:00:00
2789,2878,BANK_TRANSFER,55574.63,success,TXN-00002878,2026-09-18 15:46:00
2790,2879,BANK_TRANSFER,131233.23,success,TXN-00002879,2026-06-08 13:57:00
2791,2880,CARD,18633.86,success,TXN-00002880,2026-07-07 14:33:00
2792,2881,UPI,153445.63,success,TXN-00002881,2026-09-22 16:46:00
2793,2882,CARD,118073.57,success,TXN-00002882,2026-04-04 13:09:00
2794,2883,CASH,304101.73,success,TXN-00002883,2026-09-18 09:39:00
2795,2884,CARD,187347.91,success,TXN-00002884,2026-07-01 16:49:00
2796,2885,UPI,266961.94,success,TXN-00002885,2026-08-12 15:43:00
2797,2886,CASH,63860.95,success,TXN-00002886,2026-07-23 15:43:00
2798,2887,CARD,564615.47,success,TXN-00002887,2026-04-14 13:08:00
2799,2888,BANK_TRANSFER,2808.85,success,TXN-00002888,2026-08-04 15:34:00
2800,2889,CASH,194192.06,success,TXN-00002889,2026-05-29 10:30:00
2801,2890,UPI,261968.17,success,TXN-00002890,2026-04-13 09:40:00
2802,2891,BANK_TRANSFER,169980.96,success,TXN-00002891,2026-06-02 16:50:00
2803,2892,CASH,182438.89,success,TXN-00002892,2026-07-10 12:18:00
2804,2893,UPI,89422.03,success,TXN-00002893,2026-04-09 11:00:00
2805,2895,CARD,197363.75,success,TXN-00002895,2026-07-11 15:25:00
2806,2896,CARD,324109.89,success,TXN-00002896,2026-07-24 16:27:00
2807,2897,UPI,132950.5,success,TXN-00002897,2026-05-12 20:31:00
2808,2898,CARD,255262.67,success,TXN-00002898,2026-06-27 18:32:00
2809,2899,CASH,216491.93,success,TXN-00002899,2026-07-30 09:52:00
2810,2900,BANK_TRANSFER,461169.29,success,TXN-00002900,2026-06-23 12:10:00
2811,2901,CARD,159082.76,success,TXN-00002901,2026-04-01 18:22:00
2812,2902,BANK_TRANSFER,467106.61,success,TXN-00002902,2026-07-19 09:32:00
2813,2903,BANK_TRANSFER,220123.91,success,TXN-00002903,2026-09-11 12:55:00
2814,2904,CARD,423599.09,success,TXN-00002904,2026-08-16 11:02:00
2815,2905,CARD,259640.07,success,TXN-00002905,2026-08-11 14:17:00
2816,2906,BANK_TRANSFER,195347.16,success,TXN-00002906,2026-07-13 16:38:00
2817,2908,CARD,262256.16,success,TXN-00002908,2026-07-09 14:26:00
2818,2910,CASH,294446.0,success,TXN-00002910,2026-06-23 11:21:00
2819,2911,UPI,331937.11,success,TXN-00002911,2026-06-15 19:01:00
2820,2912,UPI,287730.31,success,TXN-00002912,2026-04-09 09:38:00
2821,2913,UPI,249459.22,success,TXN-00002913,2026-07-01 13:07:00
2822,2914,CASH,442559.43,success,TXN-00002914,2026-08-24 13:04:00
2823,2915,CARD,98366.19,success,TXN-00002915,2026-08-25 18:25:00
2824,2916,CARD,233673.05,success,TXN-00002916,2026-07-21 18:37:00
2825,2918,CASH,85065.02,success,TXN-00002918,2026-08-14 11:06:00
2826,2919,CASH,97885.83,success,TXN-00002919,2026-08-07 14:27:00
2827,2920,BANK_TRANSFER,355470.48,success,TXN-00002920,2026-06-07 19:09:00
2828,2921,CASH,165081.97,success,TXN-00002921,2026-06-26 15:33:00
2829,2922,UPI,163414.1,success,TXN-00002922,2026-04-03 10:36:00
2830,2923,CASH,374013.95,success,TXN-00002923,2026-09-06 10:09:00
2831,2924,UPI,445124.41,success,TXN-00002924,2026-05-09 19:23:00
2832,2925,CARD,47493.73,success,TXN-00002925,2026-09-20 19:22:00
2833,2926,CARD,102621.59,success,TXN-00002926,2026-09-09 17:14:00
2834,2927,BANK_TRANSFER,197085.01,success,TXN-00002927,2026-06-19 15:24:00
2835,2928,CARD,220167.61,success,TXN-00002928,2026-08-15 10:05:00
2836,2929,CASH,40327.83,success,TXN-00002929,2026-07-05 10:13:00
2837,2930,BANK_TRANSFER,118643.56,success,TXN-00002930,2026-09-10 09:33:00
2838,2931,CARD,106013.88,success,TXN-00002931,2026-04-29 16:35:00
2839,2932,CASH,171770.22,success,TXN-00002932,2026-08-16 17:43:00
2840,2933,CASH,121468.44,success,TXN-00002933,2026-09-17 12:34:00
2841,2934,CARD,144739.12,success,TXN-00002934,2026-09-13 15:09:00
2842,2935,CASH,186011.59,success,TXN-00002935,2026-05-22 10:59:00
2843,2936,BANK_TRANSFER,66152.32,success,TXN-00002936,2026-07-26 19:08:00
2844,2937,BANK_TRANSFER,296412.75,success,TXN-00002937,2026-08-12 17:26:00
2845,2938,UPI,202422.97,success,TXN-00002938,2026-08-03 14:46:00
2846,2939,UPI,85658.78,success,TXN-00002939,2026-06-20 10:40:00
2847,2940,CASH,453528.65,success,TXN-00002940,2026-07-25 10:10:00
2848,2941,BANK_TRANSFER,441769.24,success,TXN-00002941,2026-07-21 19:23:00
2849,2942,BANK_TRANSFER,266254.57,success,TXN-00002942,2026-04-02 16:25:00
2850,2943,UPI,9406.17,success,TXN-00002943,2026-08-31 15:40:00
2851,2944,CASH,35983.66,success,TXN-00002944,2026-05-06 17:09:00
2852,2945,CASH,21825.3,success,TXN-00002945,2026-06-27 09:38:00
2853,2947,CARD,343124.41,success,TXN-00002947,2026-05-23 16:26:00
2854,2948,CASH,221550.67,success,TXN-00002948,2026-05-07 11:30:00
2855,2949,UPI,341443.31,success,TXN-00002949,2026-09-05 18:50:00
2856,2950,UPI,128143.34,success,TXN-00002950,2026-09-15 20:38:00
2857,2951,CARD,81684.43,success,TXN-00002951,2026-07-17 13:59:00
2858,2952,CARD,459682.9,success,TXN-00002952,2026-05-03 17:53:00
2859,2953,CARD,278910.91,success,TXN-00002953,2026-08-02 14:09:00
2860,2954,BANK_TRANSFER,93909.12,success,TXN-00002954,2026-06-28 16:15:00
2861,2955,CASH,329106.39,success,TXN-00002955,2026-04-19 13:25:00
2862,2956,BANK_TRANSFER,225233.23,success,TXN-00002956,2026-06-27 20:33:00
2863,2957,UPI,176980.41,success,TXN-00002957,2026-06-05 16:12:00
2864,2958,CASH,176685.44,success,TXN-00002958,2026-05-06 13:07:00
2865,2959,CARD,209500.34,success,TXN-00002959,2026-05-03 11:56:00
2866,2960,UPI,246703.35,success,TXN-00002960,2026-09-13 09:38:00
2867,2961,UPI,79089.83,success,TXN-00002961,2026-05-16 15:41:00
2868,2962,CARD,33186.15,success,TXN-00002962,2026-08-23 20:18:00
2869,2963,CARD,194799.8,success,TXN-00002963,2026-06-15 14:50:00
2870,2964,CARD,407534.61,success,TXN-00002964,2026-06-12 10:05:00
2871,2965,BANK_TRANSFER,224026.14,success,TXN-00002965,2026-09-13 11:24:00
2872,2966,CASH,265121.43,success,TXN-00002966,2026-05-26 16:40:00
2873,2967,UPI,87380.85,success,TXN-00002967,2026-04-18 10:34:00
2874,2969,CASH,417683.24,success,TXN-00002969,2026-08-25 15:27:00
2875,2970,CASH,284461.94,success,TXN-00002970,2026-04-26 11:48:00
2876,2971,CARD,74593.26,success,TXN-00002971,2026-09-18 11:11:00
2877,2972,CASH,104622.85,success,TXN-00002972,2026-05-17 11:52:00
2878,2973,BANK_TRANSFER,108063.11,success,TXN-00002973,2026-06-12 20:57:00
2879,2974,UPI,213381.66,success,TXN-00002974,2026-04-26 18:01:00
2880,2975,CASH,388429.0,success,TXN-00002975,2026-04-26 19:49:00
2881,2976,CARD,201630.13,success,TXN-00002976,2026-08-01 14:46:00
2882,2977,UPI,102604.76,success,TXN-00002977,2026-07-23 14:18:00
2883,2978,UPI,262701.35,success,TXN-00002978,2026-06-14 17:55:00
2884,2979,CASH,159600.83,success,TXN-00002979,2026-04-20 15:03:00
2885,2980,BANK_TRANSFER,122742.93,success,TXN-00002980,2026-09-11 11:38:00
2886,2981,CASH,119515.37,success,TXN-00002981,2026-06-05 18:55:00
2887,2982,BANK_TRANSFER,120701.89,success,TXN-00002982,2026-05-07 13:16:00
2888,2983,CARD,46467.09,success,TXN-00002983,2026-07-25 14:21:00
2889,2984,UPI,350772.71,success,TXN-00002984,2026-04-27 09:49:00
2890,2985,CARD,545212.27,success,TXN-00002985,2026-06-20 13:13:00
2891,2986,CASH,498914.54,success,TXN-00002986,2026-05-27 11:51:00
2892,2987,UPI,172030.21,success,TXN-00002987,2026-06-18 20:56:00
2893,2988,UPI,309407.26,success,TXN-00002988,2026-05-11 17:59:00
2894,2989,CARD,46683.29,success,TXN-00002989,2026-04-12 15:46:00
2895,2990,CARD,121285.72,success,TXN-00002990,2026-05-18 09:10:00
2896,2991,CARD,62293.66,success,TXN-00002991,2026-05-21 10:11:00
2897,2992,CARD,301326.63,success,TXN-00002992,2026-07-30 12:39:00
2898,2993,UPI,399607.97,success,TXN-00002993,2026-07-14 14:16:00
2899,2994,UPI,185283.0,success,TXN-00002994,2026-08-23 18:43:00
2900,2995,UPI,144252.02,success,TXN-00002995,2026-04-02 17:42:00
2901,2996,CASH,208650.34,success,TXN-00002996,2026-07-15 12:59:00
2902,2997,CARD,336608.48,success,TXN-00002997,2026-05-14 16:28:00
2903,2998,BANK_TRANSFER,285701.97,success,TXN-00002998,2026-04-15 18:17:00
2904,2999,CARD,40799.02,success,TXN-00002999,2026-06-25 18:34:00
2905,3000,CARD,550216.13,success,TXN-00003000,2026-07-20 12:26:00
2906,3001,CASH,148714.26,success,TXN-00003001,2026-04-26 10:13:00
2907,3002,UPI,287363.82,success,TXN-00003002,2026-04-14 10:36:00
2908,3003,UPI,160792.88,success,TXN-00003003,2026-06-02 14:40:00
2909,3004,UPI,221639.87,success,TXN-00003004,2026-08-14 19:36:00
2910,3005,UPI,5866.06,success,TXN-00003005,2026-04-01 19:58:00
2911,3006,CARD,216564.77,success,TXN-00003006,2026-09-09 11:19:00
2912,3007,BANK_TRANSFER,44726.94,success,TXN-00003007,2026-06-16 19:16:00
2913,3008,UPI,45879.01,success,TXN-00003008,2026-06-10 14:07:00
2914,3009,CARD,269355.13,success,TXN-00003009,2026-07-23 16:20:00
2915,3010,CASH,309698.97,success,TXN-00003010,2026-08-14 14:05:00
2916,3011,CASH,92429.1,success,TXN-00003011,2026-05-27 18:45:00
2917,3012,BANK_TRANSFER,56084.68,success,TXN-00003012,2026-09-27 12:03:00
2918,3013,UPI,157731.13,success,TXN-00003013,2026-09-26 18:15:00
2919,3014,UPI,234415.82,success,TXN-00003014,2026-05-11 15:23:00
2920,3015,UPI,422468.46,success,TXN-00003015,2026-08-05 09:18:00
2921,3016,BANK_TRANSFER,502685.21,success,TXN-00003016,2026-06-28 19:09:00
2922,3017,CARD,59332.82,success,TXN-00003017,2026-05-02 20:45:00
2923,3018,CARD,366631.42,success,TXN-00003018,2026-04-02 09:42:00
2924,3019,BANK_TRANSFER,177012.51,success,TXN-00003019,2026-08-04 10:12:00
2925,3020,CASH,396326.9,success,TXN-00003020,2026-05-05 16:07:00
2926,3021,CASH,250985.12,success,TXN-00003021,2026-04-26 15:21:00
2927,3022,CASH,146965.29,success,TXN-00003022,2026-07-30 09:37:00
2928,3023,CASH,272893.5,success,TXN-00003023,2026-08-15 11:01:00
2929,3024,UPI,149251.01,success,TXN-00003024,2026-05-14 09:36:00
2930,3025,UPI,346765.84,success,TXN-00003025,2026-07-09 11:36:00
2931,3027,CASH,205350.61,success,TXN-00003027,2026-09-01 15:48:00
2932,3028,UPI,314748.0,success,TXN-00003028,2026-07-29 09:43:00
2933,3029,BANK_TRANSFER,55941.28,success,TXN-00003029,2026-07-26 19:06:00
2934,3030,CASH,264807.21,success,TXN-00003030,2026-07-05 20:46:00
2935,3031,CARD,76406.17,success,TXN-00003031,2026-08-22 12:57:00
2936,3032,CARD,29950.53,success,TXN-00003032,2026-04-08 19:37:00
2937,3033,UPI,306709.78,success,TXN-00003033,2026-07-03 16:00:00
2938,3034,CARD,116265.67,success,TXN-00003034,2026-07-31 20:08:00
2939,3035,BANK_TRANSFER,401185.75,success,TXN-00003035,2026-06-01 13:32:00
2940,3036,BANK_TRANSFER,224397.15,success,TXN-00003036,2026-06-12 18:25:00
2941,3037,CASH,201454.38,success,TXN-00003037,2026-08-24 15:19:00
2942,3038,UPI,36548.67,success,TXN-00003038,2026-05-15 12:10:00
2943,3039,CARD,10377.65,success,TXN-00003039,2026-04-30 14:37:00
2944,3040,UPI,294196.56,success,TXN-00003040,2026-09-05 18:07:00
2945,3041,CARD,438812.65,success,TXN-00003041,2026-06-29 18:38:00
2946,3042,CARD,45725.95,success,TXN-00003042,2026-08-03 17:34:00
2947,3043,CARD,375885.94,success,TXN-00003043,2026-05-25 19:15:00
2948,3044,BANK_TRANSFER,322247.27,success,TXN-00003044,2026-05-17 13:03:00
2949,3045,CASH,146212.18,success,TXN-00003045,2026-06-20 17:29:00
2950,3046,UPI,88642.54,success,TXN-00003046,2026-04-16 15:52:00
2951,3047,CARD,211004.28,success,TXN-00003047,2026-07-18 13:28:00
2952,3048,UPI,37587.65,success,TXN-00003048,2026-05-06 20:18:00
2953,3049,CARD,38604.88,success,TXN-00003049,2026-04-21 11:29:00
2954,3050,BANK_TRANSFER,67312.58,success,TXN-00003050,2026-05-24 15:48:00
2955,3051,UPI,27993.1,success,TXN-00003051,2026-09-05 10:04:00
2956,3052,CARD,251917.15,success,TXN-00003052,2026-07-28 17:52:00
2957,3053,UPI,74256.28,success,TXN-00003053,2026-09-17 15:11:00
2958,3054,CARD,223498.24,success,TXN-00003054,2026-06-27 19:03:00
2959,3055,CASH,313985.08,success,TXN-00003055,2026-05-23 09:40:00
2960,3056,BANK_TRANSFER,27900.27,success,TXN-00003056,2026-09-02 16:30:00
2961,3057,CARD,159098.75,success,TXN-00003057,2026-04-30 19:21:00
2962,3058,CASH,46008.87,success,TXN-00003058,2026-06-13 14:49:00
2963,3059,BANK_TRANSFER,186897.49,success,TXN-00003059,2026-05-19 19:38:00
2964,3060,UPI,51390.3,success,TXN-00003060,2026-06-03 15:45:00
2965,3061,BANK_TRANSFER,172281.2,success,TXN-00003061,2026-09-17 20:16:00
2966,3062,CASH,180675.42,success,TXN-00003062,2026-08-16 11:24:00
2967,3063,CARD,192727.73,success,TXN-00003063,2026-07-18 15:23:00
2968,3064,CASH,360652.36,success,TXN-00003064,2026-06-22 09:49:00
2969,3065,CASH,182294.06,success,TXN-00003065,2026-06-27 09:30:00
2970,3066,CASH,146309.11,success,TXN-00003066,2026-07-19 19:06:00
2971,3067,CASH,106846.5,success,TXN-00003067,2026-05-13 20:48:00
2972,3068,CARD,177786.4,success,TXN-00003068,2026-07-31 12:53:00
2973,3069,BANK_TRANSFER,24134.63,success,TXN-00003069,2026-05-31 13:33:00
2974,3070,UPI,33523.46,success,TXN-00003070,2026-07-21 10:19:00
2975,3071,BANK_TRANSFER,57113.19,success,TXN-00003071,2026-06-08 17:08:00
2976,3072,CARD,265634.69,success,TXN-00003072,2026-06-21 20:26:00
2977,3073,CASH,222320.82,success,TXN-00003073,2026-08-20 11:35:00
2978,3074,BANK_TRANSFER,161567.27,success,TXN-00003074,2026-06-19 11:47:00
2979,3075,BANK_TRANSFER,374919.87,success,TXN-00003075,2026-04-10 10:09:00
2980,3076,CARD,373405.56,success,TXN-00003076,2026-07-17 20:56:00
2981,3077,CASH,221195.03,success,TXN-00003077,2026-04-23 20:20:00
2982,3078,CARD,347782.34,success,TXN-00003078,2026-04-25 17:49:00
2983,3079,CASH,117769.75,success,TXN-00003079,2026-08-24 19:00:00
2984,3080,CARD,159379.72,success,TXN-00003080,2026-07-13 19:45:00
2985,3081,BANK_TRANSFER,89478.66,success,TXN-00003081,2026-05-12 17:09:00
2986,3082,BANK_TRANSFER,147788.29,success,TXN-00003082,2026-05-28 13:27:00
2987,3083,UPI,140645.62,success,TXN-00003083,2026-09-08 18:13:00
2988,3084,CASH,173602.13,success,TXN-00003084,2026-06-03 19:46:00
2989,3085,BANK_TRANSFER,280662.32,success,TXN-00003085,2026-07-17 13:30:00
2990,3086,CARD,89521.25,success,TXN-00003086,2026-09-09 18:33:00
2991,3087,BANK_TRANSFER,289534.22,success,TXN-00003087,2026-05-02 18:53:00
2992,3088,UPI,134456.61,success,TXN-00003088,2026-06-15 17:48:00
2993,3089,CARD,118658.07,success,TXN-00003089,2026-07-15 17:17:00
2994,3090,CASH,332447.74,success,TXN-00003090,2026-04-24 19:55:00
2995,3091,UPI,193735.28,success,TXN-00003091,2026-07-02 11:11:00
2996,3092,UPI,100934.0,success,TXN-00003092,2026-08-06 16:06:00
2997,3093,UPI,14704.19,success,TXN-00003093,2026-05-03 13:02:00
2998,3094,CASH,424184.12,success,TXN-00003094,2026-07-26 10:07:00
2999,3095,BANK_TRANSFER,193874.45,success,TXN-00003095,2026-07-16 11:55:00
3000,3096,UPI,243264.14,success,TXN-00003096,2026-09-06 10:37:00
3001,3097,UPI,266634.77,success,TXN-00003097,2026-04-27 17:46:00
3002,3098,CASH,111199.37,success,TXN-00003098,2026-06-16 14:29:00
3003,3099,BANK_TRANSFER,86398.49,success,TXN-00003099,2026-09-15 15:36:00
3004,3100,CASH,62121.08,success,TXN-00003100,2026-06-15 13:28:00
3005,3101,UPI,250621.48,success,TXN-00003101,2026-07-21 18:49:00
3006,3102,CASH,183272.83,success,TXN-00003102,2026-04-07 18:22:00
3007,3103,BANK_TRANSFER,254763.93,success,TXN-00003103,2026-05-23 12:21:00
3008,3104,BANK_TRANSFER,183447.3,success,TXN-00003104,2026-05-11 19:06:00
3009,3105,UPI,168888.77,success,TXN-00003105,2026-08-20 15:40:00
3010,3106,CARD,150458.49,success,TXN-00003106,2026-07-03 10:34:00
3011,3107,BANK_TRANSFER,45297.13,success,TXN-00003107,2026-05-02 13:10:00
3012,3108,BANK_TRANSFER,81760.82,success,TXN-00003108,2026-09-26 19:19:00
3013,3109,CARD,214323.46,success,TXN-00003109,2026-08-16 19:25:00
3014,3111,CASH,123794.43,success,TXN-00003111,2026-08-10 20:21:00
3015,3112,UPI,107523.84,success,TXN-00003112,2026-06-06 16:19:00
3016,3113,CARD,75713.38,success,TXN-00003113,2026-06-16 20:05:00
3017,3114,UPI,312274.43,success,TXN-00003114,2026-06-16 14:06:00
3018,3115,BANK_TRANSFER,161960.43,success,TXN-00003115,2026-07-19 15:15:00
3019,3116,BANK_TRANSFER,206090.43,success,TXN-00003116,2026-07-31 11:39:00
3020,3117,CASH,136286.58,success,TXN-00003117,2026-08-07 18:22:00
3021,3118,CARD,173462.03,success,TXN-00003118,2026-06-28 19:22:00
3022,3119,BANK_TRANSFER,152496.93,success,TXN-00003119,2026-07-02 16:52:00
3023,3120,UPI,313141.55,success,TXN-00003120,2026-08-02 17:24:00
3024,3121,BANK_TRANSFER,82454.34,success,TXN-00003121,2026-07-01 11:12:00
3025,3122,UPI,138701.46,success,TXN-00003122,2026-04-29 11:14:00
3026,3123,CASH,343158.26,success,TXN-00003123,2026-09-02 18:49:00
3027,3124,CASH,175986.23,success,TXN-00003124,2026-08-03 11:10:00
3028,3125,CARD,153706.91,success,TXN-00003125,2026-07-30 11:30:00
3029,3126,BANK_TRANSFER,106127.48,success,TXN-00003126,2026-04-29 10:32:00
3030,3127,UPI,223461.27,success,TXN-00003127,2026-07-31 12:33:00
3031,3128,UPI,229694.64,success,TXN-00003128,2026-04-30 10:21:00
3032,3129,CASH,52220.78,success,TXN-00003129,2026-09-15 19:33:00
3033,3130,UPI,122057.77,success,TXN-00003130,2026-08-31 12:21:00
3034,3131,UPI,626283.0,success,TXN-00003131,2026-05-19 10:46:00
3035,3132,UPI,192399.16,success,TXN-00003132,2026-08-11 10:21:00
3036,3133,CASH,291948.78,success,TXN-00003133,2026-08-06 14:06:00
3037,3134,CARD,67171.82,success,TXN-00003134,2026-07-28 17:12:00
3038,3135,CARD,78742.73,success,TXN-00003135,2026-07-28 09:51:00
3039,3136,UPI,287324.26,success,TXN-00003136,2026-09-13 20:47:00
3040,3137,CASH,199439.1,success,TXN-00003137,2026-06-28 18:47:00
3041,3138,CASH,337324.09,success,TXN-00003138,2026-04-18 19:50:00
3042,3139,CARD,248364.6,success,TXN-00003139,2026-06-03 17:58:00
3043,3140,CASH,119759.35,success,TXN-00003140,2026-06-22 16:39:00
3044,3141,BANK_TRANSFER,559.58,success,TXN-00003141,2026-08-09 10:09:00
3045,3142,CARD,302143.63,success,TXN-00003142,2026-09-03 19:19:00
3046,3143,UPI,43294.77,success,TXN-00003143,2026-06-25 19:56:00
3047,3144,CARD,214725.45,success,TXN-00003144,2026-06-10 20:36:00
3048,3145,CARD,209690.56,success,TXN-00003145,2026-08-21 16:25:00
3049,3146,CARD,162060.89,success,TXN-00003146,2026-09-28 18:32:00
3050,3147,CASH,243997.23,success,TXN-00003147,2026-08-20 20:54:00
3051,3148,CASH,48618.44,success,TXN-00003148,2026-08-18 13:17:00
3052,3149,CASH,104762.23,success,TXN-00003149,2026-07-21 20:28:00
3053,3150,CARD,31113.15,success,TXN-00003150,2026-06-28 19:01:00
3054,3151,UPI,205313.96,success,TXN-00003151,2026-06-19 12:16:00
3055,3152,BANK_TRANSFER,74820.06,success,TXN-00003152,2026-09-05 11:42:00
3056,3153,CARD,37318.83,success,TXN-00003153,2026-09-10 20:47:00
3057,3154,BANK_TRANSFER,324857.24,success,TXN-00003154,2026-09-04 10:24:00
3058,3155,UPI,195183.48,success,TXN-00003155,2026-05-22 18:09:00
3059,3156,CASH,113129.22,success,TXN-00003156,2026-07-28 17:01:00
3060,3157,BANK_TRANSFER,180132.39,success,TXN-00003157,2026-06-06 19:03:00
3061,3158,CASH,244555.73,success,TXN-00003158,2026-05-12 12:51:00
3062,3159,UPI,171705.11,success,TXN-00003159,2026-06-07 11:16:00
3063,3160,UPI,109442.56,success,TXN-00003160,2026-07-13 14:09:00
3064,3161,CARD,80493.29,success,TXN-00003161,2026-09-11 19:22:00
3065,3162,UPI,78043.29,success,TXN-00003162,2026-04-14 20:47:00
3066,3163,BANK_TRANSFER,290032.43,success,TXN-00003163,2026-07-23 13:04:00
3067,3164,CASH,251787.74,success,TXN-00003164,2026-07-30 20:51:00
3068,3165,CASH,151589.09,success,TXN-00003165,2026-05-23 19:13:00
3069,3167,BANK_TRANSFER,173583.45,success,TXN-00003167,2026-08-20 18:35:00
3070,3168,UPI,82310.25,success,TXN-00003168,2026-08-19 11:55:00
3071,3169,CASH,93671.89,success,TXN-00003169,2026-06-23 21:24:00
3072,3170,BANK_TRANSFER,339107.21,success,TXN-00003170,2026-05-12 14:24:00
3073,3171,CASH,492383.35,success,TXN-00003171,2026-09-09 10:46:00
3074,3172,BANK_TRANSFER,268290.3,success,TXN-00003172,2026-05-10 16:21:00
3075,3173,CARD,122681.27,success,TXN-00003173,2026-04-08 16:04:00
3076,3174,CARD,98251.41,success,TXN-00003174,2026-06-05 10:56:00
3077,3176,CASH,134496.48,success,TXN-00003176,2026-08-22 18:19:00
3078,3177,UPI,120859.11,success,TXN-00003177,2026-07-01 13:32:00
3079,3178,CARD,149893.59,success,TXN-00003178,2026-08-26 15:13:00
3080,3179,BANK_TRANSFER,112467.03,success,TXN-00003179,2026-09-09 18:30:00
3081,3180,CASH,271425.01,success,TXN-00003180,2026-04-03 18:48:00
3082,3181,UPI,166937.56,success,TXN-00003181,2026-07-23 14:02:00
3083,3182,CASH,53568.65,success,TXN-00003182,2026-07-05 11:35:00
3084,3183,CARD,64469.86,success,TXN-00003183,2026-07-14 19:38:00
3085,3184,UPI,4436.14,success,TXN-00003184,2026-09-18 10:38:00
3086,3185,CASH,14451.88,success,TXN-00003185,2026-06-06 21:04:00
3087,3186,CARD,12540.6,success,TXN-00003186,2026-08-07 09:20:00
3088,3187,CASH,8146.24,success,TXN-00003187,2026-04-07 20:46:00
3089,3188,CASH,249958.35,success,TXN-00003188,2026-09-25 13:37:00
3090,3189,CARD,90856.87,success,TXN-00003189,2026-07-21 19:03:00
3091,3190,UPI,274233.25,success,TXN-00003190,2026-04-07 18:19:00
3092,3191,CARD,34788.45,success,TXN-00003191,2026-09-27 18:47:00
3093,3192,CASH,285583.96,success,TXN-00003192,2026-09-25 11:50:00
3094,3193,BANK_TRANSFER,89711.09,success,TXN-00003193,2026-09-11 10:14:00
3095,3194,CASH,107594.01,success,TXN-00003194,2026-06-08 15:47:00
3096,3195,BANK_TRANSFER,119281.14,success,TXN-00003195,2026-05-15 21:25:00
3097,3196,CARD,40642.57,success,TXN-00003196,2026-08-13 19:49:00
3098,3197,CASH,259166.08,success,TXN-00003197,2026-08-07 20:42:00
3099,3199,CASH,121603.67,success,TXN-00003199,2026-06-07 13:31:00
3100,3200,CARD,46516.43,success,TXN-00003200,2026-07-22 13:55:00
3101,3201,CARD,294419.86,success,TXN-00003201,2026-07-21 20:53:00
3102,3202,CASH,129709.84,success,TXN-00003202,2026-08-29 09:33:00
3103,3203,CASH,220000.62,success,TXN-00003203,2026-04-27 18:16:00
3104,3204,CASH,217320.81,success,TXN-00003204,2026-05-05 16:31:00
3105,3205,UPI,115795.53,success,TXN-00003205,2026-06-15 16:41:00
3106,3206,CARD,124305.54,success,TXN-00003206,2026-07-12 16:48:00
3107,3207,UPI,92231.94,success,TXN-00003207,2026-08-15 17:17:00
3108,3208,CARD,150190.97,success,TXN-00003208,2026-05-29 18:09:00
3109,3209,UPI,12607.59,success,TXN-00003209,2026-08-25 15:15:00
3110,3210,UPI,265742.08,success,TXN-00003210,2026-07-03 19:08:00
3111,3211,BANK_TRANSFER,271144.93,success,TXN-00003211,2026-07-19 17:03:00
3112,3212,CASH,42936.9,success,TXN-00003212,2026-06-10 18:26:00
3113,3213,BANK_TRANSFER,223209.97,success,TXN-00003213,2026-05-15 14:51:00
3114,3214,BANK_TRANSFER,122228.77,success,TXN-00003214,2026-07-05 11:35:00
3115,3215,CASH,34409.18,success,TXN-00003215,2026-07-28 17:01:00
3116,3216,BANK_TRANSFER,637638.98,success,TXN-00003216,2026-04-16 18:49:00
3117,3217,CARD,215924.83,success,TXN-00003217,2026-04-05 14:39:00
3118,3219,CASH,174541.12,success,TXN-00003219,2026-07-04 13:52:00
3119,3220,CASH,80689.07,success,TXN-00003220,2026-04-20 16:24:00
3120,3221,CARD,482355.05,success,TXN-00003221,2026-05-26 16:44:00
3121,3222,UPI,242452.9,success,TXN-00003222,2026-04-22 12:17:00
3122,3223,UPI,246743.22,success,TXN-00003223,2026-07-17 12:00:00
3123,3224,BANK_TRANSFER,173597.45,success,TXN-00003224,2026-08-23 10:48:00
3124,3225,UPI,85108.9,success,TXN-00003225,2026-05-20 10:38:00
3125,3226,UPI,77782.31,success,TXN-00003226,2026-09-22 18:11:00
3126,3227,CARD,260848.17,success,TXN-00003227,2026-06-09 19:10:00
3127,3228,CASH,402480.14,success,TXN-00003228,2026-04-26 10:13:00
3128,3229,CARD,67790.45,success,TXN-00003229,2026-05-11 11:52:00
3129,3230,CARD,242707.59,success,TXN-00003230,2026-06-21 17:27:00
3130,3231,BANK_TRANSFER,309983.97,success,TXN-00003231,2026-04-21 15:25:00
3131,3232,CASH,151249.21,success,TXN-00003232,2026-07-12 10:36:00
3132,3233,CARD,64192.72,success,TXN-00003233,2026-06-09 18:23:00
3133,3234,UPI,216125.87,success,TXN-00003234,2026-08-03 14:12:00
3134,3235,CASH,45517.65,success,TXN-00003235,2026-07-22 11:40:00
3135,3236,UPI,443954.16,success,TXN-00003236,2026-06-04 16:57:00
3136,3237,BANK_TRANSFER,149522.26,success,TXN-00003237,2026-07-13 14:11:00
3137,3238,CASH,234192.08,success,TXN-00003238,2026-09-11 16:56:00
3138,3239,BANK_TRANSFER,177998.05,success,TXN-00003239,2026-08-17 14:57:00
3139,3240,UPI,110133.84,success,TXN-00003240,2026-07-08 11:38:00
3140,3241,CARD,204049.72,success,TXN-00003241,2026-07-12 19:33:00
3141,3242,BANK_TRANSFER,209042.42,success,TXN-00003242,2026-06-03 19:23:00
3142,3243,BANK_TRANSFER,97014.47,success,TXN-00003243,2026-06-06 16:52:00
3143,3244,UPI,150798.15,success,TXN-00003244,2026-08-22 09:57:00
3144,3245,BANK_TRANSFER,100379.41,success,TXN-00003245,2026-08-25 10:51:00
3145,3246,UPI,91532.15,success,TXN-00003246,2026-04-30 15:14:00
3146,3247,BANK_TRANSFER,10982.39,success,TXN-00003247,2026-06-15 13:34:00
3147,3248,BANK_TRANSFER,386602.33,success,TXN-00003248,2026-06-22 09:39:00
3148,3249,BANK_TRANSFER,202912.86,success,TXN-00003249,2026-09-11 12:50:00
3149,3250,CASH,143933.27,success,TXN-00003250,2026-08-14 15:23:00
3150,3251,CASH,178221.7,success,TXN-00003251,2026-04-17 19:57:00
3151,3252,CARD,134729.76,success,TXN-00003252,2026-09-07 13:33:00
3152,3253,UPI,258316.07,success,TXN-00003253,2026-09-09 16:30:00
3153,3254,UPI,501289.16,success,TXN-00003254,2026-07-14 17:55:00
3154,3255,CARD,18945.43,success,TXN-00003255,2026-04-25 16:25:00
3155,3256,BANK_TRANSFER,118020.44,success,TXN-00003256,2026-08-25 09:34:00
3156,3257,BANK_TRANSFER,429421.37,success,TXN-00003257,2026-08-13 20:25:00
3157,3258,CARD,188828.96,success,TXN-00003258,2026-06-03 11:51:00
3158,3259,UPI,181462.52,success,TXN-00003259,2026-07-18 12:27:00
3159,3260,UPI,85665.81,success,TXN-00003260,2026-09-02 15:10:00
3160,3261,CARD,39218.63,success,TXN-00003261,2026-06-09 12:40:00
3161,3262,CASH,160030.84,success,TXN-00003262,2026-08-27 16:06:00
3162,3263,BANK_TRANSFER,209890.6,success,TXN-00003263,2026-06-23 18:09:00
3163,3264,CARD,174906.73,success,TXN-00003264,2026-05-07 18:36:00
3164,3265,CARD,352928.22,success,TXN-00003265,2026-07-08 10:01:00
3165,3266,CARD,167861.19,success,TXN-00003266,2026-08-06 16:52:00
3166,3267,BANK_TRANSFER,233974.55,success,TXN-00003267,2026-08-04 14:51:00
3167,3268,CASH,276326.11,success,TXN-00003268,2026-05-07 17:13:00
3168,3269,BANK_TRANSFER,207249.99,success,TXN-00003269,2026-09-21 20:59:00
3169,3270,UPI,58197.71,success,TXN-00003270,2026-06-30 15:09:00
3170,3271,UPI,11181.11,success,TXN-00003271,2026-09-03 16:12:00
3171,3272,CARD,20114.95,success,TXN-00003272,2026-05-03 18:50:00
3172,3274,BANK_TRANSFER,42833.55,success,TXN-00003274,2026-06-08 12:24:00
3173,3275,BANK_TRANSFER,187805.42,success,TXN-00003275,2026-05-04 19:27:00
3174,3276,UPI,58789.75,success,TXN-00003276,2026-05-17 13:02:00
3175,3277,UPI,109808.05,success,TXN-00003277,2026-05-23 10:54:00
3176,3278,CASH,78298.24,success,TXN-00003278,2026-07-26 09:42:00
3177,3279,BANK_TRANSFER,67516.14,success,TXN-00003279,2026-06-15 14:40:00
3178,3280,BANK_TRANSFER,219567.95,success,TXN-00003280,2026-06-05 10:19:00
3179,3281,UPI,173995.62,success,TXN-00003281,2026-05-04 20:02:00
3180,3282,UPI,379752.4,success,TXN-00003282,2026-04-06 17:02:00
3181,3283,UPI,351475.03,success,TXN-00003283,2026-06-25 11:56:00
3182,3285,CARD,326654.83,success,TXN-00003285,2026-05-29 16:21:00
3183,3286,CARD,189252.26,success,TXN-00003286,2026-05-27 14:18:00
3184,3287,CARD,278442.9,success,TXN-00003287,2026-04-29 13:23:00
3185,3288,BANK_TRANSFER,98232.04,success,TXN-00003288,2026-06-18 10:01:00
3186,3289,BANK_TRANSFER,4432.33,success,TXN-00003289,2026-05-24 15:01:00
3187,3290,BANK_TRANSFER,234918.26,success,TXN-00003290,2026-07-06 15:54:00
3188,3291,CASH,251386.12,success,TXN-00003291,2026-05-27 21:00:00
3189,3292,BANK_TRANSFER,307277.58,success,TXN-00003292,2026-05-24 10:49:00
3190,3293,BANK_TRANSFER,328242.66,success,TXN-00003293,2026-07-28 16:13:00
3191,3294,CASH,140509.39,success,TXN-00003294,2026-07-18 16:57:00
3192,3295,CASH,67081.14,success,TXN-00003295,2026-06-17 19:54:00
3193,3296,BANK_TRANSFER,266648.86,success,TXN-00003296,2026-08-24 15:54:00
3194,3297,CARD,53984.18,success,TXN-00003297,2026-05-23 18:07:00
3195,3298,BANK_TRANSFER,67278.69,success,TXN-00003298,2026-06-26 19:56:00
3196,3299,UPI,352548.8,success,TXN-00003299,2026-07-24 17:44:00
3197,3300,UPI,242348.82,success,TXN-00003300,2026-04-30 14:44:00
3198,3302,CASH,45109.86,success,TXN-00003302,2026-08-07 18:49:00
3199,3303,CASH,294696.06,success,TXN-00003303,2026-04-08 13:43:00
3200,3304,BANK_TRANSFER,81956.31,success,TXN-00003304,2026-08-20 15:36:00
3201,3305,BANK_TRANSFER,267436.18,success,TXN-00003305,2026-07-02 18:56:00
3202,3306,BANK_TRANSFER,349544.58,success,TXN-00003306,2026-08-06 09:47:00
3203,3307,CARD,217567.58,success,TXN-00003307,2026-07-20 12:19:00
3204,3308,CASH,242903.87,success,TXN-00003308,2026-04-12 10:53:00
3205,3309,CARD,73281.17,success,TXN-00003309,2026-05-29 19:51:00
3206,3310,BANK_TRANSFER,202500.54,success,TXN-00003310,2026-09-09 14:49:00
3207,3311,CARD,206796.4,success,TXN-00003311,2026-08-16 17:14:00
3208,3312,UPI,57543.59,success,TXN-00003312,2026-09-06 11:58:00
3209,3313,CASH,277518.78,success,TXN-00003313,2026-04-08 14:01:00
3210,3314,UPI,182779.0,success,TXN-00003314,2026-09-01 12:07:00
3211,3315,BANK_TRANSFER,94952.58,success,TXN-00003315,2026-09-11 11:18:00
3212,3316,CARD,46904.42,success,TXN-00003316,2026-06-01 18:01:00
3213,3317,BANK_TRANSFER,200237.38,success,TXN-00003317,2026-05-31 15:50:00
3214,3318,CARD,112655.53,success,TXN-00003318,2026-04-29 19:10:00
3215,3319,CARD,283117.69,success,TXN-00003319,2026-09-06 17:08:00
3216,3320,CARD,14735.12,success,TXN-00003320,2026-07-22 17:25:00
3217,3321,CARD,99192.8,success,TXN-00003321,2026-06-26 12:38:00
3218,3322,UPI,42706.45,success,TXN-00003322,2026-09-19 19:13:00
3219,3323,CARD,221551.78,success,TXN-00003323,2026-08-30 16:53:00
3220,3324,BANK_TRANSFER,624347.43,success,TXN-00003324,2026-05-11 15:58:00
3221,3325,BANK_TRANSFER,416553.06,success,TXN-00003325,2026-08-29 16:41:00
3222,3326,UPI,47553.4,success,TXN-00003326,2026-05-01 15:23:00
3223,3327,CASH,41580.07,success,TXN-00003327,2026-08-23 09:45:00
3224,3328,BANK_TRANSFER,142344.19,success,TXN-00003328,2026-04-04 13:26:00
3225,3329,UPI,128718.25,success,TXN-00003329,2026-05-03 15:42:00
3226,3330,CASH,344325.54,success,TXN-00003330,2026-05-26 17:03:00
3227,3331,CASH,4310.3,success,TXN-00003331,2026-08-08 16:21:00
3228,3332,CASH,24838.99,success,TXN-00003332,2026-06-17 19:13:00
3229,3333,CASH,158810.24,success,TXN-00003333,2026-06-15 20:32:00
3230,3334,UPI,210742.26,success,TXN-00003334,2026-09-17 17:46:00
3231,3335,CASH,134769.82,success,TXN-00003335,2026-04-17 18:52:00
3232,3336,CASH,48151.71,success,TXN-00003336,2026-09-16 10:19:00
3233,3337,UPI,74839.57,success,TXN-00003337,2026-08-31 14:13:00
3234,3338,BANK_TRANSFER,236860.37,success,TXN-00003338,2026-05-13 09:28:00
3235,3339,BANK_TRANSFER,107047.67,success,TXN-00003339,2026-04-08 17:53:00
3236,3340,CASH,214480.86,success,TXN-00003340,2026-07-02 12:46:00
3237,3341,UPI,257961.42,success,TXN-00003341,2026-05-18 19:28:00
3238,3342,CASH,232489.61,success,TXN-00003342,2026-09-11 09:39:00
3239,3343,UPI,56766.46,success,TXN-00003343,2026-04-21 19:56:00
3240,3344,CARD,226917.02,success,TXN-00003344,2026-08-15 20:48:00
3241,3345,CASH,50137.27,success,TXN-00003345,2026-05-21 19:09:00
3242,3346,CARD,159367.94,success,TXN-00003346,2026-05-30 09:41:00
3243,3347,CARD,52663.52,success,TXN-00003347,2026-06-14 12:35:00
3244,3348,CARD,274102.53,success,TXN-00003348,2026-09-12 13:10:00
3245,3349,CARD,242152.5,success,TXN-00003349,2026-06-26 14:31:00
3246,3350,CARD,466690.99,success,TXN-00003350,2026-07-07 12:29:00
3247,3351,BANK_TRANSFER,32851.41,success,TXN-00003351,2026-05-10 11:53:00
3248,3352,UPI,213637.45,success,TXN-00003352,2026-07-07 14:30:00
3249,3353,CARD,122579.31,success,TXN-00003353,2026-05-28 16:50:00
3250,3354,BANK_TRANSFER,285823.35,success,TXN-00003354,2026-04-19 20:25:00
3251,3355,CARD,175770.03,success,TXN-00003355,2026-06-07 11:14:00
3252,3356,CASH,64940.35,success,TXN-00003356,2026-05-05 18:02:00
3253,3357,BANK_TRANSFER,358349.92,success,TXN-00003357,2026-07-15 14:58:00
3254,3358,CASH,378802.36,success,TXN-00003358,2026-07-10 12:26:00
3255,3359,CASH,299679.27,success,TXN-00003359,2026-08-01 13:45:00
3256,3360,CARD,250832.9,success,TXN-00003360,2026-06-11 09:51:00
3257,3361,BANK_TRANSFER,50567.34,success,TXN-00003361,2026-07-09 11:56:00
3258,3362,UPI,388925.17,success,TXN-00003362,2026-04-21 17:57:00
3259,3363,UPI,64310.83,success,TXN-00003363,2026-08-29 14:16:00
3260,3364,UPI,192020.54,success,TXN-00003364,2026-05-28 17:11:00
3261,3365,UPI,207737.99,success,TXN-00003365,2026-04-10 17:01:00
3262,3366,CASH,155566.78,success,TXN-00003366,2026-09-12 18:59:00
3263,3367,CARD,120058.3,success,TXN-00003367,2026-06-15 17:09:00
3264,3368,BANK_TRANSFER,199947.98,success,TXN-00003368,2026-07-23 19:04:00
3265,3369,UPI,324816.2,success,TXN-00003369,2026-05-29 14:12:00
3266,3370,BANK_TRANSFER,85211.54,success,TXN-00003370,2026-05-09 17:45:00
3267,3371,BANK_TRANSFER,130119.46,success,TXN-00003371,2026-07-16 20:18:00
3268,3372,CARD,482814.32,success,TXN-00003372,2026-04-24 17:02:00
3269,3374,BANK_TRANSFER,352101.58,success,TXN-00003374,2026-05-24 14:51:00
3270,3375,BANK_TRANSFER,255981.86,success,TXN-00003375,2026-07-30 10:45:00
3271,3376,CARD,73103.8,success,TXN-00003376,2026-05-16 11:07:00
3272,3377,BANK_TRANSFER,218803.9,success,TXN-00003377,2026-06-03 14:26:00
3273,3378,CASH,92327.9,success,TXN-00003378,2026-04-06 11:35:00
3274,3380,CASH,52460.14,success,TXN-00003380,2026-09-17 20:20:00
3275,3381,UPI,77956.14,success,TXN-00003381,2026-08-14 18:41:00
3276,3382,UPI,196840.14,success,TXN-00003382,2026-04-16 16:35:00
3277,3383,BANK_TRANSFER,50853.57,success,TXN-00003383,2026-06-20 18:19:00
3278,3384,BANK_TRANSFER,309604.81,success,TXN-00003384,2026-09-19 18:11:00
3279,3385,CARD,47017.52,success,TXN-00003385,2026-08-10 10:01:00
3280,3386,CARD,60055.9,success,TXN-00003386,2026-06-17 11:20:00
3281,3387,UPI,140070.16,success,TXN-00003387,2026-09-26 20:04:00
3282,3388,UPI,239411.07,success,TXN-00003388,2026-06-12 15:44:00
3283,3389,BANK_TRANSFER,147869.85,success,TXN-00003389,2026-06-11 12:35:00
3284,3390,BANK_TRANSFER,97811.05,success,TXN-00003390,2026-06-10 09:21:00
3285,3391,UPI,30426.16,success,TXN-00003391,2026-08-23 17:21:00
3286,3392,CARD,86169.05,success,TXN-00003392,2026-09-05 17:41:00
3287,3393,CASH,151959.51,success,TXN-00003393,2026-09-18 14:57:00
3288,3394,BANK_TRANSFER,264887.32,success,TXN-00003394,2026-08-07 16:28:00
3289,3395,BANK_TRANSFER,165123.02,success,TXN-00003395,2026-07-07 10:06:00
3290,3396,CASH,173175.37,success,TXN-00003396,2026-04-25 11:59:00
3291,3397,CARD,230998.66,success,TXN-00003397,2026-04-10 21:12:00
3292,3398,CASH,214759.63,success,TXN-00003398,2026-06-09 12:04:00
3293,3399,BANK_TRANSFER,81129.49,success,TXN-00003399,2026-08-07 14:37:00
3294,3400,CASH,51255.3,success,TXN-00003400,2026-09-11 17:57:00
3295,3401,BANK_TRANSFER,150888.76,success,TXN-00003401,2026-08-23 17:51:00
3296,3402,UPI,167521.14,success,TXN-00003402,2026-08-23 17:03:00
3297,3403,CARD,139114.56,success,TXN-00003403,2026-05-27 12:13:00
3298,3404,UPI,228008.37,success,TXN-00003404,2026-04-29 11:09:00
3299,3405,BANK_TRANSFER,3707.88,success,TXN-00003405,2026-08-15 11:04:00
3300,3406,UPI,374153.35,success,TXN-00003406,2026-04-25 20:23:00
3301,3407,UPI,58304.17,success,TXN-00003407,2026-08-21 14:30:00
3302,3408,CARD,266546.05,success,TXN-00003408,2026-06-01 11:11:00
3303,3409,UPI,264623.53,success,TXN-00003409,2026-05-09 09:39:00
3304,3410,CARD,40596.76,success,TXN-00003410,2026-08-10 17:05:00
3305,3411,CASH,203927.29,success,TXN-00003411,2026-05-30 10:42:00
3306,3412,UPI,59549.84,success,TXN-00003412,2026-05-09 13:01:00
3307,3413,CASH,214657.2,success,TXN-00003413,2026-07-13 20:03:00
3308,3414,CASH,94215.01,success,TXN-00003414,2026-08-13 11:32:00
3309,3415,BANK_TRANSFER,8890.62,success,TXN-00003415,2026-06-26 18:08:00
3310,3416,BANK_TRANSFER,44076.99,success,TXN-00003416,2026-06-16 20:30:00
3311,3417,BANK_TRANSFER,41905.77,success,TXN-00003417,2026-04-19 15:26:00
3312,3418,BANK_TRANSFER,226625.96,success,TXN-00003418,2026-05-26 11:19:00
3313,3419,UPI,32124.62,success,TXN-00003419,2026-07-30 20:36:00
3314,3420,BANK_TRANSFER,219480.1,success,TXN-00003420,2026-07-15 10:11:00
3315,3421,BANK_TRANSFER,379575.93,success,TXN-00003421,2026-04-10 17:39:00
3316,3422,CASH,272885.23,success,TXN-00003422,2026-09-26 18:02:00
3317,3423,UPI,76834.18,success,TXN-00003423,2026-07-17 18:37:00
3318,3425,BANK_TRANSFER,261091.03,success,TXN-00003425,2026-08-23 15:15:00
3319,3426,UPI,114393.23,success,TXN-00003426,2026-06-20 18:14:00
3320,3427,CASH,350094.6,success,TXN-00003427,2026-09-18 09:19:00
3321,3428,BANK_TRANSFER,7236.13,success,TXN-00003428,2026-07-08 11:00:00
3322,3429,CASH,169202.69,success,TXN-00003429,2026-05-21 13:55:00
3323,3430,BANK_TRANSFER,139339.81,success,TXN-00003430,2026-04-17 11:06:00
3324,3431,UPI,443520.34,success,TXN-00003431,2026-04-08 20:09:00
3325,3432,CASH,320630.11,success,TXN-00003432,2026-09-27 12:18:00
3326,3433,CASH,231209.15,success,TXN-00003433,2026-08-27 20:46:00
3327,3434,CARD,215103.57,success,TXN-00003434,2026-04-17 15:08:00
3328,3435,BANK_TRANSFER,148128.2,success,TXN-00003435,2026-07-13 12:51:00
3329,3436,BANK_TRANSFER,520033.26,success,TXN-00003436,2026-09-25 15:48:00
3330,3437,UPI,89649.64,success,TXN-00003437,2026-08-03 14:45:00
3331,3438,BANK_TRANSFER,297232.63,success,TXN-00003438,2026-05-17 15:46:00
3332,3439,BANK_TRANSFER,69365.96,success,TXN-00003439,2026-08-11 11:25:00
3333,3440,UPI,51419.89,success,TXN-00003440,2026-07-04 15:40:00
3334,3441,UPI,235234.54,success,TXN-00003441,2026-09-20 18:48:00
3335,3442,BANK_TRANSFER,180433.89,success,TXN-00003442,2026-05-13 17:39:00
3336,3443,BANK_TRANSFER,70081.78,success,TXN-00003443,2026-05-09 12:16:00
3337,3444,CARD,61210.93,success,TXN-00003444,2026-04-30 13:18:00
3338,3445,CARD,236849.14,success,TXN-00003445,2026-05-15 11:03:00
3339,3446,BANK_TRANSFER,16556.32,success,TXN-00003446,2026-04-28 11:41:00
3340,3447,UPI,82765.52,success,TXN-00003447,2026-09-20 20:13:00
3341,3448,CARD,59027.22,success,TXN-00003448,2026-07-14 20:38:00
3342,3449,UPI,180808.67,success,TXN-00003449,2026-08-25 16:16:00
3343,3450,CASH,161732.15,success,TXN-00003450,2026-09-20 17:35:00
3344,3451,BANK_TRANSFER,158322.18,success,TXN-00003451,2026-07-04 15:53:00
3345,3452,UPI,146703.94,success,TXN-00003452,2026-05-20 12:09:00
3346,3453,CARD,102784.74,success,TXN-00003453,2026-09-19 17:11:00
3347,3454,BANK_TRANSFER,101281.3,success,TXN-00003454,2026-09-21 10:05:00
3348,3455,CARD,62320.04,success,TXN-00003455,2026-06-02 09:33:00
3349,3456,CASH,156534.77,success,TXN-00003456,2026-08-19 17:00:00
3350,3457,UPI,349155.62,success,TXN-00003457,2026-09-21 18:50:00
3351,3458,CARD,196704.49,success,TXN-00003458,2026-05-03 11:09:00
3352,3459,BANK_TRANSFER,148575.07,success,TXN-00003459,2026-08-02 11:34:00
3353,3460,UPI,154636.71,success,TXN-00003460,2026-04-29 12:50:00
3354,3461,UPI,188932.04,success,TXN-00003461,2026-05-28 15:52:00
3355,3462,CASH,266716.08,success,TXN-00003462,2026-04-22 19:17:00
3356,3463,CARD,183650.52,success,TXN-00003463,2026-05-12 10:04:00
3357,3464,BANK_TRANSFER,187122.9,success,TXN-00003464,2026-04-14 16:55:00
3358,3465,BANK_TRANSFER,193332.65,success,TXN-00003465,2026-05-07 13:01:00
3359,3466,BANK_TRANSFER,102035.34,success,TXN-00003466,2026-07-28 18:11:00
3360,3467,CARD,13090.48,success,TXN-00003467,2026-09-20 19:28:00
3361,3468,UPI,169228.59,success,TXN-00003468,2026-05-15 14:56:00
3362,3469,CASH,146907.88,success,TXN-00003469,2026-09-20 15:53:00
3363,3470,UPI,475351.41,success,TXN-00003470,2026-08-06 14:41:00
3364,3471,UPI,167758.33,success,TXN-00003471,2026-09-03 17:52:00
3365,3472,CASH,345278.3,success,TXN-00003472,2026-06-11 14:13:00
3366,3473,CARD,407041.85,success,TXN-00003473,2026-07-14 16:13:00
3367,3474,CASH,136813.73,success,TXN-00003474,2026-09-18 19:06:00
3368,3475,BANK_TRANSFER,194622.62,success,TXN-00003475,2026-06-10 16:02:00
3369,3476,BANK_TRANSFER,134252.92,success,TXN-00003476,2026-05-11 09:43:00
3370,3477,BANK_TRANSFER,174659.6,success,TXN-00003477,2026-07-16 14:09:00
3371,3478,UPI,309103.43,success,TXN-00003478,2026-06-18 09:29:00
3372,3479,UPI,351151.58,success,TXN-00003479,2026-04-30 19:26:00
3373,3480,BANK_TRANSFER,41394.85,success,TXN-00003480,2026-07-19 10:59:00
3374,3481,CASH,237906.43,success,TXN-00003481,2026-07-15 18:40:00
3375,3482,BANK_TRANSFER,93577.21,success,TXN-00003482,2026-07-09 12:38:00
3376,3483,CARD,100084.71,success,TXN-00003483,2026-06-25 12:13:00
3377,3484,CASH,21544.56,success,TXN-00003484,2026-04-08 20:49:00
3378,3485,CASH,436965.68,success,TXN-00003485,2026-07-27 20:00:00
3379,3486,UPI,114642.52,success,TXN-00003486,2026-09-12 15:53:00
3380,3487,UPI,232465.95,success,TXN-00003487,2026-07-26 10:43:00
3381,3488,CASH,98369.16,success,TXN-00003488,2026-04-01 10:09:00
3382,3489,BANK_TRANSFER,60410.1,success,TXN-00003489,2026-07-16 15:48:00
3383,3490,CASH,251218.77,success,TXN-00003490,2026-06-05 12:38:00
3384,3491,UPI,59375.88,success,TXN-00003491,2026-04-15 18:43:00
3385,3492,CASH,365232.43,success,TXN-00003492,2026-08-18 14:59:00
3386,3493,CASH,134854.78,success,TXN-00003493,2026-09-27 18:53:00
3387,3494,CARD,267983.39,success,TXN-00003494,2026-08-02 15:20:00
3388,3495,UPI,143852.92,success,TXN-00003495,2026-07-26 20:49:00
3389,3496,CASH,397194.2,success,TXN-00003496,2026-08-26 16:40:00
3390,3497,UPI,108247.04,success,TXN-00003497,2026-06-01 17:45:00
3391,3498,BANK_TRANSFER,77380.27,success,TXN-00003498,2026-06-16 13:58:00
3392,3499,CASH,320509.62,success,TXN-00003499,2026-06-23 14:17:00
3393,3500,UPI,146504.78,success,TXN-00003500,2026-08-20 14:59:00
3394,3501,CARD,301047.91,success,TXN-00003501,2026-08-29 14:30:00
3395,3502,CARD,589938.18,success,TXN-00003502,2026-06-08 14:29:00
3396,3503,CARD,112996.14,success,TXN-00003503,2026-07-06 09:30:00
3397,3504,UPI,12892.42,success,TXN-00003504,2026-09-26 11:50:00
3398,3505,CASH,155275.23,success,TXN-00003505,2026-05-19 21:28:00
3399,3506,CARD,13905.11,success,TXN-00003506,2026-04-23 15:36:00
3400,3507,CASH,97349.02,success,TXN-00003507,2026-04-12 11:02:00
3401,3508,CARD,240841.31,success,TXN-00003508,2026-05-25 16:39:00
3402,3509,CARD,112467.85,success,TXN-00003509,2026-05-17 12:19:00
3403,3510,BANK_TRANSFER,4658.95,success,TXN-00003510,2026-07-03 14:50:00
3404,3511,BANK_TRANSFER,126362.17,success,TXN-00003511,2026-05-11 16:19:00
3405,3512,UPI,305323.93,success,TXN-00003512,2026-06-22 19:38:00
3406,3513,UPI,308694.21,success,TXN-00003513,2026-05-15 14:27:00
3407,3514,UPI,84165.61,success,TXN-00003514,2026-06-04 11:14:00
3408,3515,CARD,221422.74,success,TXN-00003515,2026-09-19 18:26:00
3409,3516,CASH,178812.51,success,TXN-00003516,2026-09-16 21:21:00
3410,3517,CASH,204466.13,success,TXN-00003517,2026-05-10 15:56:00
3411,3518,CARD,175851.45,success,TXN-00003518,2026-05-25 13:20:00
3412,3519,BANK_TRANSFER,242456.95,success,TXN-00003519,2026-08-30 17:52:00
3413,3520,CASH,230337.23,success,TXN-00003520,2026-06-06 16:34:00
3414,3521,CASH,236892.03,success,TXN-00003521,2026-05-21 16:03:00
3415,3522,CARD,350377.42,success,TXN-00003522,2026-04-21 16:40:00
3416,3523,UPI,242228.31,success,TXN-00003523,2026-06-10 20:35:00
3417,3524,UPI,77667.24,success,TXN-00003524,2026-08-08 16:51:00
3418,3525,BANK_TRANSFER,100589.91,success,TXN-00003525,2026-08-21 15:46:00
3419,3526,UPI,192107.52,success,TXN-00003526,2026-09-20 11:56:00
3420,3527,BANK_TRANSFER,205690.03,success,TXN-00003527,2026-04-03 09:56:00
3421,3528,UPI,223607.87,success,TXN-00003528,2026-09-09 18:43:00
3422,3529,CASH,69480.34,success,TXN-00003529,2026-06-22 15:34:00
3423,3530,CASH,265157.37,success,TXN-00003530,2026-05-22 18:29:00
3424,3531,BANK_TRANSFER,255108.81,success,TXN-00003531,2026-04-05 16:00:00
3425,3532,BANK_TRANSFER,116537.75,success,TXN-00003532,2026-07-27 19:25:00
3426,3533,BANK_TRANSFER,282081.45,success,TXN-00003533,2026-04-25 13:18:00
3427,3534,CARD,228702.33,success,TXN-00003534,2026-05-22 17:12:00
3428,3535,CASH,22928.0,success,TXN-00003535,2026-07-23 15:17:00
3429,3537,CASH,155618.55,success,TXN-00003537,2026-08-26 16:25:00
3430,3538,BANK_TRANSFER,66671.49,success,TXN-00003538,2026-07-12 18:08:00
3431,3539,CARD,24507.81,success,TXN-00003539,2026-07-24 20:54:00
3432,3540,BANK_TRANSFER,34339.42,success,TXN-00003540,2026-06-08 16:10:00
3433,3541,CARD,212696.09,success,TXN-00003541,2026-04-10 10:40:00
3434,3543,CASH,410629.68,success,TXN-00003543,2026-08-06 10:02:00
3435,3544,CARD,458515.63,success,TXN-00003544,2026-08-05 19:29:00
3436,3545,CASH,193478.94,success,TXN-00003545,2026-06-05 12:22:00
3437,3547,BANK_TRANSFER,128738.99,success,TXN-00003547,2026-09-24 15:09:00
3438,3549,BANK_TRANSFER,438117.76,success,TXN-00003549,2026-07-21 18:06:00
3439,3550,UPI,28398.91,success,TXN-00003550,2026-08-21 18:38:00
3440,3551,UPI,295694.17,success,TXN-00003551,2026-06-13 20:31:00
3441,3552,UPI,147530.18,success,TXN-00003552,2026-08-21 11:02:00
3442,3553,BANK_TRANSFER,212082.49,success,TXN-00003553,2026-08-23 13:37:00
3443,3554,CASH,40118.12,success,TXN-00003554,2026-06-14 09:58:00
3444,3555,CASH,194035.64,success,TXN-00003555,2026-06-18 16:19:00
3445,3556,CASH,200504.48,success,TXN-00003556,2026-06-09 18:48:00
3446,3557,CASH,266643.26,success,TXN-00003557,2026-09-27 17:13:00
3447,3558,CASH,225137.71,success,TXN-00003558,2026-06-13 21:00:00
3448,3559,UPI,405939.19,success,TXN-00003559,2026-08-07 10:50:00
3449,3560,CASH,5353.25,success,TXN-00003560,2026-05-26 13:07:00
3450,3561,CARD,265412.21,success,TXN-00003561,2026-07-05 10:39:00
3451,3562,BANK_TRANSFER,133891.55,success,TXN-00003562,2026-09-26 10:36:00
3452,3563,UPI,51884.23,success,TXN-00003563,2026-05-26 15:58:00
3453,3564,UPI,87402.41,success,TXN-00003564,2026-06-03 12:05:00
3454,3565,BANK_TRANSFER,48252.98,success,TXN-00003565,2026-06-19 17:13:00
3455,3566,CASH,4152.66,success,TXN-00003566,2026-08-05 12:42:00
3456,3567,BANK_TRANSFER,268764.55,success,TXN-00003567,2026-06-23 19:42:00
3457,3568,CARD,355883.03,success,TXN-00003568,2026-05-22 20:52:00
3458,3569,CARD,184113.97,success,TXN-00003569,2026-08-21 13:30:00
3459,3570,CASH,326130.67,success,TXN-00003570,2026-07-23 14:32:00
3460,3571,CARD,170121.22,success,TXN-00003571,2026-04-01 14:04:00
3461,3572,CARD,189123.03,success,TXN-00003572,2026-05-16 21:02:00
3462,3573,BANK_TRANSFER,290740.25,success,TXN-00003573,2026-06-06 12:07:00
3463,3574,CARD,296931.27,success,TXN-00003574,2026-04-05 15:42:00
3464,3575,CASH,412882.65,success,TXN-00003575,2026-05-28 20:07:00
3465,3576,CASH,236194.23,success,TXN-00003576,2026-05-02 20:10:00
3466,3577,BANK_TRANSFER,141280.15,success,TXN-00003577,2026-08-05 10:52:00
3467,3578,UPI,77262.75,success,TXN-00003578,2026-08-17 17:40:00
3468,3580,BANK_TRANSFER,12863.42,success,TXN-00003580,2026-07-02 15:08:00
3469,3581,CASH,119603.53,success,TXN-00003581,2026-07-23 14:42:00
3470,3582,UPI,95508.97,success,TXN-00003582,2026-07-26 11:11:00
3471,3583,CARD,388770.5,success,TXN-00003583,2026-05-01 13:16:00
3472,3584,CASH,341259.68,success,TXN-00003584,2026-08-24 20:06:00
3473,3585,UPI,168177.61,success,TXN-00003585,2026-04-10 14:19:00
3474,3586,UPI,246964.23,success,TXN-00003586,2026-09-03 20:51:00
3475,3587,BANK_TRANSFER,368121.35,success,TXN-00003587,2026-07-31 14:17:00
3476,3588,BANK_TRANSFER,86655.48,success,TXN-00003588,2026-08-07 14:09:00
3477,3589,CARD,235082.37,success,TXN-00003589,2026-05-18 17:58:00
3478,3590,CASH,62607.22,success,TXN-00003590,2026-05-31 14:07:00
3479,3591,CASH,203564.98,success,TXN-00003591,2026-05-15 19:26:00
3480,3592,CARD,20653.07,success,TXN-00003592,2026-05-06 16:55:00
3481,3593,BANK_TRANSFER,214599.84,success,TXN-00003593,2026-04-20 16:06:00
3482,3594,CASH,190460.06,success,TXN-00003594,2026-07-08 15:55:00
3483,3595,UPI,9712.06,success,TXN-00003595,2026-08-20 20:32:00
3484,3596,CASH,129212.86,success,TXN-00003596,2026-05-22 18:05:00
3485,3597,UPI,35222.13,success,TXN-00003597,2026-06-14 19:50:00
3486,3598,BANK_TRANSFER,26801.6,success,TXN-00003598,2026-07-08 15:00:00
3487,3599,BANK_TRANSFER,173948.96,success,TXN-00003599,2026-04-07 21:10:00
3488,3600,CASH,259782.22,success,TXN-00003600,2026-09-09 12:47:00
3489,3601,UPI,268844.43,success,TXN-00003601,2026-05-14 12:06:00
3490,3602,UPI,44453.59,success,TXN-00003602,2026-07-14 18:27:00
3491,3603,CASH,82363.69,success,TXN-00003603,2026-04-15 10:16:00
3492,3604,UPI,83561.54,success,TXN-00003604,2026-05-29 19:27:00
3493,3605,BANK_TRANSFER,158944.08,success,TXN-00003605,2026-09-23 19:56:00
3494,3606,CARD,476187.93,success,TXN-00003606,2026-08-15 17:37:00
3495,3607,CARD,203.95,success,TXN-00003607,2026-06-13 17:50:00
3496,3608,UPI,140609.43,success,TXN-00003608,2026-09-20 18:50:00
3497,3609,CASH,120117.44,success,TXN-00003609,2026-06-21 20:55:00
3498,3610,BANK_TRANSFER,36454.48,success,TXN-00003610,2026-06-15 18:45:00
3499,3611,BANK_TRANSFER,229610.47,success,TXN-00003611,2026-08-29 17:14:00
3500,3612,BANK_TRANSFER,384721.23,success,TXN-00003612,2026-07-04 13:10:00
3501,3613,BANK_TRANSFER,221519.04,success,TXN-00003613,2026-09-10 16:30:00
3502,3614,CASH,395513.11,success,TXN-00003614,2026-06-07 12:03:00
3503,3615,CASH,96803.27,success,TXN-00003615,2026-04-19 18:11:00
3504,3616,CASH,58721.78,success,TXN-00003616,2026-06-04 15:09:00
3505,3617,BANK_TRANSFER,95380.52,success,TXN-00003617,2026-05-26 10:36:00
3506,3618,UPI,120605.97,success,TXN-00003618,2026-04-11 16:06:00
3507,3619,BANK_TRANSFER,83496.72,success,TXN-00003619,2026-04-16 16:46:00
3508,3620,BANK_TRANSFER,290171.11,success,TXN-00003620,2026-06-11 18:46:00
3509,3621,UPI,658.4,success,TXN-00003621,2026-04-29 11:45:00
3510,3622,CASH,480914.77,success,TXN-00003622,2026-09-18 18:45:00
3511,3623,CARD,14325.22,success,TXN-00003623,2026-06-04 18:25:00
3512,3624,CARD,3643.91,success,TXN-00003624,2026-09-12 15:37:00
3513,3625,UPI,184482.33,success,TXN-00003625,2026-08-16 17:10:00
3514,3626,CASH,286941.41,success,TXN-00003626,2026-09-04 12:57:00
3515,3627,UPI,253186.59,success,TXN-00003627,2026-04-19 17:35:00
3516,3628,BANK_TRANSFER,8146.32,success,TXN-00003628,2026-05-11 10:16:00
3517,3629,BANK_TRANSFER,212022.32,success,TXN-00003629,2026-07-08 10:02:00
3518,3630,CARD,230529.8,success,TXN-00003630,2026-04-27 09:43:00
3519,3631,CASH,120280.52,success,TXN-00003631,2026-06-21 14:37:00
3520,3632,CARD,171308.46,success,TXN-00003632,2026-05-31 16:17:00
3521,3633,BANK_TRANSFER,116587.44,success,TXN-00003633,2026-07-19 11:07:00
3522,3634,UPI,133687.22,success,TXN-00003634,2026-05-17 20:10:00
3523,3635,CARD,55861.58,success,TXN-00003635,2026-08-25 17:20:00
3524,3636,UPI,162970.32,success,TXN-00003636,2026-08-11 20:06:00
3525,3637,BANK_TRANSFER,283201.68,success,TXN-00003637,2026-08-23 15:58:00
3526,3638,CARD,87346.61,success,TXN-00003638,2026-04-10 16:48:00
3527,3639,CARD,245042.11,success,TXN-00003639,2026-05-08 18:29:00
3528,3640,BANK_TRANSFER,187667.68,success,TXN-00003640,2026-09-20 19:10:00
3529,3641,CARD,268768.12,success,TXN-00003641,2026-04-14 13:14:00
3530,3642,BANK_TRANSFER,123165.76,success,TXN-00003642,2026-05-26 13:35:00
3531,3643,CASH,146389.01,success,TXN-00003643,2026-08-28 10:02:00
3532,3644,CASH,154180.41,success,TXN-00003644,2026-07-06 14:51:00
3533,3645,BANK_TRANSFER,293386.56,success,TXN-00003645,2026-09-16 21:05:00
3534,3646,UPI,308153.6,success,TXN-00003646,2026-08-08 19:01:00
3535,3647,CASH,18253.08,success,TXN-00003647,2026-06-26 15:18:00
3536,3648,UPI,179956.62,success,TXN-00003648,2026-07-30 20:12:00
3537,3649,CASH,66048.8,success,TXN-00003649,2026-05-09 15:27:00
3538,3650,BANK_TRANSFER,19342.12,success,TXN-00003650,2026-06-14 11:07:00
3539,3651,UPI,123893.92,success,TXN-00003651,2026-06-17 09:30:00
3540,3652,CASH,362359.77,success,TXN-00003652,2026-06-09 17:19:00
3541,3653,UPI,271713.4,success,TXN-00003653,2026-07-29 13:36:00
3542,3654,CASH,407335.38,success,TXN-00003654,2026-05-19 15:58:00
3543,3655,BANK_TRANSFER,131096.09,success,TXN-00003655,2026-05-26 15:32:00
3544,3656,CASH,271914.78,success,TXN-00003656,2026-06-06 20:47:00
3545,3657,BANK_TRANSFER,220794.41,success,TXN-00003657,2026-09-21 18:44:00
3546,3658,UPI,269439.89,success,TXN-00003658,2026-08-24 17:04:00
3547,3659,CASH,295928.22,success,TXN-00003659,2026-06-25 19:10:00
3548,3660,CARD,296750.89,success,TXN-00003660,2026-07-07 16:55:00
3549,3661,BANK_TRANSFER,99627.22,success,TXN-00003661,2026-07-25 10:46:00
3550,3662,CARD,124404.98,success,TXN-00003662,2026-05-11 17:56:00
3551,3663,UPI,173626.94,success,TXN-00003663,2026-04-28 12:10:00
3552,3664,CASH,290765.67,success,TXN-00003664,2026-05-18 11:22:00
3553,3666,UPI,151881.47,success,TXN-00003666,2026-08-14 11:43:00
3554,3667,UPI,242334.07,success,TXN-00003667,2026-09-16 16:20:00
3555,3668,CARD,123072.22,success,TXN-00003668,2026-06-13 10:38:00
3556,3669,CARD,76247.14,success,TXN-00003669,2026-08-26 19:54:00
3557,3670,CARD,234220.7,success,TXN-00003670,2026-04-26 20:44:00
3558,3671,BANK_TRANSFER,112626.01,success,TXN-00003671,2026-06-15 20:15:00
3559,3672,CARD,7052.99,success,TXN-00003672,2026-07-14 12:25:00
3560,3673,CARD,177686.96,success,TXN-00003673,2026-07-24 09:26:00
3561,3674,CARD,79868.37,success,TXN-00003674,2026-08-19 13:00:00
3562,3675,UPI,143659.04,success,TXN-00003675,2026-09-11 21:13:00
3563,3676,BANK_TRANSFER,380669.2,success,TXN-00003676,2026-04-19 11:55:00
3564,3677,UPI,329618.51,success,TXN-00003677,2026-05-21 09:34:00
3565,3678,CASH,179862.05,success,TXN-00003678,2026-04-24 16:12:00
3566,3679,CARD,265427.01,success,TXN-00003679,2026-04-04 13:40:00
3567,3680,CARD,196292.14,success,TXN-00003680,2026-08-23 17:20:00
3568,3681,UPI,138526.52,success,TXN-00003681,2026-08-09 19:33:00
3569,3682,CASH,150452.09,success,TXN-00003682,2026-06-26 18:47:00
3570,3684,BANK_TRANSFER,135733.44,success,TXN-00003684,2026-09-23 10:06:00
3571,3685,BANK_TRANSFER,92143.85,success,TXN-00003685,2026-08-28 14:27:00
3572,3686,BANK_TRANSFER,344681.91,success,TXN-00003686,2026-05-27 10:01:00
3573,3687,UPI,141231.27,success,TXN-00003687,2026-09-19 10:03:00
3574,3688,CASH,376219.54,success,TXN-00003688,2026-07-04 15:41:00
3575,3689,BANK_TRANSFER,229531.0,success,TXN-00003689,2026-06-13 10:44:00
3576,3690,BANK_TRANSFER,116639.57,success,TXN-00003690,2026-04-26 19:50:00
3577,3691,UPI,102201.48,success,TXN-00003691,2026-06-19 09:39:00
3578,3692,CASH,167044.75,success,TXN-00003692,2026-08-25 15:45:00
3579,3693,UPI,187904.97,success,TXN-00003693,2026-06-20 10:26:00
3580,3694,CASH,150183.08,success,TXN-00003694,2026-08-16 16:00:00
3581,3695,CARD,281213.36,success,TXN-00003695,2026-09-21 15:35:00
3582,3696,CASH,146815.93,success,TXN-00003696,2026-07-20 15:25:00
3583,3697,BANK_TRANSFER,112095.52,success,TXN-00003697,2026-09-03 09:49:00
3584,3698,CARD,491651.69,success,TXN-00003698,2026-07-05 20:55:00
3585,3699,BANK_TRANSFER,129960.1,success,TXN-00003699,2026-08-28 20:20:00
3586,3700,CARD,107042.71,success,TXN-00003700,2026-08-27 19:21:00
3587,3701,BANK_TRANSFER,84045.82,success,TXN-00003701,2026-07-16 16:19:00
3588,3702,CARD,169945.12,success,TXN-00003702,2026-09-06 17:56:00
3589,3703,UPI,141930.43,success,TXN-00003703,2026-06-15 13:27:00
3590,3704,CARD,281402.15,success,TXN-00003704,2026-08-10 09:50:00
3591,3705,CARD,65697.51,success,TXN-00003705,2026-08-24 20:35:00
3592,3706,CARD,241135.84,success,TXN-00003706,2026-09-01 14:22:00
3593,3707,BANK_TRANSFER,26274.45,success,TXN-00003707,2026-04-29 11:41:00
3594,3708,BANK_TRANSFER,379072.66,success,TXN-00003708,2026-05-21 13:00:00
3595,3709,CASH,26910.81,success,TXN-00003709,2026-06-22 15:26:00
3596,3710,CASH,481065.66,success,TXN-00003710,2026-06-22 16:48:00
3597,3711,BANK_TRANSFER,394831.26,success,TXN-00003711,2026-04-13 16:55:00
3598,3712,UPI,362579.46,success,TXN-00003712,2026-09-20 11:23:00
3599,3713,CASH,59948.61,success,TXN-00003713,2026-04-18 11:27:00
3600,3714,CASH,2218.13,success,TXN-00003714,2026-04-23 15:43:00
3601,3715,UPI,216156.34,success,TXN-00003715,2026-08-08 21:01:00
3602,3716,BANK_TRANSFER,117659.3,success,TXN-00003716,2026-05-11 11:10:00
3603,3717,BANK_TRANSFER,243585.43,success,TXN-00003717,2026-05-20 20:50:00
3604,3718,CASH,253393.22,success,TXN-00003718,2026-08-08 17:15:00
3605,3719,CASH,140628.1,success,TXN-00003719,2026-08-21 12:47:00
3606,3720,CASH,236491.31,success,TXN-00003720,2026-05-01 18:13:00
3607,3721,CASH,240618.6,success,TXN-00003721,2026-07-18 09:22:00
3608,3722,BANK_TRANSFER,308458.37,success,TXN-00003722,2026-08-10 19:17:00
3609,3723,CASH,530843.08,success,TXN-00003723,2026-07-23 19:53:00
3610,3724,CASH,103574.49,success,TXN-00003724,2026-09-14 18:02:00
3611,3725,UPI,364519.13,success,TXN-00003725,2026-06-11 10:25:00
3612,3726,BANK_TRANSFER,63469.73,success,TXN-00003726,2026-05-20 11:44:00
3613,3727,UPI,217662.4,success,TXN-00003727,2026-05-30 14:42:00
3614,3728,BANK_TRANSFER,184592.37,success,TXN-00003728,2026-08-26 18:18:00
3615,3729,UPI,87366.01,success,TXN-00003729,2026-08-15 18:52:00
3616,3730,UPI,314829.85,success,TXN-00003730,2026-05-13 12:18:00
3617,3731,CARD,294862.0,success,TXN-00003731,2026-08-25 16:15:00
3618,3732,CASH,299580.54,success,TXN-00003732,2026-09-14 20:59:00
3619,3733,CASH,233098.97,success,TXN-00003733,2026-04-12 19:57:00
3620,3734,BANK_TRANSFER,322193.45,success,TXN-00003734,2026-04-01 13:53:00
3621,3735,UPI,142295.06,success,TXN-00003735,2026-06-27 19:33:00
3622,3736,UPI,139513.4,success,TXN-00003736,2026-08-22 18:22:00
3623,3737,CARD,283373.17,success,TXN-00003737,2026-07-31 19:54:00
3624,3738,CASH,24901.15,success,TXN-00003738,2026-04-10 10:41:00
3625,3739,UPI,109760.16,success,TXN-00003739,2026-05-09 14:39:00
3626,3740,BANK_TRANSFER,102030.23,success,TXN-00003740,2026-07-03 16:21:00
3627,3742,UPI,411974.96,success,TXN-00003742,2026-09-21 21:08:00
3628,3743,CASH,179243.17,success,TXN-00003743,2026-09-09 15:24:00
3629,3744,BANK_TRANSFER,35527.88,success,TXN-00003744,2026-07-12 12:11:00
3630,3745,CASH,280936.92,success,TXN-00003745,2026-07-21 19:35:00
3631,3746,CASH,220994.21,success,TXN-00003746,2026-05-07 16:56:00
3632,3747,CARD,42222.32,success,TXN-00003747,2026-05-08 16:03:00
3633,3748,CASH,78737.24,success,TXN-00003748,2026-08-29 12:20:00
3634,3749,BANK_TRANSFER,332035.27,success,TXN-00003749,2026-05-29 09:17:00
3635,3750,CARD,319883.22,success,TXN-00003750,2026-08-13 18:16:00
3636,3751,CASH,128407.77,success,TXN-00003751,2026-09-27 16:36:00
3637,3752,CASH,76718.67,success,TXN-00003752,2026-05-17 13:26:00
3638,3753,CASH,396946.3,success,TXN-00003753,2026-09-20 10:25:00
3639,3754,BANK_TRANSFER,197086.09,success,TXN-00003754,2026-09-03 13:32:00
3640,3755,CARD,245505.96,success,TXN-00003755,2026-05-11 16:26:00
3641,3757,BANK_TRANSFER,79691.67,success,TXN-00003757,2026-07-21 19:43:00
3642,3758,CASH,263957.42,success,TXN-00003758,2026-05-27 16:50:00
3643,3759,UPI,272670.34,success,TXN-00003759,2026-06-09 18:25:00
3644,3760,CARD,141953.93,success,TXN-00003760,2026-04-27 18:43:00
3645,3761,CARD,159348.38,success,TXN-00003761,2026-06-14 15:04:00
3646,3762,CARD,395244.34,success,TXN-00003762,2026-07-28 09:04:00
3647,3763,BANK_TRANSFER,229597.21,success,TXN-00003763,2026-06-28 17:03:00
3648,3764,UPI,213881.15,success,TXN-00003764,2026-07-17 19:33:00
3649,3765,CARD,157881.38,success,TXN-00003765,2026-08-31 20:11:00
3650,3766,CARD,243788.42,success,TXN-00003766,2026-08-13 10:49:00
3651,3767,CARD,5086.35,success,TXN-00003767,2026-04-13 09:34:00
3652,3768,UPI,314339.34,success,TXN-00003768,2026-08-13 17:54:00
3653,3769,UPI,64549.73,success,TXN-00003769,2026-05-16 09:49:00
3654,3770,UPI,35572.3,success,TXN-00003770,2026-09-18 20:23:00
3655,3771,UPI,69110.95,success,TXN-00003771,2026-06-24 09:48:00
3656,3772,CASH,17257.38,success,TXN-00003772,2026-09-02 12:35:00
3657,3773,UPI,102085.1,success,TXN-00003773,2026-08-16 18:09:00
3658,3774,BANK_TRANSFER,144030.56,success,TXN-00003774,2026-06-15 18:10:00
3659,3775,CASH,70891.8,success,TXN-00003775,2026-07-31 18:55:00
3660,3776,UPI,501367.15,success,TXN-00003776,2026-08-26 11:01:00
3661,3777,CARD,169321.79,success,TXN-00003777,2026-07-25 16:30:00
3662,3778,BANK_TRANSFER,297409.75,success,TXN-00003778,2026-07-31 13:28:00
3663,3779,CASH,127190.05,success,TXN-00003779,2026-04-30 15:49:00
3664,3780,CASH,177865.66,success,TXN-00003780,2026-08-13 10:20:00
3665,3781,CARD,177147.5,success,TXN-00003781,2026-05-29 18:11:00
3666,3782,BANK_TRANSFER,276751.98,success,TXN-00003782,2026-07-26 10:29:00
3667,3783,UPI,336408.8,success,TXN-00003783,2026-08-17 17:09:00
3668,3784,UPI,19965.77,success,TXN-00003784,2026-07-16 11:54:00
3669,3785,UPI,186476.7,success,TXN-00003785,2026-05-17 14:53:00
3670,3786,UPI,160014.55,success,TXN-00003786,2026-09-21 10:35:00
3671,3787,CASH,156764.05,success,TXN-00003787,2026-05-02 17:50:00
3672,3788,UPI,169972.68,success,TXN-00003788,2026-06-28 15:23:00
3673,3789,BANK_TRANSFER,165143.23,success,TXN-00003789,2026-08-10 13:19:00
3674,3790,BANK_TRANSFER,270064.99,success,TXN-00003790,2026-08-05 14:54:00
3675,3792,UPI,42960.5,success,TXN-00003792,2026-08-05 17:31:00
3676,3793,UPI,187551.84,success,TXN-00003793,2026-04-29 16:31:00
3677,3794,CASH,102072.31,success,TXN-00003794,2026-04-15 16:29:00
3678,3795,CARD,99992.97,success,TXN-00003795,2026-08-11 17:32:00
3679,3796,UPI,23525.48,success,TXN-00003796,2026-05-20 20:33:00
3680,3797,CARD,185420.46,success,TXN-00003797,2026-09-23 15:26:00
3681,3798,UPI,92917.08,success,TXN-00003798,2026-04-24 19:12:00
3682,3799,UPI,18963.3,success,TXN-00003799,2026-06-06 14:30:00
3683,3800,UPI,409966.68,success,TXN-00003800,2026-05-05 12:16:00
3684,3801,BANK_TRANSFER,309148.8,success,TXN-00003801,2026-07-23 13:51:00
3685,3802,CARD,96597.4,success,TXN-00003802,2026-06-30 17:12:00
3686,3803,CARD,96057.81,success,TXN-00003803,2026-08-30 21:02:00
3687,3804,CASH,209605.45,success,TXN-00003804,2026-04-22 19:31:00
3688,3805,CASH,145264.56,success,TXN-00003805,2026-05-07 16:50:00
3689,3806,UPI,146517.66,success,TXN-00003806,2026-07-03 13:49:00
3690,3807,UPI,277638.9,success,TXN-00003807,2026-06-19 11:47:00
3691,3808,CARD,358955.84,success,TXN-00003808,2026-05-30 10:43:00
3692,3809,CASH,53644.45,success,TXN-00003809,2026-06-27 18:53:00
3693,3810,BANK_TRANSFER,17826.43,success,TXN-00003810,2026-06-15 20:13:00
3694,3811,CARD,20559.3,success,TXN-00003811,2026-04-28 15:54:00
3695,3812,CARD,78671.36,success,TXN-00003812,2026-04-19 17:33:00
3696,3813,CARD,171380.67,success,TXN-00003813,2026-07-09 13:50:00
3697,3814,UPI,255496.05,success,TXN-00003814,2026-04-24 12:00:00
3698,3815,UPI,187142.71,success,TXN-00003815,2026-09-20 10:48:00
3699,3816,BANK_TRANSFER,491459.37,success,TXN-00003816,2026-05-07 15:16:00
3700,3817,BANK_TRANSFER,234712.49,success,TXN-00003817,2026-07-18 14:10:00
3701,3818,UPI,78518.29,success,TXN-00003818,2026-09-14 14:57:00
3702,3820,UPI,365278.17,success,TXN-00003820,2026-05-12 11:41:00
3703,3821,CASH,216628.84,success,TXN-00003821,2026-08-31 13:36:00
3704,3822,BANK_TRANSFER,234060.12,success,TXN-00003822,2026-09-20 14:34:00
3705,3823,UPI,536277.05,success,TXN-00003823,2026-07-17 13:43:00
3706,3824,CARD,136817.18,success,TXN-00003824,2026-05-29 12:38:00
3707,3825,CARD,43959.77,success,TXN-00003825,2026-05-30 16:40:00
3708,3826,BANK_TRANSFER,401656.78,success,TXN-00003826,2026-04-11 16:00:00
3709,3827,CARD,174757.71,success,TXN-00003827,2026-07-19 17:11:00
3710,3828,CARD,215597.67,success,TXN-00003828,2026-05-03 18:53:00
3711,3829,CARD,391685.23,success,TXN-00003829,2026-09-24 16:05:00
3712,3830,UPI,288551.93,success,TXN-00003830,2026-07-05 18:37:00
3713,3831,CASH,162073.88,success,TXN-00003831,2026-05-01 09:29:00
3714,3832,BANK_TRANSFER,47619.41,success,TXN-00003832,2026-07-17 10:32:00
3715,3833,BANK_TRANSFER,52941.44,success,TXN-00003833,2026-08-15 11:06:00
3716,3834,CARD,232373.13,success,TXN-00003834,2026-08-10 13:40:00
3717,3835,BANK_TRANSFER,21077.73,success,TXN-00003835,2026-06-19 14:23:00
3718,3836,CASH,326811.36,success,TXN-00003836,2026-04-21 13:58:00
3719,3837,UPI,37694.09,success,TXN-00003837,2026-06-19 13:45:00
3720,3838,UPI,425289.78,success,TXN-00003838,2026-08-10 17:02:00
3721,3839,CASH,173457.72,success,TXN-00003839,2026-05-25 18:07:00
3722,3840,BANK_TRANSFER,232178.93,success,TXN-00003840,2026-06-14 11:23:00
3723,3841,CARD,235300.95,success,TXN-00003841,2026-09-09 19:32:00
3724,3842,BANK_TRANSFER,634786.67,success,TXN-00003842,2026-09-28 10:54:00
3725,3843,UPI,293617.39,success,TXN-00003843,2026-05-08 13:37:00
3726,3844,CARD,234294.17,success,TXN-00003844,2026-07-26 20:21:00
3727,3845,CASH,101969.82,success,TXN-00003845,2026-08-04 19:32:00
3728,3846,BANK_TRANSFER,101975.66,success,TXN-00003846,2026-09-15 16:59:00
3729,3847,BANK_TRANSFER,52161.24,success,TXN-00003847,2026-04-12 09:24:00
3730,3848,UPI,41322.77,success,TXN-00003848,2026-04-08 19:33:00
3731,3849,BANK_TRANSFER,219899.51,success,TXN-00003849,2026-06-26 10:08:00
3732,3850,UPI,261166.08,success,TXN-00003850,2026-09-04 19:28:00
3733,3851,CARD,234160.98,success,TXN-00003851,2026-05-07 13:01:00
3734,3852,CARD,318352.47,success,TXN-00003852,2026-06-01 19:34:00
3735,3853,BANK_TRANSFER,53749.61,success,TXN-00003853,2026-07-24 12:44:00
3736,3854,UPI,281734.88,success,TXN-00003854,2026-09-03 09:38:00
3737,3855,CASH,409568.64,success,TXN-00003855,2026-09-06 09:35:00
3738,3856,UPI,176422.16,success,TXN-00003856,2026-09-10 18:10:00
3739,3857,CASH,169645.53,success,TXN-00003857,2026-05-22 13:29:00
3740,3858,UPI,157917.66,success,TXN-00003858,2026-08-09 10:37:00
3741,3859,CARD,272717.66,success,TXN-00003859,2026-09-14 10:03:00
3742,3860,CARD,202862.67,success,TXN-00003860,2026-05-08 14:25:00
3743,3861,CARD,177431.0,success,TXN-00003861,2026-07-24 20:36:00
3744,3862,CASH,182296.53,success,TXN-00003862,2026-06-25 15:43:00
3745,3863,CASH,174169.64,success,TXN-00003863,2026-06-13 15:59:00
3746,3864,CASH,160500.82,success,TXN-00003864,2026-04-11 20:44:00
3747,3865,CARD,199295.16,success,TXN-00003865,2026-05-17 18:05:00
3748,3866,CARD,216807.57,success,TXN-00003866,2026-06-05 15:05:00
3749,3867,BANK_TRANSFER,56970.0,success,TXN-00003867,2026-05-18 12:26:00
3750,3868,CASH,255151.07,success,TXN-00003868,2026-09-07 20:52:00
3751,3869,UPI,315898.29,success,TXN-00003869,2026-08-31 20:07:00
3752,3870,UPI,420496.15,success,TXN-00003870,2026-04-26 17:38:00
3753,3871,BANK_TRANSFER,236580.85,success,TXN-00003871,2026-07-28 12:22:00
3754,3872,BANK_TRANSFER,147491.81,success,TXN-00003872,2026-04-06 10:02:00
3755,3873,CARD,241591.62,success,TXN-00003873,2026-05-24 19:07:00
3756,3874,BANK_TRANSFER,114458.06,success,TXN-00003874,2026-06-10 18:34:00
3757,3875,BANK_TRANSFER,4558.95,success,TXN-00003875,2026-07-05 16:10:00
3758,3876,BANK_TRANSFER,254190.74,success,TXN-00003876,2026-06-22 14:58:00
3759,3877,UPI,247949.35,success,TXN-00003877,2026-08-03 11:28:00
3760,3878,CARD,206399.44,success,TXN-00003878,2026-06-09 18:01:00
3761,3879,CARD,362263.29,success,TXN-00003879,2026-09-20 18:43:00
3762,3880,UPI,120588.8,success,TXN-00003880,2026-07-23 12:49:00
3763,3881,UPI,248368.0,success,TXN-00003881,2026-08-17 12:42:00
3764,3882,BANK_TRANSFER,179672.11,success,TXN-00003882,2026-07-19 17:50:00
3765,3883,CARD,365644.52,success,TXN-00003883,2026-06-04 13:43:00
3766,3884,CASH,424792.54,success,TXN-00003884,2026-06-24 11:57:00
3767,3885,BANK_TRANSFER,94738.77,success,TXN-00003885,2026-09-19 13:03:00
3768,3886,BANK_TRANSFER,164226.95,success,TXN-00003886,2026-05-15 17:13:00
3769,3887,BANK_TRANSFER,526886.88,success,TXN-00003887,2026-04-17 11:08:00
3770,3888,CARD,159718.53,success,TXN-00003888,2026-07-28 11:25:00
3771,3889,CASH,364176.72,success,TXN-00003889,2026-07-03 19:39:00
3772,3890,BANK_TRANSFER,40374.95,success,TXN-00003890,2026-05-28 10:30:00
3773,3891,CASH,133660.87,success,TXN-00003891,2026-05-31 19:59:00
3774,3892,CARD,397123.11,success,TXN-00003892,2026-07-30 11:34:00
3775,3893,CARD,75072.71,success,TXN-00003893,2026-07-01 21:04:00
3776,3894,BANK_TRANSFER,125769.41,success,TXN-00003894,2026-07-11 13:08:00
3777,3895,BANK_TRANSFER,51968.7,success,TXN-00003895,2026-04-27 10:28:00
3778,3896,CARD,132796.61,success,TXN-00003896,2026-07-20 18:58:00
3779,3897,BANK_TRANSFER,66909.07,success,TXN-00003897,2026-04-19 20:11:00
3780,3898,BANK_TRANSFER,188220.7,success,TXN-00003898,2026-04-28 15:54:00
3781,3899,CARD,167546.09,success,TXN-00003899,2026-06-11 09:36:00
3782,3900,CARD,212138.98,success,TXN-00003900,2026-06-08 18:50:00
3783,3901,CARD,335642.7,success,TXN-00003901,2026-08-04 20:59:00
3784,3902,BANK_TRANSFER,252084.61,success,TXN-00003902,2026-06-20 16:07:00
3785,3903,BANK_TRANSFER,199291.05,success,TXN-00003903,2026-09-17 15:52:00
3786,3905,BANK_TRANSFER,253803.59,success,TXN-00003905,2026-04-06 15:26:00
3787,3907,CARD,56524.51,success,TXN-00003907,2026-06-25 21:03:00
3788,3908,UPI,245950.88,success,TXN-00003908,2026-09-24 17:15:00
3789,3909,CASH,234326.69,success,TXN-00003909,2026-04-11 20:26:00
3790,3910,CASH,121686.42,success,TXN-00003910,2026-06-24 16:49:00
3791,3911,CASH,253684.57,success,TXN-00003911,2026-05-21 15:53:00
3792,3912,BANK_TRANSFER,72003.28,success,TXN-00003912,2026-08-31 18:22:00
3793,3913,BANK_TRANSFER,30334.82,success,TXN-00003913,2026-06-16 16:04:00
3794,3914,BANK_TRANSFER,122015.34,success,TXN-00003914,2026-04-24 12:24:00
3795,3915,CARD,71456.69,success,TXN-00003915,2026-06-15 19:15:00
3796,3916,CARD,83789.78,success,TXN-00003916,2026-06-12 11:59:00
3797,3917,UPI,271776.25,success,TXN-00003917,2026-09-15 19:06:00
3798,3918,UPI,294200.15,success,TXN-00003918,2026-07-15 10:21:00
3799,3919,BANK_TRANSFER,87905.82,success,TXN-00003919,2026-06-05 20:19:00
3800,3920,CASH,119202.78,success,TXN-00003920,2026-09-06 10:12:00
3801,3921,BANK_TRANSFER,43261.64,success,TXN-00003921,2026-04-25 12:39:00
3802,3922,BANK_TRANSFER,79896.56,success,TXN-00003922,2026-04-09 11:40:00
3803,3923,BANK_TRANSFER,122218.22,success,TXN-00003923,2026-05-06 17:50:00
3804,3924,UPI,151319.44,success,TXN-00003924,2026-06-23 21:10:00
3805,3925,BANK_TRANSFER,310735.77,success,TXN-00003925,2026-04-13 20:55:00
3806,3926,BANK_TRANSFER,109192.1,success,TXN-00003926,2026-06-12 14:56:00
3807,3927,UPI,88387.5,success,TXN-00003927,2026-09-25 15:03:00
3808,3928,BANK_TRANSFER,142093.44,success,TXN-00003928,2026-05-29 10:18:00
3809,3929,CARD,217644.46,success,TXN-00003929,2026-06-15 10:12:00
3810,3930,CASH,22716.37,success,TXN-00003930,2026-08-25 10:55:00
3811,3931,BANK_TRANSFER,200847.77,success,TXN-00003931,2026-08-15 12:53:00
3812,3932,CARD,56093.92,success,TXN-00003932,2026-07-12 17:30:00
3813,3933,CASH,171142.92,success,TXN-00003933,2026-07-03 11:24:00
3814,3935,CASH,108930.99,success,TXN-00003935,2026-04-16 19:03:00
3815,3936,BANK_TRANSFER,124500.26,success,TXN-00003936,2026-08-04 12:09:00
3816,3937,UPI,142173.36,success,TXN-00003937,2026-09-05 18:28:00
3817,3938,UPI,164146.47,success,TXN-00003938,2026-07-30 14:38:00
3818,3939,CASH,215441.04,success,TXN-00003939,2026-05-10 10:55:00
3819,3940,UPI,141841.02,success,TXN-00003940,2026-08-24 12:05:00
3820,3941,CASH,265669.73,success,TXN-00003941,2026-09-03 20:08:00
3821,3942,UPI,249917.21,success,TXN-00003942,2026-08-27 17:55:00
3822,3943,CARD,42017.35,success,TXN-00003943,2026-06-12 14:11:00
3823,3944,CASH,109366.1,success,TXN-00003944,2026-05-12 21:08:00
3824,3945,CASH,73188.35,success,TXN-00003945,2026-09-07 18:45:00
3825,3946,CASH,275313.77,success,TXN-00003946,2026-07-15 16:33:00
3826,3947,UPI,109180.76,success,TXN-00003947,2026-08-07 14:40:00
3827,3948,UPI,59285.66,success,TXN-00003948,2026-04-14 18:21:00
3828,3949,UPI,224659.63,success,TXN-00003949,2026-07-01 11:17:00
3829,3950,UPI,298316.12,success,TXN-00003950,2026-09-04 17:46:00
3830,3951,CASH,151027.03,success,TXN-00003951,2026-07-06 11:23:00
3831,3952,CASH,195557.14,success,TXN-00003952,2026-07-02 13:39:00
3832,3953,UPI,119249.11,success,TXN-00003953,2026-09-02 18:57:00
3833,3954,BANK_TRANSFER,307127.21,success,TXN-00003954,2026-05-08 16:15:00
3834,3955,UPI,229482.24,success,TXN-00003955,2026-05-30 17:32:00
3835,3956,BANK_TRANSFER,361918.89,success,TXN-00003956,2026-05-02 21:06:00
3836,3957,CASH,313739.49,success,TXN-00003957,2026-04-13 15:13:00
3837,3958,CASH,267305.93,success,TXN-00003958,2026-08-10 20:05:00
3838,3959,BANK_TRANSFER,197776.39,success,TXN-00003959,2026-04-17 19:41:00
3839,3960,UPI,167173.93,success,TXN-00003960,2026-07-14 10:09:00
3840,3961,BANK_TRANSFER,162580.81,success,TXN-00003961,2026-07-13 12:11:00
3841,3962,BANK_TRANSFER,420884.67,success,TXN-00003962,2026-06-14 17:46:00
3842,3963,BANK_TRANSFER,327301.8,success,TXN-00003963,2026-09-19 16:09:00
3843,3964,CASH,246649.63,success,TXN-00003964,2026-05-23 17:44:00
3844,3965,CASH,253411.85,success,TXN-00003965,2026-06-23 14:46:00
3845,3966,CASH,60164.24,success,TXN-00003966,2026-05-23 18:14:00
3846,3967,UPI,231469.41,success,TXN-00003967,2026-09-17 19:03:00
3847,3968,CARD,155605.72,success,TXN-00003968,2026-09-05 11:59:00
3848,3969,CASH,59423.04,success,TXN-00003969,2026-06-01 20:05:00
3849,3971,UPI,197422.11,success,TXN-00003971,2026-09-04 18:28:00
3850,3972,CARD,231197.37,success,TXN-00003972,2026-05-12 17:15:00
3851,3973,CASH,209148.57,success,TXN-00003973,2026-08-06 17:36:00
3852,3974,CASH,79997.98,success,TXN-00003974,2026-06-20 10:12:00
3853,3975,UPI,36760.47,success,TXN-00003975,2026-07-09 13:33:00
3854,3976,BANK_TRANSFER,291211.35,success,TXN-00003976,2026-07-14 14:30:00
3855,3977,UPI,81229.23,success,TXN-00003977,2026-08-20 19:14:00
3856,3978,UPI,243875.63,success,TXN-00003978,2026-07-05 14:18:00
3857,3979,CARD,52360.3,success,TXN-00003979,2026-05-17 11:06:00
3858,3980,BANK_TRANSFER,311222.06,success,TXN-00003980,2026-06-08 16:05:00
3859,3981,BANK_TRANSFER,256784.88,success,TXN-00003981,2026-06-27 16:38:00
3860,3982,UPI,167322.34,success,TXN-00003982,2026-08-15 19:26:00
3861,3983,CARD,77399.14,success,TXN-00003983,2026-04-05 13:50:00
3862,3984,BANK_TRANSFER,385861.2,success,TXN-00003984,2026-09-16 18:11:00
3863,3985,BANK_TRANSFER,366916.63,success,TXN-00003985,2026-08-12 10:57:00
3864,3986,CARD,13916.37,success,TXN-00003986,2026-08-19 18:59:00
3865,3987,UPI,129049.68,success,TXN-00003987,2026-09-06 21:12:00
3866,3988,UPI,65423.17,success,TXN-00003988,2026-05-27 15:04:00
3867,3989,UPI,37972.53,success,TXN-00003989,2026-09-14 13:51:00
3868,3990,BANK_TRANSFER,92368.05,success,TXN-00003990,2026-07-23 13:13:00
3869,3991,CASH,181587.53,success,TXN-00003991,2026-07-26 10:38:00
3870,3992,BANK_TRANSFER,268306.57,success,TXN-00003992,2026-07-23 16:22:00
3871,3993,CASH,143081.22,success,TXN-00003993,2026-08-31 12:42:00
3872,3994,CASH,270104.87,success,TXN-00003994,2026-09-24 11:59:00
3873,3995,UPI,387438.91,success,TXN-00003995,2026-09-08 14:58:00
3874,3996,UPI,213246.25,success,TXN-00003996,2026-05-21 10:57:00
3875,3997,CASH,191868.05,success,TXN-00003997,2026-08-20 20:56:00
3876,3998,BANK_TRANSFER,200474.46,success,TXN-00003998,2026-09-05 14:12:00
3877,3999,BANK_TRANSFER,301887.1,success,TXN-00003999,2026-04-10 14:16:00
3878,4000,BANK_TRANSFER,192965.03,success,TXN-00004000,2026-04-05 14:09:00
3879,4001,CASH,152162.43,success,TXN-00004001,2026-06-24 16:49:00
3880,4002,UPI,103078.73,success,TXN-00004002,2026-08-23 09:33:00
3881,4003,BANK_TRANSFER,403689.6,success,TXN-00004003,2026-04-08 16:19:00
3882,4004,UPI,277258.61,success,TXN-00004004,2026-04-10 14:28:00
3883,4005,BANK_TRANSFER,87554.29,success,TXN-00004005,2026-06-30 15:44:00
3884,4006,UPI,37249.91,success,TXN-00004006,2026-06-16 20:14:00
3885,4007,CARD,86706.73,success,TXN-00004007,2026-06-21 12:24:00
3886,4008,CARD,307396.28,success,TXN-00004008,2026-07-29 10:36:00
3887,4009,CASH,285526.5,success,TXN-00004009,2026-04-30 20:56:00
3888,4010,CASH,331738.85,success,TXN-00004010,2026-08-28 18:56:00
3889,4011,CASH,139815.18,success,TXN-00004011,2026-09-15 09:16:00
3890,4012,UPI,379892.11,success,TXN-00004012,2026-08-12 13:49:00
3891,4013,CASH,331352.23,success,TXN-00004013,2026-05-08 11:26:00
3892,4014,CASH,353207.53,success,TXN-00004014,2026-07-01 16:24:00
3893,4015,BANK_TRANSFER,292819.12,success,TXN-00004015,2026-05-07 15:42:00
3894,4016,UPI,36747.08,success,TXN-00004016,2026-04-02 10:34:00
3895,4017,CARD,232243.2,success,TXN-00004017,2026-04-15 19:20:00
3896,4018,CARD,182592.99,success,TXN-00004018,2026-04-05 18:09:00
3897,4019,CARD,388735.95,success,TXN-00004019,2026-05-06 11:23:00
3898,4020,CARD,293710.76,success,TXN-00004020,2026-06-12 16:31:00
3899,4021,BANK_TRANSFER,332560.75,success,TXN-00004021,2026-06-28 21:18:00
3900,4022,CARD,185713.84,success,TXN-00004022,2026-05-06 11:24:00
3901,4023,BANK_TRANSFER,151434.32,success,TXN-00004023,2026-04-16 19:27:00
3902,4024,BANK_TRANSFER,422028.39,success,TXN-00004024,2026-05-06 12:41:00
3903,4025,CARD,156067.68,success,TXN-00004025,2026-06-08 21:02:00
3904,4026,UPI,305656.9,success,TXN-00004026,2026-04-23 18:35:00
3905,4027,CARD,115643.57,success,TXN-00004027,2026-05-22 13:16:00
3906,4028,UPI,351694.0,success,TXN-00004028,2026-09-26 20:18:00
3907,4029,UPI,262477.46,success,TXN-00004029,2026-04-22 17:45:00
3908,4030,BANK_TRANSFER,341395.21,success,TXN-00004030,2026-06-08 16:31:00
3909,4031,CASH,199700.46,success,TXN-00004031,2026-07-28 11:32:00
3910,4032,CARD,206782.51,success,TXN-00004032,2026-07-09 13:03:00
3911,4033,UPI,192342.34,success,TXN-00004033,2026-08-28 11:54:00
3912,4034,UPI,406221.15,success,TXN-00004034,2026-09-15 18:05:00
3913,4035,CARD,126831.14,success,TXN-00004035,2026-06-26 20:49:00
3914,4036,BANK_TRANSFER,193804.12,success,TXN-00004036,2026-07-15 19:31:00
3915,4037,BANK_TRANSFER,294849.19,success,TXN-00004037,2026-04-21 20:27:00
3916,4039,UPI,206965.77,success,TXN-00004039,2026-07-14 16:57:00
3917,4040,UPI,34395.98,success,TXN-00004040,2026-06-27 12:04:00
3918,4041,BANK_TRANSFER,113459.77,success,TXN-00004041,2026-07-30 18:36:00
3919,4042,BANK_TRANSFER,43547.66,success,TXN-00004042,2026-09-21 10:33:00
3920,4043,CARD,41867.14,success,TXN-00004043,2026-04-19 11:29:00
3921,4044,BANK_TRANSFER,210230.33,success,TXN-00004044,2026-09-21 12:54:00
3922,4045,CARD,23183.58,success,TXN-00004045,2026-04-01 17:16:00
3923,4046,UPI,240166.11,success,TXN-00004046,2026-07-15 16:59:00
3924,4047,CASH,164127.65,success,TXN-00004047,2026-07-12 09:20:00
3925,4048,CARD,57538.54,success,TXN-00004048,2026-04-21 14:08:00
3926,4049,UPI,487674.87,success,TXN-00004049,2026-05-10 09:57:00
3927,4050,UPI,101886.39,success,TXN-00004050,2026-06-10 11:00:00
3928,4051,BANK_TRANSFER,165007.2,success,TXN-00004051,2026-04-27 14:41:00
3929,4052,UPI,142187.08,success,TXN-00004052,2026-08-21 20:15:00
3930,4053,CASH,247.32,success,TXN-00004053,2026-05-13 12:17:00
3931,4054,CASH,187914.0,success,TXN-00004054,2026-06-23 15:22:00
3932,4055,BANK_TRANSFER,303728.48,success,TXN-00004055,2026-08-24 16:24:00
3933,4056,CASH,96701.98,success,TXN-00004056,2026-07-31 17:56:00
3934,4057,CARD,130269.43,success,TXN-00004057,2026-04-13 14:47:00
3935,4058,CARD,226527.25,success,TXN-00004058,2026-09-18 17:39:00
3936,4059,BANK_TRANSFER,116544.99,success,TXN-00004059,2026-09-06 20:55:00
3937,4060,UPI,144316.48,success,TXN-00004060,2026-05-17 12:11:00
3938,4061,UPI,40076.11,success,TXN-00004061,2026-05-01 10:21:00
3939,4062,CARD,344422.68,success,TXN-00004062,2026-08-31 12:48:00
3940,4063,UPI,409587.33,success,TXN-00004063,2026-05-09 18:47:00
3941,4064,CARD,135526.33,success,TXN-00004064,2026-07-30 09:47:00
3942,4065,CASH,204446.46,success,TXN-00004065,2026-08-30 13:39:00
3943,4066,BANK_TRANSFER,243431.03,success,TXN-00004066,2026-06-29 10:00:00
3944,4067,BANK_TRANSFER,185839.63,success,TXN-00004067,2026-04-03 20:17:00
3945,4068,UPI,245235.74,success,TXN-00004068,2026-05-15 17:25:00
3946,4069,CARD,425997.89,success,TXN-00004069,2026-08-22 20:09:00
3947,4071,CARD,78353.12,success,TXN-00004071,2026-05-03 11:03:00
3948,4072,UPI,42994.16,success,TXN-00004072,2026-08-30 20:38:00
3949,4073,UPI,183445.58,success,TXN-00004073,2026-05-14 15:55:00
3950,4074,UPI,31225.96,success,TXN-00004074,2026-07-21 20:28:00
3951,4075,CASH,534076.43,success,TXN-00004075,2026-04-12 19:18:00
3952,4076,CASH,71802.42,success,TXN-00004076,2026-08-06 20:28:00
3953,4077,CARD,170077.07,success,TXN-00004077,2026-08-27 20:26:00
3954,4078,CARD,204921.66,success,TXN-00004078,2026-08-15 18:34:00
3955,4079,BANK_TRANSFER,273689.5,success,TXN-00004079,2026-04-10 19:27:00
3956,4080,CASH,168548.9,success,TXN-00004080,2026-06-06 15:52:00
3957,4081,UPI,66292.15,success,TXN-00004081,2026-07-08 10:29:00
3958,4082,CASH,91101.11,success,TXN-00004082,2026-07-13 18:42:00
3959,4083,CASH,3005.88,success,TXN-00004083,2026-07-27 11:04:00
3960,4084,UPI,164651.84,success,TXN-00004084,2026-05-20 15:17:00
3961,4085,UPI,35074.11,success,TXN-00004085,2026-07-02 16:08:00
3962,4087,BANK_TRANSFER,54733.37,success,TXN-00004087,2026-06-13 13:48:00
3963,4088,CASH,351116.8,success,TXN-00004088,2026-05-11 17:55:00
3964,4089,CASH,112664.83,success,TXN-00004089,2026-04-28 12:26:00
3965,4090,CARD,206642.73,success,TXN-00004090,2026-08-22 18:53:00
3966,4091,BANK_TRANSFER,115209.09,success,TXN-00004091,2026-09-09 10:17:00
3967,4092,BANK_TRANSFER,192099.69,success,TXN-00004092,2026-07-21 09:32:00
3968,4093,BANK_TRANSFER,277604.35,success,TXN-00004093,2026-09-18 16:25:00
3969,4094,BANK_TRANSFER,319808.78,success,TXN-00004094,2026-06-09 16:10:00
3970,4095,CARD,204192.04,success,TXN-00004095,2026-09-05 16:41:00
3971,4096,BANK_TRANSFER,297779.46,success,TXN-00004096,2026-05-15 11:49:00
3972,4097,UPI,115562.59,success,TXN-00004097,2026-06-05 18:53:00
3973,4098,BANK_TRANSFER,111696.29,success,TXN-00004098,2026-06-07 16:11:00
3974,4099,CASH,28426.18,success,TXN-00004099,2026-08-23 15:43:00
3975,4100,BANK_TRANSFER,71006.07,success,TXN-00004100,2026-05-08 18:03:00
3976,4101,CARD,221717.06,success,TXN-00004101,2026-08-24 16:15:00
3977,4102,CARD,23873.94,success,TXN-00004102,2026-07-28 16:35:00
3978,4103,CASH,279434.64,success,TXN-00004103,2026-08-01 17:50:00
3979,4104,CARD,156220.06,success,TXN-00004104,2026-06-16 16:09:00
3980,4105,CARD,258199.71,success,TXN-00004105,2026-07-06 17:41:00
3981,4106,UPI,356356.74,success,TXN-00004106,2026-07-01 19:47:00
3982,4107,BANK_TRANSFER,43650.8,success,TXN-00004107,2026-05-30 21:09:00
3983,4108,CARD,38130.0,success,TXN-00004108,2026-06-20 20:02:00
3984,4109,UPI,383124.36,success,TXN-00004109,2026-07-24 09:47:00
3985,4110,CARD,139549.23,success,TXN-00004110,2026-07-18 12:27:00
3986,4111,CASH,275059.3,success,TXN-00004111,2026-05-15 19:34:00
3987,4112,CARD,47695.44,success,TXN-00004112,2026-05-16 09:21:00
3988,4113,BANK_TRANSFER,167856.28,success,TXN-00004113,2026-04-29 18:15:00
3989,4114,CASH,432014.18,success,TXN-00004114,2026-07-16 20:30:00
3990,4115,UPI,236705.98,success,TXN-00004115,2026-05-11 10:46:00
3991,4116,BANK_TRANSFER,50057.77,success,TXN-00004116,2026-04-20 19:43:00
3992,4117,BANK_TRANSFER,281571.15,success,TXN-00004117,2026-04-04 10:53:00
3993,4118,UPI,129583.91,success,TXN-00004118,2026-04-08 19:24:00
3994,4119,UPI,159714.73,success,TXN-00004119,2026-08-12 11:48:00
3995,4121,BANK_TRANSFER,301888.45,success,TXN-00004121,2026-05-22 20:54:00
3996,4122,UPI,274103.41,success,TXN-00004122,2026-05-08 17:57:00
3997,4123,UPI,382563.02,success,TXN-00004123,2026-04-18 17:32:00
3998,4124,CARD,267962.83,success,TXN-00004124,2026-05-22 11:27:00
3999,4125,CARD,170266.52,success,TXN-00004125,2026-06-28 10:59:00
4000,4126,UPI,208533.17,success,TXN-00004126,2026-04-01 15:25:00
4001,4127,CARD,20286.57,success,TXN-00004127,2026-08-04 10:46:00
4002,4128,BANK_TRANSFER,183118.59,success,TXN-00004128,2026-08-08 18:18:00
4003,4129,CASH,175472.49,success,TXN-00004129,2026-08-16 11:05:00
4004,4130,CASH,21980.32,success,TXN-00004130,2026-05-14 17:02:00
4005,4131,BANK_TRANSFER,27490.13,success,TXN-00004131,2026-09-05 19:25:00
4006,4132,BANK_TRANSFER,38173.31,success,TXN-00004132,2026-04-29 15:33:00
4007,4133,CARD,285637.63,success,TXN-00004133,2026-05-12 13:35:00
4008,4134,CARD,42664.12,success,TXN-00004134,2026-09-13 19:00:00
4009,4135,UPI,338097.34,success,TXN-00004135,2026-09-21 18:54:00
4010,4136,CASH,286638.22,success,TXN-00004136,2026-08-20 11:15:00
4011,4137,BANK_TRANSFER,79509.15,success,TXN-00004137,2026-04-07 20:46:00
4012,4138,UPI,192329.17,success,TXN-00004138,2026-09-21 18:47:00
4013,4139,UPI,186148.68,success,TXN-00004139,2026-04-27 14:41:00
4014,4140,CASH,207942.93,success,TXN-00004140,2026-09-17 20:52:00
4015,4141,CARD,150058.87,success,TXN-00004141,2026-05-28 11:44:00
4016,4142,BANK_TRANSFER,166105.79,success,TXN-00004142,2026-04-02 11:42:00
4017,4143,CARD,273814.45,success,TXN-00004143,2026-09-15 12:30:00
4018,4144,UPI,171826.74,success,TXN-00004144,2026-09-14 13:03:00
4019,4145,UPI,162612.91,success,TXN-00004145,2026-07-12 10:26:00
4020,4146,UPI,230503.83,success,TXN-00004146,2026-06-13 14:49:00
4021,4147,CARD,267933.32,success,TXN-00004147,2026-05-03 16:16:00
4022,4148,CARD,263436.74,success,TXN-00004148,2026-08-26 15:51:00
4023,4149,UPI,116423.96,success,TXN-00004149,2026-08-30 12:00:00
4024,4150,UPI,9386.09,success,TXN-00004150,2026-04-01 12:26:00
4025,4151,BANK_TRANSFER,91302.23,success,TXN-00004151,2026-04-13 10:16:00
4026,4152,CARD,127656.12,success,TXN-00004152,2026-09-11 10:29:00
4027,4153,CARD,44598.63,success,TXN-00004153,2026-08-03 15:26:00
4028,4154,CASH,213780.85,success,TXN-00004154,2026-06-02 18:31:00
4029,4155,CARD,291645.82,success,TXN-00004155,2026-06-16 09:29:00
4030,4156,UPI,85940.69,success,TXN-00004156,2026-08-10 18:22:00
4031,4157,CASH,132196.27,success,TXN-00004157,2026-04-18 12:11:00
4032,4158,CASH,240652.62,success,TXN-00004158,2026-08-24 15:17:00
4033,4159,BANK_TRANSFER,50738.01,success,TXN-00004159,2026-08-26 17:51:00
4034,4160,UPI,134083.34,success,TXN-00004160,2026-06-09 19:34:00
4035,4161,CASH,209891.97,success,TXN-00004161,2026-09-24 17:26:00
4036,4162,CARD,150008.43,success,TXN-00004162,2026-09-28 17:39:00
4037,4163,BANK_TRANSFER,115092.32,success,TXN-00004163,2026-09-11 09:20:00
4038,4164,BANK_TRANSFER,57784.73,success,TXN-00004164,2026-08-17 18:21:00
4039,4165,UPI,95014.94,success,TXN-00004165,2026-09-27 10:27:00
4040,4166,CARD,553230.81,success,TXN-00004166,2026-05-07 20:19:00
4041,4167,UPI,323826.37,success,TXN-00004167,2026-09-12 19:50:00
4042,4168,UPI,339087.18,success,TXN-00004168,2026-07-20 12:21:00
4043,4169,CARD,92537.29,success,TXN-00004169,2026-09-16 21:01:00
4044,4170,UPI,303830.73,success,TXN-00004170,2026-04-08 16:29:00
4045,4171,UPI,170052.85,success,TXN-00004171,2026-04-21 14:42:00
4046,4172,CARD,158533.02,success,TXN-00004172,2026-08-17 11:24:00
4047,4173,CARD,55019.39,success,TXN-00004173,2026-05-20 14:07:00
4048,4174,BANK_TRANSFER,373241.79,success,TXN-00004174,2026-08-27 13:29:00
4049,4175,BANK_TRANSFER,25766.41,success,TXN-00004175,2026-09-12 09:34:00
4050,4176,BANK_TRANSFER,110356.82,success,TXN-00004176,2026-09-20 10:30:00
4051,4177,CASH,21836.48,success,TXN-00004177,2026-05-11 17:24:00
4052,4178,BANK_TRANSFER,305096.32,success,TXN-00004178,2026-04-09 20:05:00
4053,4179,CASH,266146.2,success,TXN-00004179,2026-09-19 15:48:00
4054,4180,CARD,337723.43,success,TXN-00004180,2026-06-19 18:14:00
4055,4181,CARD,145119.97,success,TXN-00004181,2026-08-04 20:05:00
4056,4182,UPI,16664.74,success,TXN-00004182,2026-07-31 18:44:00
4057,4183,CARD,133694.94,success,TXN-00004183,2026-07-22 10:02:00
4058,4184,CARD,143221.98,success,TXN-00004184,2026-06-12 11:46:00
4059,4185,UPI,235194.23,success,TXN-00004185,2026-06-02 19:32:00
4060,4186,UPI,180201.02,success,TXN-00004186,2026-04-14 09:34:00
4061,4187,CARD,141142.58,success,TXN-00004187,2026-07-19 17:57:00
4062,4188,CASH,36719.7,success,TXN-00004188,2026-04-28 10:07:00
4063,4189,CARD,266407.98,success,TXN-00004189,2026-09-07 13:09:00
4064,4191,BANK_TRANSFER,353435.01,success,TXN-00004191,2026-09-04 12:04:00
4065,4192,BANK_TRANSFER,385726.56,success,TXN-00004192,2026-07-29 18:15:00
4066,4193,UPI,131612.26,success,TXN-00004193,2026-07-22 13:41:00
4067,4194,CASH,193056.67,success,TXN-00004194,2026-06-30 12:30:00
4068,4195,BANK_TRANSFER,117427.38,success,TXN-00004195,2026-07-11 10:30:00
4069,4196,CASH,164590.85,success,TXN-00004196,2026-08-12 20:35:00
4070,4197,CASH,314184.3,success,TXN-00004197,2026-06-06 20:10:00
4071,4198,CASH,46244.07,success,TXN-00004198,2026-08-09 20:45:00
4072,4199,CARD,267101.22,success,TXN-00004199,2026-05-17 14:41:00
4073,4200,CASH,117834.78,success,TXN-00004200,2026-08-16 16:03:00
4074,4201,CARD,12674.12,success,TXN-00004201,2026-06-17 14:17:00
4075,4202,UPI,498070.78,success,TXN-00004202,2026-06-26 18:25:00
4076,4203,CASH,6980.02,success,TXN-00004203,2026-07-05 18:59:00
4077,4204,CARD,21433.4,success,TXN-00004204,2026-05-02 16:26:00
4078,4205,UPI,206268.93,success,TXN-00004205,2026-04-13 10:26:00
4079,4206,CARD,309271.63,success,TXN-00004206,2026-08-18 16:45:00
4080,4207,CASH,146833.9,success,TXN-00004207,2026-04-29 12:11:00
4081,4208,BANK_TRANSFER,130975.59,success,TXN-00004208,2026-05-30 13:13:00
4082,4209,CARD,174531.03,success,TXN-00004209,2026-08-06 10:45:00
4083,4210,BANK_TRANSFER,62784.41,success,TXN-00004210,2026-07-10 10:41:00
4084,4211,UPI,154325.99,success,TXN-00004211,2026-06-16 16:43:00
4085,4212,CASH,143261.23,success,TXN-00004212,2026-09-04 10:50:00
4086,4213,BANK_TRANSFER,216740.16,success,TXN-00004213,2026-07-28 21:17:00
4087,4214,CASH,247646.39,success,TXN-00004214,2026-05-23 19:16:00
4088,4215,CARD,307508.88,success,TXN-00004215,2026-04-19 15:59:00
4089,4216,CASH,23050.32,success,TXN-00004216,2026-08-23 12:49:00
4090,4217,BANK_TRANSFER,264721.09,success,TXN-00004217,2026-08-17 09:28:00
4091,4218,CARD,40715.44,success,TXN-00004218,2026-04-16 18:38:00
4092,4219,CARD,257600.85,success,TXN-00004219,2026-05-25 17:23:00
4093,4220,CARD,179341.6,success,TXN-00004220,2026-04-09 12:47:00
4094,4221,UPI,441974.7,success,TXN-00004221,2026-04-13 19:00:00
4095,4222,BANK_TRANSFER,21978.69,success,TXN-00004222,2026-08-03 13:21:00
4096,4223,BANK_TRANSFER,140912.52,success,TXN-00004223,2026-09-17 18:57:00
4097,4224,BANK_TRANSFER,392583.9,success,TXN-00004224,2026-05-08 18:37:00
4098,4225,UPI,192262.18,success,TXN-00004225,2026-06-08 19:18:00
4099,4226,UPI,77314.58,success,TXN-00004226,2026-09-06 12:06:00
4100,4227,BANK_TRANSFER,206389.96,success,TXN-00004227,2026-06-01 18:58:00
4101,4228,UPI,109747.69,success,TXN-00004228,2026-04-03 10:35:00
4102,4229,CARD,292416.72,success,TXN-00004229,2026-08-25 14:21:00
4103,4230,BANK_TRANSFER,228207.09,success,TXN-00004230,2026-08-24 13:12:00
4104,4231,CARD,164472.07,success,TXN-00004231,2026-05-31 18:11:00
4105,4232,CARD,191285.93,success,TXN-00004232,2026-07-11 13:13:00
4106,4233,UPI,178448.58,success,TXN-00004233,2026-08-27 10:59:00
4107,4234,CASH,430389.19,success,TXN-00004234,2026-08-06 17:28:00
4108,4235,CASH,147960.09,success,TXN-00004235,2026-09-01 17:23:00
4109,4236,CASH,126543.75,success,TXN-00004236,2026-06-10 14:56:00
4110,4237,UPI,307940.17,success,TXN-00004237,2026-04-28 09:24:00
4111,4238,UPI,71595.29,success,TXN-00004238,2026-06-21 10:31:00
4112,4239,UPI,59246.77,success,TXN-00004239,2026-07-22 20:30:00
4113,4240,CARD,183572.73,success,TXN-00004240,2026-06-15 11:30:00
4114,4241,UPI,31595.21,success,TXN-00004241,2026-04-07 12:27:00
4115,4242,CASH,193714.37,success,TXN-00004242,2026-05-29 15:30:00
4116,4243,BANK_TRANSFER,91593.0,success,TXN-00004243,2026-08-30 11:52:00
4117,4244,BANK_TRANSFER,22687.69,success,TXN-00004244,2026-09-27 20:22:00
4118,4245,BANK_TRANSFER,71812.43,success,TXN-00004245,2026-04-21 11:15:00
4119,4246,UPI,215713.36,success,TXN-00004246,2026-06-16 17:24:00
4120,4247,BANK_TRANSFER,32314.54,success,TXN-00004247,2026-05-29 10:41:00
4121,4248,CASH,52878.5,success,TXN-00004248,2026-09-23 15:50:00
4122,4249,BANK_TRANSFER,10741.19,success,TXN-00004249,2026-05-05 13:31:00
4123,4250,CARD,95865.8,success,TXN-00004250,2026-07-18 17:51:00
4124,4252,CASH,387919.84,success,TXN-00004252,2026-08-13 19:27:00
4125,4253,BANK_TRANSFER,355670.03,success,TXN-00004253,2026-07-02 18:15:00
4126,4254,BANK_TRANSFER,83331.77,success,TXN-00004254,2026-04-17 19:25:00
4127,4255,CARD,261953.26,success,TXN-00004255,2026-06-28 20:19:00
4128,4256,CASH,379279.33,success,TXN-00004256,2026-07-17 10:29:00
4129,4257,CASH,307142.14,success,TXN-00004257,2026-08-21 12:58:00
4130,4258,CARD,116924.81,success,TXN-00004258,2026-09-10 09:25:00
4131,4259,CARD,241125.54,success,TXN-00004259,2026-04-24 17:15:00
4132,4260,BANK_TRANSFER,64821.17,success,TXN-00004260,2026-08-09 10:09:00
4133,4261,CASH,55922.83,success,TXN-00004261,2026-08-06 18:49:00
4134,4262,UPI,147713.28,success,TXN-00004262,2026-07-03 12:02:00
4135,4263,CARD,335693.62,success,TXN-00004263,2026-05-14 20:11:00
4136,4264,CASH,246975.73,success,TXN-00004264,2026-08-24 20:04:00
4137,4265,CASH,311767.29,success,TXN-00004265,2026-04-16 19:17:00
4138,4266,CARD,323032.76,success,TXN-00004266,2026-08-29 10:01:00
4139,4267,CASH,320616.58,success,TXN-00004267,2026-04-04 20:49:00
4140,4268,BANK_TRANSFER,396535.15,success,TXN-00004268,2026-06-21 13:31:00
4141,4269,CARD,74271.39,success,TXN-00004269,2026-05-26 12:40:00
4142,4270,CARD,185919.48,success,TXN-00004270,2026-07-28 14:19:00
4143,4271,CARD,28202.1,success,TXN-00004271,2026-07-11 10:35:00
4144,4272,CARD,202098.95,success,TXN-00004272,2026-06-23 16:21:00
4145,4273,CARD,165373.83,success,TXN-00004273,2026-09-08 18:56:00
4146,4274,BANK_TRANSFER,207479.84,success,TXN-00004274,2026-08-03 16:22:00
4147,4275,CARD,49647.4,success,TXN-00004275,2026-08-21 10:18:00
4148,4276,UPI,248163.32,success,TXN-00004276,2026-09-24 20:26:00
4149,4277,UPI,247337.85,success,TXN-00004277,2026-06-16 12:57:00
4150,4278,UPI,60464.61,success,TXN-00004278,2026-06-29 16:25:00
4151,4279,CARD,285070.73,success,TXN-00004279,2026-05-06 19:18:00
4152,4280,BANK_TRANSFER,195590.08,success,TXN-00004280,2026-04-13 11:32:00
4153,4281,BANK_TRANSFER,63335.71,success,TXN-00004281,2026-08-20 14:51:00
4154,4282,UPI,150252.69,success,TXN-00004282,2026-08-17 21:13:00
4155,4283,CASH,111878.98,success,TXN-00004283,2026-07-30 19:07:00
4156,4284,UPI,237700.87,success,TXN-00004284,2026-05-04 09:21:00
4157,4285,UPI,219286.81,success,TXN-00004285,2026-04-19 13:03:00
4158,4286,BANK_TRANSFER,192184.66,success,TXN-00004286,2026-07-11 12:16:00
4159,4287,CASH,207605.37,success,TXN-00004287,2026-04-29 18:01:00
4160,4288,UPI,157322.26,success,TXN-00004288,2026-04-06 11:03:00
4161,4289,CARD,61618.19,success,TXN-00004289,2026-04-20 14:39:00
4162,4290,CARD,256107.9,success,TXN-00004290,2026-09-28 19:13:00
4163,4291,UPI,85038.32,success,TXN-00004291,2026-05-13 17:12:00
4164,4292,CASH,269543.94,success,TXN-00004292,2026-09-17 13:25:00
4165,4293,CARD,260362.92,success,TXN-00004293,2026-04-29 11:22:00
4166,4294,CASH,324952.85,success,TXN-00004294,2026-08-28 11:33:00
4167,4296,CARD,183851.58,success,TXN-00004296,2026-08-07 13:17:00
4168,4297,BANK_TRANSFER,153489.42,success,TXN-00004297,2026-08-18 09:39:00
4169,4298,BANK_TRANSFER,128437.32,success,TXN-00004298,2026-06-17 12:01:00
4170,4299,BANK_TRANSFER,263170.03,success,TXN-00004299,2026-06-15 17:57:00
4171,4300,UPI,139578.76,success,TXN-00004300,2026-06-13 17:10:00
4172,4301,BANK_TRANSFER,275288.83,success,TXN-00004301,2026-05-31 17:06:00
4173,4302,CASH,54442.32,success,TXN-00004302,2026-05-31 11:57:00
4174,4303,CARD,90985.62,success,TXN-00004303,2026-05-08 11:21:00
4175,4304,BANK_TRANSFER,207637.9,success,TXN-00004304,2026-06-09 11:18:00
4176,4305,BANK_TRANSFER,194647.35,success,TXN-00004305,2026-05-21 09:24:00
4177,4306,UPI,17343.92,success,TXN-00004306,2026-08-29 20:50:00
4178,4307,CASH,45629.09,success,TXN-00004307,2026-05-11 16:37:00
4179,4308,CARD,428167.0,success,TXN-00004308,2026-06-06 10:37:00
4180,4309,CASH,216764.7,success,TXN-00004309,2026-07-03 10:38:00
4181,4310,CASH,29831.33,success,TXN-00004310,2026-08-30 19:14:00
4182,4311,UPI,74643.87,success,TXN-00004311,2026-05-15 11:56:00
4183,4312,CARD,66887.86,success,TXN-00004312,2026-04-26 20:54:00
4184,4313,CASH,131439.05,success,TXN-00004313,2026-06-30 20:32:00
4185,4314,CARD,27514.59,success,TXN-00004314,2026-07-31 20:28:00
4186,4315,UPI,386564.91,success,TXN-00004315,2026-05-18 11:15:00
4187,4316,CASH,388233.38,success,TXN-00004316,2026-09-09 10:08:00
4188,4317,UPI,151365.33,success,TXN-00004317,2026-09-05 11:46:00
4189,4318,BANK_TRANSFER,361871.22,success,TXN-00004318,2026-07-16 14:00:00
4190,4319,CASH,48277.41,success,TXN-00004319,2026-04-03 10:16:00
4191,4320,UPI,378265.62,success,TXN-00004320,2026-08-17 11:05:00
4192,4321,CARD,222275.57,success,TXN-00004321,2026-07-10 15:10:00
4193,4322,BANK_TRANSFER,25768.76,success,TXN-00004322,2026-04-03 20:47:00
4194,4323,CASH,236058.05,success,TXN-00004323,2026-08-01 18:21:00
4195,4324,CARD,201093.1,success,TXN-00004324,2026-05-09 11:53:00
4196,4325,BANK_TRANSFER,185648.22,success,TXN-00004325,2026-07-14 11:56:00
4197,4326,CARD,38672.69,success,TXN-00004326,2026-06-02 14:07:00
4198,4327,UPI,229696.24,success,TXN-00004327,2026-06-18 09:21:00
4199,4329,CARD,218594.43,success,TXN-00004329,2026-08-28 10:18:00
4200,4330,CASH,192041.11,success,TXN-00004330,2026-06-01 12:50:00
4201,4331,UPI,137247.37,success,TXN-00004331,2026-08-13 14:22:00
4202,4332,UPI,197406.1,success,TXN-00004332,2026-06-19 17:47:00
4203,4333,UPI,497971.2,success,TXN-00004333,2026-05-23 15:30:00
4204,4334,UPI,190242.94,success,TXN-00004334,2026-05-27 20:38:00
4205,4335,UPI,162915.48,success,TXN-00004335,2026-04-09 19:40:00
4206,4336,CASH,465625.51,success,TXN-00004336,2026-06-24 14:36:00
4207,4337,CARD,51405.57,success,TXN-00004337,2026-08-29 16:22:00
4208,4338,CASH,303713.65,success,TXN-00004338,2026-08-28 15:52:00
4209,4339,CARD,237416.74,success,TXN-00004339,2026-05-30 11:11:00
4210,4340,CARD,111293.26,success,TXN-00004340,2026-07-31 19:53:00
4211,4341,BANK_TRANSFER,250046.87,success,TXN-00004341,2026-04-20 14:52:00
4212,4342,CASH,26809.28,success,TXN-00004342,2026-09-05 12:44:00
4213,4343,UPI,210886.57,success,TXN-00004343,2026-08-18 14:11:00
4214,4344,BANK_TRANSFER,114175.49,success,TXN-00004344,2026-05-02 20:43:00
4215,4345,BANK_TRANSFER,131973.96,success,TXN-00004345,2026-05-04 12:39:00
4216,4346,BANK_TRANSFER,450167.73,success,TXN-00004346,2026-05-25 18:58:00
4217,4347,CASH,26574.38,success,TXN-00004347,2026-09-15 15:24:00
4218,4348,UPI,28297.49,success,TXN-00004348,2026-06-27 21:14:00
4219,4349,CASH,277708.82,success,TXN-00004349,2026-06-03 21:08:00
4220,4350,UPI,170251.33,success,TXN-00004350,2026-08-16 10:33:00
4221,4351,CARD,88885.9,success,TXN-00004351,2026-05-19 16:49:00
4222,4352,CARD,311155.69,success,TXN-00004352,2026-06-27 20:00:00
4223,4353,UPI,7001.0,success,TXN-00004353,2026-06-21 11:17:00
4224,4354,CASH,173186.46,success,TXN-00004354,2026-06-30 10:26:00
4225,4355,UPI,10403.71,success,TXN-00004355,2026-04-10 16:13:00
4226,4356,CARD,156246.17,success,TXN-00004356,2026-06-14 16:48:00
4227,4357,BANK_TRANSFER,65524.6,success,TXN-00004357,2026-08-03 12:55:00
4228,4358,UPI,89864.37,success,TXN-00004358,2026-06-06 12:28:00
4229,4359,CARD,108442.49,success,TXN-00004359,2026-04-28 09:20:00
4230,4360,BANK_TRANSFER,14276.21,success,TXN-00004360,2026-04-10 15:49:00
4231,4361,CARD,133529.33,success,TXN-00004361,2026-05-19 13:42:00
4232,4362,CARD,319290.58,success,TXN-00004362,2026-06-04 16:12:00
4233,4363,CARD,37042.14,success,TXN-00004363,2026-04-24 12:50:00
4234,4364,CASH,241554.32,success,TXN-00004364,2026-05-15 12:32:00
4235,4365,CASH,176359.86,success,TXN-00004365,2026-08-15 20:01:00
4236,4366,BANK_TRANSFER,94925.31,success,TXN-00004366,2026-09-12 17:23:00
4237,4367,CASH,8756.5,success,TXN-00004367,2026-04-11 15:48:00
4238,4368,UPI,14860.29,success,TXN-00004368,2026-04-09 16:40:00
4239,4369,BANK_TRANSFER,27480.89,success,TXN-00004369,2026-04-22 12:51:00
4240,4370,CASH,13081.47,success,TXN-00004370,2026-05-10 18:35:00
4241,4371,BANK_TRANSFER,371081.76,success,TXN-00004371,2026-09-08 18:10:00
4242,4372,CASH,10217.31,success,TXN-00004372,2026-04-22 20:26:00
4243,4373,BANK_TRANSFER,192843.74,success,TXN-00004373,2026-09-07 09:42:00
4244,4374,CARD,370223.59,success,TXN-00004374,2026-05-19 16:43:00
4245,4375,UPI,284655.39,success,TXN-00004375,2026-09-23 14:55:00
4246,4376,UPI,10923.99,success,TXN-00004376,2026-08-02 14:35:00
4247,4377,CARD,200834.64,success,TXN-00004377,2026-08-16 16:34:00
4248,4378,CASH,155659.51,success,TXN-00004378,2026-04-10 18:53:00
4249,4379,BANK_TRANSFER,88536.39,success,TXN-00004379,2026-08-25 12:29:00
4250,4380,CASH,376070.99,success,TXN-00004380,2026-07-23 18:33:00
4251,4381,CARD,63572.37,success,TXN-00004381,2026-04-13 17:36:00
4252,4382,UPI,193688.45,success,TXN-00004382,2026-04-25 13:27:00
4253,4383,UPI,176412.86,success,TXN-00004383,2026-06-15 12:36:00
4254,4384,CARD,74013.92,success,TXN-00004384,2026-04-14 20:47:00
4255,4385,UPI,299564.59,success,TXN-00004385,2026-04-26 20:14:00
4256,4386,BANK_TRANSFER,80089.04,success,TXN-00004386,2026-09-05 13:44:00
4257,4387,CARD,68536.23,success,TXN-00004387,2026-08-03 10:58:00
4258,4388,CASH,156677.93,success,TXN-00004388,2026-07-09 11:04:00
4259,4389,UPI,143588.4,success,TXN-00004389,2026-08-14 20:57:00
4260,4390,UPI,29431.37,success,TXN-00004390,2026-09-25 15:06:00
4261,4391,UPI,108218.5,success,TXN-00004391,2026-05-12 14:04:00
4262,4392,CASH,14997.12,success,TXN-00004392,2026-04-12 17:54:00
4263,4393,BANK_TRANSFER,1341.47,success,TXN-00004393,2026-04-25 20:18:00
4264,4394,CASH,137629.03,success,TXN-00004394,2026-04-23 17:09:00
4265,4395,CASH,359239.81,success,TXN-00004395,2026-05-29 18:09:00
4266,4396,UPI,442885.33,success,TXN-00004396,2026-06-26 13:25:00
4267,4397,BANK_TRANSFER,38982.33,success,TXN-00004397,2026-05-05 19:28:00
4268,4399,BANK_TRANSFER,27893.51,success,TXN-00004399,2026-07-14 18:28:00
4269,4400,CASH,21015.09,success,TXN-00004400,2026-08-08 18:57:00
4270,4401,CASH,86008.43,success,TXN-00004401,2026-07-17 14:56:00
4271,4402,BANK_TRANSFER,31301.08,success,TXN-00004402,2026-08-13 13:57:00
4272,4403,BANK_TRANSFER,355455.64,success,TXN-00004403,2026-07-14 12:49:00
4273,4404,BANK_TRANSFER,102418.48,success,TXN-00004404,2026-06-05 20:57:00
4274,4405,BANK_TRANSFER,39952.05,success,TXN-00004405,2026-05-08 16:06:00
4275,4406,CASH,309678.47,success,TXN-00004406,2026-06-18 11:02:00
4276,4408,CASH,116807.05,success,TXN-00004408,2026-07-19 14:29:00
4277,4409,CARD,192917.85,success,TXN-00004409,2026-08-26 12:28:00
4278,4410,BANK_TRANSFER,11224.55,success,TXN-00004410,2026-08-06 10:58:00
4279,4411,CARD,210378.95,success,TXN-00004411,2026-07-15 16:03:00
4280,4412,BANK_TRANSFER,425556.08,success,TXN-00004412,2026-07-30 14:07:00
4281,4413,CASH,191495.24,success,TXN-00004413,2026-07-06 13:20:00
4282,4414,UPI,142351.55,success,TXN-00004414,2026-07-10 19:07:00
4283,4415,BANK_TRANSFER,26755.38,success,TXN-00004415,2026-04-23 13:27:00
4284,4416,BANK_TRANSFER,105253.44,success,TXN-00004416,2026-05-13 21:02:00
4285,4417,UPI,31977.73,success,TXN-00004417,2026-08-06 14:14:00
4286,4418,BANK_TRANSFER,88039.6,success,TXN-00004418,2026-04-02 20:54:00
4287,4419,UPI,244399.97,success,TXN-00004419,2026-04-14 13:31:00
4288,4420,CASH,273640.76,success,TXN-00004420,2026-08-01 19:09:00
4289,4421,CARD,77752.81,success,TXN-00004421,2026-07-15 14:06:00
4290,4422,CASH,190723.94,success,TXN-00004422,2026-06-27 17:09:00
4291,4424,UPI,76498.32,success,TXN-00004424,2026-06-06 19:23:00
4292,4425,UPI,35168.15,success,TXN-00004425,2026-06-25 18:13:00
4293,4426,CASH,20228.56,success,TXN-00004426,2026-06-26 14:55:00
4294,4427,CARD,60705.89,success,TXN-00004427,2026-05-14 14:45:00
4295,4428,CARD,164799.96,success,TXN-00004428,2026-08-28 19:24:00
4296,4429,CASH,376864.45,success,TXN-00004429,2026-06-18 18:57:00
4297,4430,CARD,416921.41,success,TXN-00004430,2026-05-16 15:19:00
4298,4431,CASH,60533.86,success,TXN-00004431,2026-08-23 10:57:00
4299,4432,CARD,294557.96,success,TXN-00004432,2026-08-06 17:28:00
4300,4433,CARD,186368.74,success,TXN-00004433,2026-09-08 17:41:00
4301,4434,BANK_TRANSFER,92370.4,success,TXN-00004434,2026-09-13 18:42:00
4302,4435,BANK_TRANSFER,214644.92,success,TXN-00004435,2026-08-18 17:25:00
4303,4436,UPI,35953.9,success,TXN-00004436,2026-04-10 10:03:00
4304,4437,CARD,155350.58,success,TXN-00004437,2026-05-03 13:59:00
4305,4438,BANK_TRANSFER,81871.6,success,TXN-00004438,2026-09-12 20:24:00
4306,4439,BANK_TRANSFER,78597.31,success,TXN-00004439,2026-08-10 17:45:00
4307,4440,BANK_TRANSFER,95325.81,success,TXN-00004440,2026-06-04 17:41:00
4308,4441,CARD,227206.16,success,TXN-00004441,2026-08-09 19:51:00
4309,4442,BANK_TRANSFER,429339.39,success,TXN-00004442,2026-05-12 13:33:00
4310,4443,CARD,83041.69,success,TXN-00004443,2026-09-26 20:15:00
4311,4444,BANK_TRANSFER,46466.95,success,TXN-00004444,2026-04-15 11:31:00
4312,4445,CASH,420536.51,success,TXN-00004445,2026-04-25 11:30:00
4313,4447,BANK_TRANSFER,92419.64,success,TXN-00004447,2026-05-03 12:13:00
4314,4448,CARD,142296.19,success,TXN-00004448,2026-07-12 20:42:00
4315,4449,CARD,370444.37,success,TXN-00004449,2026-06-21 19:09:00
4316,4450,BANK_TRANSFER,377668.38,success,TXN-00004450,2026-09-15 11:31:00
4317,4451,UPI,132717.38,success,TXN-00004451,2026-06-28 11:24:00
4318,4453,UPI,270292.34,success,TXN-00004453,2026-08-27 17:23:00
4319,4454,BANK_TRANSFER,133341.38,success,TXN-00004454,2026-06-04 15:28:00
4320,4455,CARD,135679.46,success,TXN-00004455,2026-05-02 10:51:00
4321,4456,BANK_TRANSFER,118883.09,success,TXN-00004456,2026-08-11 11:05:00
4322,4457,BANK_TRANSFER,1341.74,success,TXN-00004457,2026-04-23 15:00:00
4323,4458,CARD,140089.14,success,TXN-00004458,2026-05-22 20:03:00
4324,4459,CASH,110643.45,success,TXN-00004459,2026-04-27 16:16:00
4325,4460,CARD,78039.98,success,TXN-00004460,2026-05-16 14:52:00
4326,4461,CARD,170527.21,success,TXN-00004461,2026-06-29 15:22:00
4327,4462,BANK_TRANSFER,106948.32,success,TXN-00004462,2026-06-10 20:52:00
4328,4463,CASH,325309.14,success,TXN-00004463,2026-05-21 14:36:00
4329,4464,UPI,89615.26,success,TXN-00004464,2026-08-03 21:03:00
4330,4465,UPI,173252.99,success,TXN-00004465,2026-05-21 10:21:00
4331,4466,UPI,295011.68,success,TXN-00004466,2026-06-16 15:07:00
4332,4467,CARD,311774.55,success,TXN-00004467,2026-07-09 09:41:00
4333,4468,CARD,74854.68,success,TXN-00004468,2026-06-22 11:59:00
4334,4469,CARD,213203.81,success,TXN-00004469,2026-06-01 15:21:00
4335,4470,BANK_TRANSFER,219865.45,success,TXN-00004470,2026-06-26 16:34:00
4336,4471,BANK_TRANSFER,228788.19,success,TXN-00004471,2026-08-18 16:28:00
4337,4472,BANK_TRANSFER,50881.91,success,TXN-00004472,2026-05-24 20:45:00
4338,4473,UPI,87073.82,success,TXN-00004473,2026-04-23 11:08:00
4339,4474,UPI,362389.27,success,TXN-00004474,2026-06-03 15:17:00
4340,4475,BANK_TRANSFER,126972.97,success,TXN-00004475,2026-08-13 10:04:00
4341,4476,UPI,182162.65,success,TXN-00004476,2026-04-06 18:26:00
4342,4477,CARD,167030.27,success,TXN-00004477,2026-07-06 16:14:00
4343,4478,UPI,235310.63,success,TXN-00004478,2026-08-26 19:27:00
4344,4479,CASH,81859.44,success,TXN-00004479,2026-06-09 20:48:00
4345,4480,BANK_TRANSFER,120259.02,success,TXN-00004480,2026-04-27 14:55:00
4346,4481,CARD,113976.54,success,TXN-00004481,2026-08-16 15:42:00
4347,4482,BANK_TRANSFER,343256.05,success,TXN-00004482,2026-04-16 12:07:00
4348,4483,UPI,249452.09,success,TXN-00004483,2026-09-07 18:05:00
4349,4484,CARD,236029.48,success,TXN-00004484,2026-05-05 17:17:00
4350,4485,CARD,67891.69,success,TXN-00004485,2026-05-30 12:13:00
4351,4486,BANK_TRANSFER,105682.23,success,TXN-00004486,2026-06-03 18:58:00
4352,4487,CASH,318306.15,success,TXN-00004487,2026-09-05 18:21:00
4353,4488,CASH,45167.2,success,TXN-00004488,2026-09-21 11:22:00
4354,4489,BANK_TRANSFER,44651.21,success,TXN-00004489,2026-07-27 19:31:00
4355,4490,UPI,129940.78,success,TXN-00004490,2026-05-27 15:47:00
4356,4491,UPI,76904.56,success,TXN-00004491,2026-04-29 15:03:00
4357,4492,CARD,69227.13,success,TXN-00004492,2026-04-19 12:51:00
4358,4493,UPI,121854.55,success,TXN-00004493,2026-05-15 15:20:00
4359,4494,CARD,130406.59,success,TXN-00004494,2026-09-25 14:15:00
4360,4495,UPI,125256.7,success,TXN-00004495,2026-06-17 21:00:00
4361,4496,CARD,74344.9,success,TXN-00004496,2026-09-20 17:26:00
4362,4497,CASH,159105.37,success,TXN-00004497,2026-09-22 18:39:00
4363,4498,CARD,66680.19,success,TXN-00004498,2026-04-20 20:15:00
4364,4499,CASH,119387.25,success,TXN-00004499,2026-06-01 18:07:00
4365,4500,CARD,298475.53,success,TXN-00004500,2026-09-19 17:55:00
4366,4501,CASH,104853.77,success,TXN-00004501,2026-09-19 16:38:00
4367,4502,UPI,86908.52,success,TXN-00004502,2026-09-15 09:30:00
4368,4503,UPI,268658.16,success,TXN-00004503,2026-07-08 13:10:00
4369,4504,UPI,248.97,success,TXN-00004504,2026-05-11 16:14:00
4370,4505,CARD,8730.64,success,TXN-00004505,2026-08-29 10:20:00
4371,4506,CARD,221247.3,success,TXN-00004506,2026-04-01 13:18:00
4372,4507,CARD,179879.18,success,TXN-00004507,2026-06-30 20:27:00
4373,4508,UPI,422989.41,success,TXN-00004508,2026-09-17 12:18:00
4374,4509,CARD,33801.32,success,TXN-00004509,2026-06-05 17:43:00
4375,4510,BANK_TRANSFER,161402.52,success,TXN-00004510,2026-04-18 16:02:00
4376,4511,CARD,94017.15,success,TXN-00004511,2026-06-02 09:18:00
4377,4512,UPI,249022.67,success,TXN-00004512,2026-04-20 14:18:00
4378,4513,CARD,143019.12,success,TXN-00004513,2026-09-15 21:04:00
4379,4514,CASH,224536.32,success,TXN-00004514,2026-04-30 20:41:00
4380,4515,BANK_TRANSFER,167166.74,success,TXN-00004515,2026-04-08 15:11:00
4381,4516,UPI,79304.43,success,TXN-00004516,2026-07-17 11:14:00
4382,4517,UPI,448423.77,success,TXN-00004517,2026-08-09 18:43:00
4383,4518,CARD,152996.83,success,TXN-00004518,2026-05-12 14:13:00
4384,4519,CARD,206019.94,success,TXN-00004519,2026-07-01 11:34:00
4385,4520,CASH,126884.37,success,TXN-00004520,2026-08-29 17:19:00
4386,4521,UPI,841.73,success,TXN-00004521,2026-07-10 09:56:00
4387,4522,CASH,253526.48,success,TXN-00004522,2026-04-30 09:35:00
4388,4523,CASH,75872.61,success,TXN-00004523,2026-09-10 18:08:00
4389,4524,BANK_TRANSFER,352319.94,success,TXN-00004524,2026-06-21 17:01:00
4390,4525,CASH,106608.87,success,TXN-00004525,2026-04-03 15:27:00
4391,4526,UPI,93404.81,success,TXN-00004526,2026-09-10 14:33:00
4392,4527,UPI,48573.6,success,TXN-00004527,2026-04-07 12:17:00
4393,4528,UPI,376183.92,success,TXN-00004528,2026-04-01 18:46:00
4394,4529,BANK_TRANSFER,44179.07,success,TXN-00004529,2026-08-31 10:48:00
4395,4530,UPI,120109.44,success,TXN-00004530,2026-07-15 20:11:00
4396,4531,UPI,16037.13,success,TXN-00004531,2026-09-03 14:13:00
4397,4532,CARD,87145.68,success,TXN-00004532,2026-06-06 19:40:00
4398,4533,CARD,158121.18,success,TXN-00004533,2026-04-27 11:44:00
4399,4534,BANK_TRANSFER,40980.44,success,TXN-00004534,2026-04-28 13:57:00
4400,4535,CASH,336024.13,success,TXN-00004535,2026-04-07 21:08:00
4401,4536,UPI,130838.68,success,TXN-00004536,2026-04-06 20:41:00
4402,4537,CARD,313485.46,success,TXN-00004537,2026-04-23 10:24:00
4403,4538,CASH,112064.52,success,TXN-00004538,2026-07-11 20:00:00
4404,4539,BANK_TRANSFER,130710.6,success,TXN-00004539,2026-04-04 13:19:00
4405,4540,CASH,342828.93,success,TXN-00004540,2026-07-29 17:37:00
4406,4541,UPI,317768.7,success,TXN-00004541,2026-04-06 12:05:00
4407,4542,CARD,296803.19,success,TXN-00004542,2026-04-15 14:11:00
4408,4543,CASH,274127.76,success,TXN-00004543,2026-08-22 21:15:00
4409,4544,CARD,158124.32,success,TXN-00004544,2026-04-12 13:46:00
4410,4545,CARD,31264.24,success,TXN-00004545,2026-04-13 16:08:00
4411,4546,CARD,29957.71,success,TXN-00004546,2026-06-23 10:52:00
4412,4547,UPI,496547.74,success,TXN-00004547,2026-08-10 13:01:00
4413,4548,CASH,76204.66,success,TXN-00004548,2026-08-01 13:09:00
4414,4549,UPI,122763.28,success,TXN-00004549,2026-07-25 20:12:00
4415,4550,UPI,199287.16,success,TXN-00004550,2026-09-16 16:00:00
4416,4551,BANK_TRANSFER,253255.8,success,TXN-00004551,2026-09-09 12:54:00
4417,4552,UPI,191550.5,success,TXN-00004552,2026-06-06 19:51:00
4418,4553,CARD,20160.45,success,TXN-00004553,2026-06-14 14:41:00
4419,4554,CARD,391390.49,success,TXN-00004554,2026-07-14 14:14:00
4420,4555,CASH,74556.55,success,TXN-00004555,2026-05-02 09:13:00
4421,4556,CARD,578855.28,success,TXN-00004556,2026-05-15 10:39:00
4422,4557,CASH,83866.9,success,TXN-00004557,2026-06-25 15:53:00
4423,4558,CARD,38678.72,success,TXN-00004558,2026-09-09 10:15:00
4424,4559,CASH,222221.24,success,TXN-00004559,2026-04-15 18:05:00
4425,4560,CARD,42369.74,success,TXN-00004560,2026-05-01 16:53:00
4426,4561,CASH,134975.98,success,TXN-00004561,2026-09-01 14:27:00
4427,4562,UPI,41458.76,success,TXN-00004562,2026-04-27 14:57:00
4428,4563,CASH,134581.0,success,TXN-00004563,2026-08-27 10:36:00
4429,4564,CARD,181632.76,success,TXN-00004564,2026-07-02 18:53:00
4430,4565,CARD,118339.57,success,TXN-00004565,2026-07-05 10:10:00
4431,4566,UPI,156648.76,success,TXN-00004566,2026-08-23 17:21:00
4432,4567,BANK_TRANSFER,269958.45,success,TXN-00004567,2026-06-26 12:03:00
4433,4568,BANK_TRANSFER,200810.91,success,TXN-00004568,2026-05-27 10:35:00
4434,4569,BANK_TRANSFER,83496.78,success,TXN-00004569,2026-07-28 14:20:00
4435,4570,UPI,20653.22,success,TXN-00004570,2026-09-21 13:32:00
4436,4571,BANK_TRANSFER,455747.64,success,TXN-00004571,2026-06-27 18:45:00
4437,4572,CASH,59630.18,success,TXN-00004572,2026-07-23 16:39:00
4438,4573,CARD,272759.87,success,TXN-00004573,2026-07-05 19:27:00
4439,4574,UPI,316557.79,success,TXN-00004574,2026-04-14 09:14:00
4440,4575,BANK_TRANSFER,117209.06,success,TXN-00004575,2026-04-20 16:27:00
4441,4576,CARD,164721.38,success,TXN-00004576,2026-04-28 11:27:00
4442,4577,CARD,70526.29,success,TXN-00004577,2026-07-26 11:56:00
4443,4578,UPI,270200.7,success,TXN-00004578,2026-05-12 16:40:00
4444,4579,CASH,236704.84,success,TXN-00004579,2026-07-07 12:08:00
4445,4580,UPI,160074.47,success,TXN-00004580,2026-08-15 20:03:00
4446,4581,UPI,212119.68,success,TXN-00004581,2026-09-26 12:28:00
4447,4582,CARD,253187.7,success,TXN-00004582,2026-06-12 12:28:00
4448,4583,BANK_TRANSFER,126718.12,success,TXN-00004583,2026-05-08 11:14:00
4449,4584,UPI,214371.21,success,TXN-00004584,2026-08-25 21:15:00
4450,4585,CASH,372517.58,success,TXN-00004585,2026-09-17 20:42:00
4451,4586,BANK_TRANSFER,160822.03,success,TXN-00004586,2026-08-16 19:00:00
4452,4587,CASH,350918.56,success,TXN-00004587,2026-06-13 19:17:00
4453,4588,CASH,247157.78,success,TXN-00004588,2026-06-20 13:49:00
4454,4589,CARD,38387.71,success,TXN-00004589,2026-04-01 17:37:00
4455,4590,UPI,347219.69,success,TXN-00004590,2026-07-14 15:12:00
4456,4591,UPI,270277.24,success,TXN-00004591,2026-04-08 18:55:00
4457,4592,UPI,187177.69,success,TXN-00004592,2026-04-14 19:04:00
4458,4593,BANK_TRANSFER,89575.55,success,TXN-00004593,2026-05-06 15:22:00
4459,4594,CASH,249208.61,success,TXN-00004594,2026-07-01 19:38:00
4460,4595,UPI,187273.29,success,TXN-00004595,2026-09-17 16:16:00
4461,4596,BANK_TRANSFER,13313.59,success,TXN-00004596,2026-08-21 16:15:00
4462,4597,BANK_TRANSFER,169702.32,success,TXN-00004597,2026-08-26 17:56:00
4463,4598,CASH,218115.21,success,TXN-00004598,2026-08-05 19:16:00
4464,4599,CASH,73043.7,success,TXN-00004599,2026-09-20 19:23:00
4465,4600,UPI,50887.06,success,TXN-00004600,2026-08-02 21:14:00
4466,4601,UPI,202570.71,success,TXN-00004601,2026-07-01 19:44:00
4467,4603,BANK_TRANSFER,148744.8,success,TXN-00004603,2026-04-08 16:43:00
4468,4604,UPI,362784.57,success,TXN-00004604,2026-06-28 20:19:00
4469,4605,BANK_TRANSFER,74953.6,success,TXN-00004605,2026-04-21 16:04:00
4470,4606,BANK_TRANSFER,184353.05,success,TXN-00004606,2026-07-24 15:52:00
4471,4607,UPI,262369.74,success,TXN-00004607,2026-04-11 14:28:00
4472,4608,CARD,115936.93,success,TXN-00004608,2026-04-06 17:18:00
4473,4609,CASH,27464.28,success,TXN-00004609,2026-06-28 13:19:00
4474,4610,CASH,25461.44,success,TXN-00004610,2026-04-19 12:11:00
4475,4611,CARD,273101.05,success,TXN-00004611,2026-07-04 10:29:00
4476,4612,BANK_TRANSFER,356065.65,success,TXN-00004612,2026-07-13 20:22:00
4477,4613,CARD,74727.98,success,TXN-00004613,2026-07-22 19:02:00
4478,4614,UPI,268511.83,success,TXN-00004614,2026-06-25 18:53:00
4479,4615,CASH,83454.77,success,TXN-00004615,2026-05-14 11:50:00
4480,4616,CASH,625.85,success,TXN-00004616,2026-04-13 14:14:00
4481,4617,CASH,187902.39,success,TXN-00004617,2026-09-01 11:14:00
4482,4618,BANK_TRANSFER,17216.99,success,TXN-00004618,2026-04-20 17:47:00
4483,4619,UPI,48724.56,success,TXN-00004619,2026-07-01 20:34:00
4484,4620,BANK_TRANSFER,270078.82,success,TXN-00004620,2026-06-20 10:19:00
4485,4621,CASH,278107.0,success,TXN-00004621,2026-09-23 14:43:00
4486,4622,CARD,42985.55,success,TXN-00004622,2026-05-30 15:13:00
4487,4623,CASH,130.05,success,TXN-00004623,2026-06-22 12:20:00
4488,4624,CASH,27899.2,success,TXN-00004624,2026-08-02 15:41:00
4489,4625,BANK_TRANSFER,190327.78,success,TXN-00004625,2026-08-27 20:24:00
4490,4626,CARD,93979.08,success,TXN-00004626,2026-05-25 09:57:00
4491,4627,CARD,203974.17,success,TXN-00004627,2026-07-21 10:50:00
4492,4628,CARD,153378.03,success,TXN-00004628,2026-08-09 18:56:00
4493,4629,CARD,237583.59,success,TXN-00004629,2026-08-09 18:08:00
4494,4630,CARD,110620.91,success,TXN-00004630,2026-09-02 18:00:00
4495,4631,UPI,279588.55,success,TXN-00004631,2026-08-22 13:42:00
4496,4632,UPI,122975.89,success,TXN-00004632,2026-08-06 20:11:00
4497,4633,UPI,92666.47,success,TXN-00004633,2026-06-27 19:56:00
4498,4634,BANK_TRANSFER,28670.4,success,TXN-00004634,2026-09-11 16:39:00
4499,4635,CARD,317974.66,success,TXN-00004635,2026-09-12 20:49:00
4500,4636,CASH,308995.06,success,TXN-00004636,2026-09-17 12:39:00
4501,4637,CARD,50987.74,success,TXN-00004637,2026-06-13 13:13:00
4502,4638,UPI,16781.16,success,TXN-00004638,2026-05-18 11:51:00
4503,4639,CASH,138504.72,success,TXN-00004639,2026-06-16 13:32:00
4504,4640,CARD,401869.04,success,TXN-00004640,2026-04-06 14:19:00
4505,4641,UPI,309108.47,success,TXN-00004641,2026-07-09 14:36:00
4506,4642,BANK_TRANSFER,267216.84,success,TXN-00004642,2026-04-28 17:33:00
4507,4643,CASH,14097.34,success,TXN-00004643,2026-07-16 09:14:00
4508,4644,CASH,68204.87,success,TXN-00004644,2026-07-14 11:14:00
4509,4645,CASH,179123.1,success,TXN-00004645,2026-08-21 13:53:00
4510,4646,CASH,203822.28,success,TXN-00004646,2026-06-24 17:51:00
4511,4647,UPI,70877.82,success,TXN-00004647,2026-07-06 17:15:00
4512,4648,BANK_TRANSFER,191718.31,success,TXN-00004648,2026-08-13 16:51:00
4513,4649,BANK_TRANSFER,328583.35,success,TXN-00004649,2026-06-05 18:06:00
4514,4650,BANK_TRANSFER,308602.25,success,TXN-00004650,2026-08-04 12:00:00
4515,4651,BANK_TRANSFER,328420.61,success,TXN-00004651,2026-09-08 18:10:00
4516,4652,CARD,312665.8,success,TXN-00004652,2026-08-24 19:17:00
4517,4653,UPI,149516.49,success,TXN-00004653,2026-08-18 12:19:00
4518,4654,CARD,70166.2,success,TXN-00004654,2026-07-08 12:12:00
4519,4655,UPI,127667.01,success,TXN-00004655,2026-06-21 20:06:00
4520,4656,BANK_TRANSFER,122550.27,success,TXN-00004656,2026-04-27 09:39:00
4521,4657,UPI,191014.53,success,TXN-00004657,2026-09-15 15:20:00
4522,4658,BANK_TRANSFER,211808.29,success,TXN-00004658,2026-05-12 15:35:00
4523,4659,CARD,286847.53,success,TXN-00004659,2026-05-17 16:19:00
4524,4660,UPI,188501.02,success,TXN-00004660,2026-06-20 16:38:00
4525,4661,BANK_TRANSFER,40548.54,success,TXN-00004661,2026-07-10 19:57:00
4526,4662,CASH,193796.38,success,TXN-00004662,2026-09-26 11:28:00
4527,4663,CASH,70213.49,success,TXN-00004663,2026-05-15 13:16:00
4528,4664,BANK_TRANSFER,36003.76,success,TXN-00004664,2026-08-11 10:05:00
4529,4665,BANK_TRANSFER,284854.92,success,TXN-00004665,2026-05-28 11:30:00
4530,4666,UPI,381825.3,success,TXN-00004666,2026-06-02 16:11:00
4531,4667,CASH,166870.23,success,TXN-00004667,2026-05-29 21:19:00
4532,4668,UPI,195965.27,success,TXN-00004668,2026-04-23 17:12:00
4533,4669,UPI,18777.14,success,TXN-00004669,2026-08-06 20:17:00
4534,4670,CASH,75833.15,success,TXN-00004670,2026-04-01 10:08:00
4535,4671,BANK_TRANSFER,149408.42,success,TXN-00004671,2026-09-06 10:20:00
4536,4672,BANK_TRANSFER,89605.84,success,TXN-00004672,2026-09-03 12:21:00
4537,4673,BANK_TRANSFER,356513.33,success,TXN-00004673,2026-08-30 15:47:00
4538,4674,CASH,194046.33,success,TXN-00004674,2026-07-19 13:13:00
4539,4675,BANK_TRANSFER,249675.98,success,TXN-00004675,2026-09-20 11:54:00
4540,4676,CARD,425989.17,success,TXN-00004676,2026-09-09 20:52:00
4541,4677,CARD,261975.57,success,TXN-00004677,2026-06-12 17:52:00
4542,4678,UPI,112085.27,success,TXN-00004678,2026-04-02 11:06:00
4543,4679,CASH,159887.49,success,TXN-00004679,2026-06-25 09:43:00
4544,4681,CASH,75022.83,success,TXN-00004681,2026-05-04 20:58:00
4545,4682,CARD,93006.43,success,TXN-00004682,2026-04-01 19:52:00
4546,4683,CARD,3417.36,success,TXN-00004683,2026-06-08 15:07:00
4547,4684,CASH,178522.4,success,TXN-00004684,2026-05-16 17:20:00
4548,4685,UPI,13991.87,success,TXN-00004685,2026-06-11 12:26:00
4549,4686,BANK_TRANSFER,87439.63,success,TXN-00004686,2026-09-23 10:15:00
4550,4687,CASH,211506.91,success,TXN-00004687,2026-04-25 11:49:00
4551,4688,UPI,302008.25,success,TXN-00004688,2026-09-06 18:14:00
4552,4689,BANK_TRANSFER,70035.01,success,TXN-00004689,2026-08-24 11:24:00
4553,4690,BANK_TRANSFER,93869.05,success,TXN-00004690,2026-06-20 16:18:00
4554,4691,CASH,159826.61,success,TXN-00004691,2026-08-09 11:26:00
4555,4692,CARD,477562.62,success,TXN-00004692,2026-08-09 13:29:00
4556,4693,BANK_TRANSFER,140566.33,success,TXN-00004693,2026-09-24 13:19:00
4557,4694,UPI,342537.1,success,TXN-00004694,2026-07-16 10:45:00
4558,4695,CASH,393164.61,success,TXN-00004695,2026-06-08 20:15:00
4559,4696,BANK_TRANSFER,102181.11,success,TXN-00004696,2026-07-14 16:31:00
4560,4697,BANK_TRANSFER,184071.77,success,TXN-00004697,2026-08-06 15:16:00
4561,4698,CASH,39352.26,success,TXN-00004698,2026-06-26 20:33:00
4562,4699,BANK_TRANSFER,177957.08,success,TXN-00004699,2026-09-05 15:12:00
4563,4700,BANK_TRANSFER,205710.93,success,TXN-00004700,2026-06-23 13:01:00
4564,4701,UPI,200245.36,success,TXN-00004701,2026-08-22 20:02:00
4565,4702,CASH,138835.16,success,TXN-00004702,2026-04-04 18:20:00
4566,4703,CARD,52814.53,success,TXN-00004703,2026-07-08 12:14:00
4567,4704,CARD,101045.54,success,TXN-00004704,2026-08-07 21:04:00
4568,4705,UPI,177370.2,success,TXN-00004705,2026-07-10 14:41:00
4569,4706,CARD,43736.75,success,TXN-00004706,2026-09-27 16:16:00
4570,4707,BANK_TRANSFER,206.67,success,TXN-00004707,2026-04-01 15:41:00
4571,4708,UPI,176893.95,success,TXN-00004708,2026-08-23 12:31:00
4572,4709,CASH,164960.2,success,TXN-00004709,2026-08-04 12:47:00
4573,4710,BANK_TRANSFER,238670.39,success,TXN-00004710,2026-07-30 09:25:00
4574,4711,CASH,469708.09,success,TXN-00004711,2026-06-03 17:18:00
4575,4712,CASH,225596.92,success,TXN-00004712,2026-07-06 13:17:00
4576,4713,UPI,43668.89,success,TXN-00004713,2026-09-02 19:24:00
4577,4714,UPI,377866.36,success,TXN-00004714,2026-09-12 11:45:00
4578,4715,CASH,76025.91,success,TXN-00004715,2026-07-30 20:27:00
4579,4716,UPI,284767.27,success,TXN-00004716,2026-08-05 14:20:00
4580,4717,CARD,392278.06,success,TXN-00004717,2026-04-24 19:17:00
4581,4718,BANK_TRANSFER,39845.82,success,TXN-00004718,2026-09-11 13:58:00
4582,4719,BANK_TRANSFER,21512.67,success,TXN-00004719,2026-04-21 19:49:00
4583,4720,CASH,87868.35,success,TXN-00004720,2026-06-05 13:18:00
4584,4721,CASH,48602.77,success,TXN-00004721,2026-08-31 15:56:00
4585,4722,CASH,309116.06,success,TXN-00004722,2026-05-25 15:05:00
4586,4723,UPI,287873.39,success,TXN-00004723,2026-07-11 11:10:00
4587,4724,CASH,137790.58,success,TXN-00004724,2026-06-18 16:15:00
4588,4725,UPI,389073.19,success,TXN-00004725,2026-09-11 20:43:00
4589,4726,CASH,137274.84,success,TXN-00004726,2026-08-07 10:06:00
4590,4727,UPI,168245.83,success,TXN-00004727,2026-06-26 13:11:00
4591,4728,CASH,313990.88,success,TXN-00004728,2026-04-18 12:23:00
4592,4729,CASH,251092.46,success,TXN-00004729,2026-09-19 13:30:00
4593,4730,UPI,442155.78,success,TXN-00004730,2026-08-21 09:32:00
4594,4731,CARD,184942.74,success,TXN-00004731,2026-06-01 09:50:00
4595,4732,BANK_TRANSFER,103653.5,success,TXN-00004732,2026-08-29 18:09:00
4596,4733,CARD,205481.15,success,TXN-00004733,2026-05-26 10:44:00
4597,4734,UPI,136315.5,success,TXN-00004734,2026-09-24 10:59:00
4598,4735,CASH,288442.88,success,TXN-00004735,2026-05-31 10:05:00
4599,4736,CASH,134514.71,success,TXN-00004736,2026-09-28 10:38:00
4600,4737,CASH,413577.0,success,TXN-00004737,2026-08-31 17:09:00
4601,4738,CARD,311960.89,success,TXN-00004738,2026-09-10 21:04:00
4602,4739,BANK_TRANSFER,21913.3,success,TXN-00004739,2026-08-05 19:49:00
4603,4740,BANK_TRANSFER,107266.39,success,TXN-00004740,2026-07-06 19:50:00
4604,4741,CARD,74463.95,success,TXN-00004741,2026-09-20 11:44:00
4605,4742,UPI,288320.68,success,TXN-00004742,2026-04-16 14:35:00
4606,4743,UPI,114089.24,success,TXN-00004743,2026-09-14 17:53:00
4607,4744,CASH,289211.31,success,TXN-00004744,2026-04-03 16:37:00
4608,4745,BANK_TRANSFER,292178.68,success,TXN-00004745,2026-06-17 17:37:00
4609,4746,CASH,282938.34,success,TXN-00004746,2026-05-14 17:50:00
4610,4747,CASH,128558.59,success,TXN-00004747,2026-05-02 11:04:00
4611,4748,CARD,126959.87,success,TXN-00004748,2026-06-10 10:28:00
4612,4749,BANK_TRANSFER,280060.18,success,TXN-00004749,2026-06-29 15:46:00
4613,4750,CASH,173277.47,success,TXN-00004750,2026-07-11 20:09:00
4614,4751,BANK_TRANSFER,144305.32,success,TXN-00004751,2026-05-20 16:15:00
4615,4753,CARD,98654.79,success,TXN-00004753,2026-09-18 14:31:00
4616,4754,UPI,229549.21,success,TXN-00004754,2026-07-06 11:43:00
4617,4755,CARD,181069.89,success,TXN-00004755,2026-07-26 18:52:00
4618,4756,CARD,219994.98,success,TXN-00004756,2026-06-16 16:47:00
4619,4757,CASH,306418.0,success,TXN-00004757,2026-06-12 16:26:00
4620,4758,UPI,76745.72,success,TXN-00004758,2026-08-11 19:01:00
4621,4759,CASH,119502.67,success,TXN-00004759,2026-09-09 11:58:00
4622,4760,BANK_TRANSFER,44781.93,success,TXN-00004760,2026-04-12 15:35:00
4623,4761,CASH,85583.29,success,TXN-00004761,2026-04-10 09:34:00
4624,4762,CASH,302904.76,success,TXN-00004762,2026-05-30 14:14:00
4625,4763,CARD,172032.32,success,TXN-00004763,2026-05-19 19:30:00
4626,4764,CASH,223973.35,success,TXN-00004764,2026-07-17 19:51:00
4627,4765,BANK_TRANSFER,173252.36,success,TXN-00004765,2026-04-26 18:08:00
4628,4766,CARD,188583.26,success,TXN-00004766,2026-05-23 19:16:00
4629,4767,UPI,339822.58,success,TXN-00004767,2026-09-26 09:43:00
4630,4768,BANK_TRANSFER,278935.05,success,TXN-00004768,2026-08-22 11:40:00
4631,4769,UPI,28807.87,success,TXN-00004769,2026-06-14 10:18:00
4632,4770,CASH,292961.2,success,TXN-00004770,2026-09-09 19:14:00
4633,4771,UPI,267151.28,success,TXN-00004771,2026-05-21 18:11:00
4634,4772,BANK_TRANSFER,383006.39,success,TXN-00004772,2026-08-01 12:04:00
4635,4773,BANK_TRANSFER,362940.45,success,TXN-00004773,2026-08-16 20:27:00
4636,4774,CASH,157531.41,success,TXN-00004774,2026-07-20 19:45:00
4637,4775,CARD,150135.24,success,TXN-00004775,2026-04-18 16:51:00
4638,4776,BANK_TRANSFER,100072.96,success,TXN-00004776,2026-06-05 11:36:00
4639,4777,CASH,103744.7,success,TXN-00004777,2026-06-01 09:19:00
4640,4778,CARD,344714.66,success,TXN-00004778,2026-06-26 10:39:00
4641,4779,CARD,212423.98,success,TXN-00004779,2026-09-05 12:29:00
4642,4780,UPI,307129.41,success,TXN-00004780,2026-07-16 20:14:00
4643,4781,CARD,75791.08,success,TXN-00004781,2026-09-10 09:20:00
4644,4782,CASH,172783.78,success,TXN-00004782,2026-09-18 12:05:00
4645,4783,UPI,141326.97,success,TXN-00004783,2026-07-16 10:15:00
4646,4784,UPI,176764.55,success,TXN-00004784,2026-04-04 11:15:00
4647,4785,BANK_TRANSFER,252673.03,success,TXN-00004785,2026-05-05 10:37:00
4648,4786,BANK_TRANSFER,44027.05,success,TXN-00004786,2026-05-20 12:42:00
4649,4787,BANK_TRANSFER,109889.4,success,TXN-00004787,2026-04-14 15:27:00
4650,4788,CASH,231662.79,success,TXN-00004788,2026-04-20 10:09:00
4651,4789,UPI,141401.69,success,TXN-00004789,2026-09-17 20:26:00
4652,4790,CASH,204760.18,success,TXN-00004790,2026-08-01 12:31:00
4653,4791,CARD,170609.3,success,TXN-00004791,2026-07-30 20:44:00
4654,4792,CASH,399688.71,success,TXN-00004792,2026-04-27 13:26:00
4655,4793,CASH,285986.01,success,TXN-00004793,2026-05-15 09:46:00
4656,4794,CASH,52381.32,success,TXN-00004794,2026-04-20 20:22:00
4657,4795,CARD,81511.29,success,TXN-00004795,2026-05-24 12:29:00
4658,4796,CARD,261536.26,success,TXN-00004796,2026-05-22 13:03:00
4659,4797,CASH,32082.32,success,TXN-00004797,2026-05-30 18:43:00
4660,4798,CASH,82055.46,success,TXN-00004798,2026-04-25 18:05:00
4661,4799,CASH,250582.76,success,TXN-00004799,2026-09-27 19:34:00
4662,4800,CARD,216275.33,success,TXN-00004800,2026-07-29 18:32:00
4663,4801,CARD,315914.36,success,TXN-00004801,2026-04-24 11:16:00
4664,4802,BANK_TRANSFER,153438.42,success,TXN-00004802,2026-08-29 09:50:00
4665,4803,BANK_TRANSFER,246018.06,success,TXN-00004803,2026-07-31 17:01:00
4666,4804,BANK_TRANSFER,213861.56,success,TXN-00004804,2026-08-04 16:49:00
4667,4805,BANK_TRANSFER,157684.83,success,TXN-00004805,2026-04-22 15:04:00
4668,4806,CASH,238230.2,success,TXN-00004806,2026-08-21 18:36:00
4669,4807,CARD,278315.45,success,TXN-00004807,2026-06-29 16:25:00
4670,4808,CASH,410952.18,success,TXN-00004808,2026-06-11 18:41:00
4671,4809,CARD,89394.57,success,TXN-00004809,2026-08-27 16:30:00
4672,4810,UPI,442663.07,success,TXN-00004810,2026-09-23 11:06:00
4673,4811,UPI,58509.52,success,TXN-00004811,2026-09-09 19:27:00
4674,4812,CASH,166514.57,success,TXN-00004812,2026-04-20 15:23:00
4675,4813,UPI,165988.07,success,TXN-00004813,2026-06-17 12:04:00
4676,4814,CASH,324697.3,success,TXN-00004814,2026-09-02 12:03:00
4677,4815,CASH,29404.96,success,TXN-00004815,2026-04-30 20:06:00
4678,4816,CARD,58645.14,success,TXN-00004816,2026-09-12 09:51:00
4679,4817,BANK_TRANSFER,115561.08,success,TXN-00004817,2026-05-18 20:20:00
4680,4818,BANK_TRANSFER,250143.19,success,TXN-00004818,2026-07-13 15:13:00
4681,4819,BANK_TRANSFER,230675.39,success,TXN-00004819,2026-09-02 09:12:00
4682,4820,CARD,169356.55,success,TXN-00004820,2026-05-11 09:37:00
4683,4821,BANK_TRANSFER,89504.2,success,TXN-00004821,2026-09-11 17:42:00
4684,4822,UPI,266308.32,success,TXN-00004822,2026-07-12 15:53:00
4685,4823,BANK_TRANSFER,6031.06,success,TXN-00004823,2026-06-18 15:54:00
4686,4824,CASH,154272.64,success,TXN-00004824,2026-07-24 18:07:00
4687,4825,UPI,48811.89,success,TXN-00004825,2026-06-25 10:53:00
4688,4826,CASH,299979.13,success,TXN-00004826,2026-08-29 19:34:00
4689,4827,CASH,176087.93,success,TXN-00004827,2026-06-20 12:33:00
4690,4828,CARD,200271.8,success,TXN-00004828,2026-06-07 15:43:00
4691,4829,CASH,97491.02,success,TXN-00004829,2026-09-10 12:12:00
4692,4830,UPI,40890.97,success,TXN-00004830,2026-04-09 15:52:00
4693,4831,CARD,17802.08,success,TXN-00004831,2026-05-09 10:19:00
4694,4832,BANK_TRANSFER,179076.54,success,TXN-00004832,2026-09-24 09:48:00
4695,4833,UPI,94966.95,success,TXN-00004833,2026-04-10 13:59:00
4696,4834,CASH,253718.99,success,TXN-00004834,2026-06-29 11:27:00
4697,4835,CASH,202045.98,success,TXN-00004835,2026-05-04 09:50:00
4698,4836,UPI,185337.36,success,TXN-00004836,2026-06-11 13:11:00
4699,4837,CASH,16302.44,success,TXN-00004837,2026-08-13 11:30:00
4700,4838,BANK_TRANSFER,200448.78,success,TXN-00004838,2026-09-25 15:18:00
4701,4839,CARD,249419.68,success,TXN-00004839,2026-05-29 17:57:00
4702,4840,BANK_TRANSFER,101854.95,success,TXN-00004840,2026-04-13 15:11:00
4703,4841,BANK_TRANSFER,370153.73,success,TXN-00004841,2026-08-08 18:08:00
4704,4842,CARD,111978.23,success,TXN-00004842,2026-04-16 15:22:00
4705,4843,UPI,261822.43,success,TXN-00004843,2026-09-02 18:22:00
4706,4844,BANK_TRANSFER,225734.15,success,TXN-00004844,2026-08-28 17:14:00
4707,4845,BANK_TRANSFER,219506.21,success,TXN-00004845,2026-04-27 20:42:00
4708,4846,CASH,256780.34,success,TXN-00004846,2026-04-02 14:33:00
4709,4847,UPI,173674.08,success,TXN-00004847,2026-09-13 10:34:00
4710,4848,UPI,180073.39,success,TXN-00004848,2026-07-08 11:40:00
4711,4849,CARD,166855.58,success,TXN-00004849,2026-06-20 14:55:00
4712,4850,UPI,281216.36,success,TXN-00004850,2026-09-01 13:11:00
4713,4851,UPI,33961.26,success,TXN-00004851,2026-05-26 11:34:00
4714,4852,BANK_TRANSFER,256072.06,success,TXN-00004852,2026-06-01 20:28:00
4715,4853,UPI,30093.63,success,TXN-00004853,2026-04-27 20:27:00
4716,4854,CARD,85814.08,success,TXN-00004854,2026-05-23 12:56:00
4717,4855,BANK_TRANSFER,41703.41,success,TXN-00004855,2026-08-26 13:54:00
4718,4856,CARD,3559.61,success,TXN-00004856,2026-08-20 19:40:00
4719,4857,BANK_TRANSFER,133795.16,success,TXN-00004857,2026-09-08 09:46:00
4720,4858,CASH,185690.37,success,TXN-00004858,2026-07-05 15:51:00
4721,4860,CASH,137667.28,success,TXN-00004860,2026-06-11 13:08:00
4722,4861,CASH,52955.28,success,TXN-00004861,2026-05-23 17:45:00
4723,4862,CASH,76189.28,success,TXN-00004862,2026-08-22 13:19:00
4724,4863,BANK_TRANSFER,176942.37,success,TXN-00004863,2026-04-15 19:50:00
4725,4864,UPI,289159.88,success,TXN-00004864,2026-07-10 15:57:00
4726,4865,CASH,371658.47,success,TXN-00004865,2026-05-11 13:09:00
4727,4866,CASH,43158.65,success,TXN-00004866,2026-09-24 16:20:00
4728,4869,CASH,200840.45,success,TXN-00004869,2026-07-05 19:20:00
4729,4871,BANK_TRANSFER,327440.8,success,TXN-00004871,2026-07-09 16:25:00
4730,4873,BANK_TRANSFER,136984.72,success,TXN-00004873,2026-06-27 16:54:00
4731,4874,CARD,79968.78,success,TXN-00004874,2026-07-26 19:33:00
4732,4875,UPI,225587.25,success,TXN-00004875,2026-07-19 20:53:00
4733,4876,UPI,240694.69,success,TXN-00004876,2026-05-06 16:59:00
4734,4877,BANK_TRANSFER,77648.13,success,TXN-00004877,2026-09-05 19:41:00
4735,4878,CASH,29231.99,success,TXN-00004878,2026-04-10 10:44:00
4736,4879,CASH,158767.43,success,TXN-00004879,2026-06-05 15:14:00
4737,4880,BANK_TRANSFER,306644.17,success,TXN-00004880,2026-09-05 19:48:00
4738,4881,UPI,130962.98,success,TXN-00004881,2026-08-26 18:53:00
4739,4882,CASH,207136.77,success,TXN-00004882,2026-08-03 17:45:00
4740,4883,UPI,288146.66,success,TXN-00004883,2026-06-03 17:16:00
4741,4884,BANK_TRANSFER,40264.96,success,TXN-00004884,2026-04-21 15:14:00
4742,4886,CARD,366718.64,success,TXN-00004886,2026-09-21 12:01:00
4743,4887,BANK_TRANSFER,237306.41,success,TXN-00004887,2026-09-08 15:50:00
4744,4888,CARD,95664.25,success,TXN-00004888,2026-09-05 18:45:00
4745,4889,BANK_TRANSFER,130045.2,success,TXN-00004889,2026-05-22 20:49:00
4746,4890,BANK_TRANSFER,252451.62,success,TXN-00004890,2026-06-25 11:22:00
4747,4891,CASH,231032.25,success,TXN-00004891,2026-06-20 20:04:00
4748,4892,CARD,341156.01,success,TXN-00004892,2026-08-23 17:16:00
4749,4893,CASH,422445.47,success,TXN-00004893,2026-04-21 11:42:00
4750,4894,BANK_TRANSFER,62098.47,success,TXN-00004894,2026-08-04 15:29:00
4751,4895,CASH,495712.76,success,TXN-00004895,2026-08-03 17:35:00
4752,4896,UPI,367439.07,success,TXN-00004896,2026-07-11 10:36:00
4753,4897,CASH,229223.53,success,TXN-00004897,2026-04-28 14:56:00
4754,4898,CARD,187206.39,success,TXN-00004898,2026-04-30 13:23:00
4755,4899,BANK_TRANSFER,386201.07,success,TXN-00004899,2026-09-27 17:06:00
4756,4900,UPI,457606.72,success,TXN-00004900,2026-08-25 20:57:00
4757,4901,CARD,126378.59,success,TXN-00004901,2026-04-07 09:41:00
4758,4902,CARD,196768.89,success,TXN-00004902,2026-04-01 11:24:00
4759,4903,BANK_TRANSFER,124264.28,success,TXN-00004903,2026-08-29 17:22:00
4760,4904,BANK_TRANSFER,49671.37,success,TXN-00004904,2026-07-09 20:13:00
4761,4905,CARD,269508.08,success,TXN-00004905,2026-04-05 14:06:00
4762,4906,CARD,233762.59,success,TXN-00004906,2026-04-12 20:30:00
4763,4907,CARD,279277.87,success,TXN-00004907,2026-04-30 12:26:00
4764,4908,CARD,153867.97,success,TXN-00004908,2026-05-09 11:26:00
4765,4909,BANK_TRANSFER,182816.75,success,TXN-00004909,2026-07-19 19:52:00
4766,4910,UPI,343670.98,success,TXN-00004910,2026-04-24 13:53:00
4767,4911,CASH,247518.49,success,TXN-00004911,2026-08-14 21:03:00
4768,4912,UPI,127817.99,success,TXN-00004912,2026-05-25 11:21:00
4769,4913,UPI,18072.27,success,TXN-00004913,2026-08-24 15:29:00
4770,4914,CARD,91311.17,success,TXN-00004914,2026-08-04 17:25:00
4771,4915,BANK_TRANSFER,323224.73,success,TXN-00004915,2026-05-03 10:02:00
4772,4916,BANK_TRANSFER,136111.46,success,TXN-00004916,2026-07-17 12:29:00
4773,4917,CASH,28711.59,success,TXN-00004917,2026-06-15 18:57:00
4774,4918,UPI,92670.84,success,TXN-00004918,2026-08-06 19:55:00
4775,4919,BANK_TRANSFER,214859.72,success,TXN-00004919,2026-04-07 16:42:00
4776,4920,CASH,264692.92,success,TXN-00004920,2026-09-25 14:03:00
4777,4921,BANK_TRANSFER,406971.75,success,TXN-00004921,2026-08-20 10:59:00
4778,4922,BANK_TRANSFER,322257.69,success,TXN-00004922,2026-05-18 13:18:00
4779,4923,CASH,5158.94,success,TXN-00004923,2026-04-29 17:10:00
4780,4924,CARD,183677.79,success,TXN-00004924,2026-08-22 17:02:00
4781,4925,CASH,36049.14,success,TXN-00004925,2026-08-25 12:11:00
4782,4926,BANK_TRANSFER,132562.58,success,TXN-00004926,2026-08-06 19:34:00
4783,4927,CASH,370868.98,success,TXN-00004927,2026-07-14 19:31:00
4784,4929,CARD,227428.07,success,TXN-00004929,2026-08-11 19:40:00
4785,4930,CARD,297307.72,success,TXN-00004930,2026-05-05 18:46:00
4786,4931,CASH,455303.6,success,TXN-00004931,2026-07-25 15:00:00
4787,4932,CASH,91825.91,success,TXN-00004932,2026-05-05 12:32:00
4788,4933,CASH,264487.1,success,TXN-00004933,2026-09-28 16:01:00
4789,4934,BANK_TRANSFER,428594.47,success,TXN-00004934,2026-09-23 20:19:00
4790,4935,CASH,64834.2,success,TXN-00004935,2026-08-05 14:49:00
4791,4936,CASH,52566.76,success,TXN-00004936,2026-08-17 19:33:00
4792,4937,CASH,360117.42,success,TXN-00004937,2026-06-02 14:00:00
4793,4938,UPI,283185.58,success,TXN-00004938,2026-09-12 17:54:00
4794,4939,UPI,12737.37,success,TXN-00004939,2026-09-01 11:48:00
4795,4940,BANK_TRANSFER,206454.82,success,TXN-00004940,2026-08-04 14:08:00
4796,4941,CARD,488006.95,success,TXN-00004941,2026-06-18 14:22:00
4797,4942,CASH,248513.26,success,TXN-00004942,2026-09-04 17:50:00
4798,4943,CARD,257863.61,success,TXN-00004943,2026-06-10 12:06:00
4799,4944,UPI,361668.83,success,TXN-00004944,2026-04-15 15:21:00
4800,4945,BANK_TRANSFER,102261.14,success,TXN-00004945,2026-06-05 19:50:00
4801,4946,CASH,684.45,success,TXN-00004946,2026-06-11 12:01:00
4802,4947,BANK_TRANSFER,72148.26,success,TXN-00004947,2026-06-29 19:20:00
4803,4948,CASH,149116.98,success,TXN-00004948,2026-08-18 20:10:00
4804,4949,CARD,201870.48,success,TXN-00004949,2026-07-18 13:20:00
4805,4950,UPI,184746.47,success,TXN-00004950,2026-08-13 10:17:00
4806,4951,BANK_TRANSFER,167740.0,success,TXN-00004951,2026-06-26 19:29:00
4807,4952,CASH,341558.14,success,TXN-00004952,2026-08-18 11:01:00
4808,4953,UPI,394410.29,success,TXN-00004953,2026-09-09 20:58:00
4809,4954,BANK_TRANSFER,275939.45,success,TXN-00004954,2026-08-03 12:33:00
4810,4955,BANK_TRANSFER,327499.41,success,TXN-00004955,2026-04-05 16:02:00
4811,4956,UPI,416186.4,success,TXN-00004956,2026-05-30 12:20:00
4812,4957,BANK_TRANSFER,22179.0,success,TXN-00004957,2026-06-29 15:24:00
4813,4958,CARD,136819.84,success,TXN-00004958,2026-05-15 20:29:00
4814,4959,CARD,412598.7,success,TXN-00004959,2026-04-29 20:11:00
4815,4960,UPI,82998.45,success,TXN-00004960,2026-05-15 18:34:00
4816,4961,CASH,175313.06,success,TXN-00004961,2026-04-08 17:53:00
4817,4962,UPI,142988.6,success,TXN-00004962,2026-06-28 12:09:00
4818,4963,UPI,309369.33,success,TXN-00004963,2026-06-18 13:18:00
4819,4964,UPI,334630.34,success,TXN-00004964,2026-08-23 19:22:00
4820,4965,BANK_TRANSFER,302237.18,success,TXN-00004965,2026-04-04 14:46:00
4821,4966,BANK_TRANSFER,106992.98,success,TXN-00004966,2026-05-21 19:20:00
4822,4967,CASH,321437.77,success,TXN-00004967,2026-04-12 14:32:00
4823,4968,CASH,217509.83,success,TXN-00004968,2026-06-02 14:26:00
4824,4969,BANK_TRANSFER,18257.26,success,TXN-00004969,2026-09-06 11:49:00
4825,4970,CASH,341495.9,success,TXN-00004970,2026-09-22 17:24:00
4826,4971,CARD,61806.89,success,TXN-00004971,2026-04-07 11:11:00
4827,4972,CASH,187477.11,success,TXN-00004972,2026-08-31 15:31:00
4828,4973,BANK_TRANSFER,18413.62,success,TXN-00004973,2026-08-07 12:48:00
4829,4974,CASH,113895.07,success,TXN-00004974,2026-05-15 17:22:00
4830,4975,CARD,44074.76,success,TXN-00004975,2026-09-17 13:45:00
4831,4976,BANK_TRANSFER,104083.23,success,TXN-00004976,2026-08-01 18:10:00
4832,4977,UPI,349155.43,success,TXN-00004977,2026-04-21 13:08:00
4833,4978,CARD,185448.38,success,TXN-00004978,2026-04-29 11:20:00
4834,4979,UPI,501524.1,success,TXN-00004979,2026-05-21 10:32:00
4835,4980,UPI,229852.44,success,TXN-00004980,2026-05-22 17:48:00
4836,4982,BANK_TRANSFER,29120.98,success,TXN-00004982,2026-04-18 12:09:00
4837,4983,UPI,297091.81,success,TXN-00004983,2026-09-10 15:06:00
4838,4984,UPI,171752.83,success,TXN-00004984,2026-06-20 18:34:00
4839,4985,CASH,302003.98,success,TXN-00004985,2026-04-13 18:42:00
4840,4986,CASH,241349.33,success,TXN-00004986,2026-06-23 20:20:00
4841,4987,UPI,264957.21,success,TXN-00004987,2026-09-10 12:39:00
4842,4988,BANK_TRANSFER,347135.79,success,TXN-00004988,2026-04-15 15:29:00
4843,4989,BANK_TRANSFER,179352.59,success,TXN-00004989,2026-08-06 17:16:00
4844,4990,CARD,311094.3,success,TXN-00004990,2026-04-15 18:15:00
4845,4991,BANK_TRANSFER,331844.19,success,TXN-00004991,2026-07-11 11:29:00
4846,4992,UPI,86250.21,success,TXN-00004992,2026-08-25 10:46:00
4847,4993,BANK_TRANSFER,383769.85,success,TXN-00004993,2026-04-23 13:00:00
4848,4994,CARD,114937.08,success,TXN-00004994,2026-06-16 16:33:00
4849,4995,CARD,94888.88,success,TXN-00004995,2026-08-27 18:01:00
4850,4996,CASH,332263.27,success,TXN-00004996,2026-08-01 12:24:00
4851,4997,UPI,236034.21,success,TXN-00004997,2026-06-15 20:56:00
4852,4998,CASH,43259.51,success,TXN-00004998,2026-09-13 13:13:00
4853,4999,BANK_TRANSFER,45983.02,success,TXN-00004999,2026-07-01 11:23:00
4854,5000,BANK_TRANSFER,253053.4,success,TXN-00005000,2026-08-04 15:26:00
