sale_item_id,sale_id,product_id,quantity,unit_price,discount,tax,line_total
1,1,61,2,33657.04,7049.74,10847.58,71111.92
2,1,189,2,28066.42,1543.93,9826.0,64414.91
3,2,158,1,36880.83,3753.04,5963.0,39090.79
4,2,2,3,11408.11,2549.03,5701.55,37376.85
5,2,196,4,40456.71,17440.81,25989.49,170375.52
6,2,220,3,21280.0,3759.96,10814.41,70894.45
7,3,135,4,25713.49,5903.65,17451.06,114401.37
8,4,81,2,3286.08,299.24,1129.13,7402.05
9,4,177,1,37809.52,1476.55,6539.93,42872.9
10,4,3,3,33432.15,2252.49,17647.91,115691.87
11,4,4,3,35689.14,3046.79,18723.71,122744.34
12,5,94,3,35740.44,5799.33,18255.96,119677.95
13,5,219,2,11772.86,2766.92,3740.18,24518.98
14,5,103,2,20030.13,3914.0,6506.33,42652.59
15,6,207,4,27779.78,1793.09,19678.69,129004.72
16,6,3,3,33432.15,9451.93,16352.01,107196.53
17,6,46,3,5015.71,453.17,2626.91,17220.87
18,6,108,1,46203.27,2208.9,7918.99,51913.36
19,7,67,3,41997.34,5203.07,21742.01,142530.96
20,7,93,4,17083.66,994.17,12121.28,79461.75
21,7,144,2,33892.0,4692.17,11356.53,74448.36
22,8,228,3,11203.89,1870.5,5713.41,37454.58
23,8,21,2,27939.78,5822.14,9010.34,59067.76
24,8,98,3,20903.98,3174.35,10716.77,70254.36
25,8,158,4,36880.83,15027.92,23849.17,156344.57
26,9,155,3,37465.45,11972.8,18076.24,118499.79
27,9,166,3,33767.83,9091.73,16598.12,108809.88
28,9,102,4,34567.4,6869.05,23652.1,155052.65
29,10,43,1,16510.19,189.31,2937.76,19258.64
30,10,102,4,34567.4,9099.81,23250.56,152420.35
31,11,80,3,9554.15,1524.25,4884.88,32023.08
32,11,59,2,13506.51,425.54,4785.75,31373.23
33,11,64,2,1034.97,7.1,371.31,2434.15
34,11,189,3,28066.42,8693.09,13591.11,89097.28
35,12,46,4,5015.71,1260.25,3384.47,22187.06
36,12,152,3,37157.0,12158.23,17876.3,117189.07
37,12,153,4,6055.61,1568.65,4077.68,26731.47
38,12,117,1,27023.51,1432.87,4606.32,30196.96
39,12,162,3,38305.79,5684.33,19661.95,128894.99
40,13,177,4,37809.52,17185.92,24129.39,158181.55
41,14,49,4,43844.62,8307.72,30072.74,197143.5
42,14,106,2,12366.02,2121.82,4069.84,26680.06
43,14,226,4,41253.01,16404.05,26749.44,175357.43
44,15,106,1,12366.02,270.68,2177.16,14272.5
45,15,49,3,43844.62,1741.87,23362.56,153154.55
46,15,219,4,11772.86,3490.77,7848.12,51448.79
47,16,27,3,12821.1,577.13,6819.51,44705.68
48,16,73,4,17456.78,6092.62,11472.21,75206.71
49,17,96,1,17662.28,699.95,3053.22,20015.55
50,17,119,2,36904.39,496.33,13196.24,86508.69
51,17,179,4,40060.15,1372.65,28596.23,187464.18
52,17,203,4,32452.38,2828.87,22856.52,149837.17
53,18,64,4,1034.97,365.3,679.42,4454.0
54,18,189,1,28066.42,1755.18,4736.02,31047.26
55,18,9,2,9902.75,1123.75,3362.71,22044.46
56,18,51,3,628.75,211.91,301.38,1975.72
57,19,93,1,17083.66,1770.53,2756.36,18069.49
58,19,228,2,11203.89,2617.07,3562.33,23353.04
59,20,203,4,32452.38,10723.41,21435.5,140521.61
60,20,63,2,120.39,10.73,41.41,271.46
61,20,3,1,33432.15,997.84,5838.18,38272.49
62,20,11,4,36727.76,1611.35,26153.94,171453.63
63,21,60,3,24754.89,7178.65,12075.48,79161.5
64,21,82,4,10944.45,3851.69,7186.7,47112.81
65,21,143,1,23230.7,1921.41,3835.67,25144.96
66,21,202,3,22486.45,5864.1,11087.15,72682.4
67,22,48,4,2802.25,370.33,1950.96,12789.63
68,22,140,2,12249.39,202.49,4373.33,28669.62
69,22,90,2,18461.71,1991.14,6287.81,41220.09
70,22,83,3,34264.79,6680.89,17300.43,113413.91
71,22,188,4,14567.29,5.03,10487.54,68751.67
72,23,185,4,189.21,17.24,133.13,872.73
73,23,17,4,25819.56,9490.04,16881.88,110670.08
74,23,169,2,10455.18,1538.26,3486.98,22859.08
75,24,52,1,30086.26,1752.36,5100.1,33434.0
76,25,4,2,35689.14,5616.75,11837.08,77598.61
77,26,211,3,18681.33,3557.81,9447.51,61933.69
78,27,50,2,45675.94,6248.77,15318.56,100421.67
79,27,135,2,25713.49,3446.16,8636.55,56617.37
80,28,227,2,19776.73,2610.36,6649.76,43592.86
81,28,27,3,12821.1,3034.9,6377.11,41805.51
82,28,43,4,16510.19,7398.04,10555.69,69198.41
83,28,203,3,32452.38,6426.52,16367.51,107298.13
84,29,156,2,36965.82,3327.48,12708.75,83312.91
85,29,62,3,34302.26,4445.68,17723.0,116184.1
86,29,145,4,17725.61,3807.46,12077.1,79172.08
87,30,57,3,20483.4,160.03,11032.23,72322.4
88,30,55,3,21783.95,7207.88,10465.91,68609.88
89,30,220,2,21280.0,481.54,7574.12,49652.58
90,31,208,4,7922.32,2163.99,5314.55,34839.84
91,31,77,2,19293.34,3399.95,6333.61,41520.34
92,31,24,3,4300.49,1227.56,2101.3,13775.21
93,32,236,3,18050.29,2260.89,9340.2,61230.18
94,33,163,4,1240.08,32.22,887.06,5815.16
95,34,13,4,40458.84,18857.84,25735.95,168713.47
96,34,173,1,15522.12,413.67,2719.52,17827.97
97,35,141,4,29486.44,3716.11,20561.34,134790.99
98,36,167,2,31659.13,1841.16,11065.88,72542.98
99,36,147,3,26528.08,7418.26,12989.88,85155.86
100,36,51,3,628.75,154.99,311.63,2042.89
101,36,144,1,33892.0,457.66,6018.18,39452.52
102,37,44,4,43728.99,13080.54,29130.38,190965.8
103,37,90,4,18461.71,397.69,13220.85,86670.0
104,37,158,2,36880.83,1767.49,12958.95,84953.12
105,38,4,1,35689.14,1306.73,6188.83,40571.24
106,38,88,4,33071.07,361.11,23746.17,155669.34
107,38,178,2,39619.34,7036.52,12996.39,85198.55
108,39,150,1,3654.09,112.02,637.57,4179.64
109,39,232,1,11511.84,392.34,2001.51,13121.01
110,39,170,3,19374.04,370.25,10395.34,68147.21
111,39,135,1,25713.49,205.5,4591.44,30099.43
112,40,131,3,41590.84,7256.7,21152.85,138668.67
113,40,182,1,26624.12,595.58,4685.14,30713.68
114,40,26,4,15276.03,4111.24,10258.72,67251.6
115,40,232,1,11511.84,54.91,2062.25,13519.18
116,41,91,2,33075.34,7906.28,10483.99,68728.39
117,41,161,3,41588.13,12155.44,20269.61,132878.56
118,41,78,3,5073.66,1604.92,2450.89,16066.95
119,42,23,4,3383.79,845.76,2284.09,14973.49
120,42,187,2,33639.08,3369.29,11503.6,75412.47
121,43,149,2,16854.36,3489.21,5439.51,35659.02
122,43,139,3,4824.95,1195.97,2390.2,15669.08
123,44,48,3,2802.25,846.92,1360.77,8920.6
124,45,39,1,39677.48,626.33,7029.21,46080.36
125,45,200,1,28469.05,2604.74,4655.58,30519.89
126,45,49,3,43844.62,9558.9,21955.49,143930.45
127,46,217,3,8518.31,564.18,4498.34,29489.09
128,46,155,4,37465.45,8837.87,25384.31,166408.24
129,46,121,2,18719.38,735.84,6606.53,43309.45
130,46,183,2,17183.22,132.91,6162.04,40395.57
131,46,167,1,31659.13,3515.82,5065.8,33209.11
132,47,126,2,14629.39,1501.17,4996.37,32753.98
133,47,177,1,37809.52,2758.26,6309.23,41360.49
134,47,84,4,10857.56,3753.42,7141.83,46818.65
135,47,222,4,28533.87,8375.33,19036.83,124796.98
136,47,118,1,9547.03,596.48,1611.1,10561.65
137,48,196,4,40456.71,7729.62,27737.5,181834.72
138,48,162,3,38305.79,10669.07,18764.69,123012.99
139,48,13,3,40458.84,6719.61,20638.24,135295.15
140,48,49,4,43844.62,6196.19,30452.81,199635.1
141,48,75,1,8532.47,706.44,1408.69,9234.72
142,49,229,4,33676.3,5228.62,23305.78,152782.36
143,49,179,1,40060.15,859.91,7056.04,46256.28
144,49,140,2,12249.39,2594.56,3942.76,25846.98
145,49,35,1,13199.49,396.12,2304.61,15107.98
146,49,101,2,46156.61,7957.86,15183.96,99539.32
147,50,157,1,10083.83,929.64,1647.75,10801.94
148,50,41,3,23389.54,4761.57,11773.27,77180.32
149,50,97,2,11972.84,465.86,4226.37,27706.19
150,50,141,2,29486.44,1265.79,10387.28,68094.37
151,50,98,1,20903.98,1052.51,3573.26,23424.73
152,51,196,4,40456.71,10554.37,27229.04,178501.51
153,51,65,1,41109.17,2999.25,6859.79,44969.71
154,51,4,4,35689.14,4075.04,24962.67,163644.19
155,51,118,4,9547.03,2079.29,6499.59,42608.42
156,51,128,4,48190.05,1836.73,34366.22,225289.69
157,52,13,2,40458.84,534.68,14468.94,94851.94
158,52,48,3,2802.25,37.04,1506.55,9876.26
159,53,157,2,10083.83,2338.54,3209.24,21038.36
160,53,170,3,19374.04,6496.75,9292.57,60917.94
161,53,178,1,39619.34,3653.75,6473.81,42439.4
162,54,35,3,13199.49,1564.34,6846.14,44880.27
163,54,32,4,25348.23,6383.45,17101.7,112111.17
164,54,178,2,39619.34,5819.8,13215.4,86634.28
165,54,221,1,32207.06,2208.25,5399.79,35398.6
166,55,110,3,6566.95,613.86,3435.66,22522.65
167,55,156,3,36965.82,12337.64,17740.77,116300.59
168,55,218,4,20584.33,5134.94,13896.43,91098.81
169,56,7,4,1179.48,354.1,785.49,5149.31
170,57,207,3,27779.78,2544.36,14543.1,95338.08
171,57,164,1,15908.19,587.53,2757.72,18078.38
172,57,55,3,21783.95,6015.24,10680.59,70017.2
173,57,3,1,33432.15,2751.48,5522.52,36203.19
174,57,52,3,30086.26,4289.63,15474.45,101443.6
175,58,205,4,26777.33,1997.2,18920.18,124032.3
176,58,10,4,31794.64,13614.08,20441.61,134006.09
177,58,166,3,33767.83,5621.98,17222.67,112904.18
178,58,35,4,13199.49,5878.25,8445.55,55365.26
179,59,17,1,25819.56,1050.81,4458.38,29227.13
180,59,39,4,39677.48,11932.02,26420.02,173197.92
181,59,72,2,12573.73,1723.05,4216.39,27640.8
182,60,128,2,48190.05,4297.59,16574.85,108657.36
183,61,200,2,28469.05,6240.56,9125.56,59823.1
184,62,80,1,9554.15,942.58,1550.08,10161.65
185,62,199,2,19178.46,944.44,6734.25,44146.73
186,62,84,1,10857.56,598.51,1846.63,12105.68
187,62,37,1,36875.04,18.19,6634.23,43491.08
188,62,197,1,13368.44,1102.18,2207.93,14474.19
189,63,6,3,9654.29,2220.35,4813.65,31556.17
190,63,148,2,32803.6,2526.25,11354.57,74435.52
191,63,195,2,42664.46,2934.3,14831.03,97225.65
192,64,160,1,7458.41,184.89,1309.23,8582.75
193,65,157,4,10083.83,245.53,7216.16,47305.95
194,65,229,1,33676.3,1902.32,5719.32,37493.3
195,65,87,1,21959.44,279.13,3902.46,25582.77
196,66,183,1,17183.22,2007.72,2731.59,17907.09
197,66,195,4,42664.46,11627.72,28625.42,187655.54
198,67,121,3,18719.38,6151.75,9001.15,59007.54
199,67,60,4,24754.89,2178.66,17431.36,114272.26
200,67,58,3,43014.0,12214.27,21028.99,137856.72
201,67,37,3,36875.04,6017.34,18829.4,123437.18
202,68,155,1,37465.45,1823.9,6415.48,42057.03
203,68,148,1,32803.6,1282.76,5673.75,37194.59
204,68,33,1,39008.3,3709.37,6353.81,41652.74
205,69,99,4,21866.86,8232.23,14262.34,93497.55
206,69,17,4,25819.56,7029.67,17324.74,113573.31
207,69,88,3,33071.07,6482.91,16691.45,109421.75
208,69,54,2,4901.82,203.62,1728.0,11328.02
209,70,46,1,5015.71,412.6,828.56,5431.67
210,70,79,4,15130.34,2377.82,10465.84,68609.38
211,70,104,1,15989.17,173.71,2846.78,18662.24
212,70,18,2,16802.96,3578.07,5405.01,35432.86
213,71,148,3,32803.6,3539.66,17076.81,111947.95
214,71,115,3,7640.14,2526.29,3670.94,24065.07
215,71,51,4,628.75,216.63,413.71,2712.08
216,71,53,3,12091.35,4310.62,5753.42,37716.85
217,71,175,1,27514.3,2018.97,4589.16,30084.49
218,72,211,1,18681.33,527.35,3267.72,21421.7
219,72,92,4,39462.15,11842.7,26281.06,172286.96
220,72,29,4,7930.98,1545.71,5432.08,35610.29
221,72,221,4,32207.06,8427.2,21672.19,142073.23
222,72,73,2,17456.78,1989.53,5926.33,38850.36
223,73,3,1,33432.15,577.69,5913.8,38768.26
224,73,19,4,37198.47,11747.46,24668.36,161714.78
225,74,229,4,33676.3,10074.58,22433.51,147064.13
226,74,202,4,22486.45,5498.37,15200.54,99647.97
227,74,179,4,40060.15,7397.63,27511.73,180354.7
228,74,155,2,37465.45,1670.58,13186.86,86447.18
229,75,10,4,31794.64,10757.51,20955.79,137376.84
230,76,21,2,27939.78,3168.05,9488.07,62199.58
231,76,134,1,29515.74,2422.91,4876.71,31969.54
232,76,228,3,11203.89,2472.63,5605.03,36744.07
233,76,157,3,10083.83,1942.27,5095.66,33404.88
234,76,23,1,3383.79,190.39,574.81,3768.21
235,77,178,3,39619.34,10368.77,19528.06,128017.31
236,78,7,1,1179.48,120.51,190.61,1249.58
237,78,74,3,24770.89,2247.67,12971.7,85036.7
238,78,125,3,28195.42,2793.55,14722.69,96515.4
239,78,22,3,9607.6,49.12,5179.26,33952.94
240,78,33,1,39008.3,2826.49,6512.73,42694.54
241,79,125,1,28195.42,1160.01,4866.37,31901.78
242,79,47,1,34112.86,3959.87,5427.54,35580.53
243,80,186,3,24680.72,482.69,13240.7,86800.17
244,80,164,3,15908.19,4326.62,7811.63,51209.58
245,80,43,1,16510.19,104.06,2953.1,19359.23
246,80,54,4,4901.82,938.2,3360.43,22029.51
247,81,4,4,35689.14,6544.03,24518.26,160730.79
248,81,74,3,24770.89,8576.54,11832.5,77568.63
249,81,238,1,19991.97,233.58,3556.51,23314.9
250,81,205,3,26777.33,9217.46,12800.62,83915.15
251,82,101,2,46156.61,8134.42,15152.18,99330.98
252,82,119,2,36904.39,4605.25,12456.64,81660.17
253,82,198,2,112.51,8.46,38.98,255.54
254,82,173,1,15522.12,1253.2,2568.41,16837.33
255,82,192,1,13341.13,19.15,2397.96,15719.94
256,83,7,1,1179.48,8.05,210.86,1382.29
257,84,206,2,37695.53,2291.91,13157.85,86257.0
258,84,48,4,2802.25,888.4,1857.71,12178.31
259,84,230,1,26170.26,2006.05,4349.56,28513.77
260,84,29,3,7930.98,2196.64,3887.33,25483.63
261,84,179,3,40060.15,3711.22,20964.46,137433.69
262,85,46,4,5015.71,2358.0,3186.87,20891.71
263,85,113,2,2640.7,386.79,881.03,5775.64
264,85,18,2,16802.96,2603.05,5580.52,36583.39
265,86,9,1,9902.75,83.67,1767.43,11586.51
266,87,171,4,32844.1,4200.42,22891.68,150067.66
267,88,139,2,4824.95,3.83,1736.29,11382.36
268,89,162,1,38305.79,1679.43,6592.74,43219.1
269,90,99,2,21866.86,1568.49,7589.74,49754.97
270,91,36,2,10167.03,61.89,3648.99,23921.16
271,91,10,2,31794.64,3733.19,10774.1,70630.19
272,92,87,1,21959.44,1068.57,3760.36,24651.23
273,93,10,2,31794.64,3730.62,10774.56,70633.22
274,94,211,4,18681.33,5480.89,12464.0,81708.43
275,94,204,1,3813.54,374.25,619.07,4058.36
276,94,25,1,27064.69,370.83,4804.89,31498.75
277,95,176,2,43250.55,3338.15,14969.33,98132.28
278,96,194,2,5562.52,929.56,1835.19,12030.67
279,96,107,2,19641.45,2067.83,6698.71,43913.78
280,97,21,1,27939.78,2369.54,4602.64,30172.88
281,97,2,3,11408.11,1709.39,5852.69,38367.63
282,97,46,4,5015.71,1666.88,3311.27,21707.23
283,97,238,2,19991.97,686.55,7073.53,46370.92
284,98,184,1,11705.83,881.02,1948.47,12773.28
285,98,128,3,48190.05,6034.71,24936.38,163471.82
286,99,119,2,36904.39,2448.33,12844.88,84205.33
287,99,198,2,112.51,3.04,39.96,261.94
288,100,73,3,17456.78,2100.85,9048.51,59318.0
289,100,54,4,4901.82,101.92,3510.96,23016.32
290,100,112,1,24992.69,2773.77,3999.41,26218.33
291,101,149,3,16854.36,1395.92,8850.09,58017.25
292,101,84,1,10857.56,424.92,1877.88,12310.52
293,101,108,1,46203.27,1314.68,8079.95,52968.54
294,101,51,4,628.75,262.53,405.44,2657.91
295,101,192,4,13341.13,5708.07,8578.16,56234.61
296,102,96,2,17662.28,2679.1,5876.18,38521.64
297,102,35,3,13199.49,960.87,6954.77,45592.37
298,102,118,2,9547.03,73.54,3423.69,22444.21
299,102,185,1,189.21,6.37,32.91,215.75
300,103,155,2,37465.45,5198.3,12551.87,82284.47
301,103,41,2,23389.54,485.42,8332.86,54626.52
302,103,203,4,32452.38,13430.6,20948.21,137327.13
303,104,64,4,1034.97,287.87,693.36,4545.37
304,104,84,2,10857.56,2381.08,3480.13,22814.17
305,105,101,1,46156.61,2505.98,7857.11,51507.74
306,105,123,2,9421.34,187.88,3357.86,22012.66
307,105,208,1,7922.32,658.97,1307.4,8570.75
308,105,205,4,26777.33,12209.61,17081.95,111981.66
309,105,179,2,40060.15,3445.87,13801.4,90475.83
310,106,192,2,13341.13,2799.07,4298.97,28182.16
311,106,150,4,3654.09,324.39,2572.55,16864.52
312,106,7,3,1179.48,266.15,589.01,3861.3
313,106,117,1,27023.51,2790.07,4362.02,28595.46
314,106,119,1,36904.39,1704.45,6335.99,41535.93
315,107,202,1,22486.45,1674.22,3746.2,24558.43
316,107,176,3,43250.55,11455.94,21293.23,139588.94
317,108,94,3,35740.44,2255.09,18893.92,123860.15
318,109,189,2,28066.42,5073.33,9190.71,60250.22
319,109,193,2,16913.96,1300.87,5854.87,38381.92
320,109,149,3,16854.36,3055.42,8551.38,56059.04
321,109,224,4,31527.62,4194.11,21944.95,143861.32
322,110,231,1,3326.96,75.2,585.32,3837.08
323,110,75,4,8532.47,357.58,6079.01,39851.31
324,110,116,4,3361.81,1448.99,2159.68,14157.93
325,110,159,3,18286.08,6308.19,8739.01,57289.06
326,110,95,1,8312.81,109.1,1476.67,9680.38
327,111,175,4,27514.3,4578.82,18986.11,124464.49
328,111,139,4,4824.95,1708.52,3166.43,20757.71
329,111,239,1,26635.98,931.78,4626.76,30330.96
330,111,34,1,9115.19,24.1,1636.4,10727.49
331,112,171,4,32844.1,7220.56,22348.05,146503.89
332,112,179,2,40060.15,8636.47,12867.09,84350.92
333,112,136,3,34274.09,2119.01,18126.59,118829.85
334,112,216,3,4678.54,381.96,2457.66,16111.32
335,112,141,3,29486.44,10304.35,14067.89,92222.86
336,113,183,3,17183.22,1127.58,9075.97,59498.05
337,113,138,2,5484.92,1104.88,1775.69,11640.65
338,114,67,1,41997.34,3354.18,6955.77,45598.93
339,114,95,3,8312.81,442.74,4409.22,28904.91
340,114,48,4,2802.25,726.16,1886.91,12369.75
341,114,53,2,12091.35,1548.59,4074.14,26708.25
342,115,190,3,14801.53,3448.87,7372.03,48327.75
343,116,87,4,21959.44,9488.32,14102.9,92452.34
344,116,177,2,37809.52,6152.44,12503.99,81970.59
345,116,29,1,7930.98,293.21,1374.8,9012.57
346,116,188,4,14567.29,4317.9,9711.23,63662.49
347,117,57,2,20483.4,110.85,7354.07,48210.02
348,117,201,4,18244.99,5929.45,12069.09,79119.6
349,117,240,1,39567.79,4633.42,6288.19,41222.56
350,117,197,4,13368.44,1247.76,9400.68,61626.68
351,117,72,3,12573.73,2730.28,6298.36,41289.27
352,118,4,3,35689.14,3958.31,18559.64,121668.75
353,118,73,4,17456.78,7326.0,11250.2,73751.32
354,118,89,1,4268.91,110.49,748.52,4906.94
355,119,36,1,10167.03,175.25,1798.52,11790.3
356,119,214,3,25781.44,4405.04,13129.07,86068.35
357,119,151,3,39931.59,950.44,21391.98,140236.31
358,119,154,4,14680.42,623.26,10457.72,68556.14
359,120,214,3,25781.44,5140.62,12996.67,85200.37
360,120,98,1,20903.98,2063.97,3391.2,22231.21
361,121,77,4,19293.34,1149.98,13684.21,89707.59
362,121,164,3,15908.19,2389.04,8160.4,53495.93
363,121,214,4,25781.44,11221.65,16542.74,108446.85
364,122,149,4,16854.36,7025.0,10870.64,71263.08
365,122,124,4,10290.63,4812.35,6543.03,42893.2
366,122,145,1,17725.61,793.83,3047.72,19979.5
367,123,225,2,36716.34,466.05,13133.99,86100.62
368,123,178,3,39619.34,5983.51,20317.41,133191.92
369,123,35,3,13199.49,231.48,7086.06,46453.05
370,123,92,3,39462.15,7523.87,19955.26,130817.84
371,124,212,3,8937.81,873.45,4669.2,30609.18
372,124,217,3,8518.31,293.88,4546.99,29808.04
373,124,176,3,43250.55,12819.17,21047.85,137980.33
374,125,129,2,3101.06,591.76,1009.86,6620.22
375,125,57,1,20483.4,1025.84,3502.36,22959.92
376,126,36,3,10167.03,630.3,5376.74,35247.53
377,126,210,3,33886.56,350.84,18235.59,119544.43
378,126,114,1,23667.1,631.51,4146.41,27182.0
379,127,177,1,37809.52,85.33,6790.35,44514.54
380,127,196,4,40456.71,14706.84,26481.6,173601.6
381,127,201,1,18244.99,429.89,3206.72,21021.82
382,127,29,1,7930.98,754.76,1291.72,8467.94
383,128,194,1,5562.52,522.23,907.25,5947.54
384,129,217,3,8518.31,2909.56,4076.17,26721.54
385,129,192,3,13341.13,1691.56,6899.73,45231.56
386,130,184,3,11705.83,723.87,6190.85,40584.47
387,130,50,1,45675.94,5336.3,7261.14,47600.78
388,131,173,3,15522.12,5483.47,7394.92,48477.81
389,131,28,4,29031.11,2985.89,20364.94,133503.49
390,131,47,2,34112.86,3336.88,11679.99,76568.83
391,131,214,3,25781.44,1147.31,13715.46,89912.47
392,132,30,3,7051.18,1744.02,3493.71,22903.23
393,132,99,4,21866.86,2370.79,15317.4,100414.05
394,132,73,4,17456.78,2434.92,12130.6,79522.8
395,132,117,4,27023.51,2448.78,19016.15,124661.41
396,133,102,4,34567.4,8672.2,23327.53,152924.93
397,134,17,2,25819.56,2098.4,8917.33,58458.05
398,134,94,4,35740.44,2106.04,25354.03,166209.75
399,135,171,3,32844.1,1742.53,17422.16,114211.93
400,135,155,4,37465.45,1942.87,26625.41,174544.34
401,135,104,3,15989.17,2816.7,8127.15,53277.96
402,135,125,2,28195.42,4252.12,9384.97,61523.69
403,136,155,3,37465.45,8388.82,18721.36,122728.89
404,136,174,1,40361.15,3681.77,6602.29,43281.67
405,136,84,4,10857.56,4131.42,7073.79,46372.61
406,136,40,2,11047.42,778.35,3836.97,25153.46
407,137,99,4,21866.86,3301.64,15149.84,99315.64
408,138,126,2,14629.39,1097.06,5069.11,33230.83
409,138,111,4,43082.21,10080.31,29204.74,191453.27
410,139,101,3,46156.61,8219.98,23444.97,153694.82
411,140,152,1,37157.0,571.61,6585.37,43170.76
412,141,90,2,18461.71,1039.57,6459.09,42342.94
413,141,15,3,37893.41,8083.1,19007.48,124604.61
414,141,170,1,19374.04,2020.19,3123.69,20477.54
415,141,63,1,120.39,4.88,20.79,136.3
416,142,179,4,40060.15,11306.37,26808.16,175742.39
417,143,26,3,15276.03,2731.71,7757.35,50853.73
418,143,177,3,37809.52,2268.03,20008.9,131169.43
419,143,173,3,15522.12,2030.3,8016.49,52552.55
420,143,53,4,12091.35,1170.98,8495.0,55689.42
421,144,103,1,20030.13,1725.09,3294.91,21599.95
422,144,206,1,37695.53,2677.28,6303.28,41321.53
423,144,58,3,43014.0,1041.68,23040.06,151040.38
424,144,160,4,7458.41,1529.05,5094.83,33399.42
425,144,191,3,30208.27,8652.69,14754.98,96727.1
426,145,103,4,20030.13,6456.69,13259.49,86923.32
427,145,65,2,41109.17,8691.1,13234.9,86762.14
428,145,160,2,7458.41,1032.56,2499.17,16383.43
429,145,132,2,15074.48,2390.71,4996.48,32754.73
430,146,134,2,29515.74,2580.44,10161.19,66612.23
431,147,217,3,8518.31,2525.98,4145.21,27174.16
432,147,106,2,12366.02,761.09,4314.77,28285.72
433,148,119,4,36904.39,7475.69,25225.54,165367.41
434,148,125,1,28195.42,683.42,4952.16,32464.16
435,148,144,3,33892.0,1664.61,18002.05,118013.44
436,149,15,1,37893.41,1427.39,6563.88,43029.9
437,150,61,1,33657.04,2108.11,5678.81,37227.74
438,150,29,3,7930.98,1417.44,4027.59,26403.09
439,151,240,2,39567.79,1370.1,13997.79,91763.27
440,151,109,2,25465.9,1308.59,8932.18,58555.39
441,152,82,4,10944.45,2494.57,7430.98,48714.21
442,153,9,1,9902.75,820.76,1634.76,10716.75
443,153,216,2,4678.54,284.06,1633.14,10706.16
444,153,190,4,14801.53,2197.27,10261.59,67270.44
445,153,170,3,19374.04,6299.21,9328.12,61151.03
446,153,205,1,26777.33,1718.82,4510.53,29569.04
447,154,77,2,19293.34,4240.94,6182.23,40527.97
448,154,54,3,4901.82,1551.96,2367.63,15521.13
449,155,238,4,19991.97,8413.53,12879.78,84434.13
450,155,216,1,4678.54,462.84,758.83,4974.53
451,155,86,3,41540.1,7571.95,21068.7,138117.05
452,155,184,3,11705.83,1773.59,6001.9,39345.8
453,156,203,4,32452.38,3116.6,22804.73,149497.65
454,156,165,3,37776.85,4266.51,19631.53,128695.57
455,156,35,1,13199.49,175.55,2344.31,15368.25
456,156,1,2,25243.55,3128.38,8524.57,55883.29
457,157,67,3,41997.34,12088.11,20502.7,134406.61
458,157,45,2,3684.98,74.64,1313.16,8608.48
459,158,161,2,41588.13,2612.9,14501.4,95064.76
460,158,59,2,13506.51,161.37,4833.3,31684.95
461,158,233,4,21896.66,6310.37,14629.73,95906.0
462,158,23,2,3383.79,72.33,1205.14,7900.39
463,158,119,3,36904.39,2260.18,19521.54,127974.53
464,159,58,2,43014.0,1967.06,15130.97,99191.91
465,160,211,2,18681.33,1875.6,6387.67,41874.73
466,160,73,4,17456.78,6640.25,11373.64,74560.51
467,161,22,3,9607.6,3370.19,4581.47,30034.08
468,161,3,4,33432.15,11022.22,22087.15,144793.53
469,161,121,4,18719.38,6365.67,12332.13,80843.98
470,161,35,3,13199.49,347.15,7065.24,46316.56
471,162,182,3,26624.12,4835.88,13506.57,88543.05
472,162,192,4,13341.13,1937.18,9256.92,60684.26
473,162,208,4,7922.32,2552.62,5244.6,34381.26
474,162,12,2,13880.48,3224.91,4416.49,28952.54
475,162,2,1,11408.11,794.67,1910.42,12523.86
476,163,111,1,43082.21,5058.8,6844.21,44867.62
477,163,37,4,36875.04,15428.74,23772.86,155844.28
478,163,67,3,41997.34,11306.37,20643.42,135329.07
479,163,30,4,7051.18,957.58,4904.49,32151.63
480,163,81,3,3286.08,725.09,1643.97,10777.12
481,164,196,4,40456.71,1033.53,28942.8,189736.11
482,164,39,2,39677.48,519.62,14190.36,93025.7
483,164,143,2,23230.7,199.95,8327.06,54588.51
484,164,219,3,11772.86,693.18,6232.57,40857.97
485,165,118,2,9547.03,283.33,3385.93,22196.66
486,165,127,1,3238.17,79.17,568.62,3727.62
487,165,29,3,7930.98,515.8,4189.89,27467.03
488,165,217,2,8518.31,1533.17,2790.62,18294.07
489,166,174,1,40361.15,1376.87,7017.17,46001.45
490,166,25,1,27064.69,1280.17,4641.21,30425.73
491,166,228,1,11203.89,1125.29,1814.15,11892.75
492,166,85,2,8728.6,60.49,3131.41,20528.12
493,167,84,2,10857.56,550.78,3809.58,24973.92
494,167,188,1,14567.29,1401.18,2369.9,15536.01
495,167,233,3,21896.66,2547.49,11365.65,74508.14
496,167,205,1,26777.33,2390.04,4389.71,28777.0
497,168,219,2,11772.86,460.39,4155.36,27240.69
498,169,232,2,11511.84,991.98,3965.71,25997.41
499,169,176,1,43250.55,4318.41,7007.79,45939.93
500,169,155,2,37465.45,4402.55,12695.1,83223.45
501,170,112,4,24992.69,1115.04,17794.03,116649.75
502,170,162,3,38305.79,13421.5,18269.26,119765.13
503,171,77,3,19293.34,5844.99,9366.31,61401.34
504,171,39,4,39677.48,5627.5,27554.84,180637.26
505,171,33,1,39008.3,2579.2,6557.24,42986.34
506,171,176,1,43250.55,2664.66,7305.46,47891.35
507,172,5,2,16705.9,3152.11,5446.74,35706.43
508,172,30,4,7051.18,153.18,5049.28,33100.82
509,172,190,4,14801.53,6229.11,9535.86,62512.87
510,172,170,3,19374.04,2189.67,10067.84,66000.29
511,172,119,4,36904.39,13415.85,24156.31,158358.02
512,173,224,4,31527.62,8086.85,21244.25,139267.88
513,173,173,1,15522.12,735.63,2661.57,17448.06
514,173,28,1,29031.11,598.28,5117.91,33550.74
515,174,206,2,37695.53,125.53,13547.8,88813.33
516,174,78,1,5073.66,496.79,823.84,5400.71
517,174,23,2,3383.79,697.61,1092.59,7162.56
518,174,33,2,39008.3,4504.22,13232.23,86744.61
519,175,109,2,25465.9,4515.29,8354.97,54771.48
520,175,6,4,9654.29,4466.62,6147.1,40297.64
521,175,30,4,7051.18,66.43,5064.89,33203.18
522,175,43,4,16510.19,4637.85,11052.52,72455.43
523,176,218,3,20584.33,274.31,11066.16,72544.84
524,176,127,4,3238.17,755.56,2195.48,14392.6
525,176,189,4,28066.42,3124.21,19645.46,128786.93
526,176,149,1,16854.36,1068.52,2841.45,18627.29
527,177,30,3,7051.18,1138.04,3602.79,23618.29
528,177,127,4,3238.17,32.34,2325.66,15246.0
529,177,160,3,7458.41,1949.89,3676.56,24101.9
530,177,166,4,33767.83,5573.27,23309.65,152807.7
531,178,107,3,19641.45,5628.26,9593.3,62889.39
532,178,214,2,25781.44,3847.68,8588.74,56303.94
533,178,173,3,15522.12,3859.59,7687.22,50393.99
534,178,168,1,41017.08,3283.28,6792.08,44525.88
535,179,54,1,4901.82,587.78,776.53,5090.57
536,179,143,3,23230.7,7367.06,11218.51,73543.55
537,180,159,2,18286.08,529.66,6487.65,42530.15
538,181,219,1,11772.86,997.97,1939.48,12714.37
539,181,177,4,37809.52,14500.47,24612.77,161350.38
540,182,43,1,16510.19,1725.39,2661.26,17446.06
541,183,40,3,11047.42,1330.76,5726.07,37537.57
542,184,44,4,43728.99,7569.87,30122.3,197468.39
543,184,22,2,9607.6,349.59,3395.81,22261.42
544,184,69,4,3290.31,1243.29,2145.23,14063.18
545,184,96,2,17662.28,3398.66,5746.66,37672.56
546,184,184,4,11705.83,5158.17,7499.73,49164.88
547,185,18,2,16802.96,1750.49,5733.98,37589.41
548,185,22,4,9607.6,3501.13,6287.27,41216.54
549,185,87,2,21959.44,4756.47,7049.23,46211.64
550,185,81,1,3286.08,385.55,522.1,3422.63
551,185,103,3,20030.13,3023.55,10272.03,67338.87
552,186,180,4,4766.01,1472.99,3166.39,20757.44
553,186,104,4,15989.17,5352.95,10548.67,69152.4
554,187,186,2,24680.72,3082.94,8330.13,54608.63
555,187,185,3,189.21,14.56,99.55,652.62
556,187,190,3,14801.53,2777.96,7492.79,49119.42
557,187,226,2,41253.01,231.89,14809.34,97083.47
558,188,67,3,41997.34,1871.93,22341.62,146461.71
559,188,161,1,41588.13,2239.46,7082.76,46431.43
560,188,130,1,12728.22,692.13,2166.5,14202.59
561,189,173,2,15522.12,392.0,5517.4,36169.64
562,189,36,2,10167.03,2007.81,3298.72,21624.97
563,189,183,3,17183.22,2810.34,8773.08,57512.4
564,189,97,2,11972.84,2044.89,3942.14,25842.93
565,189,134,4,29515.74,1160.99,21042.35,137944.32
566,190,151,4,39931.59,16714.05,25742.22,168754.53
567,190,144,4,33892.0,10354.05,22538.51,147752.46
568,190,133,4,38037.94,12580.23,25122.88,164694.41
569,190,200,4,28469.05,9999.02,18697.89,122575.07
570,191,221,4,32207.06,7317.79,21871.88,143382.33
571,191,136,2,34274.09,7765.71,10940.84,71723.31
572,191,31,3,44553.38,14783.3,21397.83,140274.67
573,191,178,1,39619.34,2860.2,6616.65,43375.79
574,191,55,4,21783.95,1153.71,15476.78,101458.87
575,192,76,2,44895.56,1531.55,15886.72,104146.29
576,192,125,4,28195.42,658.43,20182.18,132305.43
577,192,8,3,28733.56,9196.48,13860.76,90864.96
578,193,80,4,9554.15,2179.39,6486.7,42523.91
579,193,145,2,17725.61,3241.45,5797.76,38007.53
580,193,116,4,3361.81,1229.1,2199.27,14417.41
581,193,231,4,3326.96,237.92,2352.59,15422.51
582,193,87,3,21959.44,706.07,11731.0,76903.25
583,194,189,2,28066.42,4763.72,9246.44,60615.56
584,194,72,3,12573.73,2539.59,6332.69,41514.29
585,194,166,1,33767.83,2609.23,5608.55,36767.15
586,194,23,1,3383.79,78.14,595.02,3900.67
587,195,31,2,44553.38,10290.51,14186.92,93003.17
588,196,151,1,39931.59,1629.0,6894.47,45197.06
589,196,12,2,13880.48,1382.28,4748.16,31126.84
590,196,126,3,14629.39,2011.89,7537.73,49414.01
591,196,221,1,32207.06,443.08,5717.52,37481.5
592,197,174,3,40361.15,2636.58,21320.44,139767.31
593,197,44,1,43728.99,1563.88,7589.72,49754.83
594,197,16,1,37019.42,1421.73,6407.58,42005.27
595,197,158,4,36880.83,15808.79,23708.62,155423.15
596,198,131,1,41590.84,1343.99,7244.43,47491.28
597,198,193,3,16913.96,2830.32,8624.08,56535.64
598,198,130,4,12728.22,399.92,9092.33,59605.29
599,198,99,1,21866.86,1069.27,3743.57,24541.16
600,199,78,4,5073.66,1086.13,3457.53,22666.04
601,199,146,2,269.14,50.57,87.79,575.5
602,200,209,4,10731.59,4950.86,6835.59,44811.09
603,201,90,3,18461.71,302.3,9914.91,64997.74
604,201,216,1,4678.54,168.79,811.75,5321.5
605,201,162,4,38305.79,12841.87,25268.63,165649.92
606,201,55,2,21783.95,3790.79,7159.88,46936.99
607,202,163,4,1240.08,162.51,863.61,5661.42
608,202,67,3,41997.34,5165.12,21748.84,142575.74
609,202,193,4,16913.96,7785.77,10776.61,70646.68
610,203,143,4,23230.7,8502.05,15195.73,99616.48
611,203,230,1,26170.26,2472.48,4265.6,27963.38
612,203,179,1,40060.15,2589.4,6744.73,44215.48
613,203,181,4,30664.66,9894.81,20297.49,133061.32
614,204,119,3,36904.39,12438.6,17689.42,115963.99
615,205,161,2,41588.13,9782.72,13210.84,86604.38
616,205,78,3,5073.66,67.21,2727.68,17881.45
617,205,207,4,27779.78,12060.97,17830.47,116888.62
618,205,184,2,11705.83,20.05,4210.49,27602.1
619,205,57,4,20483.4,1090.83,14551.7,95394.47
620,206,145,1,17725.61,271.05,3141.82,20596.38
621,206,45,2,3684.98,779.15,1186.35,7777.16
622,206,17,3,25819.56,1783.27,13621.57,89296.98
623,206,151,1,39931.59,4753.22,6332.11,41510.48
624,206,33,3,39008.3,9558.79,19343.9,126810.01
625,207,120,1,26697.64,2831.45,4295.91,28162.1
626,207,127,2,3238.17,36.5,1159.17,7599.01
627,207,93,4,17083.66,4365.85,11514.38,75483.17
628,207,133,3,38037.94,70.65,20527.77,134570.94
629,207,195,2,42664.46,3427.21,14742.31,96644.02
630,208,85,1,8728.6,655.69,1453.12,9526.03
631,208,80,1,9554.15,31.96,1713.99,11236.18
632,209,214,3,25781.44,4823.27,13053.79,85574.84
633,209,14,2,3800.37,860.6,1213.23,7953.37
634,209,211,4,18681.33,6851.7,12217.25,80090.87
635,210,16,4,37019.42,973.56,26478.74,173582.86
636,210,236,4,18050.29,570.02,12893.61,84524.75
637,211,202,4,22486.45,5010.44,15288.36,100223.72
638,211,169,4,10455.18,4415.96,6732.86,44137.62
639,211,160,1,7458.41,303.96,1287.8,8442.25
640,211,3,1,33432.15,1821.69,5689.88,37300.34
641,211,117,3,27023.51,5718.52,13563.36,88915.37
642,212,66,4,12279.53,1095.86,8644.01,56666.27
643,212,91,2,33075.34,6326.85,10768.29,70592.12
644,212,108,1,46203.27,707.91,8189.16,53684.52
645,212,124,4,10290.63,2534.59,6953.03,45580.96
646,212,186,3,24680.72,2764.93,12829.9,84107.13
647,213,133,2,38037.94,523.26,13599.47,89152.09
648,214,202,3,22486.45,1532.86,11866.77,77793.26
649,214,18,4,16802.96,5603.71,11089.46,72697.59
650,215,77,4,19293.34,8113.44,12430.79,81490.71
651,215,108,1,46203.27,2749.63,7821.66,51275.3
652,215,85,1,8728.6,669.07,1450.72,9510.25
653,215,42,2,27736.92,3105.67,9426.27,61794.44
654,215,27,2,12821.1,735.48,4483.21,29389.93
655,216,19,3,37198.47,401.98,20014.82,131208.25
656,217,45,3,3684.98,953.6,1818.24,11919.58
657,217,57,3,20483.4,6249.74,9936.08,65136.54
658,217,227,2,19776.73,847.43,6967.09,45673.12
659,218,87,2,21959.44,1607.81,7615.99,49927.06
660,219,204,2,3813.54,487.42,1285.14,8424.8
661,219,49,3,43844.62,5018.57,22772.75,149288.04
662,220,84,1,10857.56,820.13,1806.74,11844.17
663,220,64,3,1034.97,325.22,500.34,3280.03
664,221,131,3,41590.84,7465.21,21115.32,138422.63
665,221,100,4,46774.34,4018.82,32954.14,216032.68
666,222,167,2,31659.13,3434.99,10778.99,70662.26
667,222,10,2,31794.64,3021.0,10902.29,71470.57
668,222,54,3,4901.82,750.02,2511.98,16467.42
669,222,57,4,20483.4,5617.73,13736.86,90052.73
670,222,230,3,26170.26,2397.99,13700.3,89813.09
671,223,160,4,7458.41,1464.07,5106.52,33476.09
672,223,87,4,21959.44,3341.56,15209.32,99705.52
673,223,110,4,6566.95,77.92,4714.18,30904.06
674,223,116,4,3361.81,377.26,2352.6,15422.58
675,223,120,1,26697.64,1150.43,4598.5,30145.71
676,224,140,2,12249.39,981.2,4233.16,27750.74
677,225,234,3,10605.83,3139.66,5162.01,33839.84
678,225,67,4,41997.34,19066.42,26806.13,175729.07
679,225,3,1,33432.15,1893.61,5676.94,37215.48
680,225,198,2,112.51,23.37,36.3,237.95
681,225,77,2,19293.34,1050.76,6756.47,44292.39
682,226,81,2,3286.08,338.17,1122.12,7356.11
683,227,148,2,32803.6,2405.73,11376.26,74577.73
684,227,224,1,31527.62,1890.9,5334.61,34971.33
685,228,77,1,19293.34,2134.95,3088.51,20246.9
686,228,84,2,10857.56,2546.51,3450.35,22618.96
687,228,151,3,39931.59,8167.96,20092.83,131719.64
688,228,6,4,9654.29,4542.18,6133.5,40208.48
689,228,146,2,269.14,61.28,85.86,562.86
690,229,24,2,4300.49,33.09,1542.22,10110.11
691,229,44,4,43728.99,563.34,31383.47,205736.09
692,229,27,2,12821.1,213.83,4577.11,30005.48
693,230,95,1,8312.81,171.4,1465.45,9606.86
694,231,100,2,46774.34,1458.6,16576.21,108666.29
695,232,129,4,3101.06,410.0,2158.96,14153.2
696,232,184,1,11705.83,1392.18,1856.46,12170.11
697,233,148,3,32803.6,7632.34,16340.12,107118.58
698,233,11,4,36727.76,6113.53,25343.55,166141.06
699,233,189,3,28066.42,3951.54,14444.59,94692.31
700,233,24,2,4300.49,428.38,1471.07,9643.67
701,234,62,2,34302.26,2253.87,11943.12,78293.77
702,235,32,3,25348.23,3742.28,13014.43,85316.84
703,235,95,2,8312.81,504.29,2901.84,19023.17
704,235,20,1,38320.28,2125.25,6515.11,42710.14
705,235,194,1,5562.52,426.45,924.49,6060.56
706,235,27,4,12821.1,2345.68,8808.97,57747.69
707,236,84,4,10857.56,2526.39,7362.69,48266.54
708,236,172,1,1060.63,10.51,189.02,1239.14
709,237,156,1,36965.82,786.2,6512.33,42691.95
710,238,46,1,5015.71,537.3,806.11,5284.52
711,238,56,2,36444.51,3866.54,12424.05,81446.53
712,238,183,1,17183.22,1724.85,2782.51,18240.88
713,239,197,3,13368.44,4373.52,6431.72,42163.52
714,239,52,2,30086.26,659.87,10712.28,70224.93
715,239,238,4,19991.97,268.16,14345.95,94045.67
716,239,64,1,1034.97,41.87,178.76,1171.86
717,240,28,2,29031.11,4352.39,9667.77,63377.6
718,240,209,4,10731.59,4836.55,6856.17,44945.98
719,240,84,1,10857.56,302.81,1899.86,12454.61
720,240,83,1,34264.79,1466.16,5903.75,38702.38
721,240,144,2,33892.0,121.97,12179.17,79841.2
722,241,167,1,31659.13,255.8,5652.6,37055.93
723,241,160,2,7458.41,735.87,2552.57,16733.52
724,241,95,4,8312.81,3922.73,5279.13,34607.64
725,242,86,3,41540.1,14625.76,19799.02,129793.56
726,242,45,4,3684.98,119.42,2631.69,17252.19
727,243,6,1,9654.29,357.81,1673.37,10969.85
728,243,158,4,36880.83,13405.37,24141.23,158259.18
729,244,165,2,37776.85,8372.04,12092.7,79274.36
730,244,10,4,31794.64,11282.1,20861.36,136757.82
731,245,88,1,33071.07,3598.0,5305.15,34778.22
732,245,63,2,120.39,23.16,39.17,256.79
733,245,53,2,12091.35,1764.55,4035.27,26453.42
734,246,163,2,1240.08,279.25,396.16,2597.07
735,247,80,2,9554.15,972.27,3264.49,21400.52
736,247,43,2,16510.19,1201.02,5727.48,37546.84
737,247,185,4,189.21,87.89,120.41,789.36
738,247,51,2,628.75,41.02,218.97,1435.45
739,248,157,4,10083.83,95.89,7243.1,47482.53
740,248,189,4,28066.42,5757.85,19171.41,125679.24
741,248,111,1,43082.21,3923.2,7048.62,46207.63
742,248,195,3,42664.46,9141.54,21393.33,140245.17
743,248,40,2,11047.42,1465.82,3713.22,24342.24
744,249,19,4,37198.47,3494.56,26153.88,171453.2
745,249,86,2,41540.1,41.68,14946.93,97985.45
746,249,35,3,13199.49,2335.3,6707.37,43970.54
747,249,184,4,11705.83,5283.27,7477.21,49017.26
748,250,105,1,18322.11,2182.1,2905.2,19045.21
749,251,163,1,1240.08,96.86,205.78,1349.0
750,251,177,4,37809.52,13351.25,24819.63,162706.46
751,251,95,2,8312.81,953.1,2821.05,18493.57
752,251,179,3,40060.15,9099.38,19994.59,131075.66
753,252,155,2,37465.45,110.93,13467.59,88287.56
754,252,149,1,16854.36,1303.31,2799.19,18350.24
755,253,65,4,41109.17,11564.76,27516.95,180388.87
756,253,178,4,39619.34,14309.79,25950.16,170117.73
757,253,78,1,5073.66,66.53,901.28,5908.41
758,253,129,3,3101.06,908.99,1510.95,9905.14
759,254,18,4,16802.96,4234.04,11336.0,74313.8
760,255,47,2,34112.86,1519.83,12007.06,78712.95
761,255,129,1,3101.06,279.06,507.96,3329.96
762,255,29,2,7930.98,493.66,2766.29,18134.59
763,255,116,4,3361.81,711.19,2292.49,15028.54
764,256,17,2,25819.56,2961.38,8761.99,57439.73
765,256,88,1,33071.07,37.73,5946.0,38979.34
766,256,8,3,28733.56,7776.67,14116.32,92540.33
767,257,239,3,26635.98,5795.29,13340.28,87452.93
768,257,125,3,28195.42,3763.6,14548.08,95370.74
769,257,122,3,24991.82,8992.06,11877.01,77860.41
770,258,207,4,27779.78,11608.06,17911.99,117423.05
771,258,26,4,15276.03,5317.67,10041.56,65828.01
772,258,1,2,25243.55,155.58,9059.67,59391.19
773,259,132,1,15074.48,1783.94,2392.3,15682.84
774,259,106,3,12366.02,74.03,6664.33,43688.36
775,259,170,3,19374.04,6091.9,9365.44,61395.66
776,259,49,3,43844.62,10700.48,21750.01,142583.39
777,260,188,4,14567.29,2054.78,10118.59,66332.97
778,261,224,1,31527.62,1824.2,5346.62,35050.04
779,261,120,2,26697.64,1559.29,9330.48,61166.47
780,261,44,2,43728.99,7905.35,14319.47,93872.1
781,261,230,1,26170.26,331.22,4651.03,30490.07
782,261,115,1,7640.14,146.91,1348.78,8842.01
783,262,171,2,32844.1,7273.55,10514.64,68929.29
784,263,97,4,11972.84,3758.05,7944.0,52077.31
785,263,234,4,10605.83,4115.64,6895.38,45203.06
786,263,184,2,11705.83,727.9,4083.08,26766.84
787,264,219,4,11772.86,3260.14,7889.63,51720.93
788,264,81,1,3286.08,122.56,569.43,3732.95
789,265,134,2,29515.74,755.03,10489.76,68766.21
790,265,170,1,19374.04,1251.47,3262.06,21384.63
791,266,73,1,17456.78,1254.54,2916.4,19118.64
792,266,38,3,28086.65,5079.64,14252.46,93432.77
793,266,192,1,13341.13,437.78,2322.6,15225.95
794,266,171,4,32844.1,9949.04,21856.92,143284.28
795,266,218,2,20584.33,2445.54,6970.16,45693.28
796,267,180,1,4766.01,527.97,762.85,5000.89
797,267,189,2,28066.42,5771.21,9065.09,59426.72
798,268,90,3,18461.71,1876.65,9631.53,63140.01
799,268,194,2,5562.52,935.98,1834.03,12023.09
800,268,101,4,46156.61,2156.13,32844.66,215314.97
801,268,19,3,37198.47,10073.94,18273.86,119795.33
802,269,179,2,40060.15,2016.79,14058.63,92162.14
803,269,124,2,10290.63,1816.05,3377.74,22142.95
804,269,75,1,8532.47,370.88,1469.09,9630.68
805,269,230,1,26170.26,2130.21,4327.21,28367.26
806,270,238,1,19991.97,853.06,3445.0,22583.91
807,270,15,4,37893.41,3267.31,26695.14,175001.47
808,271,62,4,34302.26,8045.27,23249.48,152413.25
809,272,162,3,38305.79,160.0,20656.33,135413.7
810,272,168,1,41017.08,406.74,7309.86,47920.2
811,272,114,4,23667.1,7286.54,15728.73,103110.59
812,273,47,4,34112.86,4885.45,23681.88,155247.87
813,273,99,2,21866.86,521.87,7778.13,50989.98
814,273,124,1,10290.63,881.41,1693.66,11102.88
815,273,166,2,33767.83,3284.91,11565.14,75815.89
816,273,180,1,4766.01,225.22,817.34,5358.13
817,274,47,2,34112.86,43.59,12272.78,80454.91
818,275,144,3,33892.0,10388.64,16431.72,107719.08
819,276,64,3,1034.97,17.2,555.79,3643.5
820,277,134,2,29515.74,4873.15,9748.5,63906.83
821,277,234,1,10605.83,301.76,1854.73,12158.8
822,277,91,2,33075.34,1124.57,11704.7,76730.81
823,278,109,4,25465.9,7942.54,16905.79,110826.85
824,278,20,2,38320.28,3679.29,13133.03,86094.3
825,278,141,1,29486.44,3342.84,4705.85,30849.45
826,278,66,4,12279.53,5541.7,7843.76,51420.18
827,278,67,2,41997.34,5401.57,14146.76,92739.87
828,279,155,3,37465.45,13385.72,17821.91,116832.54
829,279,42,4,27736.92,5045.13,19062.46,124965.01
830,279,108,2,46203.27,859.65,16478.44,108025.33
831,279,211,1,18681.33,1191.43,3148.18,20638.08
832,279,40,4,11047.42,349.77,7891.18,51731.09
833,280,97,2,11972.84,1087.99,4114.38,26972.07
834,281,180,3,4766.01,946.32,2403.31,15755.02
835,281,147,1,26528.08,2854.11,4261.31,27935.28
836,281,222,2,28533.87,2177.68,9880.21,64770.27
837,282,176,2,43250.55,6825.59,14341.59,94017.1
838,283,47,4,34112.86,8223.59,23081.01,151308.86
839,283,113,3,2640.7,905.61,1262.97,8279.46
840,283,91,2,33075.34,2422.6,11471.05,75199.13
841,283,205,1,26777.33,3044.44,4271.92,28004.81
842,284,15,4,37893.41,14702.89,24636.74,161507.49
843,284,22,1,9607.6,1109.29,1529.7,10028.01
844,284,191,4,30208.27,9816.96,19982.9,130999.02
845,284,74,2,24770.89,2851.56,8404.24,55094.46
846,284,142,1,26420.51,1285.53,4524.3,29659.28
847,285,11,2,36727.76,1540.93,12944.63,84859.22
848,285,156,3,36965.82,11170.6,17950.83,117677.69
849,285,115,3,7640.14,2619.76,3654.12,23954.78
850,285,44,4,43728.99,10400.67,29612.75,194128.04
851,285,173,2,15522.12,1390.6,5337.66,34991.3
852,286,55,4,21783.95,2273.86,15275.15,100137.09
853,286,1,3,25243.55,8443.44,12111.7,79398.91
854,286,189,1,28066.42,3150.45,4484.87,29400.84
855,287,28,2,29031.11,2801.4,9946.95,65207.77
856,287,2,1,11408.11,138.73,2028.49,13297.87
857,287,90,4,18461.71,1750.56,12977.33,85073.61
858,288,121,3,18719.38,2016.87,9745.43,63886.7
859,288,102,4,34567.4,14803.59,22223.88,145689.89
860,289,2,2,11408.11,303.0,4052.38,26565.6
861,289,92,3,39462.15,571.9,21206.62,139021.17
862,289,227,4,19776.73,3997.01,13519.78,88629.69
863,289,223,3,39924.82,12949.98,19228.41,126052.89
864,290,84,4,10857.56,2615.5,7346.65,48161.39
865,290,193,4,16913.96,1066.94,11986.0,78574.9
866,291,174,3,40361.15,6243.04,20671.27,135511.68
867,292,64,2,1034.97,61.97,361.43,2369.4
868,292,159,1,18286.08,1896.27,2950.17,19339.98
869,292,40,2,11047.42,1766.7,3659.07,23987.21
870,292,187,4,33639.08,3203.72,23643.47,154996.07
871,293,59,2,13506.51,1300.78,4628.2,30340.44
872,293,31,3,44553.38,15885.22,21199.49,138974.41
873,294,79,3,15130.34,2320.8,7752.64,50822.86
874,294,180,1,4766.01,291.6,805.39,5279.8
875,294,163,1,1240.08,45.28,215.06,1409.86
876,294,60,3,24754.89,3240.1,12784.42,83808.99
877,294,57,3,20483.4,5247.25,10116.53,66319.48
878,295,74,3,24770.89,8101.41,11918.03,78129.29
879,295,121,1,18719.38,967.96,3195.26,20946.68
880,296,198,3,112.51,30.09,55.34,362.78
881,296,221,3,32207.06,2762.43,16894.58,110753.33
882,296,34,3,9115.19,689.22,4798.14,31454.49
883,296,85,4,8728.6,365.47,6218.81,40767.74
884,296,93,1,17083.66,267.5,3026.91,19843.07
885,297,20,3,38320.28,4158.96,19944.34,130746.22
886,298,229,3,33676.3,10849.45,16232.3,106411.75
887,298,225,4,36716.34,11100.64,24437.65,160202.37
888,298,195,1,42664.46,4663.31,6840.21,44841.36
889,299,75,1,8532.47,813.37,1389.44,9108.54
890,299,12,2,13880.48,2467.56,4552.81,29846.21
891,300,53,2,12091.35,1659.6,4054.16,26577.26
892,300,48,1,2802.25,295.63,451.19,2957.81
893,300,1,4,25243.55,6104.71,17076.51,111946.0
894,301,58,2,43014.0,3012.8,14942.74,97957.94
895,301,12,2,13880.48,3138.25,4432.09,29054.8
896,302,167,3,31659.13,7210.87,15797.97,103564.49
897,303,105,3,18322.11,2141.28,9508.51,62333.56
898,303,230,1,26170.26,1965.77,4356.81,28561.3
899,304,28,3,29031.11,9092.81,14040.09,92040.61
900,304,185,2,189.21,37.09,61.44,402.77
901,304,191,2,30208.27,2350.9,10451.82,68517.46
902,304,177,2,37809.52,5278.18,12661.35,83002.21
903,304,98,4,20903.98,1561.69,14769.76,96823.99
904,305,209,2,10731.59,486.42,3775.82,24752.58
905,305,221,4,32207.06,14583.69,20564.02,134808.57
906,306,49,2,43844.62,4788.09,14922.21,97823.36
907,306,18,4,16802.96,808.43,11952.61,78356.02
908,306,37,2,36875.04,6431.87,12117.28,79435.49
909,306,19,1,37198.47,2692.99,6210.99,40716.47
910,306,110,4,6566.95,1210.39,4510.33,29567.74
911,307,4,3,35689.14,10955.83,17300.09,113411.68
912,307,203,1,32452.38,787.9,5699.61,37364.09
913,307,3,4,33432.15,12190.78,21876.81,143414.63
914,307,28,4,29031.11,11363.45,18856.98,123617.97
915,307,139,3,4824.95,576.25,2501.75,16400.35
916,308,27,4,12821.1,872.87,9074.08,59485.61
917,308,131,2,41590.84,239.57,14929.58,97871.69
918,308,227,4,19776.73,3658.38,13580.74,89029.28
919,309,73,3,17456.78,479.44,9340.36,61231.26
920,310,86,2,41540.1,8904.05,13351.71,87527.86
921,310,154,3,14680.42,3301.82,7333.1,48072.54
922,310,47,3,34112.86,4278.4,17650.83,115711.01
923,310,174,1,40361.15,1313.0,7028.67,46076.82
924,310,109,4,25465.9,8088.76,16879.47,110654.31
925,311,100,4,46774.34,18290.26,30385.28,199192.38
926,311,115,1,7640.14,529.78,1279.86,8390.22
927,312,127,4,3238.17,935.3,2163.13,14180.51
928,312,109,3,25465.9,1267.17,13523.5,88654.03
929,312,124,2,10290.63,946.37,3534.28,23169.17
930,313,135,2,25713.49,4338.96,8475.84,55563.86
931,313,148,2,32803.6,2847.69,11296.71,74056.22
932,313,199,2,19178.46,4574.78,6080.79,39862.93
933,313,178,1,39619.34,1722.96,6821.35,44717.73
934,314,76,2,44895.56,8999.79,14542.44,95333.77
935,314,118,4,9547.03,1111.26,6673.83,43750.69
936,315,188,3,14567.29,283.63,7815.28,51233.52
937,315,7,1,1179.48,93.8,195.42,1281.1
938,315,179,1,40060.15,2292.21,6798.23,44566.17
939,315,109,2,25465.9,184.49,9134.52,59881.83
940,316,121,2,18719.38,3360.98,6134.0,40211.78
941,316,191,3,30208.27,5113.25,15392.08,100903.64
942,317,155,2,37465.45,4525.49,12672.97,83078.38
943,318,109,2,25465.9,1661.36,8868.68,58139.12
944,318,239,1,26635.98,1666.88,4494.44,29463.54
945,319,48,1,2802.25,274.58,454.98,2982.65
946,319,211,4,18681.33,4281.01,12679.98,83124.29
947,319,191,4,30208.27,11995.15,19590.83,128428.76
948,319,144,2,33892.0,444.7,12121.07,79460.37
949,320,8,2,28733.56,3734.68,9671.84,63404.28
950,320,62,1,34302.26,872.28,6017.4,39447.38
951,320,73,1,17456.78,1584.77,2856.96,18728.97
952,321,145,4,17725.61,388.66,12692.48,83206.26
953,322,193,3,16913.96,5929.8,8066.17,52878.25
954,322,101,1,46156.61,1835.1,7977.87,52299.38
955,322,186,1,24680.72,1487.29,4174.82,27368.25
956,323,175,1,27514.3,2922.69,4426.49,29018.1
957,323,119,1,36904.39,4219.58,5883.27,38568.08
958,324,167,4,31659.13,11934.51,20646.36,135348.37
959,324,134,3,29515.74,3090.39,15382.23,100839.06
960,324,239,4,26635.98,511.58,19085.82,125118.16
961,324,197,4,13368.44,1534.34,9349.1,61288.52
962,324,88,1,33071.07,3801.91,5268.45,34537.61
963,325,128,1,48190.05,2630.07,8200.8,53760.78
964,326,46,4,5015.71,621.01,3499.53,22941.36
965,327,94,3,35740.44,5158.71,18371.27,120433.88
966,328,116,1,3361.81,298.95,551.31,3614.17
967,328,68,2,3827.59,642.8,1262.23,8274.61
968,328,225,1,36716.34,681.0,6486.36,42521.7
969,328,175,1,27514.3,959.68,4779.83,31334.45
970,328,11,2,36727.76,5025.54,12317.4,80747.38
971,329,231,2,3326.96,584.3,1092.53,7162.15
972,329,210,4,33886.56,12495.47,22149.14,145199.91
973,329,120,2,26697.64,2572.72,9148.06,59970.62
974,329,28,1,29031.11,1105.34,5026.64,32952.41
975,329,22,4,9607.6,980.6,6740.96,44190.76
976,330,82,1,10944.45,1297.33,1736.48,11383.6
977,330,146,4,269.14,8.06,192.33,1260.83
978,331,65,1,41109.17,699.21,7273.79,47683.75
979,331,163,3,1240.08,180.83,637.09,4176.5
980,331,46,3,5015.71,1577.74,2424.49,15893.88
981,332,88,2,33071.07,2772.23,11406.58,74776.49
982,332,193,4,16913.96,3910.17,11474.22,75219.89
983,332,77,2,19293.34,4471.07,6140.81,40256.42
984,332,43,4,16510.19,2810.9,11381.37,74611.23
985,333,83,3,34264.79,175.0,18471.49,121090.86
986,333,171,4,32844.1,14721.82,20997.82,137652.4
987,334,163,1,1240.08,5.43,222.24,1456.89
988,334,116,2,3361.81,339.01,1149.23,7533.84
989,335,4,3,35689.14,11520.3,17198.48,112745.6
990,335,95,1,8312.81,697.59,1370.74,8985.96
991,335,209,4,10731.59,2132.86,7342.83,48136.33
992,335,94,3,35740.44,4531.75,18484.12,121173.69
993,335,5,4,16705.9,4195.21,11273.11,73901.5
994,336,42,4,27736.92,8442.33,18450.96,120956.31
995,336,139,1,4824.95,576.31,764.76,5013.4
996,336,112,1,24992.69,268.84,4450.29,29174.14
997,336,98,1,20903.98,1545.88,3484.46,22842.56
998,336,73,4,17456.78,868.72,12412.51,81370.91
999,337,199,4,19178.46,1054.06,13618.76,89278.54
1000,337,117,4,27023.51,12329.87,17237.55,113001.72
1001,338,69,3,3290.31,364.11,1711.23,11218.05
1002,338,226,4,41253.01,13332.33,27302.35,178982.06
1003,338,169,1,10455.18,1129.39,1678.64,11004.43
1004,339,86,4,41540.1,4821.93,29040.92,190379.39
1005,339,44,4,43728.99,4043.93,30756.97,201629.0
1006,339,147,4,26528.08,10550.32,17201.16,112763.16
1007,340,60,2,24754.89,2995.88,8372.5,54886.4
1008,340,26,4,15276.03,6181.52,9886.07,64808.67
1009,340,182,3,26624.12,8025.62,12932.41,84779.15
1010,340,206,2,37695.53,8582.82,12025.48,78833.72
1011,341,182,4,26624.12,323.19,19111.19,125284.48
1012,341,140,2,12249.39,2891.09,3889.38,25497.07
1013,341,236,3,18050.29,1212.25,9528.95,62467.57
1014,341,21,2,27939.78,1991.03,9699.94,63588.47
1015,341,147,2,26528.08,4624.24,8717.75,57149.67
1016,342,164,1,15908.19,211.77,2825.36,18521.78
1017,343,217,2,8518.31,798.95,2922.78,19160.45
1018,343,93,4,17083.66,6522.74,11126.14,72938.04
1019,343,234,4,10605.83,374.56,7568.78,49617.54
1020,343,215,1,34726.43,876.34,6093.02,39943.11
1021,344,169,1,10455.18,147.05,1855.46,12163.59
1022,344,146,3,269.14,96.28,128.01,839.15
1023,345,138,1,5484.92,340.94,925.92,6069.9
1024,346,57,2,20483.4,1315.48,7137.24,46788.56
1025,346,22,4,9607.6,918.81,6752.09,44263.68
1026,347,51,3,628.75,217.72,300.34,1968.87
1027,347,176,1,43250.55,3029.17,7239.85,47461.23
1028,348,209,1,10731.59,782.07,1790.91,11740.43
1029,348,82,4,10944.45,1049.2,7691.15,50419.75
1030,348,160,3,7458.41,1004.09,3846.81,25217.95
1031,349,76,3,44895.56,6437.59,23084.84,151333.93
1032,349,155,1,37465.45,808.82,6598.19,43254.82
1033,349,212,3,8937.81,1381.6,4577.73,30009.56
1034,349,225,2,36716.34,3152.42,12650.45,82930.71
1035,350,184,3,11705.83,900.86,6158.99,40375.62
1036,351,56,1,36444.51,2510.07,6108.2,40042.64
1037,351,27,4,12821.1,4197.93,8475.56,55562.03
1038,351,144,4,33892.0,5169.75,23471.68,153869.93
1039,351,72,3,12573.73,896.94,6628.36,43452.61
1040,351,184,1,11705.83,1127.59,1904.08,12482.32
1041,352,99,1,21866.86,1689.0,3632.01,23809.87
1042,352,61,1,33657.04,3681.99,5395.51,35370.56
1043,352,148,3,32803.6,1547.7,17435.36,114298.46
1044,352,6,4,9654.29,171.5,6920.22,45365.88
1045,352,73,1,17456.78,706.77,3015.0,19765.01
1046,353,143,3,23230.7,4129.83,11801.21,77363.48
1047,354,159,2,18286.08,209.93,6545.2,42907.43
1048,354,27,1,12821.1,213.45,2269.38,14877.03
1049,354,8,3,28733.56,8910.28,13912.27,91202.67
1050,355,67,1,41997.34,558.41,7459.01,48897.94
1051,356,150,1,3654.09,55.38,647.77,4246.48
1052,356,118,2,9547.03,1725.42,3126.36,20495.0
1053,357,170,4,19374.04,2100.12,13571.29,88967.33
1054,357,126,3,14629.39,4035.26,7173.52,47026.43
1055,357,72,1,12573.73,532.64,2167.4,14208.49
1056,357,83,2,34264.79,5423.27,11359.14,74465.45
1057,358,172,2,1060.63,119.17,360.38,2362.47
1058,359,195,4,42664.46,13419.63,28302.88,185541.09
1059,359,80,1,9554.15,1048.04,1531.1,10037.21
1060,359,182,2,26624.12,5857.5,8530.33,55921.07
1061,360,109,3,25465.9,8723.04,12181.44,79856.1
1062,360,43,1,16510.19,291.81,2919.31,19137.69
1063,360,176,1,43250.55,3866.73,7089.09,46472.91
1064,361,68,1,3827.59,162.79,659.66,4324.46
1065,361,31,2,44553.38,1610.55,15749.32,103245.53
1066,361,238,4,19991.97,4874.14,13516.87,88610.61
1067,362,50,2,45675.94,6512.1,15271.16,100110.94
1068,362,76,4,44895.56,11176.16,30313.09,198719.17
1069,362,49,1,43844.62,3583.83,7246.94,47507.73
1070,362,104,2,15989.17,3679.96,5093.71,33392.09
1071,363,58,4,43014.0,8091.62,29513.59,193477.97
1072,363,226,1,41253.01,1088.53,7229.61,47394.09
1073,363,159,3,18286.08,3259.71,9287.74,60886.27
1074,364,233,3,21896.66,6720.59,10614.49,69583.88
1075,364,180,2,4766.01,194.72,1680.71,11018.01
1076,364,160,1,7458.41,149.15,1315.67,8624.93
1077,364,123,3,9421.34,3052.07,4538.15,29750.1
1078,364,190,2,14801.53,3418.24,4713.27,30898.09
1079,365,153,3,6055.61,2113.62,2889.58,18942.79
1080,366,214,2,25781.44,4671.55,8440.44,55331.77
1081,366,59,1,13506.51,162.07,2402.0,15746.44
1082,366,135,3,25713.49,4189.8,13131.12,86081.79
1083,367,78,4,5073.66,274.61,3603.61,23623.64
1084,367,182,1,26624.12,472.53,4707.29,30858.88
1085,367,86,4,41540.1,17073.29,26835.68,175922.79
1086,368,93,2,17083.66,3774.73,5470.67,35863.26
1087,368,53,4,12091.35,3707.11,8038.49,52696.78
1088,368,191,3,30208.27,9538.92,14595.46,95681.35
1089,368,23,4,3383.79,1603.64,2147.67,14079.19
1090,369,49,3,43844.62,13166.62,21306.1,139673.34
1091,369,11,1,36727.76,1910.4,6267.12,41084.48
1092,369,149,4,16854.36,4584.35,11309.96,74143.05
1093,370,134,2,29515.74,2150.96,10238.49,67119.01
1094,370,75,3,8532.47,198.48,4571.81,29970.74
1095,371,79,1,15130.34,90.6,2707.15,17746.89
1096,371,2,2,11408.11,958.88,3934.32,25791.66
1097,371,111,3,43082.21,12179.12,21072.15,138139.66
1098,371,91,2,33075.34,7570.43,10544.44,69124.69
1099,372,122,3,24991.82,2237.82,13092.78,85830.42
1100,373,45,3,3684.98,1067.09,1797.81,11785.66
1101,373,145,2,17725.61,2906.95,5857.97,38402.24
1102,373,112,2,24992.69,1499.68,8727.43,57213.13
1103,374,47,4,34112.86,1572.61,24278.19,159157.02
1104,374,97,4,11972.84,3989.16,7902.4,51804.6
1105,374,201,3,18244.99,3076.4,9298.54,60957.11
1106,374,225,4,36716.34,8222.45,24955.72,163598.63
1107,374,214,4,25781.44,5708.43,17535.12,114952.45
1108,375,202,3,22486.45,1030.31,11957.23,78386.27
1109,375,63,3,120.39,2.32,64.59,423.44
1110,375,149,4,16854.36,1018.83,11951.75,78350.36
1111,376,213,3,20525.1,4391.6,10293.07,67476.77
1112,376,167,3,31659.13,6444.52,15935.92,104468.79
1113,376,28,3,29031.11,9033.12,14050.84,92111.05
1114,377,78,3,5073.66,1313.53,2503.34,16410.79
1115,377,161,1,41588.13,4020.49,6762.18,44329.82
1116,378,64,2,1034.97,25.74,367.96,2412.16
1117,379,216,3,4678.54,1383.95,2277.3,14928.97
1118,379,218,4,20584.33,8490.43,13292.44,87139.33
1119,380,190,4,14801.53,2060.63,10286.19,67431.68
1120,380,180,1,4766.01,548.52,759.15,4976.64
1121,380,140,4,12249.39,2159.85,8430.79,55268.5
1122,380,52,3,30086.26,4236.99,15483.92,101505.71
1123,380,122,1,24991.82,1391.44,4248.07,27848.45
1124,381,78,4,5073.66,103.82,3634.35,23825.17
1125,381,9,3,9902.75,3432.36,4729.66,31005.55
1126,381,166,4,33767.83,14302.82,21738.33,142506.83
1127,381,167,4,31659.13,4207.94,22037.14,144465.72
1128,381,229,2,33676.3,2891.43,11603.01,76064.18
1129,382,91,3,33075.34,5471.11,16875.88,110630.79
1130,382,168,2,41017.08,2740.01,14272.95,93567.1
1131,383,156,3,36965.82,1722.31,19651.53,128826.68
1132,383,169,3,10455.18,2216.36,5246.85,34396.03
1133,383,47,3,34112.86,7177.94,17128.92,112289.56
1134,383,148,4,32803.6,1063.94,23427.08,153577.54
1135,384,198,2,112.51,2.85,39.99,262.16
1136,384,207,2,27779.78,4854.77,9126.86,59831.65
1137,385,114,3,23667.1,5167.76,11850.04,77683.58
1138,386,52,3,30086.26,2442.37,15806.95,103623.36
1139,386,51,2,628.75,65.5,214.56,1406.56
1140,386,65,2,41109.17,848.67,14646.54,96016.21
1141,386,126,1,14629.39,1104.43,2434.49,15959.45
1142,386,113,1,2640.7,64.5,463.72,3039.92
1143,387,128,4,48190.05,11585.28,32611.49,213786.41
1144,387,49,3,43844.62,9762.11,21918.92,143690.67
1145,387,214,2,25781.44,4959.91,8388.53,54991.5
1146,387,54,4,4901.82,1005.88,3348.25,21949.65
1147,387,147,4,26528.08,11128.77,17097.04,112080.59
1148,388,154,3,14680.42,119.14,7905.98,51828.1
1149,389,74,2,24770.89,5072.26,8004.51,52474.03
1150,389,20,3,38320.28,5507.36,19701.63,129155.11
1151,390,67,1,41997.34,701.97,7433.17,48728.54
1152,390,52,3,30086.26,10009.78,14444.82,94693.82
1153,390,86,1,41540.1,1174.51,7265.81,47631.4
1154,390,228,1,11203.89,1083.19,1821.73,11942.43
1155,391,123,1,9421.34,40.25,1688.6,11069.69
1156,391,34,2,9115.19,1422.71,3025.38,19833.05
1157,391,70,4,30937.09,7092.16,20998.12,137654.32
1158,391,186,2,24680.72,127.02,8862.2,58096.62
1159,391,11,1,36727.76,116.15,6590.09,43201.7
1160,392,124,2,10290.63,1061.3,3513.59,23033.55
1161,392,14,4,3800.37,1002.47,2555.82,16754.83
1162,392,100,1,46774.34,2458.19,7976.91,52293.06
1163,392,197,3,13368.44,1693.03,6914.21,45326.5
1164,392,97,3,11972.84,1881.52,6126.66,40163.66
1165,393,146,2,269.14,52.49,87.44,573.23
1166,393,12,1,13880.48,94.37,2481.5,16267.61
1167,393,206,4,37695.53,3267.63,26552.61,174067.1
1168,393,4,1,35689.14,1345.31,6181.89,40525.72
1169,393,224,2,31527.62,7552.17,9990.55,65493.62
1170,394,181,2,30664.66,3264.25,10451.71,68516.78
1171,394,189,3,28066.42,9512.09,13443.69,88130.86
1172,394,209,3,10731.59,3357.16,5190.77,34028.38
1173,394,92,2,39462.15,4989.7,13308.23,87242.83
1174,395,53,2,12091.35,2441.75,3913.37,25654.32
1175,396,10,4,31794.64,9918.52,21106.81,138366.85
1176,396,61,4,33657.04,15396.8,21461.64,140693.0
1177,397,99,4,21866.86,4660.47,14905.25,97712.22
1178,397,127,2,3238.17,159.89,1136.96,7453.41
1179,397,5,2,16705.9,2645.92,5537.86,36303.74
1180,397,221,1,32207.06,2552.35,5337.85,34992.56
1181,397,98,1,20903.98,1358.46,3518.19,23063.71
1182,398,88,4,33071.07,13742.89,21337.45,139878.84
1183,399,119,3,36904.39,2159.56,19539.65,128093.26
1184,399,109,4,25465.9,5712.5,17307.2,113458.3
1185,399,147,2,26528.08,839.6,9398.98,61615.54
1186,399,185,1,189.21,6.37,32.91,215.75
1187,399,146,3,269.14,8.29,143.84,942.97
1188,400,169,1,10455.18,155.96,1853.86,12153.08
1189,400,65,3,41109.17,12372.21,19971.95,130927.25
1190,400,201,2,18244.99,1943.35,6218.39,40765.02
1191,401,15,3,37893.41,13004.47,18121.64,118797.4
1192,401,149,4,16854.36,1454.63,11873.31,77836.12
1193,401,21,3,27939.78,2610.54,14617.58,95826.38
1194,401,71,4,21062.02,1286.19,14933.14,97895.03
1195,402,176,4,43250.55,12038.68,28973.43,189936.95
1196,402,130,1,12728.22,845.27,2138.93,14021.88
1197,403,28,4,29031.11,1577.19,20618.51,135165.76
1198,403,20,1,38320.28,1089.73,6701.5,43932.05
1199,403,130,3,12728.22,2613.51,6402.81,41973.96
1200,404,86,3,41540.1,7038.83,21164.66,138746.13
1201,404,105,3,18322.11,4102.14,9155.55,60019.74
1202,404,230,2,26170.26,2313.25,9004.91,59032.18
1203,405,131,3,41590.84,14073.44,19925.83,130624.91
1204,405,184,4,11705.83,4667.69,7588.01,49743.64
1205,405,200,1,28469.05,2244.7,4720.38,30944.73
1206,406,156,4,36965.82,11696.54,24510.01,160676.75
1207,407,60,1,24754.89,2058.83,4085.29,26781.35
1208,407,117,4,27023.51,9505.34,17745.97,116334.67
1209,407,81,4,3286.08,570.8,2263.23,14836.75
1210,408,59,2,13506.51,2516.91,4409.3,28905.41
1211,408,146,4,269.14,87.09,178.1,1167.57
1212,408,212,2,8937.81,1298.94,2983.8,19560.48
1213,408,33,3,39008.3,4796.69,20201.08,132429.29
1214,409,231,4,3326.96,24.77,2390.95,15674.02
1215,409,47,1,34112.86,1713.66,5831.86,38231.06
1216,410,19,4,37198.47,16145.81,23876.65,156524.72
1217,410,34,3,9115.19,418.23,4846.92,31774.26
1218,411,28,3,29031.11,9927.79,13889.8,91055.34
1219,411,185,4,189.21,57.29,125.92,825.47
1220,411,12,4,13880.48,1927.44,9647.01,63241.49
1221,411,19,4,37198.47,12500.72,24532.77,160825.93
1222,411,190,2,14801.53,2570.87,4865.79,31897.98
1223,412,113,3,2640.7,898.15,1264.31,8288.26
1224,412,46,1,5015.71,139.8,877.66,5753.57
1225,412,131,4,41590.84,6809.93,28719.62,188273.05
1226,413,111,3,43082.21,8920.16,21658.76,141985.23
1227,413,133,3,38037.94,1362.06,20295.32,133047.08
1228,414,156,2,36965.82,5912.46,12243.45,80262.63
1229,414,193,2,16913.96,389.6,6018.9,39457.22
1230,414,28,2,29031.11,190.56,10416.9,68288.56
1231,415,188,4,14567.29,2062.32,10117.23,66324.07
1232,415,114,1,23667.1,2034.19,3893.92,25526.83
1233,415,134,1,29515.74,1574.03,5029.51,32971.22
1234,415,33,4,39008.3,9235.71,26423.55,173221.04
1235,416,187,3,33639.08,1897.98,17823.47,116842.73
1236,416,20,3,38320.28,3808.99,20007.33,131159.18
1237,417,82,1,10944.45,1246.59,1745.61,11443.47
1238,417,49,1,43844.62,1293.84,7659.14,50209.92
1239,417,216,4,4678.54,1958.51,3016.02,19771.67
1240,417,143,2,23230.7,3754.16,7687.3,50394.54
1241,417,170,3,19374.04,3278.89,9871.78,64715.01
1242,418,133,2,38037.94,29.19,13688.4,89735.09
1243,419,162,3,38305.79,6677.61,19483.16,127722.92
1244,419,150,2,3654.09,769.89,1176.89,7715.18
1245,419,61,2,33657.04,7068.29,10844.24,71090.03
1246,419,164,4,15908.19,3743.3,10780.1,70669.56
1247,420,108,2,46203.27,7345.41,15311.0,100372.13
1248,420,115,1,7640.14,161.54,1346.15,8824.75
1249,420,84,3,10857.56,2582.15,5398.3,35388.83
1250,421,8,3,28733.56,5249.49,14571.21,95522.4
1251,421,75,4,8532.47,249.02,6098.55,39979.41
1252,422,234,4,10605.83,3707.05,6968.93,45685.2
1253,422,14,3,3800.37,870.5,1895.51,12426.12
1254,422,69,1,3290.31,121.81,570.33,3738.83
1255,423,155,1,37465.45,4272.31,5974.77,39167.91
1256,423,139,1,4824.95,464.59,784.86,5145.22
1257,424,138,4,5484.92,2263.45,3541.72,23217.95
1258,424,51,2,628.75,43.79,218.47,1432.18
1259,424,41,2,23389.54,5111.95,7500.08,49167.21
1260,425,102,3,34567.4,3751.53,17991.12,117941.79
1261,425,203,2,32452.38,4918.92,10797.45,70783.29
1262,425,125,2,28195.42,228.57,10109.21,66271.48
1263,425,11,1,36727.76,3583.14,5966.03,39110.65
1264,425,41,4,23389.54,7356.77,15516.25,101717.64
1265,426,6,2,9654.29,221.41,3435.69,22522.86
1266,426,4,4,35689.14,3328.24,25097.1,164525.42
1267,426,191,3,30208.27,8534.37,14776.28,96866.72
1268,426,213,4,20525.1,5047.75,13869.48,90922.13
1269,427,75,4,8532.47,2297.61,5729.81,37562.08
1270,427,110,4,6566.95,896.54,4566.83,29938.09
1271,427,24,2,4300.49,394.69,1477.13,9683.42
1272,427,57,4,20483.4,7153.37,13460.44,88240.67
1273,428,145,3,17725.61,917.44,9406.69,61666.08
1274,428,28,1,29031.11,332.31,5165.78,33864.58
1275,428,165,2,37776.85,1882.94,13260.74,86931.5
1276,428,80,4,9554.15,2721.37,6389.14,41884.37
1277,429,190,2,14801.53,129.7,5305.2,34778.56
1278,429,87,4,21959.44,9185.31,14157.44,92809.89
1279,429,214,3,25781.44,6407.8,12768.57,83705.09
1280,430,182,1,26624.12,2943.23,4262.56,27943.45
1281,430,124,4,10290.63,3453.97,6787.54,44496.09
1282,430,132,4,15074.48,920.98,10687.85,70064.79
1283,430,143,1,23230.7,451.86,4100.19,26879.03
1284,431,125,4,28195.42,5405.48,19327.72,126703.92
1285,431,36,3,10167.03,430.37,5412.73,35483.45
1286,431,192,3,13341.13,3457.75,6581.82,43147.46
1287,431,224,3,31527.62,5930.12,15957.49,104610.23
1288,431,141,3,29486.44,5984.91,14845.39,97319.8
1289,432,54,2,4901.82,193.22,1729.88,11340.3
1290,432,240,4,39567.79,186.53,28455.23,186539.86
1291,432,85,4,8728.6,750.91,6149.43,40312.92
1292,432,238,4,19991.97,643.4,14278.41,93602.89
1293,433,85,4,8728.6,2490.6,5836.28,38260.08
1294,433,25,1,27064.69,1138.19,4666.77,30593.27
1295,433,16,2,37019.42,3064.83,12775.32,83749.33
1296,433,160,1,7458.41,830.46,1193.03,7820.98
1297,434,165,2,37776.85,933.63,13431.61,88051.68
1298,434,169,2,10455.18,702.55,3637.41,23845.22
1299,434,52,3,30086.26,6105.03,15147.67,99301.42
1300,434,20,2,38320.28,7328.84,12476.11,81787.83
1301,434,152,4,37157.0,5888.53,25693.1,168432.57
1302,435,56,2,36444.51,1253.69,12894.36,84529.69
1303,435,24,4,4300.49,1805.41,2771.38,18167.93
1304,436,129,2,3101.06,416.89,1041.34,6826.57
1305,436,195,4,42664.46,15849.05,27865.58,182674.37
1306,436,31,4,44553.38,7591.72,30711.92,201333.72
1307,437,183,4,17183.22,4622.86,11539.8,75649.82
1308,437,37,4,36875.04,12303.28,24335.44,159532.32
1309,437,216,3,4678.54,1154.35,2318.63,15199.9
1310,438,187,2,33639.08,3087.72,11554.28,75744.72
1311,438,109,2,25465.9,5703.5,8141.09,53369.39
1312,438,55,1,21783.95,511.93,3828.96,25100.98
1313,439,129,3,3101.06,37.43,1667.84,10933.59
1314,439,236,3,18050.29,4169.67,8996.62,58977.82
1315,439,4,4,35689.14,752.34,25560.76,167564.98
1316,440,126,1,14629.39,67.05,2621.22,17183.56
1317,440,45,1,3684.98,271.03,614.51,4028.46
1318,440,122,2,24991.82,4232.45,8235.21,53986.4
1319,440,192,2,13341.13,2788.55,4300.87,28194.58
1320,441,25,3,27064.69,9581.58,12890.25,84502.74
1321,441,220,2,21280.0,3345.75,7058.56,46272.81
1322,441,140,1,12249.39,488.99,2116.87,13877.27
1323,442,215,1,34726.43,804.01,6106.04,40028.46
1324,442,171,2,32844.1,5746.07,10789.58,70731.71
1325,442,172,1,1060.63,21.97,186.96,1225.62
1326,442,16,1,37019.42,1223.98,6443.18,42238.62
1327,443,120,1,26697.64,1813.91,4479.07,29362.8
1328,443,146,4,269.14,11.39,191.73,1256.9
1329,443,215,1,34726.43,760.51,6113.87,40079.79
1330,444,118,2,9547.03,705.22,3309.99,21698.83
1331,444,21,2,27939.78,5011.78,9156.2,60023.98
1332,444,225,2,36716.34,2735.99,12725.4,83422.09
1333,445,70,2,30937.09,1315.04,10900.65,71459.79
1334,445,227,3,19776.73,1846.5,10347.06,67830.75
1335,446,10,4,31794.64,2376.27,22464.41,147266.7
1336,446,214,2,25781.44,6148.91,8174.51,53588.48
1337,447,120,1,26697.64,2953.57,4273.93,28018.0
1338,447,67,2,41997.34,4789.81,14256.88,93461.75
1339,448,162,3,38305.79,11988.12,18527.26,121456.51
1340,449,79,2,15130.34,2730.89,4955.36,32485.15
1341,449,42,4,27736.92,10773.75,18031.31,118205.24
1342,449,120,4,26697.64,7606.58,17853.12,117037.1
1343,450,174,2,40361.15,7392.61,13199.34,86529.03
1344,450,103,1,20030.13,1011.89,3423.28,22441.52
1345,450,77,3,19293.34,6625.98,9225.73,60479.77
1346,450,11,4,36727.76,10455.53,24561.99,161017.5
1347,451,202,3,22486.45,6418.33,10987.38,72028.4
1348,451,14,2,3800.37,731.03,1236.55,8106.26
1349,451,24,4,4300.49,817.42,2949.22,19333.76
1350,452,112,2,24992.69,924.56,8830.95,57891.77
1351,452,24,3,4300.49,7.66,2320.89,15214.7
1352,453,213,1,20525.1,954.6,3522.69,23093.19
1353,453,119,3,36904.39,10137.49,18103.62,118679.3
1354,453,181,2,30664.66,2942.95,10509.55,68895.92
1355,453,63,3,120.39,38.92,58.0,380.25
1356,454,7,2,1179.48,104.49,405.8,2660.27
1357,454,57,3,20483.4,3697.75,10395.44,68147.89
1358,454,227,1,19776.73,1449.0,3298.99,21626.72
1359,454,156,4,36965.82,16228.04,23694.34,155329.58
1360,454,46,2,5015.71,166.22,1775.74,11640.94
1361,455,39,4,39677.48,663.28,28448.4,186495.04
1362,455,73,4,17456.78,1504.23,12298.12,80621.01
1363,455,80,4,9554.15,3129.2,6315.73,41403.13
1364,455,100,1,46774.34,2609.57,7949.66,52114.43
1365,456,99,4,21866.86,4434.15,14945.99,97979.28
1366,456,176,1,43250.55,1572.35,7502.08,49180.28
1367,456,117,3,27023.51,7219.15,13293.25,87144.63
1368,456,3,1,33432.15,2421.7,5581.88,36592.33
1369,456,125,4,28195.42,6794.8,19077.64,125064.52
1370,457,223,1,39924.82,1615.11,6895.75,45205.46
1371,457,173,3,15522.12,1104.25,8183.18,53645.29
1372,457,21,4,27939.78,5832.32,19066.82,124993.62
1373,457,39,4,39677.48,5365.3,27602.03,180946.65
1374,458,109,3,25465.9,7030.12,12486.16,81853.74
1375,458,87,1,21959.44,1430.21,3695.26,24224.49
1376,458,173,2,15522.12,1092.41,5391.33,35343.16
1377,459,137,4,31709.73,3784.27,22149.84,145204.49
1378,460,63,4,120.39,2.35,86.26,565.47
1379,460,236,3,18050.29,2422.46,9311.11,61039.52
1380,460,212,2,8937.81,1307.11,2982.33,19550.84
1381,460,232,1,11511.84,527.58,1977.17,12961.43
1382,460,214,1,25781.44,1044.99,4452.56,29189.01
1383,461,215,4,34726.43,16087.95,22107.2,144924.97
1384,462,56,3,36444.51,9798.95,17916.22,117450.8
1385,462,195,2,42664.46,2834.84,14848.93,97343.01
1386,462,240,1,39567.79,2870.83,6605.45,43302.41
1387,462,112,2,24992.69,4068.06,8265.12,54182.44
1388,463,154,1,14680.42,389.89,2572.3,16862.83
1389,463,203,1,32452.38,2761.08,5344.43,35035.73
1390,463,163,2,1240.08,18.97,443.01,2904.2
1391,463,82,3,10944.45,2868.97,5393.59,35357.97
1392,464,4,4,35689.14,2600.09,25228.16,165384.63
1393,464,88,4,33071.07,3343.68,23209.31,152149.91
1394,464,82,2,10944.45,1767.71,3621.81,23743.0
1395,464,89,3,4268.91,619.24,2193.75,14381.24
1396,464,211,1,18681.33,1415.41,3107.87,20373.79
1397,465,8,2,28733.56,4304.97,9569.19,62731.34
1398,465,40,4,11047.42,2202.73,7557.65,49544.6
1399,465,160,1,7458.41,672.5,1221.46,8007.37
1400,465,150,3,3654.09,731.98,1841.45,12071.74
1401,466,56,3,36444.51,2343.53,19258.2,126248.2
1402,466,55,2,21783.95,4009.33,7120.54,46679.11
1403,466,29,4,7930.98,2094.05,5333.38,34963.25
1404,466,147,3,26528.08,7174.81,13033.7,85443.13
1405,467,129,4,3101.06,335.06,2172.45,14241.63
1406,467,138,4,5484.92,1302.78,3714.64,24351.54
1407,467,137,4,31709.73,4357.43,22046.67,144528.16
1408,468,196,2,40456.71,6635.08,13370.1,87648.44
1409,468,119,1,36904.39,1697.69,6337.21,41543.91
1410,468,168,4,41017.08,19181.18,26079.69,170966.83
1411,469,147,2,26528.08,1059.8,9359.34,61355.7
1412,469,188,4,14567.29,4785.27,9627.1,63110.99
1413,469,105,3,18322.11,149.86,9866.96,64683.43
1414,469,6,4,9654.29,2558.27,6490.6,42549.49
1415,469,84,2,10857.56,2215.75,3509.89,23009.26
1416,470,17,2,25819.56,3579.22,8650.78,56710.68
1417,470,229,4,33676.3,3961.09,23533.94,154278.05
1418,470,8,4,28733.56,13650.23,18231.12,119515.13
1419,471,2,1,11408.11,933.67,1885.4,12359.84
1420,472,31,1,44553.38,2344.51,7597.6,49806.47
1421,472,184,1,11705.83,411.53,2032.97,13327.27
1422,472,199,4,19178.46,7625.12,12435.97,81524.69
1423,472,156,1,36965.82,1611.89,6363.71,41717.64
1424,472,166,4,33767.83,6946.8,23062.41,151186.93
1425,473,37,4,36875.04,3718.51,25880.7,169662.35
1426,473,234,1,10605.83,420.02,1833.45,12019.26
1427,473,63,1,120.39,6.62,20.48,134.25
1428,474,180,1,4766.01,435.42,779.51,5110.1
1429,474,67,2,41997.34,5259.2,14172.39,92907.87
1430,474,146,1,269.14,7.14,47.16,309.16
1431,474,71,3,21062.02,4272.94,10604.36,69517.48
1432,475,191,2,30208.27,1062.31,10683.76,70037.99
1433,475,207,3,27779.78,8592.1,13454.5,88201.74
1434,476,185,4,189.21,43.32,128.43,841.95
1435,476,131,2,41590.84,9706.34,13225.56,86700.9
1436,476,191,2,30208.27,4256.72,10108.77,66268.59
1437,477,230,1,26170.26,1075.18,4517.11,29612.19
1438,477,98,3,20903.98,1553.47,11008.52,72166.99
1439,477,4,2,35689.14,2383.88,12418.99,81413.39
1440,477,172,1,1060.63,82.73,176.02,1153.92
1441,478,103,1,20030.13,2288.31,3193.53,20935.35
1442,479,64,2,1034.97,171.32,341.75,2240.37
1443,479,63,2,120.39,6.6,42.15,276.33
1444,479,66,4,12279.53,1045.81,8653.02,56725.33
1445,479,205,3,26777.33,5320.96,13501.99,88513.02
1446,479,190,1,14801.53,1319.9,2426.69,15908.32
1447,480,195,1,42664.46,1632.47,7385.76,48417.75
1448,480,149,1,16854.36,397.28,2962.27,19419.35
1449,480,123,1,9421.34,499.59,1605.91,10527.66
1450,480,119,4,36904.39,3496.7,25941.75,170062.61
1451,480,26,2,15276.03,2193.49,5104.54,33463.11
1452,481,207,1,27779.78,839.22,4849.3,31789.86
1453,481,163,4,1240.08,357.95,828.43,5430.8
1454,481,158,4,36880.83,11172.74,24543.1,160893.68
1455,481,194,3,5562.52,1015.86,2820.91,18492.61
1456,481,117,3,27023.51,9256.01,12926.61,84741.13
1457,482,125,3,28195.42,9067.99,13593.29,89111.56
1458,482,2,4,11408.11,2714.88,7725.16,50642.72
1459,483,211,2,18681.33,955.96,6553.21,42959.91
1460,483,47,3,34112.86,3930.0,17713.54,116122.12
1461,483,50,4,45675.94,2256.4,32480.52,212927.88
1462,483,200,3,28469.05,9506.34,13662.15,89562.96
1463,483,28,2,29031.11,3978.48,9735.07,63818.81
1464,484,84,4,10857.56,3405.75,7204.41,47228.9
1465,484,133,4,38037.94,14236.93,24824.67,162739.5
1466,485,213,4,20525.1,3034.6,14231.84,93297.64
1467,485,191,4,30208.27,11059.06,19759.32,129533.34
1468,485,81,1,3286.08,300.57,537.39,3522.9
1469,486,54,3,4901.82,520.21,2553.34,16738.59
1470,486,170,3,19374.04,165.15,10432.25,68389.22
1471,487,220,2,21280.0,819.29,7513.33,49254.04
1472,487,71,4,21062.02,9518.29,13451.36,88181.15
1473,487,28,4,29031.11,13266.69,18514.4,121372.15
1474,487,20,1,38320.28,3592.42,6251.01,40978.87
1475,488,71,4,21062.02,9337.44,13483.92,88394.56
1476,488,138,1,5484.92,310.56,931.38,6105.74
1477,488,95,1,8312.81,323.75,1438.03,9427.09
1478,489,23,3,3383.79,678.12,1705.18,11178.43
1479,489,113,3,2640.7,655.54,1307.98,8574.54
1480,489,63,2,120.39,22.31,39.32,257.79
1481,489,84,1,10857.56,1134.47,1750.16,11473.25
1482,489,147,3,26528.08,9141.37,12679.72,83122.59
1483,490,86,3,41540.1,3818.73,21744.28,142545.85
1484,490,51,1,628.75,10.58,111.27,729.44
1485,490,174,4,40361.15,8278.83,27569.84,180735.61
1486,491,112,3,24992.69,7109.16,12216.4,80085.31
1487,491,9,4,9902.75,1343.51,6888.15,45155.64
1488,491,130,3,12728.22,2906.8,6350.01,41627.87
1489,491,224,1,31527.62,2138.73,5290.0,34678.89
1490,491,205,1,26777.33,1708.7,4512.35,29580.98
1491,492,120,2,26697.64,4167.67,8860.97,58088.58
1492,492,116,1,3361.81,73.29,591.93,3880.45
1493,492,228,3,11203.89,1831.35,5720.46,37500.78
1494,493,5,4,16705.9,1206.79,11811.03,77427.84
1495,493,3,2,33432.15,4688.87,11191.58,73367.01
1496,493,58,3,43014.0,8243.68,21743.7,142542.02
1497,493,83,2,34264.79,6331.54,11195.65,73393.69
1498,494,26,1,15276.03,1428.85,2492.49,16339.67
1499,494,7,3,1179.48,405.36,563.95,3697.03
1500,495,60,2,24754.89,4588.64,8085.81,53006.95
1501,495,240,1,39567.79,651.98,7004.85,45920.66
1502,495,236,4,18050.29,1066.64,12804.21,83938.73
1503,496,53,4,12091.35,3425.53,8089.18,53029.05
1504,496,198,1,112.51,1.25,20.03,131.29
1505,497,192,2,13341.13,673.44,4681.59,30690.41
1506,497,82,1,10944.45,1050.39,1780.93,11674.99
1507,497,107,3,19641.45,3379.75,9998.03,65542.63
1508,498,91,3,33075.34,11260.94,15833.71,103798.79
1509,499,225,3,36716.34,599.69,19718.88,129268.21
1510,499,121,2,18719.38,796.81,6595.55,43237.5
1511,499,5,1,16705.9,256.5,2960.89,19410.29
1512,499,71,2,21062.02,708.8,7454.74,48869.98
1513,500,107,2,19641.45,4413.63,6276.47,41145.74
1514,500,211,2,18681.33,3326.62,6126.49,40162.53
1515,500,41,2,23389.54,2049.31,8051.36,52781.13
1516,500,108,1,46203.27,4360.98,7531.61,49373.9
1517,500,45,1,3684.98,220.02,623.69,4088.65
1518,501,9,4,9902.75,221.03,7090.19,46480.16
1519,501,189,4,28066.42,10272.34,18358.8,120352.14
1520,501,224,2,31527.62,1196.83,11134.51,72992.92
1521,501,37,1,36875.04,1542.85,6359.79,41691.98
1522,502,220,1,21280.0,795.27,3687.25,24171.98
1523,502,155,4,37465.45,16176.96,24063.27,157748.11
1524,503,123,4,9421.34,3385.89,6173.9,40473.37
1525,504,191,1,30208.27,2600.09,4969.47,32577.65
1526,505,172,3,1060.63,290.15,520.51,3412.25
1527,505,152,2,37157.0,2924.5,12850.11,84239.61
1528,505,134,3,29515.74,7025.71,14673.87,96195.38
1529,505,133,1,38037.94,3413.99,6232.31,40856.26
1530,506,42,3,27736.92,116.95,14956.89,98050.7
1531,506,102,4,34567.4,8028.12,23443.47,153684.95
1532,507,191,3,30208.27,7128.12,15029.4,98526.09
1533,508,172,3,1060.63,291.44,520.28,3410.73
1534,509,31,3,44553.38,2025.74,23694.19,155328.59
1535,510,50,1,45675.94,1088.97,8025.65,52612.62
1536,510,37,3,36875.04,6977.01,18656.66,122304.77
1537,510,216,2,4678.54,632.03,1570.51,10295.56
1538,510,175,1,27514.3,2642.23,4476.97,29349.04
1539,510,57,3,20483.4,3977.97,10345.0,67817.23
1540,511,58,2,43014.0,5583.1,14480.08,94924.98
1541,511,216,4,4678.54,1927.47,3021.6,19808.29
1542,511,239,3,26635.98,469.02,14299.01,93737.93
1543,511,193,4,16913.96,2407.17,11744.76,76993.43
1544,511,184,4,11705.83,5021.77,7524.28,49325.83
1545,512,54,1,4901.82,34.84,876.06,5743.04
1546,512,237,4,17135.78,1154.02,12130.04,79519.14
1547,512,188,4,14567.29,5750.76,9453.31,61971.71
1548,513,19,2,37198.47,7969.15,11957.0,78384.79
1549,513,58,1,43014.0,3747.27,7068.01,46334.74
1550,513,71,2,21062.02,1040.45,7395.05,48478.64
1551,514,27,2,12821.1,2032.16,4249.81,27859.85
1552,514,198,3,112.51,33.3,54.76,358.99
1553,514,161,4,41588.13,3067.74,29391.26,192676.04
1554,514,154,3,14680.42,4625.58,7094.82,46510.5
1555,514,121,1,18719.38,856.98,3215.23,21077.63
1556,515,195,1,42664.46,453.47,7597.98,49808.97
1557,515,75,3,8532.47,741.18,4474.12,29330.35
1558,515,58,4,43014.0,17275.3,27860.53,182641.23
1559,515,134,4,29515.74,5974.09,20176.0,132264.87
1560,516,92,1,39462.15,3376.83,6495.36,42580.68
1561,516,22,4,9607.6,1119.45,6715.97,44026.92
1562,516,4,4,35689.14,3792.55,25013.52,163977.53
1563,517,155,1,37465.45,2654.1,6266.04,41077.39
1564,518,108,1,46203.27,1925.59,7969.98,52247.66
1565,518,209,4,10731.59,4389.99,6936.55,45472.92
1566,518,101,1,46156.61,5207.56,7370.83,48319.88
1567,518,184,4,11705.83,3759.36,7751.51,50815.47
1568,518,191,1,30208.27,783.14,5296.52,34721.65
1569,519,92,3,39462.15,5006.02,20408.48,133788.91
1570,519,210,2,33886.56,2249.79,11794.2,77317.53
1571,519,175,1,27514.3,1071.45,4759.71,31202.56
1572,520,193,2,16913.96,3429.01,5471.8,35870.71
1573,520,90,1,18461.71,739.42,3190.01,20912.3
1574,520,200,2,28469.05,2162.74,9859.56,64634.92
1575,520,209,3,10731.59,391.35,5724.62,37528.04
1576,521,220,3,21280.0,2581.7,11026.49,72284.79
1577,521,182,4,26624.12,11447.69,17108.78,112157.57
1578,521,125,2,28195.42,6491.54,8981.87,58881.17
1579,522,76,4,44895.56,13327.97,29925.77,196180.04
1580,522,194,1,5562.52,132.58,977.39,6407.33
1581,522,144,1,33892.0,2894.37,5579.57,36577.2
1582,522,138,4,5484.92,2243.66,3545.28,23241.3
1583,522,46,2,5015.71,861.76,1650.54,10820.2
1584,523,83,2,34264.79,3639.22,11680.26,76570.62
1585,524,225,4,36716.34,11418.4,24380.45,159827.41
1586,524,58,2,43014.0,1500.78,15214.9,99742.12
1587,525,146,4,269.14,81.03,179.2,1174.73
1588,525,50,4,45675.94,16373.02,29939.53,196270.27
1589,525,106,3,12366.02,3576.67,6033.85,39555.24
1590,525,48,3,2802.25,435.11,1434.9,9406.54
1591,525,218,3,20584.33,6669.71,9914.99,64998.27
1592,526,204,2,3813.54,88.43,1356.96,8895.61
1593,526,138,4,5484.92,1409.48,3695.44,24225.64
1594,527,118,4,9547.03,2278.15,6463.79,42373.76
1595,528,123,2,9421.34,144.21,3365.72,22064.19
1596,528,223,3,39924.82,940.17,21390.17,140224.46
1597,528,181,3,30664.66,6289.67,15426.78,101131.09
1598,529,170,3,19374.04,3755.12,9786.06,64153.06
1599,529,116,3,3361.81,400.03,1743.37,11428.77
1600,530,151,1,39931.59,2941.44,6658.23,43648.38
1601,530,31,4,44553.38,15619.64,29266.9,191860.78
1602,530,199,2,19178.46,1145.18,6698.11,43909.85
1603,531,23,4,3383.79,1307.36,2201.0,14428.8
1604,531,25,4,27064.69,9047.16,17858.09,117069.69
1605,531,104,2,15989.17,3251.3,5170.87,33897.91
1606,532,67,2,41997.34,2284.39,14707.85,96418.14
1607,532,103,1,20030.13,816.56,3458.44,22672.01
1608,533,44,1,43728.99,5056.47,6961.05,45633.57
1609,534,45,2,3684.98,562.9,1225.27,8032.33
1610,535,181,2,30664.66,3733.7,10367.21,67962.83
1611,535,217,4,8518.31,124.06,6110.85,40060.03
1612,535,226,1,41253.01,4630.04,6592.13,43215.1
1613,535,198,1,112.51,10.9,18.29,119.9
1614,536,128,2,48190.05,6979.89,16092.04,105492.25
1615,537,201,1,18244.99,740.77,3150.76,20654.98
1616,537,115,3,7640.14,388.86,4055.68,26587.24
1617,537,30,4,7051.18,637.45,4962.11,32529.38
1618,537,172,4,1060.63,21.17,759.84,4981.19
1619,538,234,4,10605.83,3853.34,6942.6,45512.58
1620,538,135,2,25713.49,1743.75,8942.98,58626.21
1621,538,145,2,17725.61,1905.45,6038.24,39584.01
1622,539,83,4,34264.79,10027.19,22865.75,149897.72
1623,540,192,3,13341.13,3550.51,6565.12,43038.0
1624,540,231,1,3326.96,18.85,595.46,3903.57
1625,540,147,3,26528.08,3675.85,13663.51,89571.9
1626,540,139,3,4824.95,1674.78,2304.01,15104.08
1627,540,45,1,3684.98,364.26,597.73,3918.45
1628,541,234,2,10605.83,251.11,3772.9,24733.45
1629,542,164,4,15908.19,1573.23,11170.72,73230.25
1630,542,157,1,10083.83,1118.47,1613.76,10579.12
1631,542,4,1,35689.14,3873.25,5726.86,37542.75
1632,542,12,3,13880.48,4919.03,6610.03,43332.44
1633,542,237,4,17135.78,6798.7,11114.0,72858.42
1634,543,226,3,41253.01,3042.63,21728.95,142445.35
1635,543,237,3,17135.78,2524.33,8798.94,57681.95
1636,543,109,1,25465.9,1270.91,4355.1,28550.09
1637,544,11,2,36727.76,5843.8,12170.11,79781.83
1638,544,179,2,40060.15,678.05,14299.6,93741.85
1639,544,197,1,13368.44,184.93,2373.03,15556.54
1640,544,115,4,7640.14,243.87,5457.0,35773.69
1641,545,67,2,41997.34,9577.5,13395.09,87812.27
1642,545,28,4,29031.11,2797.97,20398.76,133725.23
1643,545,195,1,42664.46,2400.94,7247.43,47510.95
1644,545,31,1,44553.38,595.63,7912.39,51870.14
1645,545,102,1,34567.4,3455.75,5600.1,36711.75
1646,546,170,2,19374.04,3573.58,6331.41,41505.91
1647,547,52,4,30086.26,5488.23,20674.23,135531.04
1648,547,231,3,3326.96,605.55,1687.56,11062.89
1649,547,165,2,37776.85,1667.89,13299.45,87185.26
1650,547,15,2,37893.41,3054.71,13091.78,85823.89
1651,548,143,3,23230.7,474.29,12459.21,81677.02
1652,548,42,1,27736.92,1364.4,4747.05,31119.57
1653,548,37,1,36875.04,2737.25,6144.8,40282.59
1654,549,98,1,20903.98,1411.55,3508.64,23001.07
1655,550,240,3,39567.79,9766.11,19608.71,128545.97
1656,550,147,4,26528.08,5725.88,18069.56,118456.0
1657,550,166,2,33767.83,5534.26,11160.25,73161.65
1658,550,99,3,21866.86,2717.02,11319.04,74202.6
1659,551,58,2,43014.0,9941.81,13695.51,89781.7
1660,551,37,4,36875.04,17684.81,23366.76,153182.11
1661,551,74,2,24770.89,2188.23,8523.64,55877.19
1662,552,216,3,4678.54,350.5,2463.32,16148.44
1663,552,161,4,41588.13,8406.94,28430.2,186375.78
1664,553,35,2,13199.49,687.3,4628.1,30339.78
1665,553,186,2,24680.72,3366.77,8279.04,54273.71
1666,553,136,3,34274.09,11109.18,16508.36,108221.45
1667,553,53,4,12091.35,2175.38,8314.2,54504.22
1668,554,106,2,12366.02,1957.74,4099.37,26873.67
1669,554,14,4,3800.37,328.93,2677.06,17549.61
1670,554,52,4,30086.26,344.22,21600.15,141600.97
1671,554,56,2,36444.51,3375.96,12512.35,82025.41
1672,554,87,2,21959.44,1440.47,7646.11,50124.52
1673,555,223,2,39924.82,7307.39,13057.6,85599.85
1674,555,190,4,14801.53,2246.62,10252.71,67212.21
1675,556,85,1,8728.6,328.15,1512.08,9912.53
1676,557,150,4,3654.09,833.29,2480.95,16264.02
1677,557,232,2,11511.84,800.51,4000.17,26223.34
1678,557,213,1,20525.1,1976.16,3338.81,21887.75
1679,558,142,2,26420.51,6189.53,8397.27,55048.76
1680,558,161,2,41588.13,9074.71,13338.28,87439.83
1681,558,121,1,18719.38,1697.49,3063.94,20085.83
1682,558,180,2,4766.01,1006.85,1534.53,10059.7
1683,558,72,4,12573.73,2289.64,8640.95,56646.23
1684,559,126,3,14629.39,4664.1,7060.33,46284.4
1685,560,235,2,28131.22,6492.07,8958.67,58729.04
1686,560,39,3,39677.48,4175.89,20674.18,135530.73
1687,560,29,1,7930.98,337.59,1366.81,8960.2
1688,560,240,4,39567.79,303.04,28434.26,186402.38
1689,561,126,3,14629.39,4770.56,7041.17,46158.78
1690,562,192,4,13341.13,4222.7,8845.53,57987.35
1691,562,195,3,42664.46,8467.13,21514.72,141040.97
1692,562,169,2,10455.18,2188.16,3370.0,22092.2
1693,563,98,3,20903.98,5244.14,10344.2,67812.0
1694,563,100,3,46774.34,6176.36,24146.4,158293.06
1695,563,10,4,31794.64,6214.38,21773.55,142737.73
1696,563,178,3,39619.34,1887.56,21054.68,138025.14
1697,564,236,3,18050.29,5597.98,8739.52,57292.41
1698,564,172,1,1060.63,2.93,190.39,1248.09
1699,564,22,2,9607.6,1859.02,3124.11,20480.29
1700,564,207,1,27779.78,809.93,4854.57,31824.42
1701,565,189,3,28066.42,8792.02,13573.3,88980.54
1702,566,15,2,37893.41,1814.53,13315.01,87287.3
1703,567,13,1,40458.84,1878.43,6944.47,45524.88
1704,567,184,2,11705.83,1337.4,3973.37,26047.63
1705,568,114,2,23667.1,2883.13,8001.19,52452.26
1706,569,49,2,43844.62,8929.74,14176.71,92936.21
1707,570,56,3,36444.51,9649.03,17943.21,117627.71
1708,570,110,1,6566.95,516.04,1089.16,7140.07
1709,570,65,3,41109.17,4165.25,21449.21,140611.47
1710,571,21,4,27939.78,160.92,20087.68,131685.88
1711,571,173,1,15522.12,593.07,2687.23,17616.28
1712,571,196,3,40456.71,10167.07,20016.55,131219.61
1713,571,231,1,3326.96,227.25,557.95,3657.66
1714,572,81,2,3286.08,463.12,1099.63,7208.67
1715,572,140,1,12249.39,1015.52,2022.1,13255.97
1716,572,191,4,30208.27,6741.69,20536.45,134627.84
1717,572,49,4,43844.62,6826.46,30339.36,198891.38
1718,573,108,3,46203.27,6344.85,23807.69,156072.65
1719,573,7,2,1179.48,113.07,404.26,2650.15
1720,573,224,1,31527.62,1643.4,5379.16,35263.38
1721,573,36,2,10167.03,368.55,3593.79,23559.3
1722,574,6,4,9654.29,733.65,6819.03,44702.54
1723,574,128,3,48190.05,3950.92,25311.46,165930.69
1724,575,18,3,16802.96,4270.79,8304.86,54442.95
1725,576,79,2,15130.34,1229.48,5225.62,34256.82
1726,577,207,2,27779.78,2463.96,9557.21,62652.81
1727,577,177,4,37809.52,1145.63,27016.64,177109.09
1728,577,222,4,28533.87,5067.73,19632.19,128699.94
1729,578,148,2,32803.6,7100.19,10531.26,69038.27
1730,578,204,3,3813.54,1073.03,1866.17,12233.76
1731,578,85,2,8728.6,1483.38,2875.29,18849.11
1732,579,99,2,21866.86,3272.72,7282.98,47743.98
1733,580,203,3,32452.38,8317.11,16027.21,105067.24
1734,580,198,3,112.51,34.34,54.57,357.76
1735,581,201,3,18244.99,3183.59,9279.25,60830.63
1736,581,70,3,30937.09,6735.55,15493.63,101569.35
1737,582,135,3,25713.49,2297.8,13471.68,88314.35
1738,582,205,4,26777.33,5436.76,18301.06,119973.62
1739,583,21,2,27939.78,2995.27,9519.17,62403.46
1740,583,95,4,8312.81,2215.59,5586.42,36622.07
1741,583,120,4,26697.64,9719.58,17472.78,114543.76
1742,583,199,1,19178.46,2156.2,3064.01,20086.27
1743,584,5,3,16705.9,3323.26,8423.0,55217.44
1744,584,32,3,25348.23,1293.55,13455.21,88206.35
1745,584,14,4,3800.37,1003.53,2555.63,16753.58
1746,585,145,1,17725.61,1878.76,2852.43,18699.28
1747,585,194,1,5562.52,482.46,914.41,5994.47
1748,585,146,2,269.14,32.08,91.12,597.32
1749,586,92,4,39462.15,6507.9,27241.33,178582.03
1750,586,87,1,21959.44,1297.69,3719.11,24380.86
1751,586,21,1,27939.78,1759.13,4712.52,30893.17
1752,587,196,3,40456.71,3311.89,21250.48,139308.72
1753,588,40,2,11047.42,1327.24,3738.17,24505.77
1754,588,223,3,39924.82,5569.88,20556.82,134761.4
1755,589,141,1,29486.44,738.94,5174.55,33922.05
1756,589,18,4,16802.96,57.69,12087.75,79241.9
1757,589,11,1,36727.76,2563.23,6149.62,40314.15
1758,589,52,3,30086.26,5514.62,15253.95,99998.11
1759,590,69,4,3290.31,252.48,2323.58,15232.34
1760,590,143,2,23230.7,4204.78,7606.19,49862.81
1761,590,96,3,17662.28,2126.8,9154.81,60014.85
1762,591,198,1,112.51,5.23,19.31,126.59
1763,591,104,1,15989.17,1425.24,2621.51,17185.44
1764,591,53,2,12091.35,580.8,4248.34,27850.24
1765,591,48,3,2802.25,840.27,1361.97,8928.45
1766,591,29,2,7930.98,1687.68,2551.37,16725.65
1767,592,80,1,9554.15,248.13,1675.08,10981.1
1768,593,193,3,16913.96,4840.79,8262.2,54163.29
1769,593,43,2,16510.19,307.78,5888.27,38600.87
1770,593,236,1,18050.29,1915.67,2904.23,19038.85
1771,593,126,1,14629.39,1087.16,2437.6,15979.83
1772,593,123,1,9421.34,1070.4,1503.17,9854.11
1773,594,109,3,25465.9,697.66,13626.01,89326.05
1774,594,190,4,14801.53,4643.84,9821.21,64383.49
1775,595,31,1,44553.38,4706.39,7172.46,47019.45
1776,595,236,4,18050.29,1512.6,12723.94,83412.5
1777,596,17,2,25819.56,403.76,9222.36,60457.72
1778,596,188,4,14567.29,209.06,10450.82,68510.92
1779,596,178,4,39619.34,8224.74,27045.47,177298.09
1780,596,40,4,11047.42,2186.99,7560.48,49563.17
1781,597,185,3,189.21,1.66,101.87,667.84
1782,597,123,3,9421.34,3266.83,4499.49,29496.68
1783,597,52,2,30086.26,1695.55,10525.85,69002.82
1784,598,184,1,11705.83,402.47,2034.6,13337.96
1785,598,218,1,20584.33,1477.25,3439.27,22546.35
1786,599,38,4,28086.65,2345.29,19800.24,129801.55
1787,599,83,4,34264.79,6120.13,23569.03,154508.06
1788,599,189,3,28066.42,7752.87,13760.35,90206.74
1789,599,164,2,15908.19,3108.69,5167.38,33875.07
1790,599,89,4,4268.91,1384.58,2824.39,18515.45
1791,600,166,2,33767.83,7210.71,10858.49,71183.44
1792,600,120,3,26697.64,4866.63,13540.73,88767.02
1793,600,116,2,3361.81,483.13,1123.29,7363.78
1794,601,211,4,18681.33,7897.48,12029.01,78856.85
1795,602,240,2,39567.79,7024.5,12979.99,85091.07
1796,602,141,3,29486.44,5192.7,14987.99,98254.61
1797,602,171,3,32844.1,8653.36,16178.21,106057.15
1798,603,58,4,43014.0,3214.72,30391.43,199232.71
1799,604,62,3,34302.26,10190.64,16688.91,109405.05
1800,604,194,1,5562.52,635.16,886.92,5814.28
1801,604,104,2,15989.17,90.2,5739.87,37628.01
1802,605,92,3,39462.15,4875.2,20432.03,133943.28
1803,605,170,3,19374.04,1453.86,10200.29,66868.55
1804,605,104,4,15989.17,4752.68,10656.72,69860.72
1805,605,3,4,33432.15,10193.64,22236.29,145771.25
1806,606,221,1,32207.06,1633.68,5503.21,36076.59
1807,606,205,3,26777.33,9149.39,12812.87,83995.47
1808,606,99,4,21866.86,10439.82,13864.97,90892.59
1809,606,193,4,16913.96,313.96,12121.54,79463.42
1810,607,117,4,27023.51,9716.17,17708.02,116085.89
1811,608,106,1,12366.02,1388.27,1975.99,12953.74
1812,608,25,4,27064.69,897.68,19324.99,126686.07
1813,608,3,2,33432.15,3716.42,11366.62,74514.5
1814,608,176,4,43250.55,16635.36,28146.03,184512.87
1815,608,33,1,39008.3,1185.25,6808.15,44631.2
1816,609,85,1,8728.6,208.57,1533.61,10053.64
1817,609,110,4,6566.95,785.02,4586.9,30069.68
1818,609,29,4,7930.98,2953.14,5178.74,33949.52
1819,609,176,2,43250.55,8018.26,14126.91,92609.75
1820,609,40,1,11047.42,400.73,1916.4,12563.09
1821,610,145,4,17725.61,174.74,12730.99,83458.69
1822,610,7,3,1179.48,269.56,588.4,3857.28
1823,610,113,1,2640.7,132.66,451.45,2959.49
1824,610,128,1,48190.05,1612.84,8383.9,54961.11
1825,610,94,4,35740.44,1148.36,25526.41,167339.81
1826,611,23,2,3383.79,539.76,1121.01,7348.83
1827,611,147,4,26528.08,8402.34,17587.8,115297.78
1828,612,60,2,24754.89,875.65,8754.14,57388.27
1829,613,150,3,3654.09,1158.12,1764.75,11568.9
1830,613,136,2,34274.09,2628.38,11865.56,77785.36
1831,613,3,2,33432.15,6905.1,10792.66,70751.86
1832,614,142,1,26420.51,463.24,4672.31,30629.58
1833,614,163,2,1240.08,255.31,400.47,2625.32
1834,614,161,2,41588.13,8595.62,13424.52,88005.16
1835,614,139,1,4824.95,276.58,818.71,5367.08
1836,615,58,4,43014.0,1232.05,30748.31,201572.26
1837,615,212,4,8937.81,184.09,6402.09,41969.24
1838,615,68,3,3827.59,1075.66,1873.28,12280.39
1839,616,228,2,11203.89,648.95,3916.59,25675.42
1840,616,105,3,18322.11,3279.07,9303.71,60990.97
1841,616,166,1,33767.83,1753.53,5762.57,37776.87
1842,616,224,1,31527.62,1578.84,5390.78,35339.56
1843,616,194,1,5562.52,470.24,916.61,6008.89
1844,617,78,3,5073.66,1679.17,2437.53,15979.34
1845,617,215,4,34726.43,8525.03,23468.52,153849.21
1846,617,138,4,5484.92,1994.1,3590.2,23535.78
1847,618,158,3,36880.83,11614.16,17825.1,116853.43
1848,618,162,2,38305.79,2878.01,13272.04,87005.61
1849,618,17,3,25819.56,8432.63,12424.69,81450.74
1850,618,65,2,41109.17,3438.5,14180.37,92960.21
1851,618,69,3,3290.31,227.24,1735.86,11379.55
1852,619,228,3,11203.89,766.21,5912.18,38757.64
1853,619,202,3,22486.45,5768.75,11104.31,72794.91
1854,619,36,3,10167.03,748.37,5355.49,35108.21
1855,619,206,4,37695.53,10526.08,25246.09,165502.13
1856,619,198,2,112.51,3.16,39.93,261.79
1857,620,96,3,17662.28,5929.13,8470.39,55528.1
1858,620,63,4,120.39,31.06,81.09,531.59
1859,620,101,2,46156.61,2821.75,16108.46,105599.93
1860,620,124,1,10290.63,311.85,1796.18,11774.96
1861,621,150,4,3654.09,349.37,2568.06,16835.05
1862,621,211,1,18681.33,2200.46,2966.56,19447.43
1863,621,71,4,21062.02,6018.06,14081.4,92311.42
1864,621,131,4,41590.84,8727.53,28374.45,186010.28
1865,621,146,3,269.14,11.57,143.25,939.1
1866,622,138,4,5484.92,539.43,3852.05,25252.3
1867,622,69,1,3290.31,3.89,591.56,3877.98
1868,622,33,3,39008.3,13717.7,18595.3,121902.5
1869,622,201,3,18244.99,1866.6,9516.31,62384.68
1870,622,25,2,27064.69,1497.14,9473.8,62106.04
1871,623,150,4,3654.09,356.3,2566.81,16826.87
1872,623,82,1,10944.45,1253.54,1744.36,11435.27
1873,623,196,1,40456.71,2773.26,6783.02,44466.47
1874,623,57,3,20483.4,5969.64,9986.5,65467.06
1875,623,44,1,43728.99,502.1,7780.84,51007.73
1876,624,1,2,25243.55,4066.2,8355.76,54776.66
1877,625,114,4,23667.1,9662.84,15301.0,100306.56
1878,625,39,4,39677.48,438.55,28488.85,186760.22
1879,625,190,3,14801.53,1093.04,7796.08,51107.63
1880,625,228,4,11203.89,2348.25,7644.12,50111.43
1881,626,156,1,36965.82,2665.77,6174.01,40474.06
1882,626,53,4,12091.35,977.26,8529.87,55918.01
1883,626,96,4,17662.28,1756.03,12400.76,81293.85
1884,626,37,3,36875.04,4689.6,19068.39,125003.91
1885,627,63,1,120.39,5.62,20.66,135.43
1886,627,166,3,33767.83,4370.48,17447.94,114380.95
1887,627,179,1,40060.15,2360.14,6786.0,44486.01
1888,627,17,4,25819.56,11267.92,16561.86,108572.18
1889,627,116,1,3361.81,176.44,573.37,3758.74
1890,628,166,2,33767.83,6855.43,10922.44,71602.67
1891,628,133,4,38037.94,6656.43,26189.16,171684.49
1892,628,154,2,14680.42,317.0,5227.89,34271.73
1893,628,136,2,34274.09,759.87,12201.9,79990.21
1894,628,208,1,7922.32,238.04,1383.17,9067.45
1895,629,59,3,13506.51,810.21,7147.68,46857.0
1896,629,105,1,18322.11,509.68,3206.24,21018.67
1897,630,61,2,33657.04,4867.89,11240.31,73686.5
1898,630,5,1,16705.9,135.08,2982.75,19553.57
1899,631,137,2,31709.73,1869.45,11079.0,72629.01
1900,631,239,1,26635.98,1040.33,4607.22,30202.87
1901,632,40,3,11047.42,2282.3,5554.79,36414.75
1902,632,217,3,8518.31,1418.01,4344.65,28481.57
1903,632,34,4,9115.19,766.31,6425.0,42119.45
1904,632,62,1,34302.26,2936.67,5645.81,37011.4
1905,633,174,4,40361.15,17218.89,25960.63,170186.34
1906,633,194,4,5562.52,2568.83,3542.62,23223.87
1907,633,102,3,34567.4,9785.98,16904.92,110821.14
1908,633,141,4,29486.44,10638.21,19315.36,126622.91
1909,634,95,4,8312.81,1526.52,5710.45,37435.17
1910,634,216,3,4678.54,629.28,2413.14,15819.48
1911,634,77,3,19293.34,3384.05,9809.27,64305.24
1912,634,30,1,7051.18,182.4,1236.38,8105.16
1913,634,155,2,37465.45,4045.73,12759.33,83644.5
1914,635,232,3,11511.84,2017.33,5853.27,38371.46
1915,635,113,4,2640.7,903.61,1738.65,11397.84
1916,636,76,3,44895.56,858.54,24089.07,157917.21
1917,637,142,4,26420.51,859.27,18868.1,123690.87
1918,637,123,3,9421.34,656.22,4969.4,32577.2
1919,637,11,2,36727.76,97.46,13204.45,86562.51
1920,637,240,1,39567.79,692.94,6997.47,45872.32
1921,637,223,3,39924.82,860.75,21404.47,140318.18
1922,638,84,1,10857.56,1151.16,1747.15,11453.55
1923,638,73,4,17456.78,3631.64,11915.19,78110.67
1924,638,95,1,8312.81,664.68,1376.66,9024.79
1925,638,14,1,3800.37,455.43,602.09,3947.03
1926,638,206,2,37695.53,8440.31,12051.14,79001.89
1927,639,71,1,21062.02,765.59,3653.36,23949.79
1928,639,101,2,46156.61,2154.52,16228.57,106387.27
1929,639,57,2,20483.4,2052.87,7004.51,45918.44
1930,639,11,2,36727.76,3763.08,12544.64,82237.08
1931,640,202,2,22486.45,4991.03,7196.74,47178.61
1932,640,17,4,25819.56,1415.78,18335.24,120197.7
1933,640,57,4,20483.4,7980.56,13311.55,87264.59
1934,640,120,3,26697.64,5928.14,13349.66,87514.44
1935,641,162,2,38305.79,6138.9,12685.08,83157.76
1936,641,171,3,32844.1,9532.28,16020.0,105020.02
1937,641,84,2,10857.56,589.43,3802.62,24928.31
1938,642,206,1,37695.53,3727.65,6114.22,40082.1
1939,642,221,2,32207.06,6527.64,10419.57,68306.05
1940,642,66,2,12279.53,2595.64,3953.42,25916.84
1941,643,77,2,19293.34,2885.01,6426.3,42127.97
1942,643,21,1,27939.78,2598.29,4561.47,29902.96
1943,643,63,1,120.39,6.29,20.54,134.64
1944,644,125,4,28195.42,12557.14,18040.42,118264.96
1945,644,226,4,41253.01,11651.63,27604.87,180965.28
1946,645,97,1,11972.84,215.58,2116.31,13873.57
1947,645,219,4,11772.86,2783.94,7975.35,52282.85
1948,645,22,1,9607.6,1077.25,1535.46,10065.81
1949,645,26,2,15276.03,3636.32,4844.83,31760.57
1950,645,204,1,3813.54,215.64,647.62,4245.52
1951,646,229,3,33676.3,1212.0,17967.04,117783.94
1952,646,80,1,9554.15,1132.95,1515.82,9937.02
1953,647,75,3,8532.47,425.79,4530.89,29702.51
1954,647,158,4,36880.83,10730.87,24622.64,161415.09
1955,647,215,3,34726.43,1967.66,18398.09,120609.72
1956,647,135,1,25713.49,1531.75,4352.71,28534.45
1957,647,19,2,37198.47,6151.42,12284.19,80529.71
1958,648,76,4,44895.56,9007.19,30703.51,201278.56
1959,648,168,2,41017.08,7818.75,13358.77,87574.18
1960,648,181,3,30664.66,7354.98,15235.02,99874.02
1961,649,38,1,28086.65,3364.42,4450.0,29172.23
1962,650,105,3,18322.11,6183.29,8780.95,57563.99
1963,650,32,2,25348.23,5448.39,8144.65,53392.72
1964,650,239,1,26635.98,1164.13,4584.93,30056.78
1965,650,165,4,37776.85,3472.24,26574.33,174209.49
1966,651,201,4,18244.99,1163.91,12926.89,84742.94
1967,651,182,3,26624.12,7143.28,13091.23,85820.31
1968,651,221,4,32207.06,10178.54,21356.95,140006.65
1969,651,83,2,34264.79,61.17,12324.31,80792.72
1970,652,62,4,34302.26,15758.12,21861.17,143312.09
1971,652,132,2,15074.48,2607.71,4957.43,32498.68
1972,653,27,4,12821.1,4748.33,8376.49,54912.56
1973,654,71,2,21062.02,2198.56,7186.59,47112.07
1974,654,136,1,34274.09,1871.17,5832.53,38235.45
1975,654,101,3,46156.61,8952.78,23313.07,152830.12
1976,654,228,4,11203.89,239.39,8023.71,52599.88
1977,654,152,3,37157.0,239.64,20021.64,131253.0
1978,655,214,4,25781.44,3275.69,17973.01,117823.08
1979,655,152,1,37157.0,3641.7,6032.75,39548.05
1980,655,58,3,43014.0,6113.69,22127.1,145055.41
1981,656,20,3,38320.28,7384.04,19363.82,126940.62
1982,657,149,3,16854.36,4730.73,8249.82,54082.17
1983,657,55,2,21783.95,4839.33,6971.14,45699.71
1984,657,137,4,31709.73,8535.06,21294.69,139598.55
1985,657,170,3,19374.04,1236.16,10239.47,67125.43
1986,658,26,2,15276.03,3413.58,4884.93,32023.41
1987,659,93,3,17083.66,1903.41,8882.56,58230.13
1988,659,25,1,27064.69,247.56,4827.08,31644.21
1989,660,87,4,21959.44,5383.89,14841.7,97295.57
1990,660,32,4,25348.23,8127.64,16787.75,110053.03
1991,660,129,3,3101.06,876.91,1516.73,9943.0
1992,660,197,3,13368.44,3797.17,6535.47,42843.62
1993,661,17,2,25819.56,903.56,9132.4,59867.96
1994,662,199,2,19178.46,2858.7,6389.68,41887.9
1995,662,208,4,7922.32,2941.26,5174.64,33922.66
1996,662,104,1,15989.17,1872.91,2540.93,16657.19
1997,662,55,2,21783.95,4362.95,7056.89,46261.84
1998,662,43,4,16510.19,4417.79,11092.13,72715.1
1999,663,1,3,25243.55,155.59,13603.51,89178.57
2000,663,147,3,26528.08,6195.32,13210.01,86598.93
2001,664,197,4,13368.44,3552.27,8985.87,58907.36
2002,664,30,3,7051.18,303.98,3752.92,24602.48
2003,664,152,1,37157.0,3505.3,6057.31,39709.01
2004,664,35,3,13199.49,1169.13,6917.28,45346.62
2005,664,122,4,24991.82,3520.26,17360.46,113807.48
2006,665,218,3,20584.33,556.6,11015.35,72211.74
2007,665,106,3,12366.02,3288.2,6085.77,39895.63
2008,665,20,4,38320.28,418.13,27515.34,180378.33
2009,666,155,1,37465.45,427.81,6666.78,43704.42
2010,666,154,3,14680.42,4058.84,7196.84,47179.26
2011,666,219,3,11772.86,3765.28,5679.59,37232.89
2012,666,26,2,15276.03,2113.27,5118.98,33557.77
2013,666,93,1,17083.66,474.62,2989.63,19598.67
2014,667,230,4,26170.26,9450.21,17141.55,112372.38
2015,668,151,1,39931.59,511.9,7095.54,46515.23
2016,669,144,3,33892.0,2054.42,17931.88,117553.46
2017,669,230,1,26170.26,1981.11,4354.05,28543.2
2018,669,204,1,3813.54,215.23,647.7,4246.01
2019,669,64,2,1034.97,42.07,365.02,2392.89
2020,669,21,2,27939.78,6636.12,8863.82,58107.26
2021,670,157,4,10083.83,931.61,7092.67,46496.38
2022,670,171,3,32844.1,4070.58,17003.11,111464.83
2023,671,181,4,30664.66,3753.34,21402.95,140308.25
2024,672,48,2,2802.25,89.08,992.78,6508.2
2025,672,209,1,10731.59,297.29,1878.17,12312.47
2026,672,165,2,37776.85,6753.41,12384.05,81184.34
2027,672,149,1,16854.36,1383.54,2784.75,18255.57
2028,672,31,2,44553.38,10320.91,14181.45,92967.3
2029,673,28,2,29031.11,1024.13,10266.86,67304.95
2030,673,88,1,33071.07,3447.86,5332.18,34955.39
2031,673,53,3,12091.35,4253.86,5763.63,37783.82
2032,673,115,4,7640.14,2418.64,5065.55,33207.47
2033,674,126,4,14629.39,343.62,10471.31,68645.25
2034,674,71,1,21062.02,1095.12,3594.04,23560.94
2035,675,37,2,36875.04,3771.45,12596.15,82574.78
2036,675,73,1,17456.78,991.34,2963.78,19429.22
2037,675,72,1,12573.73,884.92,2103.99,13792.8
2038,676,123,4,9421.34,4091.76,6046.85,39640.45
2039,676,57,1,20483.4,1919.72,3341.46,21905.14
2040,677,66,3,12279.53,3299.57,6037.02,39576.04
2041,677,177,1,37809.52,285.69,6754.29,44278.12
2042,677,26,1,15276.03,442.2,2670.09,17503.92
2043,677,70,3,30937.09,2807.71,16200.64,106204.2
2044,677,221,2,32207.06,5857.07,10540.27,69097.32
2045,678,108,2,46203.27,2077.73,16259.19,106588.0
2046,678,146,3,269.14,69.85,132.76,870.33
2047,678,88,4,33071.07,3987.06,23093.5,151390.72
2048,678,1,3,25243.55,5327.13,12672.63,83076.15
2049,678,124,4,10290.63,3308.66,6813.69,44667.55
2050,679,220,3,21280.0,2733.99,10999.08,72105.09
2051,680,27,2,12821.1,711.74,4487.48,29417.94
2052,681,57,2,20483.4,1074.0,7180.7,47073.5
2053,681,189,1,28066.42,123.32,5029.76,32972.86
2054,682,157,1,10083.83,974.6,1639.66,10748.89
2055,682,31,2,44553.38,472.31,15954.2,104588.65
2056,683,26,2,15276.03,3390.59,4889.06,32050.53
2057,683,23,3,3383.79,0.11,1827.23,11978.49
2058,683,129,3,3101.06,1043.43,1486.75,9746.5
2059,684,60,1,24754.89,2175.78,4064.24,26643.35
2060,684,189,2,28066.42,5572.49,9100.86,59661.21
2061,685,186,2,24680.72,2171.76,8494.14,55683.82
2062,686,2,2,11408.11,1873.96,3769.61,24711.87
2063,686,44,4,43728.99,2277.92,31074.85,203712.89
2064,686,96,2,17662.28,897.75,6196.83,40623.64
2065,686,9,2,9902.75,986.44,3387.43,22206.49
2066,687,137,4,31709.73,2620.01,22359.4,146578.31
2067,687,170,4,19374.04,2596.2,13481.99,88381.95
2068,687,146,3,269.14,58.74,134.76,883.44
2069,687,56,1,36444.51,858.35,6405.51,41991.67
2070,687,115,3,7640.14,1032.87,3939.76,25827.31
2071,688,59,1,13506.51,907.74,2267.78,14866.55
2072,689,131,1,41590.84,1205.28,7269.4,47654.96
2073,690,212,1,8937.81,458.75,1526.23,10005.29
2074,690,46,2,5015.71,168.18,1775.38,11638.62
2075,691,21,2,27939.78,4568.75,9235.95,60546.76
2076,691,189,3,28066.42,302.71,15101.38,98997.93
2077,691,195,1,42664.46,3993.64,6960.75,45631.57
2078,691,83,1,34264.79,3547.99,5529.02,36245.82
2079,691,118,1,9547.03,95.81,1701.22,11152.44
2080,692,166,1,33767.83,2914.4,5553.62,36407.05
2081,692,96,3,17662.28,1989.19,9179.58,60177.23
2082,692,15,1,37893.41,3613.62,6170.36,40450.15
2083,692,202,3,22486.45,6091.82,11046.16,72413.69
2084,692,162,3,38305.79,2196.41,20289.77,133010.73
2085,693,39,2,39677.48,7850.02,12870.89,84375.83
2086,694,12,1,13880.48,4.66,2497.65,16373.47
2087,695,136,4,34274.09,9262.25,23010.14,150844.25
2088,695,39,2,39677.48,3932.57,13576.03,88998.42
2089,695,104,3,15989.17,2945.3,8104.0,53126.21
2090,696,97,1,11972.84,897.99,1993.47,13068.32
2091,696,187,1,33639.08,1641.85,5759.5,37756.73
2092,696,11,2,36727.76,3615.63,12571.18,82411.07
2093,696,142,4,26420.51,7838.54,17611.83,115455.33
2094,696,183,1,17183.22,1592.61,2806.31,18396.92
2095,697,65,1,41109.17,1290.54,7167.35,46985.98
2096,697,214,3,25781.44,8930.04,12314.57,80728.85
2097,697,136,2,34274.09,4503.43,11528.05,75572.8
2098,697,32,4,25348.23,6064.68,17159.08,112487.32
2099,698,37,4,36875.04,10957.63,24577.66,161120.19
2100,699,226,2,41253.01,3646.01,14194.8,93054.81
2101,699,108,4,46203.27,4743.21,32412.58,212482.45
2102,700,41,3,23389.54,7294.23,11317.39,74191.78
2103,700,91,1,33075.34,740.58,5820.26,38155.02
2104,700,193,2,16913.96,2927.3,5562.11,36462.73
2105,700,96,3,17662.28,2161.42,9148.58,59974.0
2106,701,221,1,32207.06,2983.8,5260.19,34483.45
2107,701,75,1,8532.47,377.17,1467.95,9623.25
2108,701,132,2,15074.48,3004.34,4886.03,32030.65
2109,702,176,3,43250.55,3718.43,22685.98,148719.2
2110,702,164,2,15908.19,797.71,5583.36,36602.03
2111,702,15,3,37893.41,2650.96,19985.27,131014.54
2112,703,24,1,4300.49,367.08,708.01,4641.42
2113,704,162,2,38305.79,4528.49,12974.96,85058.05
2114,705,236,4,18050.29,6570.87,11813.45,77443.74
2115,706,229,1,33676.3,4030.1,5336.32,34982.52
2116,706,3,1,33432.15,2351.31,5594.55,36675.39
2117,706,234,3,10605.83,2972.9,5192.03,34036.62
2118,706,48,1,2802.25,184.86,471.13,3088.52
2119,706,54,1,4901.82,143.75,856.45,5614.52
2120,707,235,2,28131.22,2644.97,9651.14,63268.61
2121,707,1,3,25243.55,1217.08,13412.44,87926.01
2122,707,226,1,41253.01,377.47,7357.6,48233.14
2123,707,159,1,18286.08,1774.15,2972.15,19484.08
2124,708,88,2,33071.07,6004.55,10824.77,70962.36
2125,708,215,4,34726.43,3245.49,24418.84,160079.07
2126,708,7,2,1179.48,266.54,376.64,2469.06
2127,708,151,2,39931.59,704.41,14248.58,93407.35
2128,709,34,4,9115.19,4115.7,5822.11,38167.17
2129,709,134,1,29515.74,2938.29,4783.94,31361.39
2130,709,138,1,5484.92,512.08,895.11,5867.95
2131,710,30,2,7051.18,721.79,2408.5,15789.07
2132,711,23,4,3383.79,250.12,2391.31,15676.35
2133,711,210,4,33886.56,1182.17,24185.53,158549.6
2134,711,224,2,31527.62,756.25,11213.82,73512.81
2135,711,196,2,40456.71,7453.04,13222.87,86683.25
2136,711,7,3,1179.48,381.09,568.32,3725.67
2137,712,109,2,25465.9,3796.53,8484.35,55619.62
2138,712,196,3,40456.71,4229.52,21085.31,138225.92
2139,712,144,1,33892.0,471.08,6015.77,39436.69
2140,712,165,3,37776.85,12190.2,18205.26,119345.61
2141,713,189,1,28066.42,713.88,4923.46,32276.0
2142,713,229,3,33676.3,7449.97,16844.21,110423.14
2143,713,136,1,34274.09,219.63,6129.8,40184.26
2144,713,35,3,13199.49,2145.61,6741.51,44194.37
2145,713,105,1,18322.11,1331.68,3058.28,20048.71
2146,714,240,4,39567.79,18838.59,25097.86,164530.43
2147,714,5,2,16705.9,1615.21,5723.39,37519.98
2148,715,165,4,37776.85,1625.7,26906.71,176388.41
2149,715,155,3,37465.45,1958.14,19878.88,130317.09
2150,715,195,3,42664.46,8897.27,21437.3,140533.41
2151,715,154,2,14680.42,517.69,5191.77,34034.92
2152,715,191,1,30208.27,1067.22,5245.39,34386.44
2153,716,215,2,34726.43,2453.89,12059.81,79058.78
2154,716,200,2,28469.05,5303.91,9294.15,60928.34
2155,717,118,4,9547.03,4455.83,6071.81,39804.1
2156,718,84,3,10857.56,2541.41,5405.63,35436.9
2157,718,172,2,1060.63,167.31,351.71,2305.66
2158,719,37,4,36875.04,6041.72,25462.52,166920.96
2159,720,24,4,4300.49,1182.63,2883.48,18902.81
2160,720,201,3,18244.99,2672.76,9371.2,61433.41
2161,720,141,1,29486.44,3267.55,4719.4,30938.29
2162,721,207,3,27779.78,5715.48,13972.29,91596.15
2163,721,136,1,34274.09,1036.16,5982.83,39220.76
2164,722,70,1,30937.09,3090.73,5012.34,32858.7
2165,722,161,2,41588.13,4775.16,14112.2,92513.3
2166,722,231,2,3326.96,0.78,1197.57,7850.71
2167,722,11,4,36727.76,10584.51,24538.78,160865.31
2168,722,219,4,11772.86,353.78,8412.78,55150.44
2169,723,86,1,41540.1,1870.26,7140.57,46810.41
2170,723,211,1,18681.33,1372.11,3115.66,20424.88
2171,723,219,3,11772.86,339.5,6296.23,41275.31
2172,723,7,1,1179.48,121.42,190.45,1248.51
2173,723,13,3,40458.84,791.23,21705.35,142290.64
2174,724,161,3,41588.13,3301.43,21863.33,143326.29
2175,724,37,3,36875.04,3585.87,19267.06,126306.31
2176,724,13,4,40458.84,8557.52,27590.01,180867.85
2177,724,187,3,33639.08,4731.86,17313.37,113498.75
2178,725,36,1,10167.03,909.99,1666.27,10923.31
2179,725,89,4,4268.91,1485.56,2806.21,18396.29
2180,725,5,4,16705.9,7400.01,10696.25,70119.84
2181,725,143,1,23230.7,2737.46,3688.78,24182.02
2182,725,205,1,26777.33,2471.38,4375.07,28681.02
2183,726,60,3,24754.89,3189.33,12793.56,83868.9
2184,726,23,2,3383.79,164.55,1188.55,7791.58
2185,726,240,4,39567.79,2064.74,28117.16,184323.58
2186,726,34,1,9115.19,507.81,1549.33,10156.71
2187,727,57,4,20483.4,2339.76,14326.89,93920.73
2188,728,49,2,43844.62,4708.8,14936.48,97916.92
2189,729,37,4,36875.04,5204.1,25613.29,167909.35
2190,730,213,4,20525.1,5262.78,13830.77,90668.39
2191,730,27,2,12821.1,2784.87,4114.32,26971.65
2192,730,102,4,34567.4,11071.68,22895.63,150093.55
2193,731,138,2,5484.92,343.7,1912.71,12538.85
2194,731,212,4,8937.81,736.27,6302.69,41317.66
2195,731,47,3,34112.86,9020.71,16797.22,110115.09
2196,731,27,4,12821.1,4827.26,8362.29,54819.43
2197,731,161,4,41588.13,4668.47,29103.13,190787.18
2198,732,175,2,27514.3,3779.97,9224.75,60473.38
2199,732,82,4,10944.45,5041.98,6972.45,45708.27
2200,732,105,1,18322.11,1083.55,3102.94,20341.5
2201,732,8,4,28733.56,5555.2,19688.23,129067.27
2202,732,87,1,21959.44,1195.23,3737.56,24501.77
2203,733,221,1,32207.06,1411.0,5543.29,36339.35
2204,733,203,1,32452.38,1464.71,5577.78,36565.45
2205,734,174,1,40361.15,3764.66,6587.37,43183.86
2206,734,224,4,31527.62,14180.75,20147.35,132077.08
2207,734,169,3,10455.18,1524.12,5371.46,35212.88
2208,734,94,2,35740.44,6283.08,11735.6,76933.4
2209,735,11,3,36727.76,3110.07,19273.18,126346.39
2210,735,143,3,23230.7,6551.19,11365.36,74506.27
2211,735,152,1,37157.0,4249.66,5923.32,38830.66
2212,735,137,2,31709.73,6789.76,10193.35,66823.05
2213,735,198,1,112.51,11.49,18.18,119.2
2214,736,130,2,12728.22,910.74,4418.23,28963.93
2215,736,75,3,8532.47,2599.07,4139.7,27138.04
2216,736,166,1,33767.83,2622.83,5606.1,36751.1
2217,737,24,2,4300.49,923.95,1381.87,9058.9
2218,737,92,4,39462.15,8477.97,26886.71,176257.34
2219,737,237,4,17135.78,1612.04,12047.59,78978.67
2220,737,46,2,5015.71,31.56,1799.97,11799.83
2221,738,157,2,10083.83,2074.1,3256.84,21350.4
2222,738,137,4,31709.73,7698.7,21445.24,140585.46
2223,738,127,2,3238.17,650.52,1048.65,6874.47
2224,738,99,2,21866.86,1679.99,7569.67,49623.4
2225,739,175,2,27514.3,2434.56,9466.93,62060.97
2226,739,161,3,41588.13,13220.34,20077.93,131621.98
2227,740,146,1,269.14,5.42,47.47,311.19
2228,740,10,2,31794.64,5939.59,10376.94,68026.63
2229,740,8,3,28733.56,8818.14,13928.86,91311.4
2230,740,173,3,15522.12,1403.73,8129.27,53291.9
2231,741,76,2,44895.56,7364.94,14836.71,97262.89
2232,741,48,3,2802.25,796.49,1369.85,8980.11
2233,741,164,2,15908.19,3307.47,5131.6,33640.51
2234,741,64,2,1034.97,135.67,348.17,2282.44
2235,741,163,1,1240.08,50.62,214.1,1403.56
2236,742,46,2,5015.71,1166.01,1595.77,10461.18
2237,742,234,2,10605.83,1027.45,3633.16,23817.37
2238,742,88,2,33071.07,6892.02,10665.02,69915.14
2239,742,100,2,46774.34,3854.11,16145.02,105839.59
2240,743,166,4,33767.83,8411.19,22798.82,149458.95
2241,744,58,3,43014.0,9726.58,21476.78,140792.2
2242,744,2,1,11408.11,1201.62,1837.17,12043.66
2243,744,50,1,45675.94,5077.26,7307.76,47906.44
2244,745,149,1,16854.36,173.96,3002.47,19682.87
2245,745,61,3,33657.04,2546.72,17716.39,116140.79
2246,745,69,3,3290.31,104.48,1757.96,11524.41
2247,746,159,4,18286.08,4176.74,12414.16,81381.74
2248,746,227,1,19776.73,565.18,3458.08,22669.63
2249,746,55,4,21783.95,4677.38,14842.52,97300.94
2250,747,10,3,31794.64,2029.67,16803.76,110158.01
2251,748,194,1,5562.52,181.35,968.61,6349.78
2252,748,123,2,9421.34,531.39,3296.03,21607.32
2253,749,107,4,19641.45,7469.68,12797.3,83893.42
2254,749,15,4,37893.41,9802.24,25518.85,167290.25
2255,749,84,3,10857.56,1167.34,5652.96,37058.3
2256,749,222,2,28533.87,946.54,10101.82,66223.02
2257,750,202,3,22486.45,1439.11,11883.64,77903.88
2258,750,183,2,17183.22,1255.92,5959.89,39070.41
2259,750,216,1,4678.54,543.25,744.35,4879.64
2260,751,206,3,37695.53,8673.72,18794.32,123207.19
2261,751,79,2,15130.34,264.17,5399.37,35395.88
2262,752,124,2,10290.63,1564.38,3423.04,22439.92
2263,752,9,4,9902.75,2640.69,6654.66,43624.97
2264,752,134,2,29515.74,4831.1,9756.07,63956.45
2265,753,37,2,36875.04,3744.19,12601.06,82606.95
2266,753,128,4,48190.05,16639.7,31701.69,207822.19
2267,753,218,3,20584.33,4765.94,10257.67,67244.72
2268,753,177,2,37809.52,6777.58,12391.46,81232.92
2269,754,182,1,26624.12,2354.78,4368.48,28637.82
2270,754,140,2,12249.39,2458.71,3967.21,26007.28
2271,755,227,1,19776.73,1233.1,3337.85,21881.48
2272,756,104,4,15989.17,1357.99,11267.76,73866.45
2273,756,133,2,38037.94,8214.84,12214.99,80076.03
2274,756,181,4,30664.66,6833.48,20848.53,136673.69
2275,756,23,3,3383.79,909.76,1663.49,10905.1
2276,757,159,4,18286.08,3356.56,12561.8,82349.56
2277,757,24,2,4300.49,752.99,1412.64,9260.63
2278,758,176,2,43250.55,9609.87,13840.42,90731.65
2279,758,56,2,36444.51,8367.87,11613.81,76134.96
2280,758,51,1,628.75,24.58,108.75,712.92
2281,758,114,2,23667.1,881.5,8361.49,54814.19
2282,759,169,1,10455.18,803.41,1737.32,11389.09
2283,759,219,2,11772.86,1562.88,3956.91,25939.75
2284,759,150,2,3654.09,207.37,1278.15,8378.96
2285,760,32,4,25348.23,8968.59,16636.38,109060.71
2286,760,126,4,14629.39,1536.9,10256.52,67237.18
2287,760,186,4,24680.72,3433.69,17152.05,112441.24
2288,760,166,1,33767.83,2313.95,5661.7,37115.58
2289,761,113,4,2640.7,88.58,1885.36,12359.58
2290,761,1,1,25243.55,1003.01,4363.3,28603.84
2291,761,48,4,2802.25,1021.92,1833.67,12020.75
2292,761,147,4,26528.08,9152.37,17452.79,114412.74
2293,761,45,2,3684.98,433.64,1248.54,8184.86
2294,762,35,3,13199.49,1887.1,6788.05,44499.42
2295,763,126,4,14629.39,3641.83,9877.63,64753.36
2296,763,156,4,36965.82,6198.07,25499.74,167164.95
2297,763,208,2,7922.32,1318.25,2614.75,17141.14
2298,763,176,3,43250.55,10390.74,21484.96,140845.87
2299,763,227,3,19776.73,1314.68,10442.79,68458.3
2300,764,237,1,17135.78,1675.21,2782.9,18243.47
2301,764,100,3,46774.34,1843.52,24926.31,163405.81
2302,765,200,3,28469.05,6805.33,14148.33,92750.15
2303,765,238,1,19991.97,726.41,3467.8,22733.36
2304,766,22,4,9607.6,428.56,6840.33,44842.17
2305,766,54,1,4901.82,85.4,866.96,5683.38
2306,766,176,1,43250.55,3286.82,7193.47,47157.2
2307,766,152,2,37157.0,1030.52,13191.03,86474.51
2308,767,30,1,7051.18,323.72,1210.94,7938.4
2309,768,195,2,42664.46,379.1,15290.97,100240.79
2310,768,113,2,2640.7,273.44,901.43,5909.39
2311,768,239,3,26635.98,1998.36,14023.72,91933.3
2312,768,64,1,1034.97,82.01,171.53,1124.49
2313,768,51,4,628.75,196.36,417.36,2736.0
2314,769,73,1,17456.78,1654.56,2844.4,18646.62
2315,770,153,4,6055.61,374.4,4292.65,28140.69
2316,770,74,2,24770.89,4165.23,8167.78,53544.33
2317,771,184,3,11705.83,540.26,6223.9,40801.13
2318,771,171,4,32844.1,12982.52,21310.9,139704.78
2319,772,141,3,29486.44,4111.97,15182.52,99529.87
2320,772,84,2,10857.56,552.47,3809.28,24971.93
2321,772,139,1,4824.95,150.17,841.46,5516.24
2322,773,158,2,36880.83,4934.91,12388.81,81215.56
2323,773,42,3,27736.92,602.2,14869.54,97478.1
2324,773,123,1,9421.34,500.97,1605.67,10526.04
2325,774,136,1,34274.09,1408.21,5915.86,38781.74
2326,774,167,3,31659.13,10860.64,15141.01,99257.76
2327,774,231,2,3326.96,660.95,1078.73,7071.7
2328,775,93,4,17083.66,3022.3,11756.22,77068.56
2329,775,233,3,21896.66,4910.25,10940.35,71720.08
2330,775,232,3,11511.84,1835.13,5886.07,38586.46
2331,775,104,3,15989.17,2141.1,8248.75,54075.16
2332,775,128,4,48190.05,19511.31,31184.8,204433.69
2333,776,29,1,7930.98,528.15,1332.51,8735.34
2334,777,116,4,3361.81,445.65,2340.29,15341.88
2335,778,115,1,7640.14,796.19,1231.91,8075.86
2336,778,28,1,29031.11,3393.86,4614.7,30251.95
2337,778,38,1,28086.65,1562.03,4774.43,31299.05
2338,779,86,1,41540.1,4052.64,6747.74,44235.2
2339,779,21,3,27939.78,3632.27,14433.67,94620.74
2340,780,7,4,1179.48,102.88,830.71,5445.75
2341,780,5,3,16705.9,2687.23,8537.48,55967.95
2342,781,172,2,1060.63,154.5,354.02,2320.78
2343,781,206,2,37695.53,7441.87,12230.85,80180.04
2344,782,21,1,27939.78,1758.92,4712.55,30893.41
2345,782,91,2,33075.34,5552.51,10907.67,71505.84
2346,783,161,1,41588.13,3968.02,6771.62,44391.73
2347,783,151,1,39931.59,2141.6,6802.2,44592.19
2348,783,7,4,1179.48,377.36,781.3,5121.86
2349,784,18,3,16802.96,3473.19,8448.42,55384.11
2350,784,211,3,18681.33,1676.55,9786.14,64153.58
2351,784,184,1,11705.83,444.82,2026.98,13287.99
2352,784,145,2,17725.61,179.94,6348.83,41620.11
2353,784,194,1,5562.52,539.23,904.19,5927.48
2354,785,119,4,36904.39,12136.92,24386.52,159867.16
2355,785,152,4,37157.0,6817.05,25525.97,167336.92
2356,786,74,3,24770.89,2213.7,12977.81,85076.78
2357,786,13,2,40458.84,7401.01,13233.0,86749.67
2358,786,125,4,28195.42,2476.89,19854.86,130159.65
2359,786,123,3,9421.34,1976.89,4731.68,31018.81
2360,787,218,2,20584.33,2308.42,6994.84,45855.08
2361,787,170,4,19374.04,7623.89,12577.01,82449.28
2362,787,36,2,10167.03,257.9,3613.71,23689.87
2363,787,7,4,1179.48,31.09,843.63,5530.46
2364,788,176,4,43250.55,18701.52,27774.12,182074.8
2365,788,180,1,4766.01,47.76,849.28,5567.53
2366,788,193,4,16913.96,7814.41,10771.46,70612.89
2367,789,229,2,33676.3,1298.96,11889.66,77943.3
2368,789,67,1,41997.34,2274.36,7150.14,46873.12
2369,789,78,3,5073.66,953.34,2568.18,16835.82
2370,789,137,2,31709.73,4346.17,10633.19,69706.48
2371,790,108,4,46203.27,7101.22,31988.13,209699.99
2372,791,24,1,4300.49,482.08,687.31,4505.72
2373,791,196,4,40456.71,13095.17,26771.7,175503.37
2374,791,166,3,33767.83,9621.36,16502.78,108184.91
2375,791,172,4,1060.63,284.94,712.36,4669.94
2376,792,151,3,39931.59,3296.81,20969.63,137467.59
2377,793,231,2,3326.96,389.26,1127.64,7392.3
2378,793,142,2,26420.51,2113.47,9130.96,59858.51
2379,793,165,4,37776.85,6419.81,26043.77,170731.36
2380,793,64,4,1034.97,288.65,693.22,4544.45
2381,794,214,4,25781.44,6766.68,17344.63,113703.71
2382,794,157,3,10083.83,3396.24,4833.94,31689.19
2383,794,97,4,11972.84,147.24,8593.94,56338.06
2384,795,99,2,21866.86,838.68,7721.11,50616.15
2385,796,147,4,26528.08,6783.17,17879.25,117208.4
2386,796,203,2,32452.38,4782.81,10821.95,70943.9
2387,796,200,4,28469.05,1878.4,20159.6,132157.4
2388,796,57,3,20483.4,2914.13,10536.49,69072.56
2389,796,69,2,3290.31,782.25,1043.71,6842.08
2390,797,23,3,3383.79,89.97,1811.05,11872.45
2391,798,211,2,18681.33,3204.53,6148.46,40306.59
2392,798,224,1,31527.62,880.18,5516.54,36163.98
2393,799,83,1,34264.79,1647.21,5871.16,38488.74
2394,799,143,1,23230.7,2536.82,3724.9,24418.78
2395,799,131,3,41590.84,13571.69,20016.15,131216.98
2396,800,167,2,31659.13,5296.05,10444.0,68466.21
2397,800,9,3,9902.75,100.73,5329.35,34936.87
2398,800,224,4,31527.62,6084.55,21604.67,141630.6
2399,801,193,1,16913.96,1758.31,2728.02,17883.67
2400,801,140,4,12249.39,4899.72,7937.61,52035.45
2401,801,162,2,38305.79,890.82,13629.74,89350.5
2402,801,11,1,36727.76,1951.79,6259.67,41035.64
2403,801,139,4,4824.95,1197.29,3258.45,21360.96
2404,802,68,2,3827.59,642.01,1262.37,8275.54
2405,802,140,4,12249.39,4095.09,8082.44,52984.91
2406,802,109,4,25465.9,3809.08,17649.81,115704.33
2407,802,158,4,36880.83,10041.41,24746.74,162228.65
2408,803,158,2,36880.83,6394.09,12126.16,79493.73
2409,804,90,1,18461.71,155.93,3295.04,21600.82
2410,805,182,3,26624.12,3140.46,13811.74,90543.64
2411,805,166,1,33767.83,1535.69,5801.79,38033.93
2412,805,33,1,39008.3,230.08,6980.08,45758.3
2413,805,26,3,15276.03,4437.96,7450.22,48840.35
2414,806,202,4,22486.45,4655.67,15352.22,100642.35
2415,806,232,4,11511.84,276.3,8238.79,54009.85
2416,806,190,4,14801.53,1862.37,10321.88,67665.63
2417,807,147,4,26528.08,9964.16,17306.67,113454.83
2418,808,67,4,41997.34,15789.91,27395.9,179595.35
2419,808,205,2,26777.33,4951.18,8748.63,57352.11
2420,808,104,3,15989.17,4032.72,7908.26,51843.05
2421,809,42,2,27736.92,1012.88,9802.97,64263.93
2422,809,220,2,21280.0,4919.66,6775.26,44415.6
2423,809,48,4,2802.25,575.94,1913.95,12547.01
2424,809,31,4,44553.38,14840.54,29407.14,192780.12
2425,810,72,1,12573.73,139.27,2238.2,14672.66
2426,810,182,3,26624.12,5112.56,13456.76,88216.56
2427,811,124,2,10290.63,483.78,3617.55,23715.03
2428,811,183,1,17183.22,356.5,3028.81,19855.53
2429,811,127,3,3238.17,517.69,1655.43,10852.25
2430,811,144,1,33892.0,3786.35,5419.02,35524.67
2431,812,20,2,38320.28,491.77,13706.78,89855.57
2432,812,38,3,28086.65,2313.52,14750.36,96696.79
2433,812,187,4,33639.08,5524.62,23225.71,152257.41
2434,812,29,4,7930.98,1316.11,5473.41,35881.22
2435,813,95,2,8312.81,618.0,2881.37,18888.99
2436,813,68,1,3827.59,308.54,633.43,4152.48
2437,814,66,3,12279.53,2883.17,6111.98,40067.4
2438,814,79,3,15130.34,4029.46,7445.08,48806.64
2439,814,168,2,41017.08,8323.28,13267.96,86978.84
2440,814,95,1,8312.81,111.13,1476.3,9677.98
2441,815,175,1,27514.3,1488.25,4684.69,30710.74
2442,815,159,4,18286.08,6707.25,11958.67,78395.74
2443,815,188,2,14567.29,2323.18,4826.05,31637.45
2444,815,209,2,10731.59,1260.19,3636.54,23839.53
2445,816,168,1,41017.08,3943.53,6673.24,43746.79
2446,817,156,2,36965.82,2366.69,12881.69,84446.64
2447,817,203,2,32452.38,2578.2,11218.78,73545.34
2448,817,59,2,13506.51,2856.13,4348.24,28505.13
2449,817,84,1,10857.56,46.6,1945.97,12756.93
2450,818,232,2,11511.84,770.43,4005.59,26258.84
2451,818,18,3,16802.96,5545.72,8075.37,52938.53
2452,818,216,3,4678.54,440.7,2447.09,16042.01
2453,818,109,4,25465.9,653.81,18217.76,119427.55
2454,818,89,2,4268.91,839.56,1385.69,9083.95
2455,819,165,3,37776.85,3276.48,19809.73,129863.8
2456,820,146,2,269.14,57.15,86.6,567.73
2457,820,149,1,16854.36,619.04,2922.36,19157.68
2458,820,109,3,25465.9,4411.88,12957.45,84943.27
2459,820,151,2,39931.59,8026.35,12930.63,84767.46
2460,820,136,1,34274.09,1127.92,5966.31,39112.48
2461,821,192,3,13341.13,634.94,7089.92,46478.37
2462,821,98,2,20903.98,4172.31,6774.42,44410.07
2463,821,182,2,26624.12,3785.27,8903.33,58366.3
2464,821,65,2,41109.17,5144.86,13873.23,90946.71
2465,821,45,2,3684.98,502.35,1236.17,8103.78
2466,822,54,1,4901.82,418.63,806.97,5290.16
2467,822,45,2,3684.98,148.39,1299.88,8521.45
2468,822,133,1,38037.94,204.41,6810.04,44643.57
2469,822,222,1,28533.87,51.03,5126.91,33609.75
2470,822,132,2,15074.48,635.77,5312.37,34825.56
2471,823,233,1,21896.66,1334.62,3701.17,24263.21
2472,824,49,1,43844.62,1519.29,7618.56,49943.89
2473,824,96,2,17662.28,3805.48,5673.43,37192.51
2474,824,99,3,21866.86,7309.66,10492.37,68783.29
2475,825,165,4,37776.85,15709.51,24371.62,159769.51
2476,825,36,3,10167.03,3045.44,4942.02,32397.67
2477,825,50,1,45675.94,191.12,8187.27,53672.09
2478,825,81,2,3286.08,578.35,1078.89,7072.7
2479,825,80,1,9554.15,524.0,1625.43,10655.58
2480,826,113,1,2640.7,286.13,423.82,2778.39
2481,826,214,1,25781.44,1348.61,4397.91,28830.74
2482,826,20,4,38320.28,7763.66,26193.14,171710.6
2483,826,85,1,8728.6,77.33,1557.23,10208.5
2484,827,73,4,17456.78,4538.66,11751.92,77040.38
2485,827,1,1,25243.55,1208.13,4326.38,28361.8
2486,828,198,2,112.51,11.61,38.41,251.82
2487,828,144,2,33892.0,2393.06,11770.37,77161.31
2488,828,195,2,42664.46,3869.71,14662.66,96121.87
2489,829,111,1,43082.21,2442.65,7315.12,47954.68
2490,829,143,4,23230.7,8715.3,15157.35,99364.85
2491,829,134,1,29515.74,1289.55,5080.71,33306.9
2492,829,230,3,26170.26,7563.89,12770.44,83717.33
2493,829,163,4,1240.08,107.51,873.51,5726.32
2494,830,6,2,9654.29,1000.06,3295.53,21604.05
2495,830,23,3,3383.79,553.72,1727.58,11325.23
2496,831,95,4,8312.81,1441.27,5725.79,37535.76
2497,831,240,3,39567.79,13838.66,18875.65,123740.36
2498,831,36,1,10167.03,561.92,1728.92,11334.03
2499,831,19,4,37198.47,5192.09,25848.32,169450.11
2500,831,201,1,18244.99,1469.01,3019.68,19795.66
2501,832,38,4,28086.65,12672.23,17941.39,117615.76
2502,832,72,4,12573.73,1607.05,8763.82,57451.69
2503,832,24,2,4300.49,145.44,1522.0,9977.54
2504,832,156,4,36965.82,5931.11,25547.79,167479.96
2505,832,183,1,17183.22,926.41,2926.23,19183.04
2506,833,89,1,4268.91,163.39,738.99,4844.51
2507,833,175,2,27514.3,19.06,9901.72,64911.26
2508,833,76,2,44895.56,1361.18,15917.39,104347.33
2509,833,96,3,17662.28,3159.79,8968.87,58795.92
2510,833,125,1,28195.42,2403.29,4642.58,30434.71
2511,834,14,2,3800.37,754.55,1232.31,8078.5
2512,834,118,3,9547.03,2913.21,4631.02,30358.9
2513,834,44,4,43728.99,20819.47,27737.37,181833.86
2514,835,47,4,34112.86,3935.87,23852.8,156368.37
2515,835,42,2,27736.92,6614.83,8794.62,57653.63
2516,835,177,1,37809.52,1767.15,6487.63,42530.0
2517,835,68,3,3827.59,8.61,2065.35,13539.51
2518,835,184,1,11705.83,82.76,2092.15,13715.22
2519,836,227,1,19776.73,747.52,3425.26,22454.47
2520,836,207,4,27779.78,1078.36,19807.34,129848.1
2521,836,28,1,29031.11,2591.44,4759.14,31198.81
2522,836,209,2,10731.59,2439.09,3424.34,22448.43
2523,837,208,4,7922.32,2257.47,5297.73,34729.54
2524,838,144,3,33892.0,2769.7,17803.13,116709.43
2525,838,183,2,17183.22,3288.66,5594.0,36671.78
2526,838,84,4,10857.56,2153.47,7429.82,48706.59
2527,839,197,1,13368.44,1538.98,2129.3,13958.76
2528,839,30,2,7051.18,1654.04,2240.7,14689.02
2529,839,106,2,12366.02,2388.44,4021.85,26365.45
2530,839,215,1,34726.43,888.51,6090.83,39928.75
2531,840,170,2,19374.04,319.54,6917.14,45345.68
2532,840,157,3,10083.83,774.45,5305.87,34782.91
2533,840,104,3,15989.17,2520.31,8180.5,53627.7
2534,840,57,2,20483.4,1658.64,7075.47,46383.63
2535,840,176,2,43250.55,4366.68,14784.2,96918.62
2536,841,141,3,29486.44,9882.13,14143.89,92721.08
2537,841,57,2,20483.4,2689.86,6889.85,45166.79
2538,841,184,2,11705.83,893.16,4053.33,26571.83
2539,841,65,2,41109.17,3775.06,14119.79,92563.07
2540,841,229,3,33676.3,4920.82,17299.45,113407.53
2541,842,101,3,46156.61,7460.52,23581.68,154590.99
2542,843,153,1,6055.61,393.02,1019.27,6681.86
2543,844,171,1,32844.1,3505.71,5280.91,34619.3
2544,845,85,3,8728.6,2212.68,4315.16,28288.28
2545,845,207,4,27779.78,9093.68,18364.58,120390.02
2546,846,81,3,3286.08,826.47,1625.72,10657.49
2547,846,210,1,33886.56,2775.67,5599.96,36710.85
2548,847,92,4,39462.15,14387.2,25823.05,169284.45
2549,847,224,1,31527.62,298.65,5621.21,36850.18
2550,847,16,1,37019.42,1498.22,6393.82,41915.02
2551,847,3,2,33432.15,7273.54,10726.34,70317.1
2552,847,41,3,23389.54,8139.1,11165.31,73194.83
2553,848,26,2,15276.03,3096.24,4942.05,32397.87
2554,848,196,4,40456.71,11553.67,27049.17,177322.34
2555,848,114,1,23667.1,2643.38,3784.27,24807.99
2556,848,181,3,30664.66,7108.34,15279.42,100165.06
2557,849,198,2,112.51,18.63,37.15,243.54
2558,849,185,1,189.21,0.07,34.05,223.19
2559,849,4,3,35689.14,1619.59,18980.61,124428.44
2560,850,233,2,21896.66,5044.17,6974.85,45724.0
2561,850,25,3,27064.69,3372.23,14007.93,91829.77
2562,850,57,2,20483.4,4470.15,6569.4,43066.05
2563,850,168,3,41017.08,2163.36,21759.82,142647.7
2564,850,87,3,21959.44,3066.68,11306.1,74117.74
2565,851,234,1,10605.83,93.78,1892.17,12404.22
2566,851,233,4,21896.66,7537.31,14408.88,94458.21
2567,851,212,4,8937.81,1127.31,6232.31,40856.24
2568,851,141,2,29486.44,7049.26,9346.25,61269.87
2569,852,221,1,32207.06,1517.46,5524.13,36213.73
2570,852,58,4,43014.0,7783.34,29569.08,193841.74
2571,852,6,2,9654.29,774.29,3336.17,21870.46
2572,853,66,4,12279.53,1082.44,8646.42,56682.1
2573,853,34,1,9115.19,502.48,1550.29,10163.0
2574,853,231,3,3326.96,220.1,1756.94,11517.72
2575,854,18,1,16802.96,1486.52,2756.96,18073.4
2576,855,143,2,23230.7,77.75,8349.06,54732.71
2577,855,234,1,10605.83,112.49,1888.8,12382.14
2578,855,106,4,12366.02,2635.87,8429.08,55257.29
2579,855,131,2,41590.84,6151.45,13865.44,90895.67
2580,855,65,1,41109.17,1389.11,7149.61,46869.67
2581,856,152,4,37157.0,5559.01,25752.42,168821.41
2582,856,189,4,28066.42,625.45,20095.24,131735.47
2583,857,91,1,33075.34,1015.42,5770.79,37830.71
2584,857,134,4,29515.74,12608.11,18981.87,124436.72
2585,857,48,2,2802.25,0.74,1008.68,6612.44
2586,858,111,2,43082.21,1023.37,15325.39,100466.44
2587,858,180,2,4766.01,77.24,1701.86,11156.64
2588,859,25,4,27064.69,2746.78,18992.16,124504.14
2589,859,112,3,24992.69,2989.97,12957.86,84945.96
2590,859,28,1,29031.11,2544.27,4767.63,31254.47
2591,859,198,3,112.51,23.05,56.61,371.09
2592,859,29,4,7930.98,2627.76,5237.31,34333.47
2593,860,123,2,9421.34,151.88,3364.34,22055.14
2594,860,137,4,31709.73,9264.16,21163.46,138738.22
2595,861,132,2,15074.48,608.24,5317.33,34858.05
2596,862,33,2,39008.3,6202.18,12926.6,84741.02
2597,862,161,2,41588.13,590.48,14865.44,97451.22
2598,862,238,1,19991.97,665.55,3478.76,22805.18
2599,862,215,4,34726.43,16458.71,22040.46,144487.47
2600,862,59,2,13506.51,2370.04,4435.74,29078.72
2601,863,173,2,15522.12,2740.78,5094.62,33398.08
2602,864,34,4,9115.19,2179.01,6170.72,40452.47
2603,864,184,2,11705.83,1953.8,3862.41,25320.27
2604,865,86,3,41540.1,5920.06,21366.04,140066.28
2605,865,227,1,19776.73,1618.96,3268.4,21426.17
2606,865,13,1,40458.84,1672.25,6981.59,45768.18
2607,865,105,2,18322.11,4111.05,5855.97,38389.14
2608,866,176,1,43250.55,3382.68,7176.22,47044.09
2609,867,77,1,19293.34,1992.46,3114.16,20415.04
2610,867,97,2,11972.84,1672.48,4009.18,26282.38
2611,867,222,2,28533.87,817.2,10125.1,66375.64
2612,867,156,1,36965.82,1169.62,6443.32,42239.52
2613,868,206,2,37695.53,8494.03,12041.47,78938.5
2614,869,216,1,4678.54,215.12,803.42,5266.84
2615,869,233,4,21896.66,9773.21,14006.42,91819.85
2616,869,101,1,46156.61,3158.93,7739.58,50737.26
2617,869,118,4,9547.03,1659.12,6575.22,43104.22
2618,870,51,2,628.75,108.24,206.87,1356.13
2619,870,176,4,43250.55,7137.17,29855.71,195720.74
2620,870,79,3,15130.34,3525.37,7535.82,49401.47
2621,870,155,4,37465.45,3008.17,26433.65,173287.28
2622,871,66,4,12279.53,3922.36,8135.24,53331.0
2623,871,56,3,36444.51,12343.82,17458.15,114447.86
2624,872,137,4,31709.73,14446.6,20230.62,132622.94
2625,873,233,1,21896.66,1729.0,3630.18,23797.84
2626,873,211,4,18681.33,2364.34,13024.98,85385.96
2627,873,183,2,17183.22,2308.21,5770.48,37828.71
2628,874,94,2,35740.44,1929.24,12519.3,82070.94
2629,875,218,4,20584.33,4008.19,14099.24,92428.37
2630,875,172,3,1060.63,374.24,505.38,3313.03
2631,875,136,3,34274.09,4562.78,17686.71,115946.2
2632,876,183,3,17183.22,5858.04,8224.49,53916.11
2633,876,230,3,26170.26,9110.9,12491.98,81891.86
2634,876,185,4,189.21,33.67,130.17,853.34
2635,876,205,4,26777.33,12739.09,16986.64,111356.87
2636,876,69,3,3290.31,465.55,1692.97,11098.35
2637,877,88,3,33071.07,263.42,17810.96,116760.75
2638,877,74,1,24770.89,1702.31,4152.34,27220.92
2639,878,202,4,22486.45,4285.83,15418.79,101078.76
2640,878,96,4,17662.28,1540.64,12439.53,81548.01
2641,878,148,2,32803.6,106.65,11790.1,77290.65
2642,879,99,3,21866.86,414.38,11733.52,76919.72
2643,879,32,3,25348.23,5937.56,12619.28,82726.41
2644,880,227,1,19776.73,1074.6,3366.38,22068.51
2645,880,80,4,9554.15,1008.97,6697.37,43905.0
2646,880,55,4,21783.95,2363.18,15259.07,100031.69
2647,881,37,1,36875.04,351.35,6574.26,43097.95
2648,881,239,4,26635.98,1181.08,18965.31,124328.15
2649,882,111,4,43082.21,5371.73,30052.28,197009.39
2650,882,228,4,11203.89,261.42,8019.75,52573.89
2651,883,57,4,20483.4,4550.26,13929.0,91312.34
2652,883,232,2,11511.84,1595.0,3857.16,25285.84
2653,884,166,1,33767.83,3748.23,5403.53,35423.13
2654,885,84,1,10857.56,47.38,1945.83,12756.01
2655,885,167,2,31659.13,3676.35,10735.54,70377.45
2656,885,133,2,38037.94,6659.58,12494.93,81911.23
2657,886,59,1,13506.51,1246.77,2206.75,14466.49
2658,886,147,2,26528.08,4858.23,8675.63,56873.56
2659,886,178,1,39619.34,2350.43,6708.4,43977.31
2660,887,133,4,38037.94,3213.63,26808.86,175746.99
2661,887,199,1,19178.46,1383.0,3203.18,20998.64
2662,888,233,2,21896.66,888.0,7722.96,50628.28
2663,888,61,4,33657.04,3664.68,23573.43,154536.91
2664,889,201,2,18244.99,565.75,6466.36,42390.59
2665,889,91,4,33075.34,6776.29,22594.51,148119.58
2666,890,131,2,41590.84,3883.82,14273.61,93571.47
2667,891,4,4,35689.14,2135.89,25311.72,165932.39
2668,892,181,4,30664.66,9806.13,20313.45,133165.96
2669,892,23,4,3383.79,1499.22,2166.47,14202.41
2670,893,34,2,9115.19,2148.6,2894.72,18976.5
2671,893,38,2,28086.65,954.73,9939.34,65157.91
2672,893,54,2,4901.82,1081.9,1569.91,10291.65
2673,894,40,2,11047.42,473.64,3891.82,25513.02
2674,894,184,3,11705.83,1706.83,6013.92,39424.58
2675,894,209,4,10731.59,942.87,7557.03,49540.52
2676,894,171,3,32844.1,2495.59,17286.61,113323.32
2677,894,176,1,43250.55,4672.19,6944.1,45522.46
2678,895,70,4,30937.09,10152.43,20447.27,134043.2
2679,896,79,3,15130.34,808.85,8024.79,52606.96
2680,896,198,1,112.51,2.97,19.72,129.26
2681,896,32,4,25348.23,2123.35,17868.52,117138.09
2682,896,168,1,41017.08,2503.94,6932.37,45445.51
2683,896,144,3,33892.0,8101.18,16843.47,110418.29
2684,897,12,1,13880.48,1331.33,2258.85,14808.0
2685,897,93,1,17083.66,755.0,2939.16,19267.82
2686,897,82,4,10944.45,5134.37,6955.82,45599.25
2687,897,65,3,41109.17,1065.86,22007.1,144268.75
2688,898,185,4,189.21,49.69,127.29,834.44
2689,898,97,3,11972.84,3469.1,5840.9,38290.32
2690,898,152,1,37157.0,2127.58,6305.3,41334.72
2691,898,55,1,21783.95,2120.55,3539.41,23202.81
2692,898,83,1,34264.79,1042.83,5979.95,39201.91
2693,899,187,1,33639.08,604.18,5946.28,38981.18
2694,899,170,1,19374.04,2187.25,3093.62,20280.41
2695,900,104,4,15989.17,1654.84,11214.33,73516.17
2696,900,10,2,31794.64,3253.45,10860.45,71196.28
2697,900,145,4,17725.61,1968.17,12408.17,81342.44
2698,900,134,2,29515.74,934.01,10457.54,68555.01
2699,901,216,2,4678.54,1056.27,1494.15,9794.96
2700,901,164,3,15908.19,1162.66,8381.14,54943.05
2701,902,164,2,15908.19,174.41,5695.55,37337.52
2702,902,86,1,41540.1,2921.57,6951.34,45569.87
2703,902,47,3,34112.86,10342.32,16559.33,108555.59
2704,902,60,3,24754.89,4333.7,12587.57,82518.54
2705,902,32,4,25348.23,3312.96,17654.39,115734.35
2706,903,144,3,33892.0,6646.63,17105.29,112134.66
2707,903,119,4,36904.39,8793.49,24988.33,163812.4
2708,903,102,3,34567.4,7123.05,17384.25,113963.4
2709,903,79,4,15130.34,6705.94,9686.78,63502.2
2710,904,66,3,12279.53,146.0,6604.67,43297.26
2711,905,70,2,30937.09,7149.33,9850.47,64575.32
2712,905,145,4,17725.61,672.82,12641.33,82870.95
2713,905,110,3,6566.95,324.72,3487.7,22863.83
2714,905,158,4,36880.83,3943.12,25844.44,169424.64
2715,906,136,4,34274.09,6803.14,23452.78,153746.0
2716,906,42,2,27736.92,2839.59,9474.16,62108.41
2717,907,216,4,4678.54,783.03,3227.6,21158.73
2718,907,146,3,269.14,40.11,138.12,905.43
2719,907,196,4,40456.71,4816.23,28261.91,185272.52
2720,907,86,3,41540.1,11271.45,20402.79,133751.64
2721,907,157,3,10083.83,2705.68,4958.25,32504.06
2722,908,151,3,39931.59,3964.55,20849.44,136679.66
2723,908,63,4,120.39,16.47,83.72,548.81
2724,908,193,3,16913.96,5340.52,8172.24,53573.6
2725,908,156,3,36965.82,228.58,19920.4,130589.28
2726,908,214,2,25781.44,904.03,9118.59,59777.44
2727,909,148,3,32803.6,1178.08,17501.89,114734.61
2728,909,172,2,1060.63,26.37,377.08,2471.97
2729,910,78,3,5073.66,352.0,2676.42,17545.4
2730,910,231,4,3326.96,591.74,2288.9,15005.0
2731,910,219,4,11772.86,4522.77,7662.36,50231.03
2732,911,218,1,20584.33,366.52,3639.21,23857.02
2733,911,78,2,5073.66,689.9,1702.34,11159.76
2734,911,98,1,20903.98,354.79,3698.85,24248.04
2735,911,238,3,19991.97,767.47,10657.52,69865.96
2736,912,101,4,46156.61,21354.09,29389.02,192661.37
2737,912,49,4,43844.62,20431.99,27890.37,182836.86
2738,912,85,1,8728.6,966.46,1397.19,9159.33
2739,912,150,2,3654.09,828.21,1166.39,7646.36
2740,912,87,3,21959.44,5579.76,10853.74,71152.3
2741,913,240,3,39567.79,684.56,21243.39,139262.2
2742,913,139,2,4824.95,343.49,1675.15,10981.56
2743,914,75,2,8532.47,1343.4,2829.88,18551.42
2744,914,47,1,34112.86,1233.21,5918.34,38797.99
2745,914,68,4,3827.59,1312.17,2519.67,16517.86
2746,914,105,4,18322.11,4436.31,12393.38,81245.51
2747,915,146,3,269.14,36.96,138.68,909.14
2748,915,221,1,32207.06,591.29,5690.84,37306.61
2749,916,49,2,43844.62,8854.57,14190.24,93024.91
2750,916,10,1,31794.64,592.01,5616.47,36819.1
2751,916,78,3,5073.66,1730.17,2428.35,15919.16
2752,917,51,2,628.75,78.52,212.22,1391.2
2753,917,52,2,30086.26,4502.89,10020.53,65690.16
2754,918,225,2,36716.34,193.57,13183.04,86422.15
2755,918,3,2,33432.15,2035.13,11669.25,76498.42
2756,919,113,4,2640.7,179.98,1868.91,12251.73
2757,920,54,2,4901.82,1070.83,1571.91,10304.72
2758,920,15,3,37893.41,11132.45,18458.6,121006.38
2759,920,21,2,27939.78,1575.72,9774.69,64078.53
2760,921,24,4,4300.49,1481.5,2829.68,18550.14
2761,922,170,4,19374.04,6785.38,12727.94,83438.72
2762,922,227,1,19776.73,1973.79,3204.53,21007.47
2763,922,140,4,12249.39,3775.91,8139.9,53361.55
2764,923,237,1,17135.78,794.38,2941.45,19282.85
2765,923,68,2,3827.59,493.14,1289.17,8451.21
2766,924,82,1,10944.45,1054.17,1780.25,11670.53
2767,924,154,3,14680.42,2036.17,7560.92,49566.01
2768,925,116,1,3361.81,320.49,547.44,3588.76
2769,925,147,1,26528.08,413.81,4700.57,30814.84
2770,926,177,1,37809.52,3038.11,6258.85,41030.26
2771,926,142,1,26420.51,1440.7,4496.37,29476.18
2772,926,107,1,19641.45,2033.96,3169.35,20776.84
2773,927,65,3,41109.17,10880.72,20240.42,132687.21
2774,927,178,1,39619.34,2348.6,6708.73,43979.47
2775,927,91,2,33075.34,1393.16,11656.35,76413.87
2776,927,46,4,5015.71,2275.96,3201.64,20988.52
2777,927,154,3,14680.42,1320.04,7689.82,50411.04
2778,928,97,2,11972.84,1082.97,4115.29,26978.0
2779,929,178,2,39619.34,1924.14,13916.62,91231.16
2780,930,149,4,16854.36,168.35,12104.84,79353.93
2781,930,237,2,17135.78,42.46,6161.24,40390.34
2782,930,85,3,8728.6,1928.9,4366.24,28623.14
2783,930,4,4,35689.14,13121.42,23334.33,152969.47
2784,930,70,3,30937.09,794.89,16562.95,108579.33
2785,931,102,2,34567.4,1327.04,12205.4,80013.16
2786,931,110,3,6566.95,979.01,3369.93,22091.77
2787,932,146,4,269.14,10.41,191.91,1258.06
2788,932,40,4,11047.42,1852.2,7620.75,49958.23
2789,932,5,1,16705.9,284.19,2955.91,19377.62
2790,933,83,4,34264.79,3591.49,24024.18,157491.85
2791,934,166,2,33767.83,6699.55,10950.5,71786.61
2792,934,105,3,18322.11,4380.25,9105.49,59691.57
2793,935,7,1,1179.48,27.53,207.35,1359.3
2794,935,166,1,33767.83,903.77,5915.53,38779.59
2795,935,172,1,1060.63,5.55,189.91,1244.99
2796,935,142,2,26420.51,4466.37,8707.44,57082.09
2797,935,87,2,21959.44,338.52,7844.46,51424.82
2798,936,131,1,41590.84,3549.67,6847.41,44888.58
2799,936,170,2,19374.04,4044.05,6246.73,40950.76
2800,936,234,4,10605.83,2727.58,7145.23,46840.97
2801,937,68,1,3827.59,178.88,656.77,4305.48
2802,937,143,3,23230.7,6272.93,11415.45,74834.62
2803,937,138,1,5484.92,28.03,982.24,6439.13
2804,938,164,4,15908.19,5718.81,10424.51,68338.46
2805,938,103,1,20030.13,1432.06,3347.65,21945.72
2806,938,73,2,17456.78,912.13,6120.26,40121.69
2807,938,223,2,39924.82,1071.2,14180.12,92958.56
2808,939,177,3,37809.52,2219.96,20017.55,131226.15
2809,939,17,3,25819.56,4944.01,13052.64,85567.31
2810,939,12,1,13880.48,468.72,2414.12,15825.88
2811,940,157,1,10083.83,788.58,1673.14,10968.39
2812,940,72,2,12573.73,334.64,4466.31,29279.13
2813,940,148,1,32803.6,224.43,5864.25,38443.42
2814,940,177,4,37809.52,7663.2,25843.48,169418.36
2815,940,135,1,25713.49,2275.65,4218.81,27656.65
2816,941,87,1,21959.44,10.14,3950.87,25900.17
2817,941,50,1,45675.94,1790.34,7899.41,51785.01
2818,941,140,2,12249.39,794.21,4266.82,27971.39
2819,941,102,2,34567.4,4561.51,11623.19,76196.48
2820,941,49,1,43844.62,4921.04,7006.24,45929.82
2821,942,116,4,3361.81,861.67,2265.4,14850.97
2822,943,228,4,11203.89,3620.25,7415.16,48610.47
2823,943,53,2,12091.35,622.43,4240.85,27801.12
2824,943,226,4,41253.01,8069.27,28249.7,185192.47
2825,943,224,1,31527.62,1913.06,5330.62,34945.18
2826,943,129,1,3101.06,328.69,499.03,3271.4
2827,944,199,1,19178.46,436.97,3373.47,22114.96
2828,944,28,2,29031.11,1401.33,10198.96,66859.85
2829,944,1,2,25243.55,4343.28,8305.89,54449.71
2830,945,136,4,34274.09,5352.79,23713.84,155457.41
2831,946,194,2,5562.52,8.38,2001.0,13117.66
2832,946,162,1,38305.79,3936.15,6186.54,40556.18
2833,946,186,3,24680.72,2197.83,12931.98,84776.31
2834,946,95,1,8312.81,619.64,1384.77,9077.94
2835,947,152,2,37157.0,4824.62,12508.09,81997.47
2836,947,108,3,46203.27,5820.67,23902.05,156691.19
2837,947,149,4,16854.36,1441.61,11875.65,77851.48
2838,948,196,3,40456.71,8370.84,20339.87,133339.16
2839,948,44,1,43728.99,726.07,7740.53,50743.45
2840,948,157,4,10083.83,988.09,7082.5,46429.73
2841,948,223,2,39924.82,3290.72,13780.61,90339.53
2842,949,149,1,16854.36,900.13,2871.76,18825.99
2843,949,221,4,32207.06,2206.35,22791.94,149413.83
2844,950,125,4,28195.42,4154.79,19552.84,128179.73
2845,950,6,4,9654.29,1181.27,6738.46,44174.35
2846,950,144,3,33892.0,8364.89,16796.0,110107.11
2847,950,1,3,25243.55,3686.22,12968.0,85012.43
2848,951,215,3,34726.43,2578.54,18288.14,119888.89
2849,951,118,1,9547.03,1142.48,1512.82,9917.37
2850,951,133,3,38037.94,10631.83,18626.76,122108.75
2851,952,207,2,27779.78,788.51,9858.79,64629.84
2852,952,101,1,46156.61,908.51,8144.66,53392.76
2853,952,225,2,36716.34,8469.84,11693.31,76656.15
2854,952,3,1,33432.15,1591.53,5731.31,37571.93
2855,952,84,3,10857.56,2161.04,5474.1,35885.74
2856,953,27,2,12821.1,2692.23,4130.99,27080.96
2857,953,198,1,112.51,4.45,19.45,127.51
2858,953,57,3,20483.4,4916.68,10176.03,66709.55
2859,953,1,2,25243.55,3749.3,8412.8,55150.6
2860,953,143,4,23230.7,2920.51,16200.41,106202.7
2861,954,202,1,22486.45,1.71,4047.25,26531.99
2862,954,95,1,8312.81,677.98,1374.27,9009.1
2863,954,235,4,28131.22,10259.19,18407.82,120673.51
2864,954,4,4,35689.14,1744.3,25382.21,166394.47
2865,955,143,3,23230.7,6416.59,11389.59,74665.1
2866,956,234,1,10605.83,675.57,1787.45,11717.71
2867,956,185,2,189.21,18.82,64.73,424.33
2868,956,5,1,16705.9,62.61,2995.79,19639.08
2869,956,168,2,41017.08,4210.58,14008.24,91831.82
2870,957,154,1,14680.42,693.02,2517.73,16505.13
2871,957,153,3,6055.61,1450.29,3008.98,19725.52
2872,958,30,3,7051.18,1551.69,3528.33,23130.18
2873,958,83,4,34264.79,14345.86,22088.39,144801.69
2874,959,85,2,8728.6,451.35,3061.05,20066.9
2875,960,78,3,5073.66,680.13,2617.35,17158.2
2876,960,139,2,4824.95,695.7,1611.76,10565.96
2877,960,74,3,24770.89,1522.42,13102.24,85892.49
2878,960,176,2,43250.55,5546.91,14571.75,95525.94
2879,961,27,1,12821.1,5.11,2306.88,15122.87
2880,961,43,2,16510.19,1562.73,5662.38,37120.03
2881,962,127,3,3238.17,624.92,1636.13,10725.72
2882,962,41,2,23389.54,3466.25,7796.31,51109.14
2883,962,109,3,25465.9,6530.77,12576.05,82442.98
2884,962,198,3,112.51,22.44,56.72,371.81
2885,963,129,3,3101.06,546.19,1576.26,10333.25
2886,964,93,3,17083.66,3685.68,8561.75,56127.05
2887,965,198,4,112.51,47.19,72.51,475.36
2888,965,37,3,36875.04,1488.59,19644.58,128781.11
2889,965,77,4,19293.34,1102.8,13692.7,89763.26
2890,966,60,1,24754.89,660.2,4337.04,28431.73
2891,966,126,1,14629.39,930.17,2465.86,16165.08
2892,966,131,4,41590.84,1659.89,29646.62,194350.09
2893,967,137,1,31709.73,1341.8,5466.23,35834.16
2894,967,228,2,11203.89,1290.47,3801.12,24918.43
2895,967,45,4,3684.98,347.21,2590.69,16983.4
2896,967,208,3,7922.32,2359.23,3853.39,25261.12
2897,967,234,4,10605.83,936.48,7467.63,48954.47
2898,968,238,2,19991.97,2315.7,6780.28,44448.52
2899,968,84,1,10857.56,132.28,1930.55,12655.83
2900,969,128,4,48190.05,17170.46,31606.15,207195.89
2901,969,23,2,3383.79,481.17,1131.55,7417.96
2902,969,189,4,28066.42,7932.92,18779.9,123112.66
2903,969,123,1,9421.34,1115.79,1495.0,9800.55
2904,970,68,1,3827.59,316.69,631.96,4142.86
2905,970,232,1,11511.84,66.62,2060.14,13505.36
2906,970,88,3,33071.07,5711.0,16830.4,110332.61
2907,970,14,1,3800.37,242.29,640.45,4198.53
2908,971,75,3,8532.47,1197.54,4391.98,28791.85
2909,971,232,3,11511.84,2566.35,5754.45,37723.62
2910,971,74,4,24770.89,6929.97,16587.65,108741.24
2911,971,44,4,43728.99,3582.91,30839.95,202173.0
2912,971,167,3,31659.13,9390.06,15405.72,100993.05
2913,972,216,1,4678.54,100.58,824.03,5401.99
2914,973,49,4,43844.62,18913.8,28163.64,184628.32
2915,973,164,4,15908.19,109.87,11434.12,74957.01
2916,973,156,3,36965.82,9988.93,18163.54,119072.07
2917,973,233,3,21896.66,7219.89,10524.62,68994.71
2918,973,221,3,32207.06,10730.06,15460.4,101351.52
2919,974,27,1,12821.1,322.97,2249.66,14747.79
2920,974,22,3,9607.6,2600.92,4719.94,30941.82
2921,974,47,1,34112.86,3173.97,5569.0,36507.89
2922,974,186,2,24680.72,3611.8,8234.94,53984.58
2923,974,56,4,36444.51,14594.58,23613.02,154796.48
2924,975,162,4,38305.79,8605.2,26031.23,170649.19
2925,975,217,1,8518.31,378.63,1465.14,9604.82
2926,975,43,2,16510.19,2220.06,5544.06,36344.38
2927,975,214,4,25781.44,11442.15,16503.05,108186.66
2928,975,27,2,12821.1,680.07,4493.18,29455.31
2929,976,50,4,45675.94,437.95,32807.85,215073.66
2930,976,33,1,39008.3,570.43,6918.82,45356.69
2931,976,173,2,15522.12,2932.8,5060.06,33171.5
2932,977,166,3,33767.83,4249.42,17469.73,114523.8
2933,977,222,2,28533.87,4954.67,9380.35,61493.42
2934,978,184,1,11705.83,1235.18,1884.72,12355.37
2935,978,32,3,25348.23,1936.2,13339.53,87448.02
2936,978,11,4,36727.76,3641.94,25788.44,169057.54
2937,978,73,1,17456.78,1897.43,2800.68,18360.03
2938,978,84,4,10857.56,1071.73,7624.53,49983.04
2939,979,103,2,20030.13,3838.47,6519.92,42741.71
2940,979,146,1,269.14,22.75,44.35,290.74
2941,979,63,3,120.39,23.6,60.76,398.33
2942,979,54,4,4901.82,212.58,3491.05,22885.75
2943,979,91,3,33075.34,5362.52,16895.43,110758.93
2944,980,92,1,39462.15,479.52,7016.87,45999.5
2945,980,89,3,4268.91,378.21,2237.13,14665.65
2946,981,219,2,11772.86,1539.05,3961.2,25967.87
2947,982,22,4,9607.6,352.99,6853.93,44931.34
2948,982,97,1,11972.84,895.74,1993.88,13070.98
2949,982,207,4,27779.78,12786.25,17699.92,116032.79
2950,982,66,3,12279.53,2805.36,6125.98,40159.21
2951,982,18,2,16802.96,1350.0,5806.07,38061.99
2952,983,172,1,1060.63,17.23,187.81,1231.21
2953,983,144,2,33892.0,67.29,12189.01,79905.72
2954,984,174,1,40361.15,2561.49,6803.94,44603.6
2955,984,70,2,30937.09,4395.38,10346.18,67824.98
2956,984,117,2,27023.51,6009.37,8646.78,56684.43
2957,985,161,2,41588.13,1728.07,14660.67,96108.86
2958,985,178,3,39619.34,13385.57,18985.04,124457.49
2959,985,236,4,18050.29,6630.33,11802.75,77373.58
2960,985,1,3,25243.55,6855.73,12397.49,81272.41
2961,985,146,3,269.14,10.84,143.38,939.96
2962,986,228,4,11203.89,4334.8,7286.54,47767.3
2963,986,51,1,628.75,59.52,102.46,671.69
2964,986,6,4,9654.29,3888.64,6251.13,40979.65
2965,987,130,4,12728.22,1255.8,8938.27,58595.35
2966,988,116,1,3361.81,93.81,588.24,3856.24
2967,988,4,1,35689.14,2591.22,5957.63,39055.55
2968,988,213,1,20525.1,2320.35,3276.86,21481.61
2969,988,65,3,41109.17,2856.29,21684.82,142156.04
2970,989,11,3,36727.76,896.72,19671.58,128958.14
2971,989,237,2,17135.78,3546.52,5530.51,36255.55
2972,990,195,1,42664.46,289.76,7627.45,50002.15
2973,990,72,4,12573.73,4161.2,8304.07,54437.79
2974,990,17,3,25819.56,926.76,13775.75,90307.67
2975,991,80,2,9554.15,1721.24,3129.67,20516.73
2976,991,26,4,15276.03,206.49,10961.57,71859.2
2977,991,163,4,1240.08,89.89,876.68,5747.11
2978,991,237,4,17135.78,8085.05,10882.45,71340.52
2979,991,37,4,36875.04,3622.95,25897.9,169775.11
2980,992,45,1,3684.98,47.71,654.71,4291.98
2981,992,108,1,46203.27,196.53,8281.21,54287.95
2982,993,103,1,20030.13,2245.58,3201.22,20985.77
2983,993,115,2,7640.14,1428.47,2493.33,16345.14
2984,993,178,1,39619.34,2826.71,6622.67,43415.3
2985,993,168,2,41017.08,3848.29,14073.46,92259.33
2986,993,44,4,43728.99,15143.0,28759.13,188532.09
2987,994,81,2,3286.08,107.7,1163.6,7628.06
2988,994,8,1,28733.56,89.64,5155.91,33799.83
2989,994,16,4,37019.42,3841.51,25962.51,170198.68
2990,994,25,4,27064.69,1162.38,19277.35,126373.73
2991,994,127,1,3238.17,254.27,537.1,3521.0
2992,995,227,4,19776.73,1353.06,13995.69,91749.55
2993,995,20,1,38320.28,114.74,6877.0,45082.54
2994,995,168,3,41017.08,4669.25,21308.76,139690.75
2995,995,100,3,46774.34,12519.31,23004.67,150808.38
2996,996,117,3,27023.51,2980.74,14056.16,92145.95
2997,997,24,4,4300.49,31.78,3090.63,20260.81
2998,997,166,3,33767.83,2201.33,17838.39,116940.55
2999,998,70,4,30937.09,13116.86,19913.67,130545.17
3000,998,79,4,15130.34,4481.18,10087.23,66127.41
3001,998,190,2,14801.53,2395.73,4897.32,32104.65
3002,998,211,4,18681.33,5752.83,12415.05,81387.54
3003,998,115,3,7640.14,868.61,3969.33,26021.14
3004,999,185,2,189.21,12.28,65.91,432.05
3005,999,143,3,23230.7,6917.59,11299.41,74073.92
3006,999,7,3,1179.48,248.12,592.26,3882.58
3007,1000,239,1,26635.98,545.71,4696.25,30786.52
3008,1000,138,4,5484.92,1422.99,3693.0,24209.69
3009,1000,149,4,16854.36,8036.44,10688.58,70069.58
3010,1001,55,4,21783.95,10447.17,13803.95,90492.58
3011,1001,119,1,36904.39,2215.15,6244.06,40933.3
3012,1002,29,2,7930.98,163.23,2825.77,18524.5
3013,1002,147,3,26528.08,416.5,14250.19,93417.93
3014,1002,9,4,9902.75,2715.48,6641.19,43536.71
3015,1002,126,2,14629.39,1379.98,5018.18,32896.98
3016,1002,75,2,8532.47,1707.05,2764.42,18122.31
3017,1003,130,2,12728.22,358.23,4517.68,29615.89
3018,1004,44,1,43728.99,5236.31,6928.68,45421.36
3019,1005,195,1,42664.46,312.1,7623.42,49975.78
3020,1005,56,1,36444.51,2398.97,6128.2,40173.74
3021,1006,1,1,25243.55,367.5,4477.69,29353.74
3022,1007,211,2,18681.33,3073.5,6172.05,40461.21
3023,1007,61,2,33657.04,7543.1,10758.78,70529.76
3024,1008,77,1,19293.34,2182.78,3079.9,20190.46
3025,1008,140,4,12249.39,2822.43,8311.52,54486.65
3026,1008,216,3,4678.54,654.35,2408.63,15789.9
3027,1009,228,1,11203.89,972.07,1841.73,12073.55
3028,1010,166,2,33767.83,6153.01,11048.88,72431.53
3029,1010,95,3,8312.81,449.13,4408.07,28897.37
3030,1010,178,1,39619.34,899.1,6969.64,45689.88
3031,1010,67,3,41997.34,12169.62,20488.03,134310.43
3032,1010,85,1,8728.6,71.66,1558.25,10215.19
3033,1011,156,3,36965.82,11487.6,17893.77,117303.63
3034,1011,153,4,6055.61,1283.64,4128.98,27067.78
3035,1011,65,1,41109.17,471.06,7314.86,47952.97
3036,1011,73,2,17456.78,1118.62,6083.09,39878.03
3037,1011,149,1,16854.36,1638.47,2738.86,17954.75
3038,1012,115,1,7640.14,136.87,1350.59,8853.86
3039,1012,153,4,6055.61,409.08,4286.4,28099.76
3040,1012,237,3,17135.78,3089.36,8697.24,57015.22
3041,1012,197,1,13368.44,797.1,2262.84,14834.18
3042,1012,74,3,24770.89,8068.88,11923.88,78167.67
3043,1013,5,2,16705.9,2484.86,5566.85,36493.79
3044,1013,3,2,33432.15,4426.37,11238.83,73676.76
3045,1013,76,3,44895.56,1732.33,23931.78,156886.13
3046,1013,23,1,3383.79,278.8,558.9,3663.89
3047,1014,30,4,7051.18,2036.21,4710.33,30878.84
3048,1014,227,2,19776.73,262.86,7072.31,46362.91
3049,1014,9,4,9902.75,1941.25,6780.55,44450.3
3050,1014,16,1,37019.42,378.72,6595.33,43236.03
3051,1015,146,4,269.14,8.87,192.18,1259.87
3052,1015,189,1,28066.42,421.31,4976.12,32621.23
3053,1016,58,3,43014.0,4832.21,22357.76,146567.55
3054,1016,209,1,10731.59,1249.99,1706.69,11188.29
3055,1016,198,3,112.51,26.53,55.98,366.98
3056,1017,86,2,41540.1,68.23,14942.15,97954.12
3057,1018,143,4,23230.7,11141.52,14720.63,96501.91
3058,1018,108,2,46203.27,1809.49,16307.47,106904.52
3059,1018,22,3,9607.6,2617.79,4716.9,30921.91
3060,1019,217,4,8518.31,3822.8,5445.08,35695.52
3061,1019,108,4,46203.27,21128.65,29463.2,193147.63
3062,1019,181,2,30664.66,2031.68,10673.58,69971.22
3063,1019,208,1,7922.32,909.22,1262.36,8275.46
3064,1020,120,2,26697.64,3704.66,8944.31,58634.93
3065,1020,213,2,20525.1,1781.28,7068.41,46337.33
3066,1020,21,1,27939.78,1383.96,4780.05,31335.87
3067,1020,170,1,19374.04,1874.5,3149.92,20649.46
3068,1021,79,3,15130.34,3954.78,7458.52,48894.76
3069,1021,14,4,3800.37,999.07,2556.43,16758.84
3070,1022,42,2,27736.92,114.44,9964.69,65324.09
3071,1022,92,4,39462.15,12500.18,26162.72,171511.14
3072,1022,66,3,12279.53,3541.06,5993.56,39291.09
3073,1023,140,1,12249.39,780.82,2064.34,13532.91
3074,1023,141,4,29486.44,3525.32,20595.68,135016.12
3075,1024,129,2,3101.06,538.85,1019.39,6682.66
3076,1024,224,3,31527.62,6658.86,15826.32,103750.32
3077,1024,222,4,28533.87,7352.7,19220.9,126003.68
3078,1025,210,1,33886.56,4037.77,5372.78,35221.57
3079,1026,206,2,37695.53,2235.81,13167.94,86323.19
3080,1027,183,4,17183.22,436.08,12293.42,80590.22
3081,1028,160,1,7458.41,722.8,1212.41,7948.02
3082,1028,155,1,37465.45,4218.72,5984.41,39231.14
3083,1028,234,2,10605.83,758.06,3681.65,24135.25
3084,1028,13,4,40458.84,15794.32,26287.39,172328.43
3085,1028,21,2,27939.78,717.08,9929.25,65091.73
3086,1029,227,3,19776.73,4867.99,9803.2,64265.4
3087,1029,238,1,19991.97,1731.53,3286.88,21547.32
3088,1029,40,3,11047.42,391.83,5895.08,38645.51
3089,1029,195,3,42664.46,12984.69,20701.56,135710.25
3090,1030,88,2,33071.07,5604.9,10896.7,71433.94
3091,1030,58,1,43014.0,2439.14,7303.47,47878.33
3092,1030,87,2,21959.44,2941.4,7375.95,48353.43
3093,1030,136,4,34274.09,8597.36,23129.82,151628.82
3094,1031,28,1,29031.11,2714.52,4736.99,31053.58
3095,1031,110,4,6566.95,3076.32,4174.47,27365.95
3096,1031,8,2,28733.56,894.96,10182.99,66755.15
3097,1031,142,2,26420.51,4291.83,8738.85,57288.04
3098,1032,87,4,21959.44,9257.82,14144.39,92724.33
3099,1032,215,1,34726.43,3749.08,5575.92,36553.27
3100,1032,59,1,13506.51,295.08,2378.06,15589.49
3101,1032,11,3,36727.76,7232.83,18531.08,121481.53
3102,1033,167,3,31659.13,2212.84,16697.62,109462.17
3103,1033,66,2,12279.53,628.58,4307.49,28237.97
3104,1034,142,3,26420.51,3789.44,13584.98,89057.07
3105,1034,91,4,33075.34,316.3,23757.31,155742.37
3106,1034,217,4,8518.31,2789.54,5631.07,36914.77
3107,1034,117,3,27023.51,644.93,14476.61,94902.21
3108,1035,189,1,28066.42,2824.82,4543.49,29785.09
3109,1036,12,3,13880.48,4461.24,6692.44,43872.64
3110,1036,209,2,10731.59,726.49,3732.6,24469.29
3111,1036,167,2,31659.13,5340.13,10436.06,68414.19
3112,1037,7,3,1179.48,387.62,567.15,3717.97
3113,1037,3,4,33432.15,9639.48,22336.04,146425.16
3114,1038,97,4,11972.84,4136.06,7875.95,51631.25
3115,1039,221,1,32207.06,361.26,5732.24,37578.04
3116,1039,85,3,8728.6,53.66,4703.79,30835.93
3117,1039,60,1,24754.89,2615.5,3985.09,26124.48
3118,1039,80,3,9554.15,3137.11,4594.56,30119.9
3119,1039,141,4,29486.44,3673.92,20568.93,134840.77
3120,1040,142,3,26420.51,7080.84,12992.52,85173.21
3121,1040,87,1,21959.44,360.53,3887.8,25486.71
3122,1041,96,1,17662.28,723.52,3048.98,19987.74
3123,1041,196,3,40456.71,2254.05,21440.89,140556.97
3124,1041,145,1,17725.61,1621.74,2898.7,19002.57
3125,1041,128,4,48190.05,3718.95,34027.42,223068.67
3126,1041,130,4,12728.22,115.23,9143.58,59941.23
3127,1042,92,1,39462.15,2090.91,6726.82,44098.06
3128,1043,194,2,5562.52,642.34,1886.89,12369.59
3129,1043,167,1,31659.13,822.55,5550.58,36387.16
3130,1043,124,4,10290.63,1571.01,7126.47,46717.98
3131,1044,216,3,4678.54,847.62,2373.84,15561.84
3132,1045,67,4,41997.34,13813.79,27751.6,181927.17
3133,1045,198,4,112.51,52.99,71.47,468.52
3134,1045,193,4,16913.96,1509.56,11906.33,78052.61
3135,1046,168,2,41017.08,1415.75,14511.31,95129.72
3136,1046,229,1,33676.3,3474.05,5436.41,35638.66
3137,1046,97,2,11972.84,2709.92,3822.44,25058.2
3138,1046,175,2,27514.3,4798.25,9041.46,59271.81
3139,1047,111,1,43082.21,2101.22,7376.58,48357.57
3140,1047,185,1,189.21,18.1,30.8,201.91
3141,1047,130,4,12728.22,3612.71,8514.03,55814.2
3142,1047,214,2,25781.44,1091.27,9084.89,59556.5
3143,1047,122,3,24991.82,7019.25,12232.12,80188.33
3144,1048,122,4,24991.82,8903.53,16391.47,107455.22
3145,1048,52,3,30086.26,6457.27,15084.27,98885.78
3146,1049,106,4,12366.02,2968.98,8369.12,54864.22
3147,1049,116,4,3361.81,806.53,2275.33,14916.04
3148,1049,15,3,37893.41,4696.29,19617.11,128601.05
3149,1050,123,4,9421.34,3389.78,6173.2,40468.78
3150,1050,54,2,4901.82,535.8,1668.21,10936.05
3151,1051,28,1,29031.11,2912.11,4701.42,30820.42
3152,1052,15,3,37893.41,2150.12,20075.42,131605.53
3153,1052,200,3,28469.05,1168.58,15162.94,99401.51
3154,1053,149,2,16854.36,757.15,5931.28,38882.85
3155,1053,3,2,33432.15,5992.73,10956.88,71828.45
3156,1053,54,1,4901.82,56.27,872.2,5717.75
3157,1053,150,3,3654.09,242.55,1929.55,12649.27
3158,1054,116,4,3361.81,1425.74,2163.87,14185.37
3159,1055,228,3,11203.89,2763.89,5552.6,36400.38
3160,1056,235,2,28131.22,5757.75,9090.84,59595.53
3161,1056,72,4,12573.73,965.12,8879.36,58209.16
3162,1056,97,3,11972.84,3372.83,5858.22,38403.91
3163,1057,194,1,5562.52,104.31,982.48,6440.69
3164,1057,238,3,19991.97,4431.85,9997.93,65541.99
3165,1057,84,3,10857.56,424.98,5786.59,37934.29
3166,1057,67,2,41997.34,7440.18,13779.81,90334.31
3167,1058,31,1,44553.38,1595.72,7732.38,50690.04
3168,1058,211,4,18681.33,533.54,13354.52,87546.3
3169,1058,100,4,46774.34,16132.12,30773.74,201738.98
3170,1058,57,4,20483.4,3884.96,14048.76,92097.4
3171,1058,90,3,18461.71,5476.9,8983.48,58891.71
3172,1059,192,4,13341.13,4628.54,8772.48,57508.46
3173,1059,161,4,41588.13,6015.69,28860.63,189197.46
3174,1059,151,1,39931.59,2006.3,6826.55,44751.84
3175,1059,96,4,17662.28,8424.63,11200.41,73424.9
3176,1059,6,4,9654.29,3922.67,6245.01,40939.5
3177,1060,48,1,2802.25,304.03,449.68,2947.9
3178,1060,198,3,112.51,35.73,54.32,356.12
3179,1061,90,2,18461.71,914.03,6481.69,42491.08
3180,1061,50,1,45675.94,5247.64,7277.09,47705.39
3181,1062,30,2,7051.18,1674.19,2237.07,14665.24
3182,1063,50,2,45675.94,3228.85,15862.15,103985.18
3183,1063,225,2,36716.34,3472.9,12592.76,82552.54
3184,1064,166,3,33767.83,9149.63,16587.69,108741.55
3185,1064,60,1,24754.89,480.32,4369.42,28643.99
3186,1064,32,1,25348.23,1351.56,4319.4,28316.07
3187,1064,33,3,39008.3,10551.3,19165.25,125638.85
3188,1064,213,4,20525.1,3084.25,14222.91,93239.06
3189,1065,124,4,10290.63,1526.26,7134.53,46770.79
3190,1066,145,2,17725.61,3835.91,5690.76,37306.07
3191,1067,26,3,15276.03,1276.51,8019.28,52570.86
3192,1067,124,4,10290.63,632.79,7295.35,47825.08
3193,1068,65,2,41109.17,6918.37,13553.99,88853.96
3194,1068,99,4,21866.86,1264.42,15516.54,101719.56
3195,1068,27,2,12821.1,81.39,4600.95,30161.76
3196,1068,230,2,26170.26,4144.39,8675.3,56871.43
3197,1069,17,3,25819.56,6423.65,12786.31,83821.34
3198,1070,26,1,15276.03,549.04,2650.86,17377.85
3199,1070,149,1,16854.36,1046.5,2845.41,18653.27
3200,1071,221,1,32207.06,1939.06,5448.24,35716.24
3201,1071,34,2,9115.19,1549.28,3002.6,19683.7
3202,1071,40,3,11047.42,2498.72,5515.84,36159.38
3203,1072,111,4,43082.21,13111.76,28659.07,187876.15
3204,1073,25,1,27064.69,538.9,4774.64,31300.43
3205,1073,92,4,39462.15,13570.15,25970.12,170248.57
3206,1073,224,3,31527.62,10896.34,15063.57,98750.09
3207,1074,44,4,43728.99,2833.13,30974.91,203057.74
3208,1074,199,2,19178.46,82.8,6889.34,45163.46
3209,1074,83,3,34264.79,4908.21,17619.51,115505.67
3210,1074,180,2,4766.01,753.18,1580.19,10359.03
3211,1074,112,2,24992.69,2173.84,8606.08,56417.62
3212,1075,41,1,23389.54,2119.04,3828.69,25099.19
3213,1075,45,2,3684.98,311.9,1270.45,8328.51
3214,1075,47,4,34112.86,2750.9,24066.1,157766.64
3215,1075,223,3,39924.82,6427.89,20402.38,133748.95
3216,1075,90,4,18461.71,1672.21,12991.43,85166.06
3217,1076,23,2,3383.79,482.41,1131.33,7416.5
3218,1076,74,1,24770.89,1799.81,4134.79,27105.87
3219,1076,146,4,269.14,50.95,184.61,1210.22
3220,1077,212,3,8937.81,1384.57,4577.19,30006.05
3221,1077,215,2,34726.43,556.34,12401.37,81297.89
3222,1077,14,3,3800.37,885.2,1892.86,12408.77
3223,1078,95,2,8312.81,1074.83,2799.14,18349.93
3224,1078,196,2,40456.71,1305.64,14329.4,93937.18
3225,1079,6,4,9654.29,2251.47,6545.82,42911.51
3226,1079,239,1,26635.98,1024.01,4610.15,30222.12
3227,1079,136,3,34274.09,4938.35,17619.11,115503.03
3228,1079,37,4,36875.04,14707.89,23902.61,156694.88
3229,1080,3,3,33432.15,2747.35,17558.84,115107.94
3230,1080,4,2,35689.14,1712.1,12539.91,82206.09
3231,1080,147,4,26528.08,1147.69,18893.63,123858.26
3232,1081,165,3,37776.85,3850.26,19706.45,129186.74
3233,1082,231,1,3326.96,365.46,533.07,3494.57
3234,1082,210,2,33886.56,3739.18,11526.11,75560.05
3235,1082,74,4,24770.89,5586.75,16829.43,110326.24
3236,1083,155,1,37465.45,3681.16,6081.17,39865.46
3237,1083,75,4,8532.47,3312.72,5547.09,36364.25
3238,1083,47,4,34112.86,5367.35,23595.14,154679.23
3239,1084,77,2,19293.34,190.66,6911.28,45307.3
3240,1084,179,2,40060.15,2759.64,13924.92,91285.58
3241,1085,89,3,4268.91,1223.5,2084.98,13668.21
3242,1085,110,4,6566.95,1804.91,4403.32,28866.21
3243,1085,200,4,28469.05,7792.86,19095.0,125178.34
3244,1086,97,2,11972.84,1201.18,4094.01,26838.51
3245,1086,216,1,4678.54,157.69,813.75,5334.6
3246,1087,87,3,21959.44,3808.1,11172.64,73242.86
3247,1087,59,3,13506.51,847.9,7140.89,46812.52
3248,1087,129,4,3101.06,1080.83,2038.21,13361.62
3249,1087,224,2,31527.62,2431.06,10912.35,71536.53
3250,1087,161,1,41588.13,4168.27,6735.57,44155.43
3251,1088,126,4,14629.39,5175.57,9601.56,62943.55
3252,1088,217,3,8518.31,681.18,4477.27,29351.02
3253,1088,166,3,33767.83,3352.83,17631.12,115581.78
3254,1089,225,4,36716.34,14964.05,23742.24,155643.55
3255,1089,107,2,19641.45,3202.83,6494.41,42574.48
3256,1089,66,4,12279.53,4450.21,8040.22,52708.13
3257,1090,147,4,26528.08,11772.14,16981.23,111321.41
3258,1090,9,2,9902.75,1371.01,3318.21,21752.7
3259,1090,16,1,37019.42,49.28,6654.63,43624.77
3260,1090,39,3,39677.48,4778.27,20565.75,134819.92
3261,1090,116,4,3361.81,1048.58,2231.76,14630.42
3262,1091,231,2,3326.96,354.69,1133.86,7433.09
3263,1091,10,4,31794.64,9036.9,21265.5,139407.16
3264,1091,59,2,13506.51,684.86,4739.07,31067.23
3265,1092,141,2,29486.44,1295.3,10381.96,68059.54
3266,1093,116,3,3361.81,263.87,1767.88,11589.44
3267,1093,131,3,41590.84,10125.33,20636.49,135283.68
3268,1093,166,1,33767.83,1569.03,5795.78,37994.58
3269,1093,130,2,12728.22,1749.29,4267.29,27974.44
3270,1093,111,2,43082.21,3150.31,14942.54,97956.65
3271,1094,217,3,8518.31,1751.03,4284.7,28088.6
3272,1095,140,4,12249.39,4014.63,8096.93,53079.86
3273,1096,148,1,32803.6,1868.1,5568.39,36503.89
3274,1096,239,2,26635.98,4901.47,8706.69,57077.18
3275,1097,180,2,4766.01,883.75,1556.69,10204.96
3276,1097,83,2,34264.79,3812.85,11649.01,76365.74
3277,1097,227,4,19776.73,7001.32,12979.01,85084.61
3278,1097,197,1,13368.44,856.48,2252.15,14764.11
3279,1098,53,2,12091.35,2822.05,3844.92,25205.57
3280,1099,157,2,10083.83,153.7,3602.51,23616.47
3281,1099,108,3,46203.27,13631.32,22496.13,147474.62
3282,1099,116,4,3361.81,306.36,2365.36,15506.24
3283,1099,7,3,1179.48,109.75,617.16,4045.85
3284,1099,98,2,20903.98,4809.2,6659.78,43658.54
3285,1100,120,1,26697.64,1327.25,4566.67,29937.06
3286,1101,227,1,19776.73,244.34,3515.83,23048.22
3287,1101,166,3,33767.83,10727.85,16303.62,106879.26
3288,1101,136,2,34274.09,7413.51,11004.24,72138.91
3289,1102,14,4,3800.37,1150.71,2529.14,16579.91
3290,1102,240,1,39567.79,2118.93,6740.79,44189.65
3291,1102,154,1,14680.42,358.65,2577.92,16899.69
3292,1102,40,1,11047.42,686.15,1865.03,12226.3
3293,1103,141,3,29486.44,8841.58,14331.19,93948.93
3294,1103,45,3,3684.98,997.95,1810.26,11867.25
3295,1103,167,1,31659.13,2509.35,5246.96,34396.74
3296,1103,223,1,39924.82,2192.56,6791.81,44524.07
3297,1104,139,1,4824.95,416.43,793.53,5202.05
3298,1104,1,4,25243.55,10403.33,16302.76,106873.63
3299,1104,109,2,25465.9,4888.29,8287.83,54331.34
3300,1104,240,4,39567.79,7443.43,27148.99,177976.72
3301,1105,163,2,1240.08,295.91,393.16,2577.41
3302,1106,165,3,37776.85,13576.82,17955.67,117709.4
3303,1106,65,4,41109.17,17758.97,26401.99,173079.7
3304,1107,56,1,36444.51,2560.88,6099.05,39982.68
3305,1107,105,2,18322.11,4207.45,5838.62,38275.39
3306,1107,153,4,6055.61,1058.71,4169.47,27333.2
3307,1108,97,2,11972.84,2638.69,3835.26,25142.25
3308,1108,167,3,31659.13,2761.37,16598.88,108814.9
3309,1108,195,3,42664.46,2042.12,22671.23,148622.49
3310,1108,115,3,7640.14,115.6,4104.87,26909.69
3311,1108,1,3,25243.55,2020.24,13267.87,86978.28
3312,1109,63,4,120.39,47.79,78.08,511.85
3313,1110,183,2,17183.22,4120.11,5444.34,35690.67
3314,1110,103,2,20030.13,1109.61,7011.12,45961.77
3315,1110,106,1,12366.02,565.61,2124.07,13924.48
3316,1111,210,2,33886.56,1097.02,12001.7,78677.8
3317,1111,125,1,28195.42,3218.73,4495.8,29472.49
3318,1111,234,2,10605.83,1539.54,3540.98,23213.1
3319,1111,219,4,11772.86,1042.71,8288.77,54337.5
3320,1111,228,4,11203.89,3031.37,7521.15,49305.34
3321,1112,46,4,5015.71,1469.26,3346.84,21940.42
3322,1112,49,2,43844.62,6187.22,14670.36,96172.38
3323,1112,229,2,33676.3,1740.41,11810.19,77422.38
3324,1112,89,4,4268.91,1772.78,2754.51,18057.37
3325,1113,4,3,35689.14,6747.71,18057.55,118377.26
3326,1113,78,1,5073.66,318.58,855.91,5610.99
3327,1113,32,3,25348.23,8169.14,12217.6,80093.15
3328,1113,64,2,1034.97,23.76,368.31,2414.49
3329,1114,2,1,11408.11,396.44,1982.1,12993.77
3330,1115,203,3,32452.38,8659.23,15965.62,104663.53
3331,1116,133,4,38037.94,5868.14,26331.05,172614.67
3332,1116,208,4,7922.32,503.46,5613.45,36799.27
3333,1117,76,1,44895.56,1775.21,7761.66,50882.01
3334,1117,233,2,21896.66,292.25,7830.19,51331.26
3335,1118,205,4,26777.33,1607.96,18990.24,124491.6
3336,1118,27,1,12821.1,998.56,2128.06,13950.6
3337,1118,160,3,7458.41,1080.18,3833.11,25128.16
3338,1118,67,2,41997.34,8863.25,13523.66,88655.09
3339,1118,144,1,33892.0,1927.2,5753.66,37718.46
3340,1119,86,3,41540.1,12704.9,20144.77,132060.17
3341,1119,123,1,9421.34,350.04,1632.83,10704.13
3342,1119,40,3,11047.42,1951.76,5614.29,36804.79
3343,1119,194,1,5562.52,474.47,915.85,6003.9
3344,1119,196,3,40456.71,3284.83,21255.35,139340.65
3345,1120,128,4,48190.05,11470.04,32632.23,213922.39
3346,1121,196,3,40456.71,12136.91,19661.98,128895.2
3347,1121,170,1,19374.04,1373.51,3240.1,21240.63
3348,1121,46,4,5015.71,465.56,3527.51,23124.79
3349,1121,12,4,13880.48,268.6,9945.6,65198.92
3350,1121,38,3,28086.65,7398.99,13834.97,90695.93
3351,1122,127,4,3238.17,1165.42,2121.71,13908.97
3352,1122,111,4,43082.21,17908.44,27795.67,182216.07
3353,1122,7,2,1179.48,89.23,408.55,2678.28
3354,1123,162,3,38305.79,1238.74,20462.15,134140.78
3355,1123,9,2,9902.75,2284.0,3153.87,20675.37
3356,1123,236,2,18050.29,3742.38,5824.48,38182.68
3357,1123,177,3,37809.52,1067.91,20224.92,132585.57
3358,1124,89,1,4268.91,373.4,701.19,4596.7
3359,1124,140,1,12249.39,471.79,2119.97,13897.57
3360,1124,190,4,14801.53,1851.3,10323.87,67678.69
3361,1125,13,4,40458.84,52.3,29120.95,190904.01
3362,1125,166,3,33767.83,137.46,18209.89,119375.92
3363,1125,126,2,14629.39,3132.78,4702.68,30828.68
3364,1125,211,1,18681.33,1606.95,3073.39,20147.77
3365,1126,39,1,39677.48,3242.31,6558.33,42993.5
3366,1126,46,4,5015.71,947.74,3440.72,22555.82
3367,1126,21,2,27939.78,5144.36,9132.34,59867.54
3368,1126,206,1,37695.53,1079.06,6590.96,43207.43
3369,1126,139,3,4824.95,1589.93,2319.29,15204.21
3370,1127,39,4,39677.48,6126.76,27464.97,180048.13
3371,1128,222,2,28533.87,2345.8,9849.95,64571.89
3372,1128,53,4,12091.35,766.99,8567.71,56166.12
3373,1129,231,4,3326.96,778.32,2255.31,14784.83
3374,1129,14,4,3800.37,1810.31,2410.41,15801.58
3375,1129,196,1,40456.71,2896.28,6760.88,44321.31
3376,1129,197,1,13368.44,1570.6,2123.61,13921.45
3377,1129,216,1,4678.54,336.57,781.55,5123.52
3378,1130,208,4,7922.32,381.26,5635.44,36943.46
3379,1130,100,3,46774.34,9044.33,23630.16,154908.85
3380,1131,153,4,6055.61,94.03,4343.11,28471.52
3381,1132,174,3,40361.15,5279.6,20844.69,136648.54
3382,1132,2,3,11408.11,1216.74,5941.37,38948.96
3383,1132,122,1,24991.82,2589.78,4032.37,26434.41
3384,1132,123,2,9421.34,2076.92,3017.84,19783.6
3385,1133,187,3,33639.08,5101.06,17246.91,113063.09
3386,1133,63,4,120.39,46.46,78.32,513.42
3387,1133,148,4,32803.6,2082.7,23243.71,152375.41
3388,1134,36,4,10167.03,359.53,7255.55,47564.14
3389,1135,233,4,21896.66,508.9,15673.99,102751.73
3390,1135,100,1,46774.34,2207.96,8021.95,52588.33
3391,1136,228,4,11203.89,1430.42,7809.33,51194.47
3392,1136,165,1,37776.85,2828.02,6290.79,41239.62
3393,1136,23,1,3383.79,4.45,608.28,3987.62
3394,1136,166,2,33767.83,4754.31,11300.64,74081.99
3395,1136,163,1,1240.08,147.09,196.74,1289.73
3396,1137,87,2,21959.44,4044.36,7177.41,47051.93
3397,1137,41,4,23389.54,8498.56,15310.73,100370.33
3398,1137,177,4,37809.52,12633.47,24948.83,163553.44
3399,1138,111,3,43082.21,14225.89,20703.73,135724.47
3400,1138,12,4,13880.48,6225.86,8873.29,58169.35
3401,1138,35,3,13199.49,1224.97,6907.23,45280.73
3402,1138,221,3,32207.06,11379.84,15343.44,100584.78
3403,1138,119,2,36904.39,388.34,13215.68,86636.12
3404,1139,5,4,16705.9,2789.44,11526.15,75560.31
3405,1139,162,3,38305.79,7300.37,19371.06,126988.06
3406,1139,144,3,33892.0,10814.04,16355.15,107217.11
3407,1139,31,3,44553.38,12223.31,21858.63,143295.46
3408,1139,184,4,11705.83,5508.39,7436.69,48751.62
3409,1140,81,4,3286.08,599.2,2258.12,14803.24
3410,1141,3,2,33432.15,6080.13,10941.15,71725.32
3411,1141,76,4,44895.56,345.56,32262.6,211499.28
3412,1141,115,2,7640.14,647.86,2633.84,17266.26
3413,1141,222,1,28533.87,1253.11,4910.54,32191.3
3414,1142,109,4,25465.9,9888.47,16555.52,108530.65
3415,1143,66,1,12279.53,308.25,2154.83,14126.11
3416,1143,78,3,5073.66,561.82,2638.65,17297.81
3417,1144,178,1,39619.34,1518.14,6858.22,44959.42
3418,1144,235,4,28131.22,1662.33,19955.26,130817.81
3419,1144,120,1,26697.64,2429.93,4368.19,28635.9
3420,1145,227,2,19776.73,4182.1,6366.84,41738.2
3421,1145,32,4,25348.23,3210.22,17672.89,115855.59
3422,1145,142,4,26420.51,5021.86,18118.83,118779.01
3423,1145,61,1,33657.04,1511.56,5786.19,37931.67
3424,1146,220,1,21280.0,1439.37,3571.31,23411.94
3425,1146,2,2,11408.11,69.91,4094.34,26840.65
3426,1147,179,2,40060.15,2022.24,14057.65,92155.71
3427,1147,123,4,9421.34,1307.36,6548.04,42926.04
3428,1147,55,1,21783.95,486.33,3833.57,25131.19
3429,1147,202,2,22486.45,1738.62,7782.17,51016.45
3430,1147,175,2,27514.3,5384.95,8935.86,58579.51
3431,1148,160,2,7458.41,400.67,2612.91,17129.06
3432,1148,239,3,26635.98,6249.17,13258.58,86917.35
3433,1149,17,4,25819.56,7644.83,17214.01,112847.42
3434,1150,155,2,37465.45,7997.75,12047.97,78981.12
3435,1151,230,1,26170.26,2872.99,4193.51,27490.78
3436,1151,100,4,46774.34,7265.53,32369.73,212201.56
3437,1152,202,2,22486.45,994.65,7916.09,51894.34
3438,1152,73,4,17456.78,8319.72,11071.33,72578.73
3439,1152,63,2,120.39,26.4,38.59,252.97
3440,1152,55,4,21783.95,4699.06,14838.61,97275.35
3441,1153,187,4,33639.08,55.69,24210.11,158710.74
3442,1153,123,3,9421.34,177.59,5055.56,33141.99
3443,1153,8,4,28733.56,11000.18,18708.13,122642.19
3444,1154,164,4,15908.19,6040.67,10366.58,67958.67
3445,1155,122,2,24991.82,2567.33,8534.94,55951.25
3446,1155,201,4,18244.99,1206.1,12919.29,84693.15
3447,1155,195,1,42664.46,4310.09,6903.79,45258.16
3448,1155,94,4,35740.44,14245.96,23168.84,151884.64
3449,1156,227,1,19776.73,670.96,3439.04,22544.81
3450,1156,204,4,3813.54,489.23,2657.69,17422.62
3451,1156,68,4,3827.59,1186.29,2542.33,16666.4
3452,1156,106,2,12366.02,310.1,4395.95,28817.89
3453,1157,234,3,10605.83,3107.43,5167.81,33877.87
3454,1157,181,1,30664.66,3189.52,4945.53,32420.67
3455,1157,130,2,12728.22,436.6,4503.57,29523.41
3456,1157,110,4,6566.95,2443.15,4288.44,28113.09
3457,1157,9,4,9902.75,1409.83,6876.21,45077.38
3458,1158,150,1,3654.09,289.64,605.6,3970.05
3459,1158,181,1,30664.66,1212.64,5301.36,34753.38
3460,1158,240,3,39567.79,8010.84,19924.66,130617.19
3461,1158,226,3,41253.01,3385.73,21667.19,142040.49
3462,1158,137,1,31709.73,15.54,5704.95,37399.14
3463,1159,128,2,48190.05,3943.97,16638.5,109074.63
3464,1159,77,4,19293.34,6913.4,12646.79,82906.75
3465,1159,45,4,3684.98,113.58,2632.74,17259.08
3466,1160,15,3,37893.41,919.34,20296.96,133057.85
3467,1160,85,1,8728.6,402.65,1498.67,9824.62
3468,1160,169,1,10455.18,1238.88,1658.93,10875.23
3469,1160,140,2,12249.39,2051.75,4040.47,26487.5
3470,1161,101,3,46156.61,8562.65,23383.29,153290.47
3471,1161,7,4,1179.48,353.01,785.68,5150.59
3472,1161,193,4,16913.96,1565.27,11896.3,77986.87
3473,1162,13,1,40458.84,2786.47,6781.03,44453.4
3474,1163,231,4,3326.96,1092.92,2198.69,14413.61
3475,1163,82,4,10944.45,4996.36,6980.66,45762.1
3476,1163,188,3,14567.29,2618.24,7395.05,48478.68
3477,1164,66,4,12279.53,1618.52,8549.93,56049.53
3478,1164,121,1,18719.38,117.49,3348.34,21950.23
3479,1165,107,4,19641.45,3327.11,13542.96,88781.65
3480,1166,121,2,18719.38,905.68,6575.95,43109.03
3481,1166,239,4,26635.98,11662.08,17078.73,111960.57
3482,1166,76,4,44895.56,366.1,32258.91,211475.05
3483,1166,2,2,11408.11,2290.29,3694.67,24220.6
3484,1166,37,4,36875.04,15350.57,23786.93,155936.52
3485,1167,40,4,11047.42,322.21,7896.14,51763.61
3486,1167,235,1,28131.22,2691.53,4579.14,30018.83
3487,1167,55,3,21783.95,5735.19,10731.0,70347.66
3488,1168,4,1,35689.14,3527.54,5789.09,37950.69
3489,1168,150,4,3654.09,1046.02,2442.66,16013.0
3490,1168,198,4,112.51,7.29,79.69,522.44
3491,1168,111,3,43082.21,5221.08,22324.6,146350.15
3492,1168,164,2,15908.19,2119.88,5345.37,35041.87
3493,1169,119,2,36904.39,3134.84,12721.31,83395.25
3494,1170,147,1,26528.08,2827.7,4266.07,27966.45
3495,1170,65,1,41109.17,692.39,7275.02,47691.8
3496,1171,167,1,31659.13,3044.71,5150.6,33765.02
3497,1171,224,1,31527.62,1338.44,5434.05,35623.23
3498,1172,40,1,11047.42,747.05,1854.07,12154.44
3499,1172,11,4,36727.76,11723.29,24333.79,159521.54
3500,1172,59,4,13506.51,1852.25,9391.28,61565.07
3501,1173,189,2,28066.42,1357.07,9859.64,64635.41
3502,1173,69,2,3290.31,662.62,1065.24,6983.24
3503,1173,233,3,21896.66,6201.46,10707.93,70196.45
3504,1173,176,4,43250.55,14456.02,28538.31,187084.49
3505,1174,44,4,43728.99,653.37,31367.27,205629.86
3506,1174,229,3,33676.3,8760.07,16608.39,108877.22
3507,1175,54,1,4901.82,225.85,841.67,5517.64
3508,1175,26,2,15276.03,3092.2,4942.77,32402.63
3509,1175,218,2,20584.33,3246.74,6825.95,44747.87
3510,1175,114,1,23667.1,1055.17,4070.15,26682.08
3511,1175,50,1,45675.94,2569.21,7759.21,50865.94
3512,1176,107,1,19641.45,2200.39,3139.39,20580.45
3513,1176,160,2,7458.41,421.67,2609.13,17104.28
3514,1176,141,4,29486.44,10260.33,19383.38,127068.81
3515,1177,15,4,37893.41,5754.19,26247.5,172066.95
3516,1177,10,3,31794.64,9991.52,15370.63,100763.03
3517,1177,182,4,26624.12,710.91,19041.4,124826.97
3518,1177,209,3,10731.59,3129.02,5231.84,34297.59
3519,1177,204,4,3813.54,1063.38,2554.34,16745.12
3520,1178,135,1,25713.49,2601.15,4160.22,27272.56
3521,1178,20,2,38320.28,4256.02,13029.22,85413.76
3522,1178,210,1,33886.56,1434.39,5841.39,38293.56
3523,1178,225,1,36716.34,1411.69,6354.84,41659.49
3524,1178,222,1,28533.87,1910.03,4792.29,31416.13
3525,1179,106,2,12366.02,2847.6,3939.2,25823.64
3526,1179,53,4,12091.35,2313.38,8289.36,54341.38
3527,1179,135,2,25713.49,1467.49,8992.71,58952.2
3528,1179,6,4,9654.29,3156.99,6382.83,41843.0
3529,1180,166,4,33767.83,13734.07,21840.7,143177.95
3530,1180,203,1,32452.38,1988.98,5483.41,35946.81
3531,1180,139,2,4824.95,944.32,1567.0,10272.58
3532,1180,134,1,29515.74,2298.18,4899.16,32116.72
3533,1180,165,4,37776.85,127.71,27176.34,178156.03
3534,1181,200,2,28469.05,2648.46,9772.14,64061.78
3535,1181,38,2,28086.65,1509.29,9839.52,64503.53
3536,1181,151,4,39931.59,12676.26,26469.02,173519.12
3537,1181,143,4,23230.7,10273.4,14876.89,97526.29
3538,1182,221,2,32207.06,7702.98,10208.01,66919.15
3539,1182,133,2,38037.94,3088.55,13137.72,86125.05
3540,1182,201,4,18244.99,116.21,13115.48,85979.23
3541,1182,187,4,33639.08,7141.05,22934.75,150350.02
3542,1183,175,3,27514.3,4358.05,14073.27,92258.12
3543,1184,133,3,38037.94,3607.01,19891.23,130398.04
3544,1184,71,3,21062.02,2787.6,10871.72,71270.18
3545,1185,193,2,16913.96,3800.4,5404.95,35432.47
3546,1186,84,4,10857.56,4269.03,7049.02,46210.23
3547,1187,14,3,3800.37,1100.38,1854.13,12154.86
3548,1187,224,3,31527.62,4053.75,16295.24,106824.35
3549,1187,226,3,41253.01,3911.84,21572.49,141419.68
3550,1187,37,4,36875.04,10168.75,24719.65,162051.06
3551,1187,60,3,24754.89,220.47,13327.96,87372.16
3552,1188,56,4,36444.51,3824.57,25551.62,167505.09
3553,1188,35,4,13199.49,3206.09,8926.54,58518.41
3554,1188,157,2,10083.83,2102.13,3251.8,21317.33
3555,1188,82,3,10944.45,2294.23,5497.04,36036.16
3556,1189,101,1,46156.61,757.18,8171.9,53571.33
3557,1189,144,1,33892.0,1347.93,5857.93,38402.0
3558,1189,199,3,19178.46,6364.1,9210.83,60382.11
3559,1189,191,3,30208.27,6987.53,15054.71,98691.99
3560,1189,54,2,4901.82,266.63,1716.66,11253.67
3561,1190,138,4,5484.92,2098.57,3571.4,23412.51
3562,1190,64,1,1034.97,117.58,165.13,1082.52
3563,1190,150,2,3654.09,263.0,1268.13,8313.31
3564,1191,92,4,39462.15,5071.39,27499.9,180277.11
3565,1191,140,1,12249.39,624.27,2092.52,13717.64
3566,1191,73,4,17456.78,24.61,12564.45,82366.96
3567,1191,167,1,31659.13,3602.7,5050.16,33106.59
3568,1191,22,2,9607.6,177.37,3426.81,22464.64
3569,1192,215,4,34726.43,6444.18,23843.08,156304.62
3570,1192,71,1,21062.02,1782.44,3470.32,22749.9
3571,1192,171,3,32844.1,9663.64,15996.36,104865.02
3572,1193,138,3,5484.92,1311.98,2725.7,17868.48
3573,1193,104,2,15989.17,3726.47,5085.34,33337.21
3574,1194,148,4,32803.6,11133.49,21614.56,141695.47
3575,1195,107,1,19641.45,328.92,3476.26,22788.79
3576,1195,106,3,12366.02,3323.71,6079.38,39853.73
3577,1195,112,2,24992.69,1666.82,8697.34,57015.9
3578,1195,20,1,38320.28,618.15,6786.38,44488.51
3579,1196,231,2,3326.96,579.05,1093.48,7168.35
3580,1197,190,4,14801.53,4364.21,9871.54,64713.45
3581,1197,5,3,16705.9,900.43,8859.11,58076.38
3582,1197,25,3,27064.69,2689.91,14130.75,92634.91
3583,1197,122,4,24991.82,1443.1,17734.35,116258.53
3584,1197,222,3,28533.87,276.34,15358.55,100683.82
3585,1198,112,2,24992.69,5209.8,8059.6,52835.18
3586,1198,226,4,41253.01,16109.59,26802.44,175704.89
3587,1198,79,1,15130.34,997.85,2543.85,16676.34
3588,1199,229,3,33676.3,7063.71,16913.73,110878.92
3589,1199,157,2,10083.83,1547.32,3351.66,21972.0
3590,1199,163,4,1240.08,407.92,819.43,5371.83
3591,1199,86,4,41540.1,16964.47,26855.27,176051.2
3592,1200,46,3,5015.71,619.84,2596.91,17024.2
3593,1201,103,2,20030.13,2752.92,6715.32,44022.66
3594,1201,124,3,10290.63,1736.81,5244.31,34379.39
3595,1201,37,2,36875.04,8466.82,11750.99,77034.25
3596,1201,47,1,34112.86,1034.4,5954.12,39032.58
3597,1201,137,3,31709.73,3150.6,16556.15,108534.74
3598,1202,30,3,7051.18,1768.48,3489.31,22874.37
3599,1203,4,3,35689.14,3133.14,18708.17,122642.45
3600,1203,150,4,3654.09,1141.18,2425.53,15900.71
3601,1203,83,4,34264.79,1558.5,24390.12,159890.78
3602,1204,22,2,9607.6,1342.67,3217.06,21089.59
3603,1204,80,3,9554.15,316.77,5102.22,33447.9
3604,1205,125,1,28195.42,1856.81,4740.95,31079.56
3605,1206,215,1,34726.43,595.02,6143.65,40275.06
3606,1206,14,4,3800.37,1499.42,2466.37,16168.43
3607,1206,105,2,18322.11,1074.66,6402.52,41972.08
3608,1206,165,1,37776.85,1687.66,6496.05,42585.24
3609,1207,129,3,3101.06,1090.49,1478.28,9690.97
3610,1207,111,3,43082.21,14113.01,20724.05,135857.67
3611,1208,7,4,1179.48,271.98,800.27,5246.21
3612,1208,104,1,15989.17,604.46,2769.25,18153.96
3613,1209,37,1,36875.04,139.42,6612.41,43348.03
3614,1209,33,3,39008.3,3259.48,20477.78,134243.2
3615,1209,35,2,13199.49,583.49,4646.79,30462.28
3616,1209,219,2,11772.86,133.34,4214.23,27626.61
3617,1209,72,4,12573.73,843.98,8901.17,58352.11
3618,1210,54,1,4901.82,113.2,861.95,5650.57
3619,1210,58,2,43014.0,3753.75,14809.36,97083.61
3620,1210,148,4,32803.6,15042.79,20910.89,137082.5
3621,1211,33,2,39008.3,4686.59,13199.4,86529.41
3622,1211,56,3,36444.51,10135.42,17855.66,117053.77
3623,1211,78,3,5073.66,1113.1,2539.42,16647.3
3624,1212,187,3,33639.08,2997.45,17625.56,115545.35
3625,1213,46,2,5015.71,428.8,1728.47,11331.09
3626,1213,160,1,7458.41,299.48,1288.61,8447.54
3627,1213,121,2,18719.38,4480.43,5932.5,38890.83
3628,1214,69,4,3290.31,1206.67,2151.82,14106.39
3629,1215,69,4,3290.31,1236.25,2146.5,14071.49
3630,1216,237,4,17135.78,5919.49,11272.25,73895.88
3631,1216,196,2,40456.71,3282.47,13973.57,91604.52
3632,1216,101,4,46156.61,2819.95,32725.17,214531.66
3633,1217,127,3,3238.17,120.37,1726.95,11321.09
3634,1217,237,4,17135.78,672.79,12216.66,80086.99
3635,1217,152,4,37157.0,15399.25,23981.17,157209.92
3636,1217,39,4,39677.48,18110.11,25307.97,165907.78
3637,1218,85,1,8728.6,432.55,1493.29,9789.34
3638,1218,129,1,3101.06,146.36,531.85,3486.55
3639,1218,192,2,13341.13,947.87,4632.19,30366.58
3640,1218,110,4,6566.95,1860.51,4393.31,28800.6
3641,1218,64,2,1034.97,152.99,345.05,2262.0
3642,1219,26,4,15276.03,6576.79,9814.92,64342.25
3643,1220,122,4,24991.82,706.94,17866.86,117127.2
3644,1220,34,2,9115.19,1695.46,2976.29,19511.21
3645,1221,143,2,23230.7,2155.42,7975.08,52281.06
3646,1222,201,4,18244.99,1610.9,12846.43,84215.49
3647,1222,198,3,112.51,33.96,54.64,358.21
3648,1222,114,2,23667.1,2207.29,8122.84,53249.75
3649,1223,36,3,10167.03,41.54,5482.72,35942.27
3650,1223,192,4,13341.13,5255.29,8659.66,56768.89
3651,1223,239,3,26635.98,4848.43,13510.71,88570.22
3652,1223,150,1,3654.09,435.63,579.32,3797.78
3653,1224,116,2,3361.81,176.25,1178.53,7725.9
3654,1224,173,2,15522.12,2235.49,5185.57,33994.32
3655,1224,7,1,1179.48,14.84,209.64,1374.28
3656,1224,106,4,12366.02,637.71,8788.75,57615.12
3657,1225,9,2,9902.75,550.49,3465.9,22720.91
3658,1225,195,3,42664.46,3309.05,22443.18,147127.51
3659,1225,194,4,5562.52,2224.73,3604.56,23629.91
3660,1225,21,2,27939.78,6417.19,8903.23,58365.6
3661,1225,50,3,45675.94,8772.18,23086.02,151341.66
3662,1226,127,1,3238.17,386.24,513.35,3365.28
3663,1226,154,1,14680.42,182.74,2609.58,17107.26
3664,1226,56,1,36444.51,4265.41,5792.24,37971.34
3665,1226,10,1,31794.64,2944.15,5193.09,34043.58
3666,1227,219,4,11772.86,5176.17,7544.75,49460.02
3667,1227,107,1,19641.45,1762.99,3218.12,21096.58
3668,1227,238,1,19991.97,2101.97,3220.2,21110.2
3669,1227,31,1,44553.38,1317.61,7782.44,51018.21
3670,1228,16,3,37019.42,2631.84,19516.76,127943.18
3671,1228,54,4,4901.82,144.43,3503.31,22966.16
3672,1229,83,4,34264.79,1626.32,24377.91,159810.75
3673,1230,175,1,27514.3,3289.69,4360.43,28585.04
3674,1230,80,3,9554.15,3116.91,4598.2,30143.74
3675,1230,238,1,19991.97,387.62,3528.78,23133.13
3676,1230,217,1,8518.31,295.75,1480.06,9702.62
3677,1230,210,1,33886.56,538.88,6002.58,39350.26
3678,1231,55,3,21783.95,3849.43,11070.44,72572.86
3679,1231,112,3,24992.69,7739.41,12102.96,79341.62
3680,1231,122,2,24991.82,3629.99,8343.66,54697.31
3681,1231,218,2,20584.33,2737.42,6917.62,45348.86
3682,1231,131,1,41590.84,187.2,7452.66,48856.3
3683,1232,165,1,37776.85,1579.15,6515.59,42713.29
3684,1232,39,1,39677.48,362.5,7076.7,46391.68
3685,1233,100,4,46774.34,12300.55,31463.43,206260.24
3686,1233,18,3,16802.96,2039.35,8706.52,57076.05
3687,1234,163,3,1240.08,217.21,630.55,4133.58
3688,1234,94,1,35740.44,4006.81,5712.05,37445.68
3689,1235,146,3,269.14,10.27,143.49,940.64
3690,1235,154,3,14680.42,2286.72,7515.82,49270.36
3691,1235,57,3,20483.4,6924.8,9814.57,64339.97
3692,1235,15,4,37893.41,3787.05,26601.59,174388.18
3693,1235,8,3,28733.56,8050.77,14066.98,92216.89
3694,1236,104,3,15989.17,2331.76,8214.43,53850.18
3695,1236,35,1,13199.49,410.23,2302.07,15091.33
3696,1236,195,1,42664.46,2439.1,7240.56,47465.92
3697,1236,168,1,41017.08,408.55,7309.54,47918.07
3698,1237,221,4,32207.06,12027.86,21024.07,137824.45
3699,1237,47,1,34112.86,3589.83,5494.15,36017.18
3700,1237,67,1,41997.34,4880.5,6681.03,43797.87
3701,1237,11,4,36727.76,7213.53,25145.55,164843.06
3702,1238,105,1,18322.11,267.61,3249.81,21304.31
3703,1238,44,2,43728.99,1469.37,15477.95,101466.56
3704,1238,50,2,45675.94,6053.5,15353.71,100652.09
3705,1238,129,2,3101.06,130.24,1092.94,7164.82
3706,1239,156,3,36965.82,425.18,19885.01,130357.29
3707,1239,152,3,37157.0,1234.24,19842.62,130079.38
3708,1239,153,3,6055.61,986.18,3092.52,20273.17
3709,1240,212,3,8937.81,624.99,4713.92,30902.36
3710,1241,237,1,17135.78,1627.65,2791.46,18299.59
3711,1241,212,4,8937.81,1241.0,6211.84,40722.08
3712,1242,33,1,39008.3,3985.81,6304.05,41326.54
3713,1243,157,3,10083.83,3164.02,4875.74,31963.21
3714,1244,74,2,24770.89,3273.34,8328.32,54596.76
3715,1244,188,2,14567.29,297.18,5190.73,34028.13
3716,1244,227,2,19776.73,107.14,7100.34,46546.66
3717,1244,161,2,41588.13,7545.84,13613.48,89243.9
3718,1245,25,4,27064.69,3255.31,18900.62,123904.07
3719,1245,57,2,20483.4,4041.06,6646.63,43572.37
3720,1246,152,1,37157.0,2428.87,6251.06,40979.19
3721,1246,147,3,26528.08,1781.79,14004.44,91806.89
3722,1246,79,1,15130.34,1514.45,2450.86,16066.75
3723,1247,110,1,6566.95,306.16,1126.94,7387.73
3724,1247,4,4,35689.14,7874.98,24278.68,159160.26
3725,1247,97,2,11972.84,1299.81,4076.26,26722.13
3726,1247,18,3,16802.96,2245.74,8669.37,56832.51
3727,1247,187,1,33639.08,335.02,5994.73,39298.79
3728,1248,151,1,39931.59,670.91,7066.92,46327.6
3729,1248,231,2,3326.96,507.04,1106.44,7253.32
3730,1248,142,3,26420.51,1849.5,13934.17,91346.2
3731,1249,221,1,32207.06,2054.18,5427.52,35580.4
3732,1249,233,2,21896.66,1263.29,7655.41,50185.44
3733,1249,47,2,34112.86,7376.19,10952.92,71802.45
3734,1249,83,2,34264.79,1748.26,12020.64,78801.96
3735,1250,88,4,33071.07,9530.07,22095.76,144849.97
3736,1250,64,3,1034.97,199.18,523.03,3428.76
3737,1250,224,3,31527.62,5204.36,16088.13,105466.63
3738,1251,43,1,16510.19,473.83,2886.54,18922.9
3739,1251,95,2,8312.81,442.15,2913.02,19096.49
3740,1251,116,2,3361.81,500.71,1120.12,7343.03
3741,1252,236,2,18050.29,199.67,6462.16,42363.07
3742,1252,208,1,7922.32,866.68,1270.02,8325.66
3743,1252,36,2,10167.03,1476.5,3394.36,22251.92
3744,1252,135,4,25713.49,2268.81,18105.33,118690.48
3745,1252,100,1,46774.34,2484.4,7972.19,52262.13
3746,1253,105,4,18322.11,4762.93,12334.59,80860.1
3747,1254,122,1,24991.82,1188.26,4284.64,28088.2
3748,1254,220,2,21280.0,4184.87,6907.52,45282.65
3749,1255,2,1,11408.11,572.21,1950.46,12786.36
3750,1255,48,1,2802.25,35.73,497.97,3264.49
3751,1255,39,2,39677.48,6122.9,13181.77,86413.83
3752,1256,166,1,33767.83,744.81,5944.14,38967.16
3753,1257,180,3,4766.01,607.2,2464.35,16155.18
3754,1257,127,3,3238.17,2.86,1748.1,11459.75
3755,1257,17,4,25819.56,7180.32,17297.63,113395.55
3756,1258,35,2,13199.49,262.44,4704.58,30841.12
3757,1258,191,4,30208.27,9437.88,20051.14,131446.34
3758,1259,114,1,23667.1,1746.46,3945.72,25866.36
3759,1259,4,3,35689.14,2515.81,18819.29,123370.9
3760,1260,88,4,33071.07,10288.05,21959.32,143955.55
3761,1260,15,4,37893.41,1216.77,27064.24,177421.11
3762,1260,89,1,4268.91,401.49,696.14,4563.56
3763,1260,46,2,5015.71,666.62,1685.66,11050.46
3764,1261,16,1,37019.42,1736.03,6351.01,41634.4
3765,1261,40,4,11047.42,127.48,7931.2,51993.4
3766,1261,34,4,9115.19,2767.86,6064.72,39757.62
3767,1261,63,2,120.39,9.69,41.6,272.69
3768,1261,18,2,16802.96,609.62,5939.33,38935.63
3769,1262,185,4,189.21,20.04,132.62,869.42
3770,1262,73,4,17456.78,702.08,12442.51,81567.55
3771,1262,166,3,33767.83,10281.94,16383.88,107405.43
3772,1262,132,3,15074.48,1045.01,7952.12,52130.55
3773,1262,95,1,8312.81,28.85,1491.11,9775.07
3774,1263,224,1,31527.62,783.82,5533.88,36277.68
3775,1263,63,3,120.39,18.96,61.6,403.81
3776,1264,27,2,12821.1,2466.1,4171.7,27347.8
3777,1264,126,4,14629.39,2898.27,10011.47,65630.76
3778,1264,169,1,10455.18,1107.06,1682.66,11030.78
3779,1265,171,4,32844.1,12672.49,21366.7,140070.61
3780,1265,223,2,39924.82,6710.53,13165.04,86304.15
3781,1265,8,4,28733.56,4038.84,19961.17,130856.57
3782,1266,81,2,3286.08,385.66,1113.57,7300.07
3783,1266,89,3,4268.91,1033.72,2119.14,13892.15
3784,1266,57,3,20483.4,6860.44,9826.16,64415.92
3785,1267,43,3,16510.19,4209.06,8157.87,53479.38
3786,1267,72,1,12573.73,32.71,2257.38,14798.4
3787,1268,99,3,21866.86,6760.13,10591.28,69431.73
3788,1268,137,2,31709.73,6228.48,10294.38,67485.36
3789,1268,238,1,19991.97,2078.45,3224.43,21137.95
3790,1269,180,4,4766.01,1336.71,3190.92,20918.25
3791,1269,6,2,9654.29,596.4,3368.19,22080.37
3792,1269,158,3,36880.83,11504.24,17844.88,116983.13
3793,1270,75,4,8532.47,1889.99,5803.18,38043.07
3794,1270,229,1,33676.3,1159.3,5853.06,38370.06
3795,1271,75,1,8532.47,208.48,1498.32,9822.31
3796,1271,179,2,40060.15,899.98,14259.66,93479.98
3797,1271,168,4,41017.08,10936.81,27563.67,180695.18
3798,1271,14,2,3800.37,706.11,1241.03,8135.66
3799,1271,118,2,9547.03,1018.95,3253.52,21328.63
3800,1272,125,4,28195.42,159.03,20272.08,132894.73
3801,1272,103,2,20030.13,1956.52,6858.67,44962.41
3802,1272,197,2,13368.44,2152.54,4425.18,29009.52
3803,1272,187,4,33639.08,3236.8,23637.51,154957.03
3804,1273,75,4,8532.47,3346.53,5541.0,36324.35
3805,1273,129,2,3101.06,152.27,1088.97,7138.82
3806,1273,236,2,18050.29,1831.86,6168.37,40437.09
3807,1273,69,4,3290.31,1067.16,2176.93,14271.01
3808,1273,33,4,39008.3,429.55,28008.66,183612.31
3809,1274,98,3,20903.98,4817.14,10421.06,68315.86
3810,1274,3,3,33432.15,7300.65,16739.24,109735.04
3811,1275,72,1,12573.73,171.59,2232.39,14634.53
3812,1275,146,2,269.14,9.4,95.2,624.08
3813,1275,184,3,11705.83,3217.88,5741.93,37641.54
3814,1275,214,1,25781.44,2809.45,4134.96,27106.95
3815,1276,122,3,24991.82,7081.43,12220.93,80114.96
3816,1277,164,3,15908.19,1461.98,8327.27,54589.86
3817,1277,194,1,5562.52,40.89,993.89,6515.52
3818,1277,187,1,33639.08,1097.73,5857.44,38398.79
3819,1277,189,1,28066.42,1173.98,4840.64,31733.08
3820,1277,10,4,31794.64,13637.99,20437.3,133977.87
3821,1278,132,4,15074.48,2245.21,10449.49,68502.2
3822,1278,166,3,33767.83,4282.26,17463.82,114485.05
3823,1278,56,1,36444.51,861.92,6404.87,41987.46
3824,1279,216,3,4678.54,60.79,2515.47,16490.3
3825,1279,209,1,10731.59,199.31,1895.81,12428.09
3826,1279,116,4,3361.81,1275.3,2190.95,14362.89
3827,1279,141,1,29486.44,1432.33,5049.74,33103.85
3828,1280,109,1,25465.9,1738.05,4271.01,27998.86
3829,1280,205,4,26777.33,10624.41,17367.28,113852.19
3830,1280,133,4,38037.94,8006.97,25946.06,170090.85
3831,1280,29,2,7930.98,1263.87,2627.66,17225.75
3832,1281,96,3,17662.28,2267.01,9129.57,59849.4
3833,1281,49,1,43844.62,3094.0,7335.11,48085.73
3834,1282,168,2,41017.08,2778.88,14265.95,93521.23
3835,1282,152,4,37157.0,7137.35,25468.32,166958.97
3836,1282,198,2,112.51,2.55,40.04,262.51
3837,1282,195,4,42664.46,6863.54,29482.97,193277.27
3838,1282,131,1,41590.84,332.07,7426.58,48685.35
3839,1283,2,2,11408.11,17.69,4103.74,26902.27
3840,1283,209,3,10731.59,790.09,5652.84,37057.52
3841,1284,66,1,12279.53,940.08,2041.1,13380.55
3842,1284,82,1,10944.45,216.18,1931.09,12659.36
3843,1285,120,4,26697.64,1602.65,18933.82,124121.73
3844,1285,210,1,33886.56,2598.05,5631.93,36920.44
3845,1285,49,2,43844.62,5846.1,14731.77,96574.91
3846,1285,235,2,28131.22,6414.8,8972.58,58820.22
3847,1285,2,4,11408.11,2568.98,7751.42,50814.88
3848,1286,168,2,41017.08,10.8,14764.2,96787.56
3849,1286,130,1,12728.22,13.17,2288.71,15003.76
3850,1286,236,1,18050.29,317.17,3191.96,20925.08
3851,1286,100,1,46774.34,4643.46,7583.56,49714.44
3852,1287,90,4,18461.71,7521.44,11938.57,78263.97
3853,1288,162,4,38305.79,6432.93,26422.24,173212.47
3854,1288,122,4,24991.82,4830.05,17124.7,112261.93
3855,1288,28,4,29031.11,5667.61,19882.23,130339.06
3856,1288,97,1,11972.84,872.47,1998.07,13098.44
3857,1288,94,4,35740.44,8989.7,24114.97,158087.03
3858,1289,42,3,27736.92,9435.86,13279.48,87054.38
3859,1289,240,4,39567.79,12955.78,26156.77,171472.15
3860,1290,63,1,120.39,6.63,20.48,134.24
3861,1290,160,3,7458.41,1861.47,3692.48,24206.24
3862,1290,181,4,30664.66,9887.69,20298.77,133069.72
3863,1291,12,1,13880.48,661.21,2379.47,15598.74
3864,1292,144,2,33892.0,5445.15,11220.99,73559.84
3865,1292,147,4,26528.08,11584.09,17015.08,111543.31
3866,1292,184,4,11705.83,4851.93,7554.85,49526.24
3867,1293,126,2,14629.39,378.48,5198.45,34078.75
3868,1293,229,4,33676.3,7629.6,22873.61,149949.21
3869,1293,23,1,3383.79,332.23,549.28,3600.84
3870,1294,24,2,4300.49,843.54,1396.34,9153.78
3871,1294,127,4,3238.17,657.92,2213.06,14507.82
3872,1295,172,1,1060.63,103.2,172.34,1129.77
3873,1295,33,2,39008.3,194.65,14007.95,91829.9
3874,1295,75,4,8532.47,2719.76,5653.82,37063.94
3875,1295,1,1,25243.55,921.47,4377.97,28700.05
3876,1296,127,1,3238.17,155.68,554.85,3637.34
3877,1296,225,2,36716.34,6429.47,12060.58,79063.79
3878,1297,183,1,17183.22,184.36,3059.79,20058.65
3879,1297,196,1,40456.71,276.07,7232.52,47413.16
3880,1297,214,1,25781.44,1823.26,4312.47,28270.65
3881,1297,230,2,26170.26,414.33,9346.71,61272.9
3882,1297,52,4,30086.26,7524.57,20307.68,133128.15
3883,1298,179,3,40060.15,7841.85,20220.95,132559.55
3884,1298,72,2,12573.73,1886.04,4187.06,27448.48
3885,1298,17,1,25819.56,1926.05,4300.83,28194.34
3886,1299,101,1,46156.61,2835.0,7797.89,51119.5
3887,1299,44,1,43728.99,736.38,7738.67,50731.28
3888,1299,137,2,31709.73,5132.25,10491.7,68778.91
3889,1299,235,4,28131.22,7020.38,18990.81,124495.31
3890,1300,234,1,10605.83,1264.44,1681.45,11022.84
3891,1300,184,1,11705.83,51.04,2097.86,13752.65
3892,1300,57,3,20483.4,5020.83,10157.29,66586.66
3893,1301,129,1,3101.06,277.98,508.15,3331.23
3894,1301,75,2,8532.47,1366.42,2825.73,18524.25
3895,1301,36,2,10167.03,1157.51,3451.78,22628.33
3896,1301,25,4,27064.69,9528.24,17771.49,116502.01
3897,1301,143,3,23230.7,5416.24,11569.65,75845.51
3898,1302,123,2,9421.34,1488.27,3123.79,20478.2
3899,1302,102,2,34567.4,3394.52,11833.25,77573.53
3900,1302,223,2,39924.82,4143.64,13627.08,89333.08
3901,1302,230,3,26170.26,231.53,14090.26,92369.51
3902,1303,48,4,2802.25,585.08,1912.31,12536.23
3903,1303,109,1,25465.9,1741.49,4270.39,27994.8
3904,1304,141,1,29486.44,1641.1,5012.16,32857.5
3905,1304,235,2,28131.22,5458.07,9144.79,59949.16
3906,1305,112,4,24992.69,4560.85,17173.78,112583.69
3907,1305,83,1,34264.79,2257.55,5761.3,37768.54
3908,1306,32,1,25348.23,2713.1,4074.32,26709.45
3909,1306,198,4,112.51,17.8,77.8,510.04
3910,1306,113,2,2640.7,362.3,885.44,5804.54
3911,1307,21,3,27939.78,5286.47,14135.92,92668.79
3912,1307,166,1,33767.83,227.25,6037.3,39577.88
3913,1307,30,3,7051.18,1964.41,3454.04,22643.17
3914,1307,216,1,4678.54,403.33,769.54,5044.75
3915,1308,13,1,40458.84,3757.53,6606.24,43307.55
3916,1308,161,2,41588.13,179.84,14939.36,97935.78
3917,1308,60,1,24754.89,2171.76,4064.96,26648.09
3918,1308,165,2,37776.85,3081.64,13044.97,85517.03
3919,1309,103,3,20030.13,1076.11,10622.57,69636.85
3920,1310,5,1,16705.9,1568.6,2724.71,17862.01
3921,1310,99,4,21866.86,6706.36,14536.99,95298.07
3922,1310,44,1,43728.99,4934.83,6982.95,45777.11
3923,1310,227,3,19776.73,5592.44,9672.8,63410.55
3924,1310,11,4,36727.76,11480.36,24377.52,159808.2
3925,1311,7,3,1179.48,210.11,599.1,3927.43
3926,1311,179,1,40060.15,3878.27,6512.74,42694.62
3927,1311,208,3,7922.32,870.09,4121.44,27018.31
3928,1312,232,3,11511.84,1049.13,6027.55,39513.94
3929,1312,127,3,3238.17,255.15,1702.68,11162.04
3930,1312,202,3,22486.45,5865.35,11086.92,72680.92
3931,1312,54,3,4901.82,672.01,2526.02,16559.47
3932,1312,93,4,17083.66,7349.99,10977.24,71961.89
3933,1313,130,3,12728.22,2573.18,6410.07,42021.55
3934,1313,51,2,628.75,99.8,208.39,1366.09
3935,1313,202,3,22486.45,5301.61,11188.39,73346.13
3936,1314,133,2,38037.94,267.47,13645.51,89453.92
3937,1314,81,4,3286.08,745.7,2231.75,14630.37
3938,1314,62,4,34302.26,75.33,24684.07,161817.78
3939,1315,77,4,19293.34,9231.32,12229.57,80171.61
3940,1315,63,3,120.39,37.56,58.25,381.86
3941,1315,224,1,31527.62,1346.98,5432.52,35613.16
3942,1316,69,1,3290.31,20.19,588.62,3858.74
3943,1316,103,2,20030.13,1347.77,6968.25,45680.74
3944,1316,119,2,36904.39,5023.23,12381.4,81166.95
3945,1316,43,4,16510.19,3541.13,11249.93,73749.56
3946,1316,188,4,14567.29,6341.91,9346.9,61274.15
3947,1317,36,1,10167.03,432.32,1752.25,11486.96
3948,1317,86,2,41540.1,6870.34,13717.77,89927.63
3949,1317,144,1,33892.0,1219.69,5881.02,38553.33
3950,1317,90,3,18461.71,153.92,9941.62,65172.83
3951,1318,153,2,6055.61,1198.09,1964.36,12877.49
3952,1318,68,4,3827.59,1139.9,2550.68,16721.14
3953,1318,198,3,112.51,7.62,59.38,389.29
3954,1318,176,1,43250.55,579.6,7680.77,50351.72
3955,1319,227,3,19776.73,1060.73,10488.5,68757.96
3956,1319,118,4,9547.03,3851.62,6180.57,40517.07
3957,1320,58,3,43014.0,5397.49,22256.01,145900.52
3958,1320,136,3,34274.09,11778.0,16387.97,107432.24
3959,1320,50,3,45675.94,10390.89,22794.65,149431.58
3960,1320,142,4,26420.51,12387.62,16793.0,110087.42
3961,1321,89,3,4268.91,1161.52,2096.14,13741.35
3962,1321,213,2,20525.1,3392.25,6778.43,44436.38
3963,1321,92,1,39462.15,4374.65,6315.75,41403.25
3964,1322,65,2,41109.17,8345.39,13297.13,87170.08
3965,1322,99,3,21866.86,6537.4,10631.37,69694.55
3966,1322,25,3,27064.69,9385.93,12925.47,84733.61
3967,1322,216,2,4678.54,854.55,1530.46,10032.99
3968,1323,201,1,18244.99,1289.9,3051.92,20007.01
3969,1323,168,1,41017.08,2086.44,7007.52,45938.16
3970,1323,114,2,23667.1,476.2,8434.44,55292.44
3971,1323,101,4,46156.61,5328.3,32273.67,211571.81
3972,1323,41,2,23389.54,5180.95,7487.66,49085.79
3973,1324,185,2,189.21,41.67,60.61,397.36
3974,1324,158,2,36880.83,8093.54,11820.26,77488.38
3975,1324,211,4,18681.33,3951.89,12739.22,83512.65
3976,1325,136,1,34274.09,2704.52,5682.52,37252.09
3977,1325,10,2,31794.64,436.36,11367.53,74520.45
3978,1325,79,3,15130.34,3310.68,7574.46,49654.8
3979,1325,129,2,3101.06,298.25,1062.7,6966.57
3980,1325,89,3,4268.91,71.0,2292.43,15028.16
3981,1326,197,4,13368.44,2993.83,9086.39,59566.32
3982,1326,95,1,8312.81,109.93,1476.52,9679.4
3983,1326,114,3,23667.1,2494.74,12331.18,80837.74
3984,1327,166,2,33767.83,3532.48,11520.57,75523.75
3985,1327,77,3,19293.34,1562.93,10137.08,66454.17
3986,1328,83,1,34264.79,1677.61,5865.69,38452.87
3987,1329,55,1,21783.95,2200.67,3524.99,23108.27
3988,1329,220,2,21280.0,3500.01,7030.8,46090.79
3989,1329,42,1,27736.92,2475.15,4547.12,29808.89
3990,1329,131,4,41590.84,4563.44,29123.99,190923.91
3991,1330,114,4,23667.1,4943.39,16150.5,105875.51
3992,1330,56,4,36444.51,1992.64,25881.37,169666.77
3993,1330,174,1,40361.15,1738.69,6952.04,45574.5
3994,1331,190,3,14801.53,4600.61,7164.72,46968.7
3995,1331,159,1,18286.08,558.01,3191.05,20919.12
3996,1331,216,3,4678.54,86.1,2510.91,16460.43
3997,1331,187,2,33639.08,47.46,12101.53,79332.23
3998,1331,21,4,27939.78,9956.41,18324.49,120127.2
3999,1332,226,3,41253.01,7470.08,20932.01,137220.96
4000,1332,15,4,37893.41,13845.93,24790.99,162518.7
4001,1332,44,1,43728.99,1247.53,7646.66,50128.12
4002,1333,174,1,40361.15,2598.3,6797.31,44560.16
4003,1333,90,2,18461.71,1063.81,6454.73,42314.34
4004,1333,77,4,19293.34,5016.61,12988.22,85144.97
4005,1333,161,1,41588.13,222.85,7445.75,48811.03
4006,1334,72,1,12573.73,151.71,2235.96,14657.98
4007,1334,97,3,11972.84,688.27,6341.45,41571.7
4008,1335,190,4,14801.53,3715.58,9988.3,65478.84
4009,1335,51,4,628.75,67.08,440.63,2888.55
4010,1335,176,1,43250.55,1232.95,7563.17,49580.77
4011,1335,188,1,14567.29,1133.65,2418.06,15851.7
4012,1335,20,4,38320.28,18216.37,24311.65,159376.4
4013,1336,12,1,13880.48,588.96,2392.47,15683.99
4014,1336,11,1,36727.76,1132.59,6407.13,42002.3
4015,1337,94,3,35740.44,1340.69,19058.51,124939.14
4016,1337,224,2,31527.62,3471.4,10725.09,70308.93
4017,1337,204,3,3813.54,111.1,2039.31,13368.83
4018,1337,8,1,28733.56,3041.69,4624.54,30316.41
4019,1337,168,1,41017.08,3062.58,6831.81,44786.31
4020,1338,102,1,34567.4,2489.02,5774.11,37852.49
4021,1338,89,4,4268.91,876.57,2915.83,19114.9
4022,1338,87,1,21959.44,622.75,3840.6,25177.29
4023,1338,100,4,46774.34,16487.65,30709.75,201319.46
4024,1338,211,1,18681.33,1542.55,3084.98,20223.76
4025,1339,35,4,13199.49,4846.3,8631.3,56582.96
4026,1340,26,4,15276.03,5480.6,10012.23,65635.75
4027,1340,51,1,628.75,12.52,110.92,727.15
4028,1340,140,2,12249.39,639.17,4294.73,28154.34
4029,1340,217,3,8518.31,2046.08,4231.59,27740.44
4030,1341,1,1,25243.55,216.95,4504.79,29531.39
4031,1341,76,4,44895.56,8966.81,30710.78,201326.21
4032,1342,154,4,14680.42,6978.6,9313.75,61056.83
4033,1343,97,4,11972.84,3408.84,8006.85,52489.37
4034,1343,138,4,5484.92,2440.5,3509.85,23009.03
4035,1343,145,2,17725.61,1605.53,6092.22,39937.91
4036,1344,236,2,18050.29,2989.54,5959.99,39071.03
4037,1344,165,1,37776.85,3470.22,6175.19,40481.82
4038,1344,59,2,13506.51,2420.86,4426.59,29018.75
4039,1344,103,2,20030.13,3747.07,6536.37,42849.56
4040,1344,187,1,33639.08,2669.55,5574.52,36544.05
4041,1345,13,2,40458.84,5622.25,13553.18,88848.61
4042,1345,97,1,11972.84,780.46,2014.63,13207.01
4043,1345,191,2,30208.27,930.05,10707.57,70194.06
4044,1346,179,1,40060.15,4076.44,6477.07,42460.78
4045,1346,150,4,3654.09,586.99,2525.29,16554.66
4046,1346,198,4,112.51,28.4,75.9,497.54
4047,1346,103,3,20030.13,6003.97,9735.56,63821.98
4048,1347,239,2,26635.98,680.53,9466.46,62057.89
4049,1347,223,1,39924.82,528.82,7091.28,46487.28
4050,1348,159,1,18286.08,949.42,3120.6,20457.26
4051,1348,137,4,31709.73,3215.51,22252.21,145875.62
4052,1348,170,3,19374.04,2834.38,9951.79,65239.53
4053,1348,27,2,12821.1,291.44,4563.14,29913.9
4054,1348,229,4,33676.3,3234.8,23664.67,155135.07
4055,1349,27,4,12821.1,1341.1,8989.79,58933.09
4056,1349,108,1,46203.27,491.68,8228.09,53939.68
4057,1349,153,2,6055.61,763.81,2042.53,13389.94
4058,1349,79,1,15130.34,711.67,2595.36,17014.03
4059,1350,128,1,48190.05,2463.58,8230.76,53957.23
4060,1351,236,2,18050.29,333.06,6438.15,42205.67
4061,1351,31,3,44553.38,4294.67,23285.78,152651.25
4062,1351,206,1,37695.53,3412.11,6171.02,40454.44
4063,1351,215,1,34726.43,1293.79,6017.88,39450.52
4064,1352,133,2,38037.94,3119.84,13132.09,86088.13
4065,1352,199,4,19178.46,8320.13,12310.87,80704.58
4066,1352,86,2,41540.1,6780.17,13734.01,90034.04
4067,1353,38,3,28086.65,7858.38,13752.28,90153.85
4068,1353,234,3,10605.83,404.11,5654.41,37067.79
4069,1354,214,4,25781.44,11113.21,16562.26,108574.81
4070,1354,127,1,3238.17,318.21,525.59,3445.55
4071,1354,223,2,39924.82,6771.27,13154.11,86232.48
4072,1355,67,2,41997.34,7290.68,13806.72,90510.72
4073,1355,26,3,15276.03,1750.66,7933.94,52011.37
4074,1355,212,1,8937.81,336.72,1548.2,10149.29
4075,1356,170,1,19374.04,1512.6,3215.06,21076.5
4076,1356,189,4,28066.42,9373.24,18520.64,121413.08
4077,1356,87,3,21959.44,2864.62,11342.47,74356.17
4078,1356,199,4,19178.46,1248.39,13583.78,89049.23
4079,1356,160,3,7458.41,2455.9,3585.48,23504.81
4080,1357,108,4,46203.27,11271.13,31237.55,204779.5
4081,1358,178,2,39619.34,6718.92,13053.56,85573.32
4082,1358,35,1,13199.49,1118.81,2174.52,14255.2
4083,1358,31,2,44553.38,3268.04,15450.97,101289.69
4084,1358,123,2,9421.34,1461.45,3128.62,20509.85
4085,1359,48,2,2802.25,291.8,956.29,6268.99
4086,1359,188,3,14567.29,4729.18,7015.08,45987.77
4087,1360,224,1,31527.62,595.27,5567.82,36500.17
4088,1360,219,3,11772.86,1036.89,6170.7,40452.39
4089,1360,70,3,30937.09,81.56,16691.35,109421.06
4090,1360,40,3,11047.42,1746.8,5651.18,37046.64
4091,1360,172,3,1060.63,267.87,524.52,3438.54
4092,1361,3,3,33432.15,1240.27,17830.11,116886.29
4093,1361,157,4,10083.83,1701.6,6954.07,45587.79
4094,1361,206,1,37695.53,4058.7,6054.63,39691.46
4095,1362,15,4,37893.41,15643.82,24467.37,160397.19
4096,1362,131,1,41590.84,135.56,7461.95,48917.23
4097,1362,233,2,21896.66,1672.76,7581.7,49702.26
4098,1362,212,3,8937.81,1983.67,4469.36,29299.12
4099,1362,46,2,5015.71,902.04,1643.29,10772.67
4100,1363,150,2,3654.09,679.98,1193.08,7821.28
4101,1363,170,3,19374.04,1630.17,10168.55,66660.5
4102,1363,240,4,39567.79,1771.44,28169.95,184669.67
4103,1363,109,3,25465.9,851.36,13598.34,89144.68
4104,1364,76,4,44895.56,9150.93,30677.64,201108.95
4105,1364,1,2,25243.55,3104.27,8528.91,55911.74
4106,1365,61,2,33657.04,3817.84,11429.32,74925.56
4107,1365,66,1,12279.53,1383.76,1961.24,12857.01
4108,1366,208,3,7922.32,710.41,4150.18,27206.73
4109,1366,74,2,24770.89,2281.21,8506.9,55767.47
4110,1366,45,2,3684.98,490.38,1238.32,8117.9
4111,1367,42,3,27736.92,6078.83,13883.75,91015.68
4112,1367,195,4,42664.46,17274.56,27608.99,180992.27
4113,1367,219,1,11772.86,351.4,2055.86,13477.32
4114,1368,104,4,15989.17,956.29,11340.07,74340.46
4115,1368,85,2,8728.6,9.49,3140.59,20588.3
4116,1368,12,3,13880.48,1369.01,7249.04,47521.47
4117,1368,67,4,41997.34,4279.02,29467.86,193178.2
4118,1369,116,3,3361.81,553.07,1715.82,11248.18
4119,1369,151,4,39931.59,13432.28,26332.93,172627.01
4120,1369,138,4,5484.92,1843.67,3617.28,23713.29
4121,1369,157,1,10083.83,1055.39,1625.12,10653.56
4122,1370,21,1,27939.78,3229.97,4447.77,29157.58
4123,1371,108,3,46203.27,0.86,24949.61,163558.56
4124,1371,111,3,43082.21,1187.63,23050.62,151109.62
4125,1371,187,4,33639.08,15237.42,21477.4,140796.3
4126,1372,178,4,39619.34,10944.14,26555.98,174089.2
4127,1372,54,3,4901.82,32.9,2641.06,17313.62
4128,1372,95,3,8312.81,970.22,4314.28,28282.49
4129,1373,80,3,9554.15,3099.81,4601.28,30163.92
4130,1373,12,4,13880.48,480.38,9907.48,64949.02
4131,1373,35,2,13199.49,2849.53,4238.9,27788.35
4132,1374,138,4,5484.92,1126.38,3746.39,24559.69
4133,1374,83,2,34264.79,6213.47,11216.9,73533.01
4134,1375,147,4,26528.08,10943.81,17130.33,112298.84
4135,1375,63,1,120.39,9.7,19.92,130.61
4136,1375,195,2,42664.46,3308.13,14763.74,96784.53
4137,1376,148,2,32803.6,12.08,11807.12,77402.24
4138,1376,97,3,11972.84,2770.18,5966.7,39115.04
4139,1376,154,3,14680.42,779.16,7787.18,51049.28
4140,1376,86,4,41540.1,9165.4,28259.1,185254.1
4141,1376,22,4,9607.6,3500.18,6287.44,41217.66
4142,1377,56,3,36444.51,2772.06,19181.06,125742.53
4143,1377,65,3,41109.17,5963.62,21125.5,138489.39
4144,1377,78,4,5073.66,1819.72,3325.49,21800.41
4145,1377,175,2,27514.3,1536.15,9628.64,63121.09
4146,1378,183,1,17183.22,924.79,2926.52,19184.95
4147,1378,216,2,4678.54,941.17,1514.86,9930.77
4148,1378,191,4,30208.27,4371.06,20963.16,137425.18
4149,1378,231,3,3326.96,552.12,1697.18,11125.94
4150,1379,81,4,3286.08,1283.49,2134.95,13995.78
4151,1379,179,3,40060.15,11300.18,19598.45,128478.72
4152,1379,11,3,36727.76,8108.73,18373.42,120447.97
4153,1379,131,3,41590.84,9733.2,20707.08,135746.4
4154,1379,158,3,36880.83,11143.61,17909.8,117408.68
4155,1380,193,2,16913.96,1933.06,5741.07,37635.93
4156,1381,108,3,46203.27,9926.23,23163.04,151846.62
4157,1381,120,3,26697.64,1919.55,14071.21,92244.58
4158,1381,91,1,33075.34,301.77,5899.24,38672.81
4159,1381,21,4,27939.78,10280.02,18266.24,119745.34
4160,1382,147,3,26528.08,7052.51,13055.71,85587.44
4161,1383,63,3,120.39,28.37,59.9,392.7
4162,1383,135,4,25713.49,4510.64,17701.8,116045.12
4163,1383,205,3,26777.33,9194.78,12804.7,83941.91
4164,1384,221,1,32207.06,1005.74,5616.24,36817.56
4165,1385,212,1,8937.81,643.53,1492.97,9787.25
4166,1385,108,4,46203.27,18486.07,29938.86,196265.87
4167,1385,20,1,38320.28,398.98,6825.83,44747.13
4168,1386,80,3,9554.15,1617.88,4868.02,31912.59
4169,1387,188,4,14567.29,3828.7,9799.28,64239.74
4170,1387,150,2,3654.09,621.05,1203.68,7890.81
4171,1387,106,1,12366.02,1098.66,2028.12,13295.48
4172,1387,103,2,20030.13,1773.2,6891.67,45178.73
4173,1388,1,2,25243.55,3479.08,8461.44,55469.46
4174,1388,187,2,33639.08,4007.46,11388.73,74659.43
4175,1389,45,3,3684.98,72.69,1976.8,12959.05
4176,1389,235,1,28131.22,730.11,4932.2,32333.31
4177,1389,40,1,11047.42,705.18,1861.6,12203.84
4178,1389,18,4,16802.96,259.96,12051.34,79003.22
4179,1390,188,2,14567.29,913.02,5079.88,33301.44
4180,1390,190,3,14801.53,4607.83,7163.42,46960.18
4181,1390,129,2,3101.06,1.98,1116.03,7316.17
4182,1390,87,3,21959.44,4788.36,10996.19,72086.15
4183,1391,215,1,34726.43,2238.9,5847.76,38335.29
4184,1391,92,4,39462.15,7834.72,27002.5,177016.38
4185,1392,20,2,38320.28,79.67,13780.96,90341.85
4186,1392,130,3,12728.22,2355.76,6449.2,42278.1
4187,1392,173,2,15522.12,996.65,5408.57,35456.16
4188,1393,199,1,19178.46,1125.3,3249.57,21302.73
4189,1393,138,3,5484.92,678.71,2839.69,18615.74
4190,1393,94,1,35740.44,3469.02,5808.86,38080.28
4191,1393,164,3,15908.19,4042.55,7862.76,51544.78
4192,1393,43,1,16510.19,1816.13,2644.93,17338.99
4193,1394,97,4,11972.84,1983.63,8263.39,54171.12
4194,1395,24,1,4300.49,377.93,706.06,4628.62
4195,1395,141,2,29486.44,6797.34,9391.6,61567.14
4196,1395,229,1,33676.3,3310.21,5465.9,35831.99
4197,1395,184,4,11705.83,1062.39,8236.97,53997.9
4198,1395,196,2,40456.71,6831.46,13334.75,87416.71
4199,1396,225,2,36716.34,8618.72,11666.51,76480.47
4200,1396,95,1,8312.81,838.35,1345.4,8819.86
4201,1396,148,1,32803.6,682.53,5781.79,37902.86
4202,1396,119,3,36904.39,2055.78,19558.33,128215.72
4203,1396,191,2,30208.27,2140.14,10489.75,68766.15
4204,1397,226,3,41253.01,2907.5,21753.28,142604.81
4205,1397,165,1,37776.85,4316.85,6022.8,39482.8
4206,1397,92,3,39462.15,3174.51,20738.15,135950.09
4207,1398,229,1,33676.3,2491.93,5613.19,36797.56
4208,1399,190,2,14801.53,2661.83,4849.42,31790.65
4209,1399,215,3,34726.43,4069.7,18019.73,118129.32
4210,1399,182,3,26624.12,1147.09,14170.55,92895.82
4211,1399,111,2,43082.21,6179.39,14397.31,94382.34
4212,1400,176,1,43250.55,118.89,7763.7,50895.36
4213,1400,22,1,9607.6,1058.05,1538.92,10088.47
4214,1400,240,4,39567.79,18654.52,25131.0,164747.64
4215,1401,104,2,15989.17,1601.74,5467.79,35844.39
4216,1402,214,4,25781.44,11813.3,16436.24,107748.7
4217,1402,159,1,18286.08,1160.97,3082.52,20207.63
4218,1402,146,3,269.14,48.11,136.68,895.99
4219,1402,200,1,28469.05,2547.71,4665.84,30587.18
4220,1403,13,2,40458.84,296.21,14511.86,95133.33
4221,1403,181,4,30664.66,13436.55,19659.98,128882.07
4222,1403,52,3,30086.26,6053.01,15157.04,99362.81
4223,1403,41,4,23389.54,8252.01,15355.11,100661.26
4224,1404,86,1,41540.1,1650.88,7180.06,47069.28
4225,1404,48,1,2802.25,237.57,461.64,3026.32
4226,1404,231,2,3326.96,729.42,1066.41,6990.91
4227,1405,68,4,3827.59,1438.88,2496.87,16368.35
4228,1405,4,3,35689.14,11388.66,17222.18,112900.94
4229,1406,163,3,1240.08,194.49,634.63,4160.38
4230,1407,111,2,43082.21,5323.13,14551.43,95392.72
4231,1407,207,4,27779.78,7078.42,18727.33,122768.03
4232,1407,35,4,13199.49,4612.46,8673.39,56858.89
4233,1408,107,2,19641.45,4172.08,6319.95,41430.77
4234,1409,237,3,17135.78,2973.37,8718.11,57152.08
4235,1410,32,3,25348.23,7818.96,12280.63,80506.36
4236,1410,195,3,42664.46,11209.96,21021.02,137804.44
4237,1410,185,2,189.21,43.17,60.34,395.59
4238,1411,93,2,17083.66,1261.29,5923.09,38829.12
4239,1412,210,3,33886.56,8889.69,16698.6,109468.59
4240,1413,192,3,13341.13,1825.06,6875.7,45074.03
4241,1413,198,2,112.51,16.01,37.62,246.63
4242,1413,106,2,12366.02,1090.86,4255.41,27896.59
4243,1413,214,2,25781.44,5399.48,8309.41,54472.81
4244,1413,205,2,26777.33,3377.4,9031.91,59209.17
4245,1414,112,3,24992.69,3842.72,12804.36,83939.71
4246,1415,83,2,34264.79,3944.26,11625.36,76210.68
4247,1415,206,3,37695.53,9961.56,18562.51,121687.54
4248,1415,142,3,26420.51,7903.49,12844.45,84202.49
4249,1416,230,3,26170.26,5649.95,13114.95,85975.78
4250,1416,89,2,4268.91,946.43,1366.45,8957.84
4251,1416,176,4,43250.55,5699.48,30114.49,197417.21
4252,1417,110,3,6566.95,1798.17,3222.48,21125.16
4253,1417,114,1,23667.1,2243.38,3856.27,25279.99
4254,1418,19,4,37198.47,5547.28,25784.39,169030.99
4255,1418,197,1,13368.44,980.78,2229.78,14617.44
4256,1418,92,4,39462.15,10027.59,26607.78,174428.79
4257,1419,102,2,34567.4,6944.92,11194.18,73384.06
4258,1420,72,2,12573.73,921.33,4360.7,28586.83
4259,1420,195,2,42664.46,4910.82,14475.26,94893.36
4260,1420,139,4,4824.95,1281.42,3243.31,21261.69
4261,1420,203,3,32452.38,5092.49,16607.64,108872.29
4262,1420,191,1,30208.27,3461.57,4814.41,31561.11
4263,1421,215,3,34726.43,10882.16,16793.48,110090.61
4264,1422,84,4,10857.56,4590.15,6991.22,45831.31
4265,1422,67,3,41997.34,3704.9,22011.68,144298.8
4266,1422,70,2,30937.09,6626.7,9944.55,65192.03
4267,1423,13,3,40458.84,10914.96,19883.08,130344.64
4268,1423,162,4,38305.79,17011.06,24518.18,160730.28
4269,1424,211,2,18681.33,3600.35,6077.22,39839.53
4270,1424,90,3,18461.71,4904.0,9086.6,59567.73
4271,1424,105,2,18322.11,4314.26,5819.39,38149.35
4272,1424,114,3,23667.1,8263.27,11292.85,74030.88
4273,1424,190,2,14801.53,1978.96,4972.34,32596.44
4274,1425,99,4,21866.86,2727.11,15253.26,99993.59
4275,1425,47,3,34112.86,4883.58,17541.9,114996.9
4276,1426,213,4,20525.1,8178.54,13305.93,87227.79
4277,1427,40,3,11047.42,1188.89,5751.61,37704.98
4278,1428,134,2,29515.74,3664.79,9966.0,65332.69
4279,1428,195,3,42664.46,10182.59,21205.94,139016.73
4280,1429,124,1,10290.63,446.59,1771.93,11615.97
4281,1430,27,2,12821.1,2925.52,4089.0,26805.68
4282,1430,87,1,21959.44,2187.34,3558.98,23331.08
4283,1430,221,3,32207.06,8900.92,15789.65,103509.91
4284,1430,106,1,12366.02,722.49,2095.84,13739.37
4285,1431,32,1,25348.23,374.35,4495.3,29469.18
4286,1431,14,3,3800.37,880.32,1893.74,12414.53
4287,1431,170,4,19374.04,4229.93,13187.92,86454.15
4288,1431,13,2,40458.84,7442.81,13225.48,86700.35
4289,1432,91,4,33075.34,15271.67,21065.34,138095.03
4290,1432,94,3,35740.44,5163.23,18370.46,120428.55
4291,1433,120,3,26697.64,1457.52,14154.37,92789.77
4292,1433,55,2,21783.95,2804.41,7337.43,48100.92
4293,1433,159,3,18286.08,2300.87,9460.33,62017.7
4294,1434,26,2,15276.03,2886.86,4979.74,32644.94
4295,1434,168,3,41017.08,9274.17,20479.87,134256.94
4296,1434,105,1,18322.11,1707.68,2990.6,19605.03
4297,1434,104,4,15989.17,1286.64,11280.61,73950.65
4298,1434,12,2,13880.48,2470.71,4552.24,29842.49
4299,1435,207,1,27779.78,848.35,4847.66,31779.09
4300,1435,152,4,37157.0,11939.72,24603.89,161292.17
4301,1435,114,4,23667.1,8183.49,15567.28,102052.19
4302,1435,163,2,1240.08,289.94,394.24,2584.46
4303,1436,73,4,17456.78,310.7,12512.96,82029.38
4304,1436,96,4,17662.28,215.32,12678.08,83111.88
4305,1436,183,4,17183.22,831.17,12222.31,80124.02
4306,1436,197,1,13368.44,738.13,2273.46,14903.77
4307,1437,203,4,32452.38,8458.33,21843.21,143194.4
4308,1437,166,2,33767.83,7651.73,10779.11,70663.04
4309,1437,70,3,30937.09,3495.08,16076.91,105393.1
4310,1437,148,1,32803.6,1566.18,5622.74,36860.16
4311,1437,9,2,9902.75,261.06,3518.0,23062.44
4312,1438,51,4,628.75,301.76,398.38,2611.62
4313,1438,203,3,32452.38,10271.47,15675.42,102761.09
4314,1438,110,3,6566.95,1662.51,3246.9,21285.24
4315,1439,70,1,30937.09,3590.08,4922.46,32269.47
4316,1439,200,2,28469.05,5471.83,9263.93,60730.2
4317,1440,234,4,10605.83,3233.94,7054.09,46243.47
4318,1440,220,2,21280.0,2207.4,7263.47,47616.07
4319,1440,80,2,9554.15,719.19,3310.04,21699.15
4320,1440,43,4,16510.19,3499.87,11257.36,73798.25
4321,1441,235,4,28131.22,9094.86,18617.4,122047.42
4322,1442,132,2,15074.48,3524.93,4792.33,31416.36
4323,1443,222,1,28533.87,302.89,5081.58,33312.56
4324,1443,196,2,40456.71,6526.99,13389.56,87775.99
4325,1443,134,2,29515.74,5644.1,9609.73,62997.11
4326,1443,100,2,46774.34,848.21,16686.08,109386.55
4327,1443,110,2,6566.95,507.92,2272.68,14898.66
4328,1444,216,3,4678.54,664.13,2406.87,15778.36
4329,1444,86,3,41540.1,6752.0,21216.29,139084.59
4330,1445,72,1,12573.73,165.03,2233.57,14642.27
4331,1445,74,1,24770.89,2369.96,4032.17,26433.1
4332,1445,237,3,17135.78,526.38,9158.57,60039.53
4333,1446,142,1,26420.51,2187.67,4361.91,28594.75
4334,1446,212,2,8937.81,953.61,3045.96,19967.97
4335,1447,98,2,20903.98,139.98,7500.24,49168.22
4336,1447,172,1,1060.63,33.22,184.93,1212.34
4337,1447,35,2,13199.49,628.27,4638.73,30409.44
4338,1448,234,1,10605.83,248.93,1864.24,12221.14
4339,1448,100,4,46774.34,19722.67,30127.44,197502.13
4340,1449,112,4,24992.69,4525.27,17180.19,112625.68
4341,1449,28,3,29031.11,27.0,15671.94,102738.27
4342,1449,140,4,12249.39,3846.54,8127.18,53278.2
4343,1449,61,1,33657.04,2570.76,5595.53,36681.81
4344,1450,102,1,34567.4,2078.21,5848.05,38337.24
4345,1450,144,2,33892.0,363.72,12135.65,79555.93
4346,1450,13,2,40458.84,3759.01,13888.56,91047.23
4347,1450,169,3,10455.18,2462.85,5202.48,34105.17
4348,1450,77,4,19293.34,2377.27,13463.3,88259.39
4349,1451,156,1,36965.82,1716.27,6344.92,41594.47
4350,1451,175,3,27514.3,7885.34,13438.36,88095.92
4351,1452,181,4,30664.66,10048.35,20269.85,132880.14
4352,1453,101,1,46156.61,5321.26,7350.36,48185.71
4353,1453,119,2,36904.39,593.29,13178.79,86394.28
4354,1453,3,2,33432.15,5116.05,11114.68,72862.93
4355,1453,71,4,21062.02,7366.24,13838.73,90720.57
4356,1453,45,3,3684.98,1263.71,1762.42,11553.65
4357,1454,141,4,29486.44,5192.04,20295.67,133049.39
4358,1455,212,1,8937.81,4.57,1607.98,10541.22
4359,1455,77,3,19293.34,3116.04,9857.52,64621.5
4360,1455,50,3,45675.94,13997.94,22145.38,145175.26
4361,1455,175,4,27514.3,4113.92,19069.79,125013.07
4362,1455,215,3,34726.43,4717.84,17903.06,117364.51
4363,1456,39,2,39677.48,1803.56,13959.25,91510.65
4364,1457,87,4,21959.44,1053.7,15621.13,102405.19
4365,1457,207,4,27779.78,1086.02,19805.96,129839.06
4366,1458,229,3,33676.3,893.67,18024.34,118159.57
4367,1459,195,3,42664.46,3207.52,22461.45,147247.31
4368,1459,163,4,1240.08,229.28,851.59,5582.63
4369,1460,3,4,33432.15,4490.32,23262.89,152501.17
4370,1461,58,3,43014.0,8983.55,21610.52,141668.97
4371,1461,46,4,5015.71,1801.84,3286.98,21547.98
4372,1462,78,3,5073.66,1638.21,2444.9,16027.67
4373,1463,100,3,46774.34,14230.87,22696.59,148788.74
4374,1463,6,2,9654.29,1120.63,3273.83,21461.78
4375,1463,220,4,21280.0,6070.94,14228.83,93277.89
4376,1464,27,1,12821.1,78.81,2293.61,15035.9
4377,1465,108,2,46203.27,5674.53,15611.76,102343.77
4378,1465,88,4,33071.07,2408.11,23377.71,153253.88
4379,1465,119,4,36904.39,12100.92,24393.0,159909.64
4380,1466,176,3,43250.55,11547.53,21276.74,139480.86
4381,1466,98,1,20903.98,2114.27,3382.15,22171.86
4382,1466,136,4,34274.09,11903.77,22534.67,147727.26
4383,1467,201,4,18244.99,7734.29,11744.22,76989.89
4384,1467,141,4,29486.44,6213.85,20111.74,131843.65
4385,1467,122,3,24991.82,4214.11,12737.04,83498.39
4386,1467,9,2,9902.75,1353.52,3321.36,21773.34
4387,1468,18,1,16802.96,1908.18,2681.06,17575.84
4388,1468,172,2,1060.63,251.59,336.54,2206.21
4389,1468,202,1,22486.45,350.83,3984.41,26120.03
4390,1468,22,4,9607.6,795.01,6774.37,44409.76
4391,1469,176,2,43250.55,538.58,15473.25,101435.77
4392,1469,199,2,19178.46,992.72,6725.56,44089.76
4393,1470,214,4,25781.44,7004.29,17301.86,113423.33
4394,1471,49,4,43844.62,11315.82,29531.28,193593.94
4395,1471,88,4,33071.07,5129.22,22887.91,150042.97
4396,1472,9,4,9902.75,4094.92,6392.89,41908.97
4397,1473,149,1,16854.36,517.61,2940.61,19277.36
4398,1474,34,1,9115.19,524.68,1546.29,10136.8
4399,1474,94,4,35740.44,9446.6,24032.73,157547.89
4400,1474,86,4,41540.1,10854.06,27955.14,183261.48
4401,1475,235,4,28131.22,461.57,20171.4,132234.71
4402,1476,170,4,19374.04,1483.09,13682.35,89695.42
4403,1476,34,4,9115.19,888.11,6403.08,41975.73
4404,1476,139,1,4824.95,145.67,842.27,5521.55
4405,1476,208,2,7922.32,1531.67,2576.33,16889.3
4406,1476,121,3,18719.38,5372.34,9141.44,59927.24
4407,1477,61,2,33657.04,6141.0,11011.15,72184.23
4408,1478,135,3,25713.49,3133.22,13321.31,87328.56
4409,1478,125,1,28195.42,507.73,4983.78,32671.47
4410,1479,70,3,30937.09,5900.87,15643.87,102554.27
4411,1479,18,2,16802.96,2655.74,5571.03,36521.21
4412,1479,102,1,34567.4,230.44,6180.65,40517.61
4413,1480,92,2,39462.15,3842.86,13514.66,88596.1
4414,1481,15,3,37893.41,3988.19,19744.57,129436.61
4415,1481,124,2,10290.63,498.06,3614.98,23698.18
4416,1481,137,3,31709.73,5795.52,16080.06,105413.73
4417,1481,233,4,21896.66,1489.94,15497.41,101594.11
4418,1482,86,2,41540.1,2284.24,14543.27,95339.23
4419,1482,115,4,7640.14,1780.19,5180.47,33960.84
4420,1482,153,3,6055.61,1616.54,2979.05,19529.34
4421,1483,145,4,17725.61,4223.1,12002.28,78681.62
4422,1484,147,2,26528.08,294.27,9497.14,62259.03
4423,1485,116,2,3361.81,608.31,1100.76,7216.07
4424,1485,216,3,4678.54,851.44,2373.15,15557.33
4425,1485,1,1,25243.55,1041.06,4356.45,28558.94
4426,1485,213,3,20525.1,6757.17,9867.26,64685.39
4427,1485,69,1,3290.31,30.53,586.76,3846.54
4428,1486,78,3,5073.66,1670.79,2439.03,15989.22
4429,1486,179,3,40060.15,8094.71,20175.43,132261.17
4430,1486,220,4,21280.0,8444.51,13801.59,90477.08
4431,1486,29,4,7930.98,603.2,5601.73,36722.45
4432,1487,203,2,32452.38,5917.17,10617.77,69605.36
4433,1487,235,4,28131.22,9563.9,18532.98,121493.96
4434,1487,121,4,18719.38,4313.09,12701.6,83266.03
4435,1487,187,3,33639.08,3597.5,17517.55,114837.29
4436,1487,116,3,3361.81,239.09,1772.34,11618.68
4437,1488,29,3,7930.98,636.13,4168.23,27325.04
4438,1488,87,1,21959.44,2200.12,3556.68,23316.0
4439,1488,232,1,11511.84,1053.88,1882.43,12340.39
4440,1488,104,2,15989.17,1036.91,5569.46,36510.89
4441,1489,13,1,40458.84,2755.85,6786.54,44489.53
4442,1489,161,1,41588.13,3001.37,6945.62,45532.38
4443,1489,8,4,28733.56,9640.71,18952.84,124246.37
4444,1489,185,4,189.21,20.71,132.5,868.63
4445,1490,33,3,39008.3,8340.12,19563.26,128248.04
4446,1490,94,1,35740.44,947.08,6262.8,41056.16
4447,1491,174,3,40361.15,2154.92,21407.14,140335.67
4448,1492,67,4,41997.34,19352.41,26754.65,175391.6
4449,1493,205,3,26777.33,4322.26,13681.75,89691.48
4450,1493,58,3,43014.0,2533.1,22771.6,149280.5
4451,1493,56,2,36444.51,7295.29,11806.87,77400.6
4452,1493,85,3,8728.6,1937.09,4364.77,28613.48
4453,1493,157,4,10083.83,4412.33,6466.14,42389.13
4454,1494,43,2,16510.19,2939.16,5414.62,35495.84
4455,1494,111,4,43082.21,15066.93,28307.14,185569.05
4456,1495,10,3,31794.64,9642.48,15433.46,101174.9
4457,1495,181,4,30664.66,994.33,21899.58,143563.89
4458,1495,163,3,1240.08,134.42,645.45,4231.27
4459,1495,15,4,37893.41,9153.32,25635.66,168055.98
4460,1495,111,2,43082.21,8706.41,13942.44,91400.45
4461,1496,159,1,18286.08,1612.19,3001.3,19675.19
4462,1496,127,4,3238.17,1477.17,2065.59,13541.1
4463,1496,154,3,14680.42,5000.04,7027.42,46068.64
4464,1496,37,2,36875.04,5504.47,12284.21,80529.82
4465,1497,190,2,14801.53,2810.58,4822.65,31615.13
4466,1497,200,3,28469.05,1788.6,15051.34,98669.89
4467,1498,64,4,1034.97,115.47,724.39,4748.8
4468,1498,6,3,9654.29,863.85,5057.82,33156.84
4469,1499,40,4,11047.42,4949.62,7063.21,46303.27
4470,1499,76,1,44895.56,3413.18,7466.83,48949.21
4471,1500,83,1,34264.79,1643.73,5871.79,38492.85
4472,1501,137,1,31709.73,3059.25,5157.09,33807.57
4473,1501,220,3,21280.0,4857.33,10616.88,69599.55
4474,1501,128,1,48190.05,1580.92,8389.64,54998.77
4475,1502,96,3,17662.28,5441.86,8558.1,56103.08
4476,1502,209,2,10731.59,826.1,3714.67,24351.75
4477,1503,232,2,11511.84,2014.74,3781.61,24790.55
4478,1503,6,3,9654.29,2124.39,4830.93,31669.41
4479,1503,90,3,18461.71,6191.62,8854.83,58048.34
4480,1504,92,4,39462.15,8187.47,26939.0,176600.13
4481,1504,128,2,48190.05,2008.69,16986.85,111358.26
4482,1504,32,2,25348.23,5965.93,8051.5,52782.03
4483,1505,172,3,1060.63,340.5,511.45,3352.84
4484,1506,81,1,3286.08,114.03,570.97,3743.02
4485,1507,79,2,15130.34,2490.47,4998.64,32768.85
4486,1508,21,3,27939.78,7697.54,13701.92,89823.72
4487,1509,135,2,25713.49,236.14,9214.35,60405.19
4488,1509,129,4,3101.06,977.12,2056.88,13484.0
4489,1509,143,4,23230.7,10462.41,14842.87,97303.26
4490,1509,26,1,15276.03,747.24,2615.18,17143.97
4491,1509,138,4,5484.92,1863.26,3613.76,23690.18
4492,1510,170,4,19374.04,3106.71,13390.1,87779.55
4493,1511,183,2,17183.22,3398.66,5574.2,36541.98
4494,1511,125,1,28195.42,2277.84,4665.16,30582.74
4495,1512,5,2,16705.9,2915.45,5489.34,35985.69
4496,1512,120,1,26697.64,3073.73,4252.3,27876.21
4497,1512,133,2,38037.94,453.87,13611.96,89233.97
4498,1513,156,4,36965.82,8187.79,25141.59,164817.08
4499,1513,141,1,29486.44,920.73,5141.83,33707.54
4500,1513,53,4,12091.35,1528.94,8430.56,55267.02
4501,1514,87,1,21959.44,1119.9,3751.12,24590.66
4502,1514,196,3,40456.71,6278.83,20716.43,135807.73
4503,1514,126,3,14629.39,3522.47,7265.83,47631.53
4504,1514,229,3,33676.3,9953.69,16393.54,107468.75
4505,1514,26,2,15276.03,3654.93,4841.48,31738.61
4506,1515,35,3,13199.49,2514.93,6675.04,43758.58
4507,1516,204,2,3813.54,91.0,1356.49,8892.57
4508,1516,62,4,34302.26,11319.96,22660.03,148549.11
4509,1516,5,4,16705.9,868.16,11871.98,77827.42
4510,1516,174,2,40361.15,8133.41,13066.0,85654.89
4511,1517,36,3,10167.03,3496.54,4860.82,31865.37
4512,1518,171,2,32844.1,4477.53,11017.92,72228.59
4513,1519,55,3,21783.95,1950.6,11412.23,74813.48
4514,1519,4,2,35689.14,6616.31,11657.15,76419.12
4515,1519,52,1,30086.26,99.27,5397.66,35384.65
4516,1519,205,1,26777.33,935.22,4651.58,30493.69
4517,1520,113,4,2640.7,398.12,1829.64,11994.32
4518,1521,156,3,36965.82,2065.39,19589.77,128421.84
4519,1521,205,3,26777.33,6090.8,13363.41,87604.6
4520,1521,97,1,11972.84,6.0,2154.03,14120.87
4521,1521,41,2,23389.54,1402.32,8167.82,53544.58
4522,1521,38,2,28086.65,1513.0,9838.85,64499.15
4523,1522,169,3,10455.18,1952.16,5294.41,34707.79
4524,1523,106,4,12366.02,2560.4,8442.66,55346.34
4525,1524,76,1,44895.56,3144.68,7515.16,49266.04
4526,1524,198,4,112.51,43.19,73.23,480.08
4527,1524,71,4,21062.02,838.08,15013.8,98423.8
4528,1524,125,2,28195.42,3205.04,9573.44,62759.24
4529,1524,163,3,1240.08,370.15,603.02,3953.11
4530,1525,178,3,39619.34,7654.81,20016.58,131219.79
4531,1525,143,4,23230.7,2134.17,16341.95,107130.58
4532,1525,39,1,39677.48,1163.26,6932.56,45446.78
4533,1526,234,1,10605.83,885.1,1749.73,11470.46
4534,1527,172,4,1060.63,3.26,763.07,5002.33
4535,1527,147,1,26528.08,78.02,4761.01,31211.07
4536,1528,33,2,39008.3,8317.11,12545.91,82245.4
4537,1528,188,4,14567.29,2861.3,9973.41,65381.27
4538,1528,81,2,3286.08,228.29,1141.9,7485.77
4539,1528,217,1,8518.31,225.34,1492.73,9785.7
4540,1528,97,1,11972.84,403.59,2082.47,13651.72
4541,1529,3,1,33432.15,2797.9,5514.16,36148.41
4542,1529,88,2,33071.07,1242.72,11681.9,76581.32
4543,1529,236,1,18050.29,963.74,3075.58,20162.13
4544,1530,147,3,26528.08,7567.36,12963.04,84979.92
4545,1531,18,2,16802.96,421.69,5973.16,39157.39
4546,1531,6,3,9654.29,2651.59,4736.03,31047.31
4547,1532,69,3,3290.31,32.36,1770.94,11609.51
4548,1532,203,2,32452.38,6681.44,10480.2,68703.52
4549,1532,14,4,3800.37,484.36,2649.08,17366.2
4550,1532,117,4,27023.51,48.12,19448.27,127494.19
4551,1532,186,2,24680.72,1462.67,8621.78,56520.55
4552,1533,19,4,37198.47,302.14,26728.51,175220.25
4553,1533,2,2,11408.11,1168.08,3896.67,25544.81
4554,1533,214,4,25781.44,4338.62,17781.69,116568.83
4555,1534,21,1,27939.78,3340.87,4427.8,29026.71
4556,1535,100,3,46774.34,358.97,25193.53,165157.58
4557,1536,209,3,10731.59,1996.45,5435.7,35634.02
4558,1536,133,4,38037.94,221.24,27347.49,179278.01
4559,1536,152,2,37157.0,3614.22,12725.96,83425.74
4560,1536,70,1,30937.09,94.12,5551.73,36394.7
4561,1536,131,1,41590.84,4598.38,6658.64,43651.1
4562,1537,147,2,26528.08,5150.34,8623.05,56528.87
4563,1537,233,1,21896.66,1167.05,3731.33,24460.94
4564,1537,80,1,9554.15,126.86,1696.91,11124.2
4565,1538,7,3,1179.48,124.72,614.47,4028.19
4566,1538,44,3,43728.99,5260.93,22666.69,148592.73
4567,1538,237,4,17135.78,3682.73,11674.87,76535.26
4568,1538,24,2,4300.49,239.83,1505.01,9866.16
4569,1538,69,3,3290.31,786.03,1635.28,10720.18
4570,1539,210,2,33886.56,5911.65,11135.06,72996.53
4571,1540,99,4,21866.86,10285.61,13892.73,91074.56
4572,1540,161,2,41588.13,7179.85,13679.35,89675.76
4573,1541,196,2,40456.71,2651.17,14087.2,92349.45
4574,1541,110,4,6566.95,2262.15,4321.02,28326.67
4575,1541,178,2,39619.34,8834.43,12672.76,83077.01
4576,1542,40,4,11047.42,2934.59,7425.92,48681.01
4577,1542,222,1,28533.87,892.91,4975.37,32616.33
4578,1542,123,1,9421.34,1120.42,1494.17,9795.09
4579,1542,169,2,10455.18,686.23,3640.34,23864.47
4580,1542,208,2,7922.32,1504.03,2581.31,16921.92
4581,1543,94,1,35740.44,2048.75,6064.5,39756.19
4582,1543,144,2,33892.0,6708.64,10993.56,72068.92
4583,1543,165,4,37776.85,11016.18,25216.42,165307.64
4584,1544,143,3,23230.7,6273.25,11415.39,74834.24
4585,1544,157,4,10083.83,1463.01,6997.02,45869.33
4586,1544,49,2,43844.62,8624.52,14231.65,93296.37
4587,1544,240,4,39567.79,295.82,28435.56,186410.9
4588,1544,225,3,36716.34,8758.46,18250.3,119640.86
4589,1545,65,2,41109.17,4690.75,13954.97,91482.56
4590,1545,170,1,19374.04,1683.91,3184.22,20874.35
4591,1546,85,1,8728.6,650.6,1454.04,9532.04
4592,1547,22,3,9607.6,1466.96,4924.05,32279.89
4593,1548,21,1,27939.78,157.17,5000.87,32783.48
4594,1548,36,2,10167.03,1598.62,3372.38,22107.82
4595,1548,23,2,3383.79,431.11,1140.56,7477.03
4596,1548,219,3,11772.86,2822.7,5849.26,38345.14
4597,1548,60,4,24754.89,9888.59,16043.57,105174.54
4598,1549,171,1,32844.1,1946.17,5561.63,36459.56
4599,1549,68,4,3827.59,1742.97,2442.13,16009.52
4600,1549,136,2,34274.09,5166.86,11408.64,74789.96
4601,1550,141,4,29486.44,3019.26,20686.77,135613.27
4602,1550,35,1,13199.49,833.58,2225.86,14591.77
4603,1550,225,4,36716.34,14485.87,23828.31,156207.8
4604,1550,36,1,10167.03,586.47,1724.5,11305.06
4605,1550,6,1,9654.29,739.22,1604.71,10519.78
4606,1551,177,4,37809.52,11026.18,25238.14,165450.04
4607,1552,215,2,34726.43,1228.0,12280.47,80505.33
4608,1553,39,4,39677.48,15332.2,25807.99,169185.71
4609,1553,227,1,19776.73,414.85,3485.14,22847.02
4610,1553,228,2,11203.89,1239.85,3810.23,24978.16
4611,1553,163,3,1240.08,270.1,621.03,4071.17
4612,1553,207,3,27779.78,8457.21,13478.78,88360.91
4613,1554,72,4,12573.73,4627.6,8220.12,53887.44
4614,1554,195,4,42664.46,10388.88,28848.41,189117.37
4615,1554,64,1,1034.97,9.24,184.63,1210.36
4616,1554,206,2,37695.53,1997.44,13210.85,86604.47
4617,1554,236,4,18050.29,2231.05,12594.62,82564.73
4618,1555,153,1,6055.61,560.21,989.17,6484.57
4619,1555,173,4,15522.12,5205.0,10239.03,67122.51
4620,1555,169,2,10455.18,1957.21,3411.57,22364.72
4621,1556,100,2,46774.34,1304.78,16603.9,108847.8
4622,1556,61,2,33657.04,7159.45,10827.83,70982.46
4623,1556,120,4,26697.64,5065.33,18310.54,120035.77
4624,1557,82,4,10944.45,2460.7,7437.08,48754.18
4625,1557,89,2,4268.91,739.19,1403.75,9202.38
4626,1557,169,2,10455.18,1509.67,3492.12,22892.81
4627,1557,159,3,18286.08,6429.91,8717.1,57145.43
4628,1557,151,3,39931.59,10977.62,19587.09,128404.24
4629,1558,173,4,15522.12,88.29,11160.03,73160.22
4630,1558,56,4,36444.51,2596.32,25772.71,168954.43
4631,1558,101,3,46156.61,6529.32,23749.29,155689.8
4632,1558,237,4,17135.78,7097.05,11060.29,72506.36
4633,1559,204,1,3813.54,248.51,641.71,4206.74
4634,1560,36,2,10167.03,1950.53,3309.04,21692.57
4635,1560,131,1,41590.84,4431.8,6688.63,43847.67
4636,1560,120,2,26697.64,533.26,9515.16,62377.18
4637,1560,58,4,43014.0,4738.99,30117.06,197434.07
4638,1560,233,4,21896.66,10316.9,13908.55,91178.29
4639,1561,17,4,25819.56,10471.84,16705.15,109511.55
4640,1562,126,4,14629.39,5351.07,9569.97,62736.46
4641,1562,157,2,10083.83,1522.81,3356.07,22000.92
4642,1563,5,3,16705.9,5322.51,8063.13,52858.32
4643,1564,54,1,4901.82,7.57,880.96,5775.21
4644,1564,177,4,37809.52,194.83,27187.78,178231.03
4645,1565,181,2,30664.66,4928.42,10152.16,66553.06
4646,1566,197,1,13368.44,1386.79,2156.7,14138.35
4647,1566,147,1,26528.08,2773.35,4275.85,28030.58
4648,1566,37,4,36875.04,3913.71,25845.56,169432.01
4649,1566,218,4,20584.33,8301.91,13326.37,87361.78
4650,1567,53,1,12091.35,368.89,2110.04,13832.5
4651,1567,220,3,21280.0,6970.42,10236.52,67106.1
4652,1568,8,3,28733.56,3001.33,14975.88,98175.23
4653,1569,106,1,12366.02,870.1,2069.27,13565.19
4654,1569,213,3,20525.1,708.55,10956.01,71822.76
4655,1569,178,3,39619.34,86.59,21378.86,140150.29
4656,1569,44,1,43728.99,3432.88,7253.3,47549.41
4657,1569,133,4,38037.94,11233.8,25365.23,166283.19
4658,1570,182,3,26624.12,1531.61,14101.33,92442.08
4659,1570,85,2,8728.6,1458.68,2879.73,18878.25
4660,1571,61,3,33657.04,8968.3,16560.51,108563.33
4661,1571,90,3,18461.71,3302.8,9374.82,61457.15
4662,1571,236,4,18050.29,1510.65,12724.29,83414.8
4663,1572,199,3,19178.46,2204.81,9959.5,65290.07
4664,1572,41,4,23389.54,9372.55,15153.41,99339.02
4665,1572,210,4,33886.56,7243.4,23094.51,151397.35
4666,1573,5,3,16705.9,4825.38,8152.62,53444.94
4667,1573,61,1,33657.04,2854.25,5544.5,36347.29
4668,1573,6,4,9654.29,545.58,6852.88,44924.46
4669,1573,66,4,12279.53,397.31,8769.75,57490.56
4670,1573,233,3,21896.66,6517.63,10651.02,69823.37
4671,1574,12,3,13880.48,2815.95,6988.59,45814.08
4672,1574,84,4,10857.56,1673.85,7516.15,49272.54
4673,1575,195,4,42664.46,19896.64,27137.02,177898.22
4674,1575,85,4,8728.6,3662.03,5625.43,36877.8
4675,1575,120,3,26697.64,7372.27,13089.72,85810.37
4676,1576,205,1,26777.33,2821.88,4311.98,28267.43
4677,1577,199,2,19178.46,1253.33,6678.65,43782.24
4678,1577,97,4,11972.84,3912.3,7916.23,51895.29
4679,1577,16,1,37019.42,577.08,6559.62,43001.96
4680,1577,2,2,11408.11,19.25,4103.45,26900.42
4681,1577,235,4,28131.22,3791.14,19572.07,128305.81
4682,1578,163,3,1240.08,310.68,613.72,4023.28
4683,1579,226,3,41253.01,10898.92,20314.82,133174.93
4684,1579,213,4,20525.1,5049.47,13869.17,90920.1
4685,1579,38,1,28086.65,1840.57,4724.29,30970.37
4686,1580,3,4,33432.15,9426.03,22374.46,146677.03
4687,1580,166,3,33767.83,9504.3,16523.85,108323.04
4688,1580,2,3,11408.11,1899.68,5818.44,38143.09
4689,1580,121,3,18719.38,5859.87,9053.69,59351.96
4690,1580,61,3,33657.04,3357.54,17570.44,115184.02
4691,1581,73,3,17456.78,4830.17,8557.23,56097.4
4692,1581,168,3,41017.08,14670.38,19508.55,127889.41
4693,1581,60,1,24754.89,2047.83,4087.27,26794.33
4694,1582,190,4,14801.53,2585.23,10191.76,66812.65
4695,1582,14,3,3800.37,616.26,1941.27,12726.12
4696,1582,119,2,36904.39,8165.61,11815.77,77458.94
4697,1582,208,4,7922.32,1254.38,5478.28,35913.18
4698,1582,156,1,36965.82,1678.62,6351.7,41638.9
4699,1583,167,4,31659.13,7076.83,21520.74,141080.43
4700,1583,172,4,1060.63,47.81,755.05,4949.76
4701,1583,26,2,15276.03,1159.64,5290.64,34683.06
4702,1583,207,1,27779.78,2139.88,4615.18,30255.08
4703,1584,83,2,34264.79,3361.79,11730.2,76897.99
4704,1584,73,3,17456.78,816.32,9279.72,60833.74
4705,1584,4,3,35689.14,8763.91,17694.63,115998.14
4706,1584,61,1,33657.04,2940.46,5528.98,36245.56
4707,1584,232,2,11511.84,240.36,4101.0,26884.32
4708,1585,81,3,3286.08,956.87,1602.25,10503.62
4709,1585,178,3,39619.34,8886.81,19794.82,129766.03
4710,1586,75,4,8532.47,3244.57,5559.36,36444.67
4711,1587,11,1,36727.76,1811.74,6284.88,41200.9
4712,1587,234,4,10605.83,1280.22,7405.76,48548.86
4713,1587,39,2,39677.48,3981.37,13567.25,88940.84
4714,1587,10,3,31794.64,3038.58,16622.16,108967.5
4715,1588,28,2,29031.11,6460.04,9288.39,60890.57
4716,1588,142,1,26420.51,3032.71,4209.8,27597.6
4717,1589,232,2,11511.84,466.53,4060.29,26617.44
4718,1590,178,3,39619.34,5291.25,20442.02,134008.79
4719,1590,91,3,33075.34,9659.99,16121.89,105687.92
4720,1590,64,3,1034.97,216.34,519.94,3408.51
4721,1590,172,1,1060.63,16.05,188.02,1232.6
4722,1590,2,4,11408.11,1162.24,8004.64,52474.84
4723,1591,237,2,17135.78,2657.41,5690.55,37304.7
4724,1591,204,4,3813.54,750.4,2610.68,17114.44
4725,1591,56,2,36444.51,5042.97,12212.29,80058.34
4726,1592,103,4,20030.13,6930.8,13174.15,86363.87
4727,1592,145,2,17725.61,4033.1,5655.26,37073.38
4728,1593,174,1,40361.15,2217.82,6865.8,45009.13
4729,1593,6,1,9654.29,500.09,1647.76,10801.96
4730,1593,103,4,20030.13,228.41,14380.58,94272.69
4731,1594,65,1,41109.17,2254.9,6993.77,45848.04
4732,1594,80,4,9554.15,4100.09,6140.97,40257.48
4733,1595,151,1,39931.59,3548.96,6548.87,42931.5
4734,1595,189,2,28066.42,3893.32,9403.11,61642.63
4735,1596,45,4,3684.98,74.51,2639.77,17305.18
4736,1596,236,1,18050.29,1944.48,2899.05,19004.86
4737,1597,81,3,3286.08,733.98,1642.37,10766.63
4738,1598,178,1,39619.34,4564.08,6309.95,41365.21
4739,1598,170,2,19374.04,1959.36,6621.97,43410.69
4740,1599,149,3,16854.36,2979.6,8565.03,56148.51
4741,1599,83,1,34264.79,3472.98,5542.53,36334.34
4742,1599,36,4,10167.03,3994.29,6601.29,43275.12
4743,1599,190,1,14801.53,1148.72,2457.51,16110.32
4744,1599,226,3,41253.01,6533.89,21100.53,138325.67
4745,1600,120,3,26697.64,135.46,14392.34,94349.8
4746,1600,178,1,39619.34,3853.2,6437.91,42204.05
4747,1600,65,3,41109.17,6165.01,21089.25,138251.75
4748,1600,121,4,18719.38,4206.04,12720.87,83392.35
4749,1600,127,1,3238.17,386.25,513.35,3365.27
4750,1601,35,4,13199.49,4352.77,8720.13,57165.32
4751,1601,132,1,15074.48,1279.72,2483.06,16277.82
4752,1601,204,4,3813.54,470.73,2661.02,17444.45
4753,1601,38,4,28086.65,361.92,20157.24,132141.92
4754,1601,229,3,33676.3,2374.69,17757.76,116411.97
4755,1602,204,2,3813.54,67.98,1360.64,8919.74
4756,1603,37,4,36875.04,10312.62,24693.76,161881.3
4757,1604,96,3,17662.28,529.06,9442.4,61900.18
4758,1604,173,4,15522.12,5899.42,10114.03,66303.09
4759,1605,239,1,26635.98,1506.36,4523.33,29652.95
4760,1606,186,1,24680.72,1395.83,4191.28,27476.17
4761,1607,153,2,6055.61,941.94,2010.47,13179.75
4762,1607,98,3,20903.98,3102.61,10729.68,70339.01
4763,1607,116,1,3361.81,132.13,581.34,3811.02
4764,1607,180,1,4766.01,52.38,848.45,5562.08
4765,1608,8,1,28733.56,1283.44,4941.02,32391.14
4766,1608,186,2,24680.72,2061.43,8514.0,55814.01
4767,1608,46,3,5015.71,1020.82,2524.74,16551.05
4768,1609,159,4,18286.08,3199.11,12590.14,82535.35
4769,1609,231,4,3326.96,429.63,2318.08,15196.29
4770,1610,66,2,12279.53,1021.31,4236.8,27774.55
4771,1610,213,4,20525.1,6532.96,13602.14,89169.58
4772,1610,195,3,42664.46,10274.53,21189.39,138908.24
4773,1611,75,3,8532.47,285.41,4556.16,29868.16
4774,1611,11,2,36727.76,2101.02,12843.81,84198.31
4775,1611,204,2,3813.54,794.8,1229.81,8062.09
4776,1611,202,4,22486.45,8594.01,14643.32,95995.11
4777,1612,215,3,34726.43,4294.33,17979.29,117864.25
4778,1613,186,3,24680.72,2424.47,12891.18,84508.87
4779,1613,101,1,46156.61,2855.29,7794.24,51095.56
4780,1613,133,2,38037.94,8727.45,12122.72,79471.15
4781,1613,131,3,41590.84,7536.0,21102.57,138339.09
4782,1613,21,2,27939.78,1899.29,9716.45,63696.72
4783,1614,143,3,23230.7,6396.5,11393.21,74688.81
4784,1614,112,3,24992.69,1307.83,13260.64,86930.88
4785,1614,54,4,4901.82,1733.21,3217.33,21091.4
4786,1614,47,1,34112.86,397.77,6068.72,39783.81
4787,1614,67,1,41997.34,456.24,7477.4,49018.5
4788,1615,157,2,10083.83,1980.88,3273.62,21460.4
4789,1615,142,1,26420.51,769.67,4617.15,30267.99
4790,1615,172,4,1060.63,59.96,752.86,4935.42
4791,1615,187,2,33639.08,422.36,12034.04,78889.84
4792,1615,83,4,34264.79,11894.76,22529.59,147693.99
4793,1616,68,4,3827.59,1217.54,2536.71,16629.53
4794,1616,40,2,11047.42,22.94,3972.94,26044.84
4795,1616,89,3,4268.91,455.67,2223.19,14574.25
4796,1616,158,2,36880.83,7281.48,11966.43,78446.61
4797,1617,121,3,18719.38,3011.36,9566.42,62713.2
4798,1617,175,4,27514.3,64.98,19798.6,129790.82
4799,1617,66,2,12279.53,1720.73,4110.9,26949.23
4800,1618,111,2,43082.21,5159.9,14580.81,95585.33
4801,1618,21,1,27939.78,2711.29,4541.13,29769.62
4802,1618,118,3,9547.03,2751.64,4660.1,30549.55
4803,1619,117,4,27023.51,4288.86,18684.93,122490.11
4804,1619,151,3,39931.59,4735.1,20710.74,135770.41
4805,1619,139,3,4824.95,1534.58,2329.25,15269.52
4806,1619,135,3,25713.49,8946.53,12274.91,80468.85
4807,1619,119,2,36904.39,2459.03,12842.95,84192.7
4808,1620,112,1,24992.69,2962.75,3965.39,25995.33
4809,1620,47,2,34112.86,2056.33,11910.49,78079.88
4810,1620,179,2,40060.15,4960.4,13528.78,88688.68
4811,1620,117,1,27023.51,359.56,4799.51,31463.46
4812,1620,86,3,41540.1,12583.99,20166.54,132202.85
4813,1621,236,1,18050.29,2125.29,2866.5,18791.5
4814,1622,86,1,41540.1,4318.79,6699.84,43921.15
4815,1622,158,2,36880.83,904.07,13114.37,85971.96
4816,1622,65,1,41109.17,647.81,7283.04,47744.4
4817,1622,133,2,38037.94,4103.63,12955.0,84927.25
4818,1623,18,2,16802.96,1146.37,5842.72,38302.27
4819,1623,138,4,5484.92,2296.31,3535.81,23179.18
4820,1623,106,3,12366.02,1862.48,6342.4,41577.98
4821,1623,163,1,1240.08,119.02,201.79,1322.85
4822,1624,139,4,4824.95,963.9,3300.46,21636.36
4823,1624,195,3,42664.46,10704.67,21111.97,138400.68
4824,1624,205,3,26777.33,3342.29,13858.15,90847.85
4825,1624,13,3,40458.84,7480.67,20501.25,134397.1
4826,1625,175,1,27514.3,3097.48,4395.03,28811.85
4827,1625,134,4,29515.74,6131.59,20147.65,132079.02
4828,1625,46,1,5015.71,548.52,804.09,5271.28
4829,1625,87,3,21959.44,6594.53,10671.08,69954.87
4830,1625,36,3,10167.03,1427.87,5233.18,34306.4
4831,1626,85,2,8728.6,93.13,3125.53,20489.6
4832,1627,235,2,28131.22,5856.66,9073.04,59478.82
4833,1627,5,4,16705.9,4193.48,11273.42,73903.54
4834,1628,110,3,6566.95,440.08,3466.94,22727.71
4835,1628,139,2,4824.95,612.79,1626.68,10663.79
4836,1629,58,1,43014.0,2099.25,7364.65,48279.4
4837,1629,213,2,20525.1,4058.45,6658.51,43650.26
4838,1629,69,3,3290.31,755.39,1640.8,10756.34
4839,1629,113,3,2640.7,773.13,1286.81,8435.78
4840,1629,21,3,27939.78,4831.4,14217.83,93205.77
4841,1630,15,3,37893.41,4509.81,19650.68,128821.1
4842,1631,57,2,20483.4,836.78,7223.4,47353.42
4843,1631,191,3,30208.27,8871.97,14715.51,96468.35
4844,1631,163,4,1240.08,549.27,793.99,5205.04
4845,1631,172,1,1060.63,39.73,183.76,1204.66
4846,1632,134,2,29515.74,6949.92,9374.68,61456.24
4847,1632,155,4,37465.45,16047.92,24086.5,157900.38
4848,1632,186,4,24680.72,7691.37,16385.67,107417.18
4849,1632,203,3,32452.38,1218.07,17305.03,113444.1
4850,1633,60,3,24754.89,3387.48,12757.89,83635.08
4851,1633,136,1,34274.09,1221.61,5949.45,39001.93
4852,1633,101,3,46156.61,8555.76,23384.53,153298.6
4853,1633,216,3,4678.54,1256.68,2300.21,15079.15
4854,1634,140,3,12249.39,2357.73,6190.28,40580.72
4855,1634,155,4,37465.45,521.65,26881.23,176221.38
4856,1634,85,4,8728.6,3733.75,5612.52,36793.17
4857,1635,125,4,28195.42,325.21,20242.16,132698.63
4858,1636,148,1,32803.6,2731.13,5413.04,35485.51
4859,1636,131,2,41590.84,7200.28,13676.65,89658.05
4860,1637,141,1,29486.44,135.13,5283.24,34634.55
4861,1637,160,1,7458.41,847.26,1190.01,7801.16
4862,1637,14,3,3800.37,1119.97,1850.61,12131.75
4863,1637,83,2,34264.79,3758.44,11658.81,76429.95
4864,1638,126,4,14629.39,497.71,10443.57,68463.42
4865,1638,43,3,16510.19,5503.85,7924.81,51951.53
4866,1638,131,3,41590.84,9105.69,20820.03,136486.86
4867,1638,197,3,13368.44,2226.71,6818.15,44696.76
4868,1639,95,3,8312.81,970.24,4314.27,28282.46
4869,1639,7,2,1179.48,194.85,389.54,2553.65
4870,1639,229,4,33676.3,2166.12,23857.03,156396.11
4871,1640,144,2,33892.0,5077.83,11287.11,73993.28
4872,1641,166,1,33767.83,1597.99,5790.57,37960.41
4873,1641,129,3,3101.06,107.49,1655.22,10850.91
4874,1641,42,1,27736.92,2031.2,4627.03,30332.75
4875,1641,199,2,19178.46,425.91,6827.58,44758.59
4876,1641,195,3,42664.46,7547.91,21680.18,142125.65
4877,1642,196,4,40456.71,3932.03,28421.07,186315.88
4878,1642,160,2,7458.41,537.34,2588.31,16967.79
4879,1642,226,1,41253.01,933.4,7257.53,47577.14
4880,1642,68,3,3827.59,941.41,1897.44,12438.8
4881,1643,150,4,3654.09,409.64,2557.21,16763.93
4882,1643,52,1,30086.26,2079.11,5041.29,33048.44
4883,1644,147,1,26528.08,2251.92,4369.71,28645.87
4884,1644,82,3,10944.45,3644.79,5253.94,34442.5
4885,1644,150,4,3654.09,1066.03,2439.06,15989.39
4886,1644,146,3,269.14,8.58,143.79,942.63
4887,1645,231,2,3326.96,638.71,1082.74,7097.95
4888,1645,153,2,6055.61,380.76,2111.48,13841.94
4889,1645,23,3,3383.79,576.18,1723.53,11298.72
4890,1645,201,2,18244.99,938.55,6399.26,41950.69
4891,1645,30,4,7051.18,2341.8,4655.33,30518.25
4892,1646,30,1,7051.18,127.55,1246.25,8169.88
4893,1646,197,2,13368.44,1986.8,4455.01,29205.09
4894,1647,144,1,33892.0,2261.51,5693.49,37323.98
4895,1647,9,1,9902.75,687.32,1658.78,10874.21
4896,1647,42,4,27736.92,4020.99,19246.8,126173.49
4897,1648,40,3,11047.42,1561.22,5684.59,37265.63
4898,1648,18,2,16802.96,379.48,5980.76,39207.2
4899,1648,172,2,1060.63,59.44,371.13,2432.95
4900,1648,56,4,36444.51,15411.68,23465.94,153832.3
4901,1648,50,4,45675.94,10722.29,30956.66,202938.13
4902,1649,231,4,3326.96,464.01,2311.89,15155.72
4903,1649,145,3,17725.61,5188.83,8637.84,56625.84
4904,1649,24,1,4300.49,57.81,763.68,5006.36
4905,1649,159,2,18286.08,3430.71,5965.46,39106.91
4906,1649,30,1,7051.18,645.98,1152.94,7558.14
4907,1650,20,4,38320.28,14162.2,25041.41,164160.33
4908,1650,66,3,12279.53,256.54,6584.77,43166.82
4909,1650,229,4,33676.3,7335.21,22926.6,150296.59
4910,1650,133,2,38037.94,3269.19,13105.2,85911.89
4911,1651,101,1,46156.61,4626.27,7475.46,49005.8
4912,1652,49,4,43844.62,18093.03,28311.38,185596.83
4913,1653,104,4,15989.17,3048.53,10963.47,71871.62
4914,1653,234,2,10605.83,2192.34,3423.48,22442.8
4915,1653,153,2,6055.61,1434.18,1921.87,12598.91
4916,1654,201,1,18244.99,1269.85,3055.53,20030.67
4917,1655,56,4,36444.51,5906.55,25176.87,165048.36
4918,1655,217,4,8518.31,1198.64,5917.43,38792.03
4919,1655,8,2,28733.56,4296.6,9570.69,62741.21
4920,1656,135,3,25713.49,8454.6,12363.46,81049.33
4921,1656,218,2,20584.33,3388.49,6800.43,44580.6
4922,1657,229,4,33676.3,12636.26,21972.41,144041.35
4923,1658,141,4,29486.44,2766.33,20732.3,135911.73
4924,1658,182,2,26624.12,928.88,9417.48,61736.84
4925,1659,80,3,9554.15,1779.11,4839.0,31722.34
4926,1659,106,4,12366.02,5601.69,7895.23,51757.62
4927,1659,108,3,46203.27,1634.46,24655.56,161630.91
4928,1659,231,2,3326.96,392.12,1127.12,7388.92
4929,1659,205,1,26777.33,418.59,4744.57,31103.31
4930,1660,103,3,20030.13,3701.94,10149.92,66538.37
4931,1660,10,1,31794.64,1956.79,5370.81,35208.66
4932,1660,32,1,25348.23,2279.2,4152.43,27221.46
4933,1660,67,3,41997.34,3826.04,21989.88,144155.86
4934,1661,229,4,33676.3,1911.67,23902.84,156696.37
4935,1661,18,3,16802.96,2339.24,8652.54,56722.18
4936,1661,19,1,37198.47,3837.76,6004.93,39365.64
4937,1661,107,4,19641.45,717.73,14012.65,91860.72
4938,1662,98,3,20903.98,1320.34,11050.49,72442.09
4939,1662,90,4,18461.71,4437.69,12493.65,81902.8
4940,1662,233,2,21896.66,1995.79,7523.56,49321.09
4941,1663,162,3,38305.79,13678.11,18223.07,119462.33
4942,1663,176,3,43250.55,10503.14,21464.73,140713.24
4943,1663,81,4,3286.08,45.21,2357.84,15456.95
4944,1664,128,2,48190.05,11062.06,15357.25,100675.29
4945,1664,199,4,19178.46,7363.26,12483.1,81833.68
4946,1665,100,2,46774.34,6006.72,15757.55,103299.51
4947,1665,205,1,26777.33,3027.88,4274.9,28024.35
4948,1666,22,3,9607.6,114.64,5167.47,33875.63
4949,1666,105,1,18322.11,153.1,3270.42,21439.43
4950,1666,175,4,27514.3,10612.09,17900.12,117345.23
4951,1666,236,3,18050.29,5563.24,8745.77,57333.4
4952,1666,233,1,21896.66,632.06,3827.63,25092.23
4953,1667,177,4,37809.52,3134.63,26658.62,174762.07
4954,1668,153,3,6055.61,621.49,3158.16,20703.5
4955,1668,91,4,33075.34,6790.98,22591.87,148102.25
4956,1669,34,1,9115.19,1057.98,1450.3,9507.51
4957,1669,122,1,24991.82,1244.31,4274.55,28022.06
4958,1669,88,1,33071.07,2573.04,5489.65,35987.68
4959,1669,44,4,43728.99,4296.5,30711.5,201330.96
4960,1670,183,2,17183.22,1742.64,5872.28,38496.08
4961,1670,55,4,21783.95,7512.14,14332.26,93955.92
4962,1670,142,1,26420.51,168.1,4725.43,30977.84
4963,1670,59,4,13506.51,82.72,9709.8,63653.12
4964,1671,20,1,38320.28,3938.26,6188.76,40570.78
4965,1671,189,3,28066.42,5652.5,14138.42,92685.18
4966,1671,190,1,14801.53,1241.29,2440.84,16001.08
4967,1671,62,3,34302.26,2145.36,18137.06,118898.48
4968,1672,124,4,10290.63,3521.58,6775.37,44416.31
4969,1672,44,4,43728.99,13820.49,28997.18,190092.65
4970,1673,97,4,11972.84,5462.98,7637.11,50065.49
4971,1673,71,4,21062.02,969.09,14990.22,98269.21
4972,1673,164,1,15908.19,652.21,2746.08,18002.06
4973,1674,203,1,32452.38,1899.01,5499.61,36052.98
4974,1674,153,1,6055.61,84.29,1074.84,7046.16
4975,1674,72,4,12573.73,719.78,8923.53,58498.67
4976,1674,19,3,37198.47,12494.55,17838.15,116939.01
4977,1674,239,3,26635.98,2441.14,13944.02,91410.82
4978,1675,45,3,3684.98,1158.33,1781.39,11678.0
4979,1675,188,4,14567.29,1488.56,10220.51,67001.11
4980,1675,197,3,13368.44,4668.59,6378.61,41815.34
4981,1676,2,1,11408.11,865.91,1897.6,12439.8
4982,1676,15,3,37893.41,3304.69,19867.6,130243.14
4983,1676,121,3,18719.38,6276.83,8978.64,58859.95
4984,1676,144,2,33892.0,703.97,12074.41,79154.44
4985,1677,158,4,36880.83,11787.31,24432.48,160168.49
4986,1678,166,3,33767.83,4893.09,17353.87,113764.27
4987,1678,93,2,17083.66,3997.95,5430.49,35599.86
4988,1678,118,1,9547.03,949.86,1547.49,10144.66
4989,1678,17,2,25819.56,4231.51,8533.37,55940.98
4990,1678,105,4,18322.11,84.66,13176.68,86380.46
4991,1679,193,4,16913.96,6100.88,11079.89,72634.85
4992,1679,188,2,14567.29,574.14,5140.88,33701.32
4993,1679,107,4,19641.45,7547.49,12783.3,83801.61
4994,1679,236,1,18050.29,1236.02,3026.57,19840.84
4995,1679,183,2,17183.22,1125.69,5983.34,39224.09
4996,1680,240,4,39567.79,6602.06,27300.44,178969.54
4997,1680,176,4,43250.55,16575.89,28156.74,184583.05
4998,1680,46,3,5015.71,1466.33,2444.54,16025.34
4999,1680,158,4,36880.83,5605.8,25545.15,167462.67
5000,1681,27,4,12821.1,3553.36,8591.59,56322.63
5001,1681,115,1,7640.14,787.64,1233.45,8085.95
5002,1681,151,1,39931.59,928.8,7020.5,46023.29
5003,1681,70,3,30937.09,8516.89,15172.99,99467.37
5004,1681,128,2,48190.05,705.62,17221.41,112895.89
5005,1682,170,2,19374.04,4431.37,6177.01,40493.72
5006,1682,232,3,11511.84,3947.19,5505.9,36094.23
5007,1682,66,2,12279.53,711.79,4292.51,28139.78
5008,1682,89,1,4268.91,511.81,676.28,4433.38
5009,1683,88,4,33071.07,6345.07,22669.06,148608.27
5010,1683,38,4,28086.65,4962.52,19329.13,126713.21
5011,1683,166,2,33767.83,2776.51,11656.65,76415.8
5012,1683,39,2,39677.48,4591.68,13457.39,88220.67
5013,1683,70,1,30937.09,229.61,5527.35,36234.83
5014,1684,56,2,36444.51,1307.18,12884.73,84466.57
5015,1684,67,3,41997.34,10540.27,20781.31,136233.06
5016,1685,193,1,16913.96,71.74,3031.6,19873.82
5017,1685,149,2,16854.36,2902.16,5545.18,36351.74
5018,1685,54,1,4901.82,4.06,881.6,5779.36
5019,1686,3,2,33432.15,7116.15,10754.67,70502.82
5020,1686,69,2,3290.31,539.19,1087.46,7128.89
5021,1686,51,2,628.75,80.49,211.86,1388.87
5022,1686,49,3,43844.62,6291.9,22543.55,147785.51
5023,1687,69,4,3290.31,346.07,2306.73,15121.9
5024,1688,139,4,4824.95,685.05,3350.65,21965.4
5025,1688,5,3,16705.9,1847.32,8688.67,56959.05
5026,1688,229,2,33676.3,774.76,11984.01,78561.85
5027,1688,168,4,41017.08,13106.19,27173.18,178135.31
5028,1689,183,4,17183.22,1634.9,12077.64,79175.62
5029,1689,38,4,28086.65,7042.71,18954.7,124258.59
5030,1690,117,2,27023.51,4395.45,8937.28,58588.85
5031,1690,158,1,36880.83,3068.72,6086.18,39898.29
5032,1690,234,1,10605.83,302.93,1854.52,12157.42
5033,1690,156,1,36965.82,2634.32,6179.67,40511.17
5034,1690,120,3,26697.64,7281.03,13106.14,85918.03
5035,1691,85,4,8728.6,1826.35,5955.85,39043.9
5036,1691,3,4,33432.15,10236.6,22228.56,145720.56
5037,1692,223,3,39924.82,11912.84,19415.09,127276.71
5038,1693,60,3,24754.89,1650.44,13070.56,85684.79
5039,1694,62,3,34302.26,2542.6,18065.55,118429.73
5040,1694,233,4,21896.66,2394.82,15334.53,100526.35
5041,1694,174,3,40361.15,8937.22,20186.32,132332.55
5042,1694,114,3,23667.1,61.54,12769.16,83708.92
5043,1695,51,1,628.75,38.75,106.2,696.2
5044,1695,20,2,38320.28,287.97,13743.47,90096.06
5045,1695,121,2,18719.38,3317.06,6141.91,40263.61
5046,1696,90,4,18461.71,5820.42,12244.76,80271.18
5047,1696,189,4,28066.42,2760.22,19710.98,129216.44
5048,1697,55,4,21783.95,53.21,15674.87,102757.46
5049,1697,154,1,14680.42,1022.22,2458.48,16116.68
5050,1697,17,1,25819.56,1868.95,4311.11,28261.72
5051,1697,110,3,6566.95,1297.22,3312.65,21716.28
5052,1697,171,4,32844.1,6248.22,22523.07,147651.25
5053,1698,237,2,17135.78,2732.71,5676.99,37215.84
5054,1698,194,3,5562.52,1229.61,2782.43,18240.38
5055,1698,115,3,7640.14,251.3,4080.44,26749.56
5056,1699,75,3,8532.47,1961.28,4254.5,27890.63
5057,1699,235,1,28131.22,48.88,5054.82,33137.16
5058,1699,198,3,112.51,30.43,55.28,362.38
5059,1699,182,2,26624.12,4573.63,8761.43,57436.04
5060,1700,226,3,41253.01,1942.05,21927.06,143744.04
5061,1700,15,1,37893.41,2997.43,6281.28,41177.26
5062,1700,191,4,30208.27,6332.76,20610.06,135110.38
5063,1700,198,1,112.51,7.47,18.91,123.95
5064,1700,202,4,22486.45,5853.53,15136.61,99228.88
5065,1701,91,4,33075.34,8066.86,22362.21,146596.71
5066,1701,12,2,13880.48,1676.86,4695.14,30779.24
5067,1701,156,4,36965.82,2798.92,26111.58,171175.94
5068,1702,68,2,3827.59,273.91,1328.63,8709.9
5069,1702,239,2,26635.98,2290.65,9176.64,60157.95
5070,1703,9,4,9902.75,301.82,7075.65,46384.83
5071,1703,211,1,18681.33,469.82,3278.07,21489.58
5072,1703,61,3,33657.04,5084.19,17259.65,113146.58
5073,1703,130,3,12728.22,1749.29,6558.37,42993.74
5074,1704,118,1,9547.03,752.77,1582.97,10377.23
5075,1704,111,1,43082.21,2202.51,7358.35,48238.05
5076,1704,189,2,28066.42,1195.09,9888.8,64826.55
5077,1705,182,1,26624.12,2039.86,4425.17,29009.43
5078,1705,129,1,3101.06,15.78,555.35,3640.63
5079,1705,183,3,17183.22,758.54,9142.4,59933.52
5080,1705,238,2,19991.97,1030.9,7011.55,45964.59
5081,1706,192,1,13341.13,267.92,2353.18,15426.39
5082,1706,1,3,25243.55,7137.5,12346.77,80939.92
5083,1706,197,4,13368.44,1238.6,9402.33,61637.49
5084,1707,25,3,27064.69,5445.88,13634.67,89382.86
5085,1707,139,4,4824.95,1731.59,3162.28,20730.49
5086,1707,24,1,4300.49,308.47,718.56,4710.58
5087,1707,234,1,10605.83,241.42,1865.59,12230.0
5088,1708,57,4,20483.4,801.15,14603.84,95736.29
5089,1708,214,4,25781.44,9837.62,16791.87,110080.01
5090,1708,238,4,19991.97,737.01,14261.56,93492.43
5091,1708,148,1,32803.6,2110.98,5524.67,36217.29
5092,1708,106,3,12366.02,2717.0,6188.59,40569.65
5093,1709,109,2,25465.9,4967.56,8273.56,54237.8
5094,1709,22,1,9607.6,878.99,1571.15,10299.76
5095,1709,40,3,11047.42,2292.73,5552.92,36402.45
5096,1709,152,2,37157.0,8576.32,11832.78,77570.46
5097,1709,57,1,20483.4,1382.72,3438.12,22538.8
5098,1710,127,3,3238.17,449.23,1667.75,10933.03
5099,1710,93,4,17083.66,2090.11,11924.02,78168.55
5100,1710,134,1,29515.74,1376.59,5065.05,33204.2
5101,1710,143,1,23230.7,190.38,4147.26,27187.58
5102,1711,100,3,46774.34,15882.19,22399.35,146840.18
5103,1712,213,1,20525.1,1335.06,3454.21,22644.25
5104,1713,150,4,3654.09,1018.72,2447.58,16045.22
5105,1713,224,2,31527.62,450.73,11268.81,73873.32
5106,1713,191,2,30208.27,1603.42,10586.36,69399.48
5107,1714,163,4,1240.08,512.01,800.7,5249.01
5108,1714,28,1,29031.11,3368.37,4619.29,30282.03
5109,1714,147,3,26528.08,294.54,14272.15,93561.85
5110,1714,196,2,40456.71,864.68,14408.77,94457.51
5111,1715,199,1,19178.46,582.66,3347.24,21943.04
5112,1715,27,4,12821.1,5168.45,8300.87,54416.82
5113,1715,177,1,37809.52,3138.76,6240.74,40911.5
5114,1716,72,3,12573.73,135.06,6765.5,44351.63
5115,1716,145,4,17725.61,98.31,12744.74,83548.87
5116,1716,225,3,36716.34,10952.79,17855.32,117051.55
5117,1717,143,3,23230.7,4779.47,11684.27,76596.9
5118,1717,57,1,20483.4,1197.32,3471.49,22757.57
5119,1717,176,2,43250.55,6315.15,14433.47,94619.42
5120,1717,159,3,18286.08,514.62,9781.85,64125.47
5121,1717,164,2,15908.19,2539.54,5269.83,34546.67
5122,1718,46,3,5015.71,820.02,2560.88,16787.99
5123,1718,81,4,3286.08,953.99,2194.26,14384.59
5124,1718,218,3,20584.33,1446.88,10855.1,71161.21
5125,1718,49,1,43844.62,2055.85,7521.98,49310.75
5126,1719,228,1,11203.89,181.17,1984.09,13006.81
5127,1719,133,4,38037.94,2364.02,26961.79,176749.53
5128,1719,82,4,10944.45,5029.1,6974.77,45723.47
5129,1719,150,1,3654.09,53.04,648.19,4249.24
5130,1720,134,4,29515.74,6844.58,20019.31,131237.69
5131,1720,33,1,39008.3,584.82,6916.23,45339.71
5132,1720,70,3,30937.09,4215.25,15947.28,104543.3
5133,1720,207,4,27779.78,9947.54,18210.88,119382.46
5134,1720,103,3,20030.13,323.08,10758.12,70525.43
5135,1721,38,2,28086.65,2293.24,9698.41,63578.47
5136,1721,71,3,21062.02,6276.68,10243.69,67153.07
5137,1721,46,4,5015.71,2001.01,3251.13,21312.96
5138,1722,28,1,29031.11,1182.65,5012.72,32861.18
5139,1722,93,2,17083.66,33.84,6144.03,40277.51
5140,1723,236,3,18050.29,3980.87,9030.6,59200.6
5141,1723,106,2,12366.02,855.2,4297.83,28174.67
5142,1723,5,2,16705.9,971.08,5839.33,38280.05
5143,1724,228,1,11203.89,1065.93,1824.83,11962.79
5144,1724,191,3,30208.27,9882.89,14533.55,95275.47
5145,1724,58,1,43014.0,1450.63,7481.41,49044.78
5146,1725,225,2,36716.34,6072.95,12124.75,79484.48
5147,1725,214,3,25781.44,418.89,13846.58,90772.01
5148,1725,124,2,10290.63,238.75,3661.65,24004.16
5149,1725,152,1,37157.0,1904.3,6345.49,41598.19
5150,1726,21,1,27939.78,2695.69,4543.94,29788.03
5151,1726,129,4,3101.06,224.18,2192.41,14372.47
5152,1726,28,3,29031.11,1699.62,15370.87,100764.58
5153,1726,168,4,41017.08,6768.87,28313.9,185613.35
5154,1726,4,4,35689.14,8896.33,24094.84,157955.07
5155,1727,199,2,19178.46,1919.43,6558.75,42996.24
5156,1727,223,3,39924.82,7219.07,20259.97,132815.36
5157,1727,89,2,4268.91,200.22,1500.77,9838.37
5158,1728,164,2,15908.19,1248.23,5502.27,36070.42
5159,1728,83,1,34264.79,3696.63,5502.27,36070.43
5160,1729,59,2,13506.51,1655.74,4564.31,29921.59
5161,1729,142,4,26420.51,2014.36,18660.18,122327.86
5162,1729,189,3,28066.42,4459.67,14353.13,94092.72
5163,1730,77,4,19293.34,731.89,13759.46,90200.93
5164,1730,83,2,34264.79,457.36,12253.0,80325.22
5165,1730,181,4,30664.66,4613.03,21248.21,139293.82
5166,1730,179,1,40060.15,3288.21,6618.95,43390.89
5167,1731,33,1,39008.3,2250.46,6616.41,43374.25
5168,1731,25,3,27064.69,6935.98,13366.46,87624.55
5169,1731,169,1,10455.18,322.34,1823.91,11956.75
5170,1731,168,3,41017.08,3246.6,21564.84,141369.48
5171,1732,202,3,22486.45,2853.75,11629.01,76234.61
5172,1732,223,4,39924.82,5977.0,27670.01,181392.29
5173,1732,153,2,6055.61,310.34,2124.16,13925.04
5174,1732,98,4,20903.98,970.13,14876.24,97522.03
5175,1732,239,1,26635.98,2184.76,4401.22,28852.44
5176,1733,111,1,43082.21,130.02,7731.39,50683.58
5177,1733,216,1,4678.54,419.0,766.72,5026.26
5178,1733,158,3,36880.83,3004.43,19374.85,127012.91
5179,1733,120,3,26697.64,5764.34,13379.14,87707.72
5180,1733,8,4,28733.56,5024.42,19783.77,129693.59
5181,1734,130,4,12728.22,328.01,9105.28,59690.15
5182,1734,24,2,4300.49,119.32,1526.7,10008.36
5183,1734,215,2,34726.43,4160.01,11752.71,77045.56
5184,1734,239,3,26635.98,2084.16,14008.28,91832.06
5185,1734,122,4,24991.82,11727.73,15883.12,104122.67
5186,1735,43,2,16510.19,3451.07,5322.48,34891.79
5187,1735,48,3,2802.25,266.36,1465.27,9605.66
5188,1736,56,3,36444.51,6033.0,18594.1,121894.63
5189,1736,205,4,26777.33,3288.32,18687.78,122508.78
5190,1736,102,4,34567.4,298.64,24834.77,162805.73
5191,1736,143,4,23230.7,4292.99,15953.37,104583.18
5192,1736,119,3,36904.39,5343.68,18966.51,124336.0
5193,1737,202,2,22486.45,652.59,7977.66,52297.97
5194,1737,176,2,43250.55,8913.6,13965.75,91553.25
5195,1738,182,2,26624.12,1262.38,9357.45,61343.31
5196,1738,203,1,32452.38,3529.43,5206.13,34129.08
5197,1738,56,3,36444.51,8447.29,18159.52,119045.76
5198,1739,9,3,9902.75,3524.12,4713.14,30897.27
5199,1739,228,1,11203.89,244.29,1972.73,12932.33
5200,1739,70,3,30937.09,7277.5,15396.08,100929.85
5201,1739,140,3,12249.39,906.58,6451.49,42293.08
5202,1740,90,2,18461.71,524.39,6551.83,42950.86
5203,1740,26,4,15276.03,5494.69,10009.7,65619.13
5204,1740,40,4,11047.42,2955.39,7422.17,48656.46
5205,1740,67,1,41997.34,2388.0,7129.68,46739.02
5206,1741,177,4,37809.52,13186.96,24849.2,162900.32
5207,1742,64,1,1034.97,25.9,181.63,1190.7
5208,1742,128,4,48190.05,4474.07,33891.5,222177.63
5209,1742,147,4,26528.08,4284.23,18329.06,120157.15
5210,1742,194,4,5562.52,473.3,3919.82,25696.6
5211,1742,51,4,628.75,139.19,427.65,2803.46
5212,1743,214,3,25781.44,828.81,13772.79,90288.3
5213,1743,199,3,19178.46,6893.34,9115.57,59757.61
5214,1744,46,4,5015.71,2058.36,3240.81,21245.29
5215,1744,111,2,43082.21,2072.95,15136.46,99227.93
5216,1744,202,1,22486.45,1833.75,3717.49,24370.19
5217,1745,157,3,10083.83,1117.91,5244.04,34377.62
5218,1745,28,1,29031.11,1072.35,5032.58,32991.34
5219,1746,155,4,37465.45,1748.87,26660.33,174773.26
5220,1746,4,4,35689.14,13316.4,23299.23,152739.39
5221,1746,23,3,3383.79,1005.62,1646.23,10791.98
5222,1746,1,1,25243.55,944.71,4373.79,28672.63
5223,1746,222,1,28533.87,1173.18,4924.92,32285.61
5224,1747,171,2,32844.1,7707.66,10436.5,68417.04
5225,1747,60,4,24754.89,1404.15,17570.77,115186.18
5226,1747,100,2,46774.34,8550.45,15299.68,100297.91
5227,1747,116,4,3361.81,292.4,2367.87,15522.71
5228,1748,234,4,10605.83,527.19,7541.3,49437.43
5229,1748,93,3,17083.66,2225.8,8824.53,57849.71
5230,1748,159,4,18286.08,5424.93,12189.49,79908.88
5231,1749,25,2,27064.69,4061.98,9012.13,59079.53
5232,1749,214,2,25781.44,4517.88,8468.1,55513.1
5233,1749,120,4,26697.64,58.98,19211.68,125943.26
5234,1749,174,4,40361.15,9841.21,27288.61,178892.0
5235,1749,128,4,48190.05,11759.59,32580.11,213580.72
5236,1750,122,4,24991.82,10340.52,16132.82,105759.58
5237,1750,52,3,30086.26,8981.95,14629.83,95906.66
5238,1750,89,2,4268.91,1017.22,1353.71,8874.31
5239,1750,129,4,3101.06,407.56,2159.4,14156.08
5240,1750,97,4,11972.84,293.44,8567.63,56165.55
5241,1751,207,3,27779.78,5182.8,14068.18,92224.72
5242,1751,224,4,31527.62,5826.47,21651.12,141935.13
5243,1751,205,3,26777.33,7897.58,13038.19,85472.6
5244,1751,68,3,3827.59,1339.97,1825.7,11968.5
5245,1752,166,2,33767.83,2051.9,11787.08,77270.84
5246,1752,10,3,31794.64,2762.37,16671.88,109293.43
5247,1752,184,4,11705.83,953.25,8256.61,54126.68
5248,1753,86,2,41540.1,4395.87,14163.18,92847.51
5249,1753,225,3,36716.34,3696.48,19161.46,125614.0
5250,1753,7,1,1179.48,109.39,192.62,1262.71
5251,1754,149,1,16854.36,500.93,2943.62,19297.05
5252,1754,49,4,43844.62,6375.58,30420.52,199423.42
5253,1754,48,1,2802.25,234.25,462.24,3030.24
5254,1754,185,3,189.21,55.27,92.22,604.58
5255,1755,185,4,189.21,19.84,132.66,869.66
5256,1756,105,2,18322.11,3822.8,5907.86,38729.28
5257,1756,93,4,17083.66,5179.54,11367.92,74523.02
5258,1757,178,4,39619.34,16426.54,25569.15,167619.97
5259,1757,202,1,22486.45,668.23,3927.28,25745.5
5260,1757,231,2,3326.96,721.36,1067.86,7000.42
5261,1758,73,1,17456.78,44.3,3134.25,20546.73
5262,1758,210,4,33886.56,7095.21,23121.19,151572.22
5263,1758,209,4,10731.59,4142.53,6981.09,45764.92
5264,1758,18,1,16802.96,1375.28,2776.98,18204.66
5265,1758,14,3,3800.37,157.31,2023.88,13267.68
5266,1759,51,4,628.75,26.32,447.96,2936.64
5267,1759,61,3,33657.04,2604.6,17705.97,116072.49
5268,1759,221,3,32207.06,5184.93,16458.52,107894.77
5269,1759,214,3,25781.44,2502.17,13471.59,88313.74
5270,1759,6,4,9654.29,2447.27,6510.58,42680.47
5271,1760,8,4,28733.56,4608.22,19858.68,130184.7
5272,1760,186,4,24680.72,716.28,17641.19,115647.79
5273,1760,104,1,15989.17,1221.27,2658.22,17426.12
5274,1760,221,1,32207.06,3638.52,5142.34,33710.88
5275,1761,49,4,43844.62,5336.14,30607.62,200649.96
5276,1761,126,3,14629.39,5055.67,6989.85,45822.35
5277,1762,235,1,28131.22,1651.68,4766.32,31245.86
5278,1762,178,1,39619.34,3606.13,6482.38,42495.59
5279,1762,130,4,12728.22,5162.7,8235.03,53985.21
5280,1763,53,3,12091.35,1921.22,6183.51,40536.34
5281,1763,195,3,42664.46,7868.37,21622.5,141747.51
5282,1763,138,2,5484.92,1060.39,1783.7,11693.15
5283,1763,175,2,27514.3,1679.29,9602.88,62952.19
5284,1763,166,3,33767.83,5621.62,17222.74,112904.61
5285,1764,123,1,9421.34,694.55,1570.82,10297.61
5286,1764,48,2,2802.25,79.15,994.56,6519.91
5287,1765,84,3,10857.56,3706.11,5195.98,34062.55
5288,1765,192,3,13341.13,4268.53,6435.87,42190.73
5289,1765,160,3,7458.41,2675.67,3545.92,23245.48
5290,1765,129,2,3101.06,17.83,1113.17,7297.46
5291,1765,213,2,20525.1,4786.7,6527.43,42790.93
5292,1766,32,3,25348.23,1450.51,13426.95,88021.13
5293,1767,211,3,18681.33,5714.38,9059.33,59388.94
5294,1767,229,4,33676.3,5700.04,23220.93,152226.09
5295,1767,43,1,16510.19,1938.57,2622.89,17194.51
5296,1767,234,1,10605.83,560.2,1808.21,11853.84
5297,1767,63,1,120.39,11.6,19.58,128.37
5298,1768,222,3,28533.87,2208.54,15010.75,98403.82
5299,1768,161,3,41588.13,65.56,22445.79,147144.62
5300,1769,239,1,26635.98,961.95,4621.33,30295.36
5301,1769,133,1,38037.94,3568.39,6204.52,40674.07
5302,1769,33,1,39008.3,2652.32,6544.08,42900.06
5303,1769,207,1,27779.78,3032.03,4454.6,29202.35
5304,1770,154,2,14680.42,954.45,5113.15,33519.54
5305,1770,115,3,7640.14,1755.02,3809.77,24975.17
5306,1770,227,3,19776.73,1685.23,10376.09,68021.05
5307,1770,53,1,12091.35,543.74,2078.57,13626.18
5308,1771,219,3,11772.86,3679.09,5695.11,37334.6
5309,1771,34,1,9115.19,551.77,1541.42,10104.84
5310,1771,151,2,39931.59,8345.6,12873.16,84390.74
5311,1772,14,1,3800.37,262.31,636.85,4174.91
5312,1772,240,3,39567.79,12036.04,19200.12,125867.45
5313,1773,150,3,3654.09,969.63,1798.68,11791.32
5314,1773,190,2,14801.53,2324.69,4910.11,32188.48
5315,1773,30,3,7051.18,1033.7,3621.57,23741.41
5316,1774,89,2,4268.91,377.3,1468.89,9629.41
5317,1774,201,3,18244.99,3338.64,9251.34,60647.67
5318,1774,91,1,33075.34,3408.62,5340.01,35006.73
5319,1775,161,3,41588.13,5571.04,21454.8,140648.15
5320,1775,128,2,48190.05,4278.55,16578.28,108679.83
5321,1775,240,1,39567.79,599.17,7014.35,45982.97
5322,1775,127,4,3238.17,230.64,2289.97,15012.01
5323,1776,182,3,26624.12,8378.6,12868.88,84362.64
5324,1777,112,4,24992.69,1590.4,17708.46,116088.82
5325,1778,57,2,20483.4,3817.4,6686.89,43836.29
5326,1778,88,4,33071.07,7091.78,22534.65,147727.15
5327,1778,231,1,3326.96,149.95,571.86,3748.87
5328,1778,8,1,28733.56,2697.18,4686.55,30722.93
5329,1778,239,2,26635.98,3137.63,9024.18,59158.51
5330,1779,71,4,21062.02,9163.52,13515.22,88599.78
5331,1779,27,1,12821.1,85.98,2292.32,15027.44
5332,1780,87,4,21959.44,8447.39,14290.27,93680.64
5333,1780,228,1,11203.89,570.0,1914.1,12547.99
5334,1780,213,2,20525.1,1002.63,7208.56,47256.13
5335,1780,94,4,35740.44,11997.73,23573.53,154537.56
5336,1780,237,4,17135.78,3411.48,11723.7,76855.34
5337,1781,107,2,19641.45,374.56,7003.5,45911.84
5338,1781,195,1,42664.46,1897.15,7338.12,48105.43
5339,1781,184,3,11705.83,2867.66,5804.97,38054.8
5340,1781,14,3,3800.37,1047.93,1863.57,12216.75
5341,1781,76,1,44895.56,3371.19,7474.39,48998.76
5342,1782,223,4,39924.82,690.8,28621.53,187630.01
5343,1782,18,3,16802.96,3909.09,8369.96,54869.75
5344,1783,24,1,4300.49,190.64,739.77,4849.62
5345,1784,176,2,43250.55,7345.14,14248.07,93404.03
5346,1784,174,4,40361.15,4707.6,28212.66,184949.66
5347,1785,44,2,43728.99,5543.58,14744.59,96658.99
5348,1785,168,3,41017.08,14066.11,19617.32,128602.45
5349,1785,17,4,25819.56,6441.25,17430.66,114267.65
5350,1785,144,4,33892.0,12574.06,22138.91,145132.85
5351,1785,137,4,31709.73,6151.9,21723.66,142410.68
5352,1786,48,3,2802.25,187.99,1479.38,9698.14
5353,1787,66,4,12279.53,3820.86,8153.51,53450.77
5354,1788,133,4,38037.94,8099.83,25929.35,169981.28
5355,1788,24,3,4300.49,422.07,2246.29,14725.69
5356,1788,175,2,27514.3,2054.33,9535.37,62509.64
5357,1789,158,3,36880.83,4385.18,19126.32,125383.63
5358,1789,181,4,30664.66,5937.3,21009.84,137731.18
5359,1789,86,2,41540.1,1953.89,14602.74,95729.05
5360,1789,64,3,1034.97,3.81,558.2,3659.3
5361,1789,24,2,4300.49,646.73,1431.76,9386.01
5362,1790,171,1,32844.1,2606.33,5442.8,35680.57
5363,1790,207,2,27779.78,5598.95,8992.91,58953.52
5364,1790,133,2,38037.94,2218.31,13294.36,87151.93
5365,1790,17,2,25819.56,1650.12,8998.02,58987.02
5366,1791,199,1,19178.46,468.92,3367.72,22077.26
5367,1791,70,4,30937.09,7305.21,20959.77,137402.92
5368,1791,14,3,3800.37,967.06,1878.13,12312.18
5369,1791,100,3,46774.34,8348.19,23755.47,155730.3
5370,1791,173,2,15522.12,191.7,5553.46,36406.0
5371,1792,170,3,19374.04,5758.8,9425.4,61788.72
5372,1792,103,4,20030.13,4830.46,13552.21,88842.27
5373,1792,167,1,31659.13,205.58,5661.64,37115.19
5374,1792,210,3,33886.56,4115.07,17558.03,115102.64
5375,1793,155,4,37465.45,16463.61,24011.67,157409.86
5376,1793,68,2,3827.59,428.9,1300.73,8527.01
5377,1793,55,3,21783.95,3223.83,11183.04,73311.06
5378,1794,75,2,8532.47,179.76,3039.33,19924.51
5379,1795,64,3,1034.97,30.86,553.33,3627.38
5380,1796,58,3,43014.0,769.02,23089.14,151362.12
5381,1796,82,1,10944.45,822.03,1822.04,11944.46
5382,1797,231,2,3326.96,148.65,1170.95,7676.22
5383,1797,109,4,25465.9,8209.61,16857.72,110511.71
5384,1797,106,1,12366.02,1156.59,2017.7,13227.13
5385,1797,182,2,26624.12,1324.01,9346.36,61270.59
5386,1798,39,1,39677.48,2517.51,6688.79,43848.76
5387,1798,33,3,39008.3,6447.53,19903.93,130481.3
5388,1798,155,3,37465.45,7827.9,18822.32,123390.77
5389,1799,90,4,18461.71,847.9,13139.81,86138.75
5390,1799,158,1,36880.83,3548.41,5999.84,39332.26
5391,1800,32,4,25348.23,934.57,18082.5,118540.85
5392,1800,57,2,20483.4,4410.27,6580.18,43136.71
5393,1800,11,2,36727.76,958.46,13049.47,85546.53
5394,1801,62,3,34302.26,3035.7,17976.79,117847.87
5395,1801,214,2,25781.44,2743.99,8787.4,57606.29
5396,1801,40,2,11047.42,2120.71,3595.34,23569.47
5397,1801,12,2,13880.48,1378.39,4748.86,31131.43
5398,1802,92,4,39462.15,14449.49,25811.84,169210.95
5399,1802,87,3,21959.44,3586.59,11212.51,73504.24
5400,1802,131,3,41590.84,5066.34,21547.11,141253.29
5401,1802,6,4,9654.29,2117.31,6569.97,43069.82
5402,1803,117,3,27023.51,1096.73,14395.28,94369.08
5403,1803,186,1,24680.72,2633.71,3968.46,26015.47
5404,1804,20,1,38320.28,3208.9,6320.05,41431.43
5405,1804,198,1,112.51,11.47,18.19,119.23
5406,1804,19,4,37198.47,15525.16,23988.37,157257.09
5407,1804,46,2,5015.71,975.29,1630.1,10686.23
5408,1805,5,3,16705.9,1639.71,8726.04,57204.03
5409,1805,162,3,38305.79,10122.97,18862.99,123657.39
5410,1806,49,1,43844.62,3715.9,7223.17,47351.89
5411,1806,38,2,28086.65,216.16,10072.29,66029.43
5412,1806,221,3,32207.06,2048.03,17023.17,111596.32
5413,1807,147,1,26528.08,454.22,4693.29,30767.15
5414,1808,200,3,28469.05,1009.78,15191.53,99588.9
5415,1809,196,1,40456.71,1532.71,7006.32,45930.32
5416,1809,61,3,33657.04,8480.39,16648.33,109139.06
5417,1810,238,2,19991.97,460.1,7114.29,46638.13
5418,1810,115,4,7640.14,39.33,5493.82,36015.05
5419,1810,9,3,9902.75,1571.58,5064.6,33201.27
5420,1810,164,1,15908.19,1563.29,2582.08,16926.98
5421,1811,24,3,4300.49,589.36,2216.18,14528.29
5422,1811,115,1,7640.14,416.25,1300.3,8524.19
5423,1811,165,4,37776.85,6799.39,25975.44,170283.45
5424,1811,216,3,4678.54,1017.82,2343.2,15361.0
5425,1812,185,1,189.21,17.58,30.89,202.52
5426,1812,93,2,17083.66,1014.15,5967.57,39120.74
5427,1812,229,1,33676.3,1972.59,5706.67,37410.38
5428,1813,186,4,24680.72,4150.93,17022.95,111594.9
5429,1813,77,3,19293.34,6446.05,9258.11,60692.08
5430,1813,12,3,13880.48,4137.67,6750.68,44254.45
5431,1814,219,1,11772.86,814.52,1972.5,12930.84
5432,1814,98,4,20903.98,1805.37,14725.9,96536.45
5433,1814,222,1,28533.87,1605.8,4847.05,31775.12
5434,1814,95,3,8312.81,1272.99,4259.78,27925.22
5435,1815,202,1,22486.45,1514.09,3775.02,24747.38
5436,1815,190,1,14801.53,1313.49,2427.85,15915.89
5437,1815,210,1,33886.56,4025.15,5375.05,35236.46
5438,1815,17,2,25819.56,2701.79,8808.72,57746.05
5439,1816,13,4,40458.84,13405.69,26717.34,175147.01
5440,1816,224,2,31527.62,3990.5,10631.65,69696.39
5441,1816,51,3,628.75,210.29,301.67,1977.63
5442,1816,35,4,13199.49,2945.74,8973.4,58825.62
5443,1817,179,2,40060.15,8469.75,12897.1,84547.65
5444,1817,99,1,21866.86,276.0,3886.35,25477.21
5445,1818,153,1,6055.61,719.76,960.45,6296.3
5446,1818,93,2,17083.66,612.13,6039.93,39595.12
5447,1818,100,3,46774.34,14570.93,22635.38,148387.47
5448,1819,205,2,26777.33,2260.26,9232.99,60527.39
5449,1819,73,1,17456.78,1039.0,2955.2,19372.98
5450,1819,188,1,14567.29,741.91,2488.57,16313.95
5451,1819,136,3,34274.09,10849.16,16555.16,108528.27
5452,1820,188,4,14567.29,5082.97,9573.51,62759.7
5453,1820,29,3,7930.98,1454.96,4020.84,26358.82
5454,1821,168,2,41017.08,5286.74,13814.54,90561.96
5455,1821,141,3,29486.44,4104.11,15183.94,99539.15
5456,1821,79,4,15130.34,5459.46,9911.14,64973.04
5457,1822,229,1,33676.3,600.94,5953.56,39028.92
5458,1822,66,4,12279.53,659.77,8722.5,57180.85
5459,1822,110,1,6566.95,448.07,1101.4,7220.28
5460,1822,164,2,15908.19,804.9,5582.07,36593.55
5461,1823,11,4,36727.76,9350.05,24760.98,162321.97
5462,1823,83,4,34264.79,6149.75,23563.69,154473.1
5463,1824,199,3,19178.46,3314.41,9759.77,63980.74
5464,1824,141,1,29486.44,402.44,5235.12,34319.12
5465,1824,126,2,14629.39,1415.77,5011.74,32854.75
5466,1825,36,2,10167.03,201.81,3623.8,23756.05
5467,1825,149,4,16854.36,4131.47,11391.47,74677.44
5468,1826,81,3,3286.08,1142.1,1568.91,10285.05
5469,1827,172,2,1060.63,76.83,368.0,2412.43
5470,1827,78,3,5073.66,376.99,2671.92,17515.91
5471,1828,41,1,23389.54,2057.55,3839.76,25171.75
5472,1828,13,2,40458.84,3695.04,13900.08,91122.72
5473,1828,159,3,18286.08,2967.0,9340.42,61231.66
5474,1828,70,3,30937.09,11046.15,14717.72,96482.84
5475,1829,2,3,11408.11,1332.75,5920.48,38812.06
5476,1829,207,4,27779.78,7635.62,18627.03,122110.53
5477,1829,134,3,29515.74,2420.84,15502.75,101629.13
5478,1829,138,3,5484.92,525.28,2867.31,18796.79
5479,1830,67,3,41997.34,12722.58,20388.5,133657.94
5480,1830,160,2,7458.41,205.37,2648.06,17359.51
5481,1830,50,1,45675.94,585.41,8116.3,53206.83
5482,1830,90,1,18461.71,1118.62,3121.76,20464.85
5483,1831,95,3,8312.81,628.86,4375.72,28685.29
5484,1831,115,3,7640.14,2190.94,3731.31,24460.79
5485,1832,77,3,19293.34,2747.83,9923.79,65055.98
5486,1832,118,1,9547.03,997.45,1538.92,10088.5
5487,1833,73,1,17456.78,1910.54,2798.32,18344.56
5488,1833,107,1,19641.45,1957.54,3183.1,20867.01
5489,1833,42,3,27736.92,7080.06,13703.53,89834.23
5490,1834,64,3,1034.97,143.42,533.07,3494.56
5491,1834,171,1,32844.1,3619.39,5260.45,34485.16
5492,1834,76,3,44895.56,13466.52,21819.63,143039.79
5493,1834,59,3,13506.51,2296.41,6880.16,45103.28
5494,1835,14,4,3800.37,1054.54,2546.45,16693.39
5495,1836,190,2,14801.53,1.62,5328.26,34929.7
5496,1837,11,3,36727.76,8785.45,18251.61,119649.44
5497,1837,232,1,11511.84,730.47,1940.65,12722.02
5498,1837,156,3,36965.82,3590.58,19315.24,126622.12
5499,1837,87,2,21959.44,1150.67,7698.28,50466.49
5500,1837,112,2,24992.69,2607.74,8527.98,55905.62
5501,1838,179,1,40060.15,2111.55,6830.75,44779.35
5502,1838,195,1,42664.46,3414.77,7064.94,46314.63
5503,1838,226,4,41253.01,10867.12,27746.09,181891.01
5504,1838,82,1,10944.45,924.44,1803.6,11823.61
5505,1839,167,3,31659.13,1823.94,16767.62,109921.07
5506,1840,56,3,36444.51,9097.0,18042.58,118279.11
5507,1841,2,1,11408.11,1134.67,1849.22,12122.66
5508,1841,232,1,11511.84,149.29,2045.26,13407.81
5509,1842,132,3,15074.48,2950.88,7609.06,49881.62
5510,1842,134,2,29515.74,3282.28,10034.86,65784.06
5511,1842,101,1,46156.61,1369.7,8061.64,52848.55
5512,1842,104,4,15989.17,3507.86,10880.79,71329.61
5513,1842,94,3,35740.44,12215.82,17100.99,112106.49
5514,1843,185,1,189.21,20.26,30.41,199.36
5515,1843,30,1,7051.18,161.35,1240.17,8130.0
5516,1844,75,3,8532.47,2869.22,4091.07,26819.26
5517,1844,47,1,34112.86,2977.1,5604.44,36740.2
5518,1845,3,3,33432.15,2971.55,17518.48,114843.38
5519,1845,36,3,10167.03,581.69,5385.49,35304.89
5520,1846,159,2,18286.08,2860.58,6068.08,39779.66
5521,1846,236,4,18050.29,5543.24,11998.43,78656.35
5522,1847,125,1,28195.42,1518.56,4801.83,31478.69
5523,1847,221,3,32207.06,2069.37,17019.33,111571.14
5524,1847,35,3,13199.49,4005.01,6406.82,42000.28
5525,1847,20,1,38320.28,94.1,6880.71,45106.89
5526,1848,183,3,17183.22,4938.12,8390.08,55001.62
5527,1848,221,2,32207.06,2664.16,11114.99,72864.95
5528,1848,127,2,3238.17,335.94,1105.27,7245.67
5529,1848,235,3,28131.22,8966.28,13576.93,89004.31
5530,1848,38,4,28086.65,10043.0,18414.65,120718.25
5531,1849,149,3,16854.36,4243.15,8337.59,54657.52
5532,1849,142,2,26420.51,3522.71,8877.3,58195.61
5533,1850,199,4,19178.46,5056.49,12898.32,84555.67
5534,1850,214,4,25781.44,6385.21,17413.3,114153.85
5535,1851,134,3,29515.74,6150.28,14831.45,97228.39
5536,1852,64,4,1034.97,357.64,680.8,4463.04
5537,1852,80,3,9554.15,23.51,5155.01,33793.95
5538,1852,182,4,26624.12,12567.51,16907.21,110836.18
5539,1853,142,3,26420.51,6264.41,13139.48,86136.6
5540,1853,236,4,18050.29,1713.94,12687.7,83174.92
5541,1853,199,3,19178.46,3148.81,9789.58,64176.15
5542,1853,232,4,11511.84,3892.01,7587.96,49743.31
5543,1853,77,4,19293.34,1159.88,13682.43,89695.91
5544,1854,190,2,14801.53,578.62,5224.4,34248.84
5545,1854,92,3,39462.15,8278.04,19819.51,129927.92
5546,1854,72,3,12573.73,456.37,6707.67,43972.49
5547,1855,149,4,16854.36,1684.11,11832.0,77565.33
5548,1856,28,4,29031.11,3196.37,20327.05,133255.12
5549,1856,173,3,15522.12,4102.32,7643.53,50107.57
5550,1856,59,1,13506.51,1528.04,2156.12,14134.59
5551,1857,67,4,41997.34,17460.93,27095.12,177623.55
5552,1857,35,4,13199.49,5342.8,8541.93,55997.09
5553,1858,29,1,7930.98,844.02,1275.65,8362.61
5554,1858,36,2,10167.03,862.09,3504.95,22976.92
5555,1858,133,3,38037.94,9239.73,18877.34,123751.43
5556,1858,21,3,27939.78,8824.43,13499.08,88493.99
5557,1858,113,1,2640.7,22.37,471.3,3089.63
5558,1859,79,2,15130.34,866.44,5290.96,34685.2
5559,1860,188,3,14567.29,3531.1,7230.74,47401.51
5560,1860,197,1,13368.44,42.91,2398.6,15724.13
5561,1860,86,1,41540.1,2539.42,7020.12,46020.8
5562,1860,201,1,18244.99,533.02,3188.15,20900.12
5563,1861,40,1,11047.42,721.14,1858.73,12185.01
5564,1861,78,4,5073.66,110.91,3633.07,23816.8
5565,1861,20,3,38320.28,13416.14,18278.05,119822.75
5566,1861,181,1,30664.66,1562.47,5238.39,34340.58
5567,1861,65,4,41109.17,10516.56,27705.62,181625.74
5568,1862,54,2,4901.82,1132.49,1560.81,10231.96
5569,1863,27,4,12821.1,2223.01,8831.05,57892.44
5570,1863,12,1,13880.48,1340.5,2257.2,14797.18
5571,1864,61,3,33657.04,4439.34,17375.72,113907.5
5572,1865,174,3,40361.15,6150.02,20688.02,135621.45
5573,1865,60,4,24754.89,1550.37,17544.45,115013.64
5574,1866,122,3,24991.82,7780.37,12095.12,79290.21
5575,1866,189,2,28066.42,3368.65,9497.55,62261.74
5576,1866,113,4,2640.7,831.86,1751.57,11482.51
5577,1866,235,2,28131.22,5332.56,9167.38,60097.26
5578,1867,11,4,36727.76,3963.51,25730.56,168678.09
5579,1867,72,3,12573.73,1635.2,6495.48,42581.47
5580,1868,213,1,20525.1,1326.46,3455.76,22654.4
5581,1868,186,1,24680.72,1476.79,4176.71,27380.64
5582,1868,58,4,43014.0,16080.9,28075.52,184050.62
5583,1868,72,1,12573.73,374.16,2195.92,14395.49
5584,1869,28,2,29031.11,4610.2,9621.36,63073.38
5585,1869,197,2,13368.44,105.78,4793.6,31424.7
5586,1869,139,3,4824.95,1436.9,2346.83,15384.78
5587,1869,164,2,15908.19,2929.17,5199.7,34086.91
5588,1869,84,2,10857.56,1167.56,3698.56,24246.12
5589,1870,230,1,26170.26,2320.41,4292.97,28142.82
5590,1870,117,1,27023.51,2489.61,4416.1,28950.0
5591,1870,3,2,33432.15,3679.97,11373.18,74557.51
5592,1870,36,3,10167.03,680.46,5367.71,35188.34
5593,1871,73,1,17456.78,943.03,2972.47,19486.22
5594,1871,240,4,39567.79,8661.22,26929.79,176539.73
5595,1871,195,2,42664.46,6597.75,14171.61,92902.78
5596,1872,174,1,40361.15,4482.83,6458.1,42336.42
5597,1872,171,1,32844.1,3030.97,5366.36,35179.49
5598,1873,177,4,37809.52,6661.63,26023.76,170600.21
5599,1874,110,4,6566.95,810.45,4582.32,30039.67
5600,1874,105,3,18322.11,982.37,9717.11,63701.07
5601,1874,124,4,10290.63,622.79,7297.15,47836.88
5602,1874,21,3,27939.78,3023.72,14543.21,95338.83
5603,1874,134,4,29515.74,840.05,21100.12,138323.03
5604,1875,120,2,26697.64,1006.16,9430.04,61819.16
5605,1875,200,4,28469.05,10611.78,18587.6,121852.02
5606,1875,4,3,35689.14,8474.77,17746.68,116339.33
5607,1875,60,2,24754.89,4668.75,8071.39,52912.42
5608,1876,224,1,31527.62,2855.5,5160.98,33833.1
5609,1876,124,1,10290.63,322.03,1794.35,11762.95
5610,1876,169,2,10455.18,1288.31,3531.97,23154.02
5611,1876,229,1,33676.3,3244.24,5477.77,35909.83
5612,1876,66,4,12279.53,3679.9,8178.88,53617.1
5613,1877,32,2,25348.23,360.07,9060.55,59396.94
5614,1877,27,4,12821.1,4725.16,8380.66,54939.9
5615,1877,238,3,19991.97,1763.73,10478.19,68690.37
5616,1877,240,2,39567.79,795.2,14101.27,92441.65
5617,1877,175,3,27514.3,9135.78,13213.28,86620.4
5618,1878,230,4,26170.26,714.38,18714.0,122680.66
5619,1879,207,1,27779.78,3241.92,4416.81,28954.67
5620,1879,175,3,27514.3,2079.93,14483.33,94946.3
5621,1879,121,2,18719.38,1416.09,6484.08,42506.75
5622,1879,76,2,44895.56,2214.3,15763.83,103340.65
5623,1880,8,1,28733.56,1685.4,4868.67,31916.83
5624,1880,98,2,20903.98,3697.52,6859.88,44970.32
5625,1881,68,4,3827.59,1440.72,2496.54,16366.18
5626,1881,42,4,27736.92,8706.99,18403.32,120644.01
5627,1881,166,2,33767.83,6064.13,11064.88,72536.41
5628,1882,28,3,29031.11,2823.23,15168.62,99438.72
5629,1882,176,2,43250.55,4287.9,14798.38,97011.58
5630,1882,81,1,3286.08,210.55,553.6,3629.13
5631,1882,172,3,1060.63,120.12,551.12,3612.89
5632,1883,95,3,8312.81,2895.31,3967.76,26010.88
5633,1883,16,2,37019.42,7099.49,12049.08,78988.43
5634,1883,137,2,31709.73,1482.9,11148.58,73085.14
5635,1883,28,3,29031.11,6199.25,14560.93,95455.01
5636,1883,70,3,30937.09,5693.15,15681.26,102799.38
5637,1884,224,4,31527.62,10836.49,20749.32,136023.31
5638,1885,72,4,12573.73,2971.47,8518.22,55841.67
5639,1885,181,4,30664.66,3725.56,21407.95,140341.03
5640,1886,110,1,6566.95,38.46,1175.13,7703.62
5641,1886,73,1,17456.78,809.71,2996.47,19643.54
5642,1886,207,2,27779.78,2601.35,9532.48,62490.69
5643,1887,152,3,37157.0,12081.84,17890.05,117279.21
5644,1887,59,3,13506.51,3176.2,6721.8,44065.13
5645,1887,202,4,22486.45,223.4,16150.03,105872.43
5646,1887,227,1,19776.73,331.57,3500.13,22945.29
5647,1888,188,4,14567.29,304.33,10433.67,68398.5
5648,1888,51,4,628.75,18.24,449.42,2946.18
5649,1888,155,2,37465.45,1270.85,13258.81,86918.86
5650,1889,172,1,1060.63,89.94,174.72,1145.41
5651,1889,229,3,33676.3,2440.35,17745.94,116334.49
5652,1889,204,4,3813.54,1416.53,2490.77,16328.4
5653,1890,240,4,39567.79,10575.25,26585.26,174281.17
5654,1890,136,3,34274.09,1916.12,18163.11,119069.26
5655,1890,67,2,41997.34,4307.71,14343.65,94030.62
5656,1890,69,4,3290.31,934.23,2200.86,14427.87
5657,1890,40,3,11047.42,2266.57,5557.62,36433.31
5658,1891,188,2,14567.29,1568.46,4961.9,32528.02
5659,1891,130,2,12728.22,2216.69,4183.15,27422.9
5660,1891,225,4,36716.34,12506.42,24184.61,158543.55
5661,1891,30,3,7051.18,1728.8,3496.45,22921.19
5662,1892,42,2,27736.92,3992.13,9266.71,60748.42
5663,1893,197,3,13368.44,4709.14,6371.31,41767.49
5664,1894,130,1,12728.22,1473.66,2025.82,13280.38
5665,1894,21,3,27939.78,65.88,15075.62,98829.08
5666,1895,151,2,39931.59,4239.33,13612.29,89236.14
5667,1895,92,4,39462.15,9288.47,26740.82,175300.95
5668,1895,44,3,43728.99,2873.95,23096.34,151409.36
5669,1896,50,4,45675.94,11401.36,30834.43,202136.83
5670,1896,188,2,14567.29,2125.35,4861.66,31870.89
5671,1896,202,2,22486.45,430.72,8017.59,52559.77
5672,1896,35,3,13199.49,568.76,7025.35,46055.06
5673,1897,229,3,33676.3,11562.87,16103.89,105569.92
5674,1897,161,4,41588.13,19092.21,26506.86,173767.17
5675,1898,122,1,24991.82,1067.94,4306.3,28230.18
5676,1898,64,1,1034.97,69.59,173.77,1139.15
5677,1898,29,2,7930.98,124.66,2832.71,18570.01
5678,1899,120,2,26697.64,675.67,9489.53,62209.14
5679,1899,116,2,3361.81,494.03,1121.33,7350.92
5680,1900,229,2,33676.3,5531.24,11127.84,72949.2
5681,1901,156,1,36965.82,2094.05,6276.92,41148.69
5682,1902,63,3,120.39,24.71,60.56,397.02
5683,1902,153,1,6055.61,95.49,1072.82,7032.94
5684,1903,115,1,7640.14,181.26,1342.6,8801.48
5685,1903,203,2,32452.38,107.18,11663.56,76461.14
5686,1903,159,1,18286.08,1743.1,2977.74,19520.72
5687,1904,57,1,20483.4,115.72,3666.18,24033.86
5688,1905,2,1,11408.11,415.7,1978.63,12971.04
5689,1905,151,1,39931.59,1421.61,6931.8,45441.78
5690,1905,87,4,21959.44,1854.88,15476.92,101459.8
5691,1906,87,1,21959.44,759.0,3816.08,25016.52
5692,1906,27,2,12821.1,121.11,4593.8,30114.89
5693,1906,139,2,4824.95,754.2,1601.23,10496.93
5694,1906,234,3,10605.83,2922.5,5201.1,34096.09
5695,1907,67,3,41997.34,9143.61,21032.71,137881.12
5696,1907,170,2,19374.04,3990.96,6256.28,41013.4
5697,1907,50,3,45675.94,1753.18,24349.44,159624.08
5698,1907,238,4,19991.97,4309.94,13618.43,89276.37
5699,1908,137,3,31709.73,7084.39,15848.06,103892.86
5700,1908,81,1,3286.08,21.53,587.62,3852.17
5701,1908,115,4,7640.14,1678.62,5198.75,34080.69
5702,1909,138,2,5484.92,598.31,1866.88,12238.41
5703,1909,157,1,10083.83,87.7,1799.3,11795.43
5704,1909,229,2,33676.3,2252.86,11717.95,76817.69
5705,1909,82,2,10944.45,2308.35,3524.5,23105.05
5706,1910,140,1,12249.39,430.28,2127.44,13946.55
5707,1910,4,4,35689.14,10762.69,23758.9,155752.77
5708,1910,70,2,30937.09,2888.13,10617.49,69603.54
5709,1910,113,1,2640.7,254.08,429.59,2816.21
5710,1911,214,2,25781.44,4134.71,8537.07,55965.24
5711,1912,100,2,46774.34,11102.44,14840.32,97286.56
5712,1912,229,2,33676.3,6891.26,10883.04,71344.38
5713,1912,124,1,10290.63,33.17,1846.34,12103.8
5714,1913,37,3,36875.04,2411.12,19478.52,127692.52
5715,1913,181,4,30664.66,5602.91,21070.03,138125.76
5716,1914,12,3,13880.48,365.65,7429.64,48705.43
5717,1914,179,2,40060.15,7901.28,12999.42,85218.44
5718,1914,53,4,12091.35,1963.89,8352.27,54753.78
5719,1914,8,2,28733.56,862.07,10188.91,66793.96
5720,1914,52,3,30086.26,4697.24,15401.08,100962.62
5721,1915,206,4,37695.53,4927.97,26253.75,172107.9
5722,1915,12,4,13880.48,661.69,9874.84,64735.07
5723,1915,110,3,6566.95,1860.97,3211.18,21051.06
5724,1915,7,2,1179.48,246.81,380.19,2492.34
5725,1916,51,4,628.75,24.88,448.22,2938.34
5726,1916,100,4,46774.34,5351.62,32714.23,214459.97
5727,1916,144,4,33892.0,7103.7,23123.57,151587.87
5728,1917,66,4,12279.53,2529.09,8386.03,54975.06
5729,1917,96,2,17662.28,1231.29,6136.79,40230.06
5730,1917,214,4,25781.44,3806.65,17877.44,117196.55
5731,1918,129,3,3101.06,765.89,1536.71,10074.0
5732,1918,121,2,18719.38,369.11,6672.54,43742.19
5733,1918,45,2,3684.98,120.59,1304.89,8554.26
5734,1918,108,2,46203.27,6389.82,15483.01,101499.73
5735,1918,54,2,4901.82,144.32,1738.68,11398.0
5736,1919,75,3,8532.47,2912.19,4083.34,26768.56
5737,1920,188,4,14567.29,4544.32,9670.47,63395.31
5738,1921,229,1,33676.3,1624.02,5769.41,37821.69
5739,1922,239,4,26635.98,4920.63,18292.19,119915.48
5740,1922,96,3,17662.28,3056.23,8987.51,58918.12
5741,1922,210,4,33886.56,762.35,24261.1,159044.99
5742,1922,122,3,24991.82,1131.13,13291.98,87136.31
5743,1923,19,3,37198.47,830.58,19937.67,130702.5
5744,1923,126,4,14629.39,3716.24,9864.24,64665.56
5745,1924,111,1,43082.21,3551.38,7115.55,46646.38
5746,1925,166,4,33767.83,12725.7,22022.21,144367.83
5747,1925,135,3,25713.49,321.22,13827.47,90646.72
5748,1926,63,2,120.39,23.12,39.18,256.84
5749,1927,62,1,34302.26,3691.63,5509.91,36120.54
5750,1927,211,1,18681.33,2066.41,2990.69,19605.61
5751,1928,88,3,33071.07,4423.29,17062.19,111852.11
5752,1928,134,3,29515.74,3777.2,15258.6,100028.62
5753,1928,128,4,48190.05,2413.56,34262.4,224609.04
5754,1929,55,2,21783.95,3399.17,7230.37,47399.1
5755,1929,82,4,10944.45,3743.63,7206.15,47240.32
5756,1929,19,1,37198.47,2931.53,6168.05,40434.99
5757,1929,240,3,39567.79,4972.69,20471.52,134202.2
5758,1929,116,4,3361.81,1541.44,2143.04,14048.84
5759,1930,91,4,33075.34,10546.45,21915.88,143670.79
5760,1930,182,1,26624.12,1482.35,4525.52,29667.29
5761,1930,227,2,19776.73,1552.18,6840.23,44841.51
5762,1930,191,4,30208.27,13107.36,19390.63,127116.35
5763,1930,138,1,5484.92,394.92,916.2,6006.2
5764,1931,108,2,46203.27,4361.6,15848.09,103893.03
5765,1931,181,3,30664.66,1516.67,16285.92,106763.23
5766,1931,44,3,43728.99,13168.7,21243.29,139261.56
5767,1931,152,4,37157.0,17230.77,23651.5,155048.73
5768,1932,209,1,10731.59,875.28,1774.14,11630.45
5769,1932,20,3,38320.28,11809.63,18567.22,121718.43
5770,1932,156,2,36965.82,7422.89,11971.57,78480.32
5771,1932,195,2,42664.46,5529.59,14363.88,94163.21
5772,1933,11,4,36727.76,3023.81,25899.7,169786.93
5773,1933,163,3,1240.08,364.07,604.11,3960.28
5774,1933,71,3,21062.02,3162.38,10804.26,70827.94
5775,1933,231,2,3326.96,120.17,1176.08,7709.83
5776,1933,91,1,33075.34,1550.65,5674.44,37199.13
5777,1934,74,2,24770.89,2278.49,8507.39,55770.68
5778,1934,49,3,43844.62,3797.37,22992.57,150729.06
5779,1935,194,3,5562.52,1790.18,2681.53,17578.91
5780,1935,135,1,25713.49,435.51,4550.04,29828.02
5781,1935,215,3,34726.43,6616.05,17561.38,115124.62
5782,1935,73,2,17456.78,3154.89,5716.56,37475.23
5783,1935,17,3,25819.56,457.97,13860.13,90860.84
5784,1936,219,4,11772.86,138.13,8451.6,55404.91
5785,1937,25,2,27064.69,4401.88,8950.95,58678.45
5786,1937,172,2,1060.63,238.95,338.82,2221.13
5787,1937,143,2,23230.7,4217.72,7603.86,49847.54
5788,1937,45,4,3684.98,839.67,2502.05,16402.3
5789,1938,33,2,39008.3,3160.17,13474.16,88330.59
5790,1938,114,3,23667.1,4749.27,11925.37,78177.4
5791,1938,92,1,39462.15,1364.29,6857.61,44955.47
5792,1938,122,1,24991.82,539.0,4401.51,28854.33
5793,1939,156,2,36965.82,4104.73,12568.84,82395.75
5794,1939,69,1,3290.31,328.61,533.11,3494.81
5795,1940,146,4,269.14,20.36,190.12,1246.32
5796,1940,13,3,40458.84,7344.44,20525.77,134557.85
5797,1941,155,1,37465.45,993.8,6564.9,43036.55
5798,1941,222,1,28533.87,2358.0,4711.66,30887.53
5799,1942,171,2,32844.1,664.31,11704.3,76728.19
5800,1942,236,1,18050.29,912.82,3084.74,20222.21
5801,1942,23,2,3383.79,798.32,1074.47,7043.73
5802,1942,74,1,24770.89,2476.79,4012.94,26307.04
5803,1943,65,3,41109.17,4293.3,21426.16,140460.37
5804,1943,225,2,36716.34,7258.49,11911.35,78085.54
5805,1943,56,4,36444.51,10290.29,24387.79,159875.54
5806,1943,101,3,46156.61,2448.49,24483.84,160505.18
5807,1944,102,3,34567.4,1956.37,18314.25,120060.08
5808,1944,184,1,11705.83,1190.03,1892.84,12408.64
5809,1944,129,4,3101.06,1372.02,1985.8,13018.02
5810,1944,62,3,34302.26,8257.09,17036.94,111686.63
5811,1945,12,2,13880.48,2112.51,4616.72,30265.17
5812,1945,231,2,3326.96,273.16,1148.54,7529.3
5813,1945,16,4,37019.42,11468.12,24589.72,161199.28
5814,1945,171,4,32844.1,14690.41,21003.48,137689.47
5815,1945,109,3,25465.9,2600.76,13283.45,87080.39
5816,1946,62,3,34302.26,3386.26,17913.69,117434.21
5817,1947,220,1,21280.0,853.37,3676.79,24103.42
5818,1947,222,4,28533.87,10064.65,18732.75,122803.58
5819,1947,136,3,34274.09,1494.06,18239.08,119567.29
5820,1947,73,3,17456.78,3111.3,8866.63,58125.67
5821,1948,92,3,39462.15,12972.11,18974.58,124388.92
5822,1948,181,4,30664.66,4816.2,21211.64,139054.08
5823,1948,210,4,33886.56,205.06,24361.41,159702.59
5824,1948,145,2,17725.61,3000.62,5841.11,38291.71
5825,1949,23,2,3383.79,149.44,1191.27,7809.41
5826,1949,3,2,33432.15,2616.27,11564.65,75812.68
5827,1950,59,4,13506.51,2678.91,9242.48,60589.61
5828,1950,125,3,28195.42,711.4,15097.47,98972.33
5829,1951,20,2,38320.28,5429.26,12818.03,84029.33
5830,1951,57,2,20483.4,599.06,7266.19,47633.93
5831,1951,203,2,32452.38,2817.15,11175.77,73263.38
5832,1951,125,2,28195.42,2107.19,9771.06,64054.71
5833,1951,40,2,11047.42,1607.03,3687.81,24175.62
5834,1952,7,4,1179.48,383.21,780.25,5114.96
5835,1952,118,3,9547.03,680.98,5032.82,32992.93
5836,1952,207,1,27779.78,3070.71,4447.63,29156.7
5837,1953,13,4,40458.84,9822.37,27362.34,179375.33
5838,1954,111,1,43082.21,3515.55,7122.0,46688.66
5839,1954,238,3,19991.97,1514.0,10523.14,68985.05
5840,1955,86,4,41540.1,3293.31,29316.08,192183.17
5841,1955,202,4,22486.45,8556.62,14650.05,96039.23
5842,1956,184,4,11705.83,5179.48,7495.89,49139.73
5843,1956,212,2,8937.81,1015.86,3034.76,19894.52
5844,1956,226,1,41253.01,3602.16,6777.15,44428.0
5845,1957,27,3,12821.1,2767.03,6425.33,42121.6
5846,1957,12,4,13880.48,579.21,9889.69,64832.4
5847,1957,91,1,33075.34,3890.93,5253.19,34437.6
5848,1957,26,4,15276.03,1237.77,10775.94,70642.29
5849,1958,155,1,37465.45,3389.48,6133.67,40209.64
5850,1958,229,3,33676.3,1010.91,18003.24,118021.23
5851,1958,66,4,12279.53,3663.72,8181.79,53636.19
5852,1959,223,2,39924.82,5216.95,13433.88,88066.57
5853,1959,26,1,15276.03,724.16,2619.34,17171.21
5854,1960,127,2,3238.17,490.88,1077.38,7062.84
5855,1960,155,1,37465.45,409.39,6670.09,43726.15
5856,1961,47,2,34112.86,1968.67,11926.27,78183.32
5857,1961,8,1,28733.56,1254.44,4946.24,32425.36
5858,1961,2,2,11408.11,200.41,4070.85,26686.66
5859,1962,21,4,27939.78,610.23,20006.8,131155.69
5860,1962,43,2,16510.19,484.18,5856.52,38392.72
5861,1963,155,2,37465.45,878.34,13329.46,87382.02
5862,1963,5,4,16705.9,3896.81,11326.82,74253.61
5863,1963,230,3,26170.26,3757.71,13455.55,88208.62
5864,1964,119,4,36904.39,15390.36,23800.9,156028.1
5865,1965,56,4,36444.51,1989.56,25881.93,169670.41
5866,1965,201,1,18244.99,684.44,3160.9,20721.45
5867,1965,222,4,28533.87,4169.76,19793.83,129759.55
5868,1966,48,1,2802.25,15.67,501.58,3288.16
5869,1966,232,2,11511.84,1814.6,3817.63,25026.71
5870,1966,9,1,9902.75,1023.21,1598.32,10477.86
5871,1966,217,2,8518.31,578.63,2962.44,19420.43
5872,1966,66,1,12279.53,263.35,2162.91,14179.09
5873,1967,68,1,3827.59,250.96,643.79,4220.42
5874,1967,179,2,40060.15,6568.98,13239.24,86790.56
5875,1968,227,2,19776.73,418.91,7044.22,46178.77
5876,1969,43,4,16510.19,3915.75,11182.5,73307.51
5877,1969,228,1,11203.89,136.48,1992.13,13059.54
5878,1970,106,2,12366.02,949.29,4280.89,28063.64
5879,1970,189,3,28066.42,1907.64,14812.49,97104.11
5880,1970,35,4,13199.49,5541.71,8506.12,55762.37
5881,1970,154,2,14680.42,1523.16,5010.78,32848.46
5882,1970,2,2,11408.11,2134.81,3722.65,24404.06
5883,1971,54,1,4901.82,166.41,852.37,5587.78
5884,1971,165,1,37776.85,1636.56,6505.25,42645.54
5885,1971,220,2,21280.0,396.34,7589.46,49753.12
5886,1972,67,3,41997.34,6242.05,21554.99,141304.96
5887,1972,129,4,3101.06,664.74,2113.11,13852.61
5888,1972,82,2,10944.45,2053.19,3570.43,23406.14
5889,1972,42,3,27736.92,4355.22,14194.0,93049.54
5890,1972,141,4,29486.44,700.75,21104.1,138349.11
5891,1973,87,2,21959.44,1696.66,7600.0,49822.22
5892,1974,114,2,23667.1,3207.6,7942.79,52069.39
5893,1974,63,1,120.39,12.23,19.47,127.63
5894,1974,239,2,26635.98,833.83,9438.86,61876.99
5895,1974,186,3,24680.72,959.05,13154.96,86238.07
5896,1974,36,2,10167.03,154.24,3632.37,23812.19
5897,1975,153,3,6055.61,90.38,3253.76,21330.21
5898,1975,11,3,36727.76,849.06,19680.16,129014.38
5899,1975,94,4,35740.44,10945.78,23762.88,155778.86
5900,1975,8,3,28733.56,8853.1,13922.56,91270.14
5901,1975,46,4,5015.71,1930.78,3263.77,21395.83
5902,1976,234,2,10605.83,1605.52,3529.11,23135.25
5903,1976,131,1,41590.84,816.15,7339.44,48114.13
5904,1976,143,3,23230.7,6936.81,11295.95,74051.24
5905,1976,104,4,15989.17,5666.12,10492.3,68782.86
5906,1977,31,1,44553.38,5329.27,7060.34,46284.45
5907,1977,148,3,32803.6,9694.8,15968.88,104684.88
5908,1977,16,3,37019.42,9311.58,18314.4,120061.08
5909,1977,234,4,10605.83,4050.89,6907.04,45279.47
5910,1977,32,4,25348.23,5654.34,17232.94,112971.52
5911,1978,25,4,27064.69,506.79,19395.35,127147.32
5912,1979,195,2,42664.46,6814.17,14132.65,92647.4
5913,1979,205,1,26777.33,808.41,4674.41,30643.33
5914,1979,11,3,36727.76,12656.78,17554.77,115081.27
5915,1979,34,3,9115.19,1483.6,4655.15,30517.12
5916,1980,159,3,18286.08,4187.51,9120.73,59791.46
5917,1981,128,2,48190.05,2486.15,16900.91,110794.86
5918,1981,45,3,3684.98,929.39,1822.6,11948.15
5919,1981,118,1,9547.03,187.21,1684.77,11044.59
5920,1981,44,3,43728.99,472.48,23528.61,154243.1
5921,1981,159,2,18286.08,2524.91,6128.51,40175.76
5922,1982,69,4,3290.31,392.41,2298.39,15067.22
5923,1982,35,2,13199.49,1010.85,4569.86,29957.99
5924,1982,174,4,40361.15,15422.44,26283.99,172306.15
5925,1983,122,3,24991.82,8756.92,11919.34,78137.88
5926,1983,64,2,1034.97,206.27,335.46,2199.13
5927,1984,63,1,120.39,1.69,21.37,140.07
5928,1984,70,2,30937.09,682.1,11014.57,72206.65
5929,1985,205,4,26777.33,2338.59,18858.73,123629.46
5930,1985,223,2,39924.82,1868.08,14036.68,92018.24
5931,1986,53,3,12091.35,4065.66,5797.51,38005.9
5932,1986,70,1,30937.09,287.7,5516.89,36166.28
5933,1986,224,4,31527.62,5138.25,21775.0,142747.23
5934,1987,162,3,38305.79,2477.14,20239.24,132679.47
5935,1988,29,4,7930.98,2442.8,5270.6,34551.72
5936,1988,32,2,25348.23,5487.84,8137.55,53346.17
5937,1988,233,4,21896.66,3029.87,15220.22,99776.99
5938,1988,105,4,18322.11,1526.12,12917.22,84679.54
5939,1988,70,4,30937.09,10817.19,20327.61,133258.78
5940,1989,81,3,3286.08,1161.19,1565.47,10262.52
5941,1989,208,1,7922.32,757.63,1289.64,8454.33
5942,1989,31,2,44553.38,9159.81,14390.45,94337.4
5943,1989,67,4,41997.34,17809.09,27032.45,177212.72
5944,1990,190,1,14801.53,1286.34,2432.73,15947.92
5945,1990,51,1,628.75,10.59,111.27,729.43
5946,1990,20,4,38320.28,18020.2,24346.97,159607.89
5947,1991,210,1,33886.56,3744.8,5425.52,35567.28
5948,1992,161,3,41588.13,9089.87,20821.41,136495.93
5949,1992,106,2,12366.02,2371.25,4024.94,26385.73
5950,1992,63,1,120.39,7.5,20.32,133.21
5951,1992,192,4,13341.13,3827.65,8916.64,58453.51
5952,1992,115,1,7640.14,353.67,1311.56,8598.03
5953,1993,28,2,29031.11,2218.59,10051.85,65895.48
5954,1994,43,4,16510.19,6254.34,10761.56,70547.98
5955,1994,143,2,23230.7,3561.94,7721.9,50621.36
5956,1994,238,1,19991.97,2220.32,3198.9,20970.55
5957,1994,208,1,7922.32,526.85,1331.18,8726.65
5958,1995,159,4,18286.08,4434.78,12367.72,81077.26
5959,1995,102,3,34567.4,2039.95,18299.21,119961.46
5960,1995,196,1,40456.71,3142.67,6716.53,44030.57
5961,1995,98,3,20903.98,637.99,11173.31,73247.26
5962,1996,44,4,43728.99,1421.64,31228.98,204723.3
5963,1996,64,3,1034.97,215.66,520.06,3409.31
5964,1996,181,2,30664.66,3818.26,10351.99,67863.05
5965,1996,217,3,8518.31,2268.87,4191.49,27477.55
5966,1997,180,2,4766.01,678.34,1593.66,10447.34
5967,1997,196,1,40456.71,1650.7,6985.08,45791.09
5968,1997,156,4,36965.82,8478.96,25089.18,164473.5
5969,1997,129,4,3101.06,982.53,2055.91,13477.62
5970,1998,11,3,36727.76,7756.42,18436.83,120863.69
5971,1999,88,4,33071.07,11779.78,21690.81,142195.31
5972,1999,207,2,27779.78,3538.51,9363.79,61384.84
5973,2000,92,4,39462.15,17184.06,25319.62,165984.16
5974,2000,79,4,15130.34,124.13,10871.5,71268.73
5975,2001,100,2,46774.34,4262.34,16071.54,105357.88
5976,2001,43,3,16510.19,5437.72,7936.71,52029.56
5977,2002,202,2,22486.45,1735.87,7782.67,51019.7
5978,2002,156,3,36965.82,3199.21,19385.68,127083.93
5979,2002,163,2,1240.08,238.42,403.51,2645.25
5980,2003,236,3,18050.29,2980.99,9210.58,60380.46
5981,2003,175,2,27514.3,3208.22,9327.67,61148.05
5982,2003,238,3,19991.97,4031.32,10070.03,66014.62
5983,2003,93,3,17083.66,4473.72,8419.91,55197.17
5984,2004,108,1,46203.27,456.25,8234.46,53981.48
5985,2004,118,4,9547.03,3690.96,6209.49,40706.65
5986,2004,204,2,3813.54,779.88,1232.5,8079.7
5987,2005,102,1,34567.4,589.9,6115.95,40093.45
5988,2005,128,2,48190.05,7688.51,15964.49,104656.08
5989,2005,66,3,12279.53,1190.06,6416.74,42065.27
5990,2005,174,4,40361.15,17.85,29056.81,190483.56
5991,2005,224,3,31527.62,8621.51,15473.04,101434.39
5992,2006,228,3,11203.89,279.07,5999.87,39332.47
5993,2006,82,2,10944.45,1774.88,3620.52,23734.54
5994,2006,57,4,20483.4,3688.15,14084.18,92329.63
5995,2006,215,2,34726.43,2781.25,12000.89,78672.5
5996,2007,70,1,30937.09,1897.52,5227.12,34266.69
5997,2008,154,4,14680.42,1014.17,10387.35,68094.86
5998,2008,128,2,48190.05,7525.82,15993.77,104848.05
5999,2008,135,3,25713.49,9225.38,12224.72,80139.81
6000,2008,127,2,3238.17,512.16,1073.55,7037.73
6001,2008,49,1,43844.62,1509.25,7620.37,49955.74
6002,2009,16,3,37019.42,3889.82,19290.32,126458.76
6003,2009,130,1,12728.22,808.2,2145.6,14065.62
6004,2010,236,1,18050.29,1583.72,2963.98,19430.55
6005,2010,51,1,628.75,2.37,112.75,739.13
6006,2010,23,2,3383.79,755.1,1082.25,7094.73
6007,2010,57,4,20483.4,7126.91,13465.2,88271.89
6008,2010,121,4,18719.38,4480.71,12671.43,83068.24
6009,2011,90,1,18461.71,460.86,3240.15,21241.0
6010,2011,77,1,19293.34,1420.1,3217.18,21090.42
6011,2011,85,3,8728.6,634.88,4599.17,30150.09
6012,2012,96,1,17662.28,1138.91,2974.21,19497.58
6013,2012,53,2,12091.35,557.58,4252.52,27877.64
6014,2012,61,2,33657.04,1523.39,11842.32,77633.01
6015,2013,192,4,13341.13,146.25,9579.29,62797.56
6016,2013,202,4,22486.45,2702.68,15703.76,102946.88
6017,2013,8,4,28733.56,1911.79,20344.04,133366.49
6018,2014,192,3,13341.13,1468.26,6939.92,45495.05
6019,2015,170,4,19374.04,2317.89,13532.09,88710.36
6020,2015,35,2,13199.49,1847.29,4419.3,28970.99
6021,2015,117,1,27023.51,1416.41,4609.28,30216.38
6022,2016,190,3,14801.53,2702.89,7506.31,49208.01
6023,2016,205,2,26777.33,2917.34,9114.72,59752.04
6024,2017,155,3,37465.45,11196.72,18215.93,119415.56
6025,2017,229,3,33676.3,11537.89,16108.38,105599.39
6026,2017,22,4,9607.6,3129.92,6354.09,41654.57
6027,2017,152,3,37157.0,8359.53,18560.06,121671.53
6028,2017,172,1,1060.63,95.35,173.75,1139.03
6029,2018,37,1,36875.04,133.51,6613.48,43355.01
6030,2018,61,1,33657.04,3911.76,5354.15,35099.43
6031,2018,212,2,8937.81,650.3,3100.56,20325.88
6032,2019,202,1,22486.45,1354.87,3803.68,24935.26
6033,2020,12,2,13880.48,1410.88,4743.01,31093.09
6034,2020,192,2,13341.13,2429.49,4365.5,28618.27
6035,2020,239,3,26635.98,8665.51,12823.64,84066.07
6036,2020,158,2,36880.83,8033.41,11831.08,77559.33
6037,2021,62,4,34302.26,706.24,24570.5,161073.3
6038,2021,70,2,30937.09,785.9,10995.89,72084.17
6039,2021,180,1,4766.01,126.71,835.07,5474.37
6040,2021,218,3,20584.33,93.2,11098.76,72758.55
6041,2022,216,3,4678.54,486.05,2438.92,15988.49
6042,2022,46,2,5015.71,863.77,1650.18,10817.83
6043,2022,125,2,28195.42,5881.82,9091.62,59600.64
6044,2023,109,4,25465.9,6369.35,17188.97,112683.22
6045,2024,174,4,40361.15,8031.86,27614.29,181027.03
6046,2024,107,3,19641.45,6932.0,9358.62,61350.97
6047,2024,21,2,27939.78,2820.2,9550.68,62610.04
6048,2024,221,2,32207.06,2999.2,11054.69,72469.61
6049,2025,222,1,28533.87,750.16,5001.07,32784.78
6050,2026,96,4,17662.28,571.21,12614.02,82691.93
6051,2026,102,2,34567.4,676.34,12322.52,80780.98
6052,2027,149,4,16854.36,4620.0,11303.54,74100.98
6053,2027,125,4,28195.42,10008.6,18499.15,121272.23
6054,2027,142,1,26420.51,1812.41,4429.46,29037.56
6055,2027,78,2,5073.66,71.18,1813.71,11889.85
6056,2028,209,1,10731.59,543.39,1833.88,12022.08
6057,2028,145,2,17725.61,999.98,6201.22,40652.46
6058,2028,188,1,14567.29,234.49,2579.9,16912.7
6059,2029,212,4,8937.81,4273.83,5665.93,37143.34
6060,2029,129,1,3101.06,311.42,502.14,3291.78
6061,2029,221,3,32207.06,7737.7,15999.03,104882.51
6062,2029,109,2,25465.9,4964.65,8274.09,54241.24
6063,2029,63,1,120.39,6.07,20.58,134.9
6064,2030,126,4,14629.39,4356.11,9749.06,63910.51
6065,2030,117,3,27023.51,1616.88,14301.66,93755.31
6066,2030,96,3,17662.28,5089.2,8621.58,56519.22
6067,2031,56,2,36444.51,2698.68,12634.26,82824.6
6068,2032,202,4,22486.45,872.8,16033.14,105106.14
6069,2032,88,2,33071.07,102.12,11887.2,77927.22
6070,2033,144,3,33892.0,2438.65,17862.72,117100.07
6071,2034,120,4,26697.64,10189.98,17388.1,113988.68
6072,2035,78,2,5073.66,192.84,1791.81,11746.29
6073,2035,123,3,9421.34,1972.31,4732.51,31024.22
6074,2035,45,3,3684.98,446.12,1909.59,12518.41
6075,2035,130,2,12728.22,614.17,4471.61,29313.88
6076,2035,19,4,37198.47,10911.54,24818.82,162701.16
6077,2036,171,1,32844.1,2601.85,5443.6,35685.85
6078,2036,191,2,30208.27,5151.07,9947.78,65213.25
6079,2037,13,2,40458.84,529.34,14469.9,94858.24
6080,2037,209,4,10731.59,2582.41,7261.91,47605.86
6081,2037,207,1,27779.78,1520.38,4726.69,30986.09
6082,2038,155,2,37465.45,4564.9,12665.88,83031.88
6083,2038,19,2,37198.47,8118.1,11930.19,78209.03
6084,2038,129,1,3101.06,122.06,536.22,3515.22
6085,2038,92,3,39462.15,8340.58,19808.26,129854.13
6086,2038,41,4,23389.54,5575.9,15836.81,103819.07
6087,2039,36,2,10167.03,2339.57,3239.01,21233.5
6088,2039,131,4,41590.84,2166.47,29555.44,193752.33
6089,2039,231,3,3326.96,786.35,1655.02,10849.55
6090,2040,49,3,43844.62,11685.79,21572.65,141420.72
6091,2040,172,3,1060.63,174.88,541.26,3548.27
6092,2040,219,4,11772.86,4879.28,7598.19,49810.35
6093,2041,182,1,26624.12,2228.25,4391.26,28787.13
6094,2042,240,2,39567.79,3642.99,13588.67,89081.26
6095,2042,194,1,5562.52,616.56,890.27,5836.23
6096,2042,152,3,37157.0,1163.23,19855.4,130163.17
6097,2043,9,1,9902.75,1182.68,1569.61,10289.68
6098,2043,181,4,30664.66,1999.02,21718.73,142378.35
6099,2043,136,2,34274.09,239.11,12295.63,80604.7
6100,2043,127,2,3238.17,719.97,1036.15,6792.52
6101,2044,219,4,11772.86,926.15,8309.75,54475.04
6102,2044,123,1,9421.34,225.37,1655.27,10851.24
6103,2044,110,4,6566.95,704.64,4601.37,30164.53
6104,2044,57,3,20483.4,3711.25,10393.01,68131.96
6105,2045,149,1,16854.36,702.84,2907.27,19058.79
6106,2046,82,3,10944.45,1540.91,5632.64,36925.08
6107,2047,70,4,30937.09,11081.87,20279.97,132946.46
6108,2047,109,2,25465.9,4392.45,8377.08,54916.43
6109,2047,229,1,33676.3,3051.29,5512.5,36137.51
6110,2048,35,2,13199.49,1338.18,4510.94,29571.74
6111,2049,145,3,17725.61,3290.67,8979.51,58865.67
6112,2050,197,1,13368.44,112.84,2386.01,15641.61
6113,2050,188,1,14567.29,1688.95,2318.1,15196.44
6114,2050,4,1,35689.14,1930.4,6076.57,39835.31
6115,2050,11,3,36727.76,3406.42,19219.83,125996.69
6116,2051,60,3,24754.89,932.48,13199.79,86531.98
6117,2051,210,1,33886.56,2335.64,5679.17,37230.09
6118,2051,147,3,26528.08,9037.42,12698.43,83245.25
6119,2051,163,4,1240.08,296.32,839.52,5503.52
6120,2051,9,2,9902.75,340.94,3503.62,22968.18
6121,2052,168,2,41017.08,3528.73,14130.98,92636.41
6122,2052,203,1,32452.38,403.31,5768.83,37817.9
6123,2052,182,1,26624.12,627.22,4679.44,30676.34
6124,2053,212,2,8937.81,672.51,3096.56,20299.67
6125,2054,174,4,40361.15,702.74,28933.53,189675.39
6126,2054,108,4,46203.27,18438.23,29947.47,196322.32
6127,2054,120,3,26697.64,8614.21,12866.17,84344.88
6128,2054,100,1,46774.34,5019.32,7515.9,49270.92
6129,2055,75,2,8532.47,43.71,3063.82,20085.05
6130,2055,172,1,1060.63,64.98,179.22,1174.87
6131,2055,180,4,4766.01,546.34,3333.19,21850.89
6132,2056,63,1,120.39,6.82,20.44,134.01
6133,2056,131,3,41590.84,13975.59,19943.45,130740.38
6134,2056,43,1,16510.19,1091.52,2775.36,18194.03
6135,2056,225,1,36716.34,980.16,6432.51,42168.69
6136,2057,104,1,15989.17,1137.63,2673.28,17524.82
6137,2057,216,2,4678.54,857.0,1530.01,10030.09
6138,2057,116,2,3361.81,47.66,1201.67,7877.63
6139,2057,127,2,3238.17,412.41,1091.51,7155.44
6140,2058,129,2,3101.06,177.3,1084.47,7109.29
6141,2058,160,1,7458.41,187.25,1308.81,8579.97
6142,2058,193,1,16913.96,767.36,2906.39,19052.99
6143,2059,97,3,11972.84,3235.47,5882.95,38566.0
6144,2059,83,4,34264.79,1054.99,24480.75,160484.92
6145,2060,178,3,39619.34,4512.16,20582.25,134928.11
6146,2061,137,4,31709.73,9964.9,21037.32,137911.34
6147,2061,38,1,28086.65,2383.53,4626.56,30329.68
6148,2061,220,3,21280.0,7264.58,10183.58,66759.0
6149,2061,83,1,34264.79,3367.27,5561.55,36459.07
6150,2061,36,3,10167.03,2693.17,5005.43,32813.35
6151,2062,189,1,28066.42,2185.84,4658.5,30539.08
6152,2062,108,1,46203.27,3664.95,7656.9,50195.22
6153,2062,127,1,3238.17,377.14,514.99,3376.02
6154,2063,46,4,5015.71,770.51,3472.62,22764.95
6155,2064,200,2,28469.05,1668.58,9948.51,65218.03
6156,2064,139,3,4824.95,240.41,2562.2,16796.64
6157,2065,164,1,15908.19,1572.79,2580.37,16915.77
6158,2065,35,2,13199.49,2547.29,4293.3,28144.99
6159,2065,104,3,15989.17,5729.45,7602.85,49840.91
6160,2065,50,2,45675.94,5086.33,15527.8,101793.35
6161,2065,138,4,5484.92,289.87,3896.97,25546.78
6162,2066,107,2,19641.45,2982.02,6534.16,42835.04
6163,2066,186,1,24680.72,619.34,4331.05,28392.43
6164,2066,207,3,27779.78,6514.99,13828.38,90652.73
6165,2066,47,3,34112.86,5766.78,17382.92,113954.72
6166,2067,40,1,11047.42,1023.29,1804.34,11828.47
6167,2067,46,2,5015.71,1123.31,1603.46,10511.57
6168,2067,186,2,24680.72,826.3,8736.33,57271.47
6169,2067,147,1,26528.08,2760.11,4278.23,28046.2
6170,2067,72,4,12573.73,1119.14,8851.64,58027.42
6171,2068,216,2,4678.54,357.4,1619.94,10619.62
6172,2069,8,2,28733.56,3483.1,9717.12,63701.14
6173,2069,52,4,30086.26,6857.41,20427.77,133915.4
6174,2070,98,4,20903.98,6564.63,13869.23,90920.52
6175,2070,93,1,17083.66,399.14,3003.21,19687.73
6176,2070,114,3,23667.1,508.5,12688.7,83181.5
6177,2070,26,4,15276.03,1265.73,10770.91,70609.3
6178,2070,110,4,6566.95,2859.69,4213.46,27621.57
6179,2071,211,1,18681.33,1292.64,3129.96,20518.65
6180,2071,224,3,31527.62,6178.62,15912.76,104317.0
6181,2071,138,2,5484.92,685.39,1851.2,12135.65
6182,2071,45,3,3684.98,524.08,1895.55,12426.41
6183,2071,54,2,4901.82,462.26,1681.45,11022.83
6184,2072,191,2,30208.27,3727.58,10204.01,66892.97
6185,2072,101,1,46156.61,1305.03,8073.28,52924.86
6186,2073,147,1,26528.08,1378.74,4526.88,29676.22
6187,2073,21,2,27939.78,1704.06,9751.59,63927.09
6188,2073,162,2,38305.79,7892.04,12369.52,81089.06
6189,2074,111,3,43082.21,5627.4,22251.46,145870.69
6190,2074,46,3,5015.71,552.58,2609.02,17103.57
6191,2074,193,3,16913.96,4567.56,8311.38,54485.7
6192,2074,37,3,36875.04,6023.07,18828.37,123430.42
6193,2075,80,4,9554.15,3352.88,6275.47,41139.19
6194,2075,135,4,25713.49,9225.47,16853.13,110481.62
6195,2075,110,1,6566.95,143.94,1156.14,7579.15
6196,2075,21,4,27939.78,11949.42,17965.75,117775.45
6197,2075,10,3,31794.64,4794.06,16306.17,106896.03
6198,2076,233,4,21896.66,9366.95,14079.54,92299.23
6199,2077,140,2,12249.39,2494.08,3960.85,25965.55
6200,2077,74,2,24770.89,5405.07,7944.61,52081.32
6201,2077,82,4,10944.45,1834.18,7549.85,49493.47
6202,2077,121,2,18719.38,4093.59,6002.13,39347.3
6203,2077,224,3,31527.62,1735.14,16712.59,109560.31
6204,2078,165,1,37776.85,3114.4,6239.24,40901.69
6205,2079,216,4,4678.54,974.01,3193.23,20933.38
6206,2080,66,4,12279.53,3388.63,8231.31,53960.8
6207,2081,193,2,16913.96,635.75,5974.59,39166.76
6208,2081,195,2,42664.46,5198.02,14423.56,94554.46
6209,2081,149,1,16854.36,721.11,2903.98,19037.23
6210,2082,141,2,29486.44,2951.4,10083.87,66105.35
6211,2082,1,4,25243.55,2014.37,17812.77,116772.6
6212,2082,31,1,44553.38,4549.99,7200.61,47204.0
6213,2082,209,1,10731.59,614.57,1821.06,11938.08
6214,2083,64,2,1034.97,90.76,356.25,2335.43
6215,2084,130,3,12728.22,216.61,6834.25,44802.3
6216,2084,73,2,17456.78,2018.69,5921.08,38815.95
6217,2085,5,4,16705.9,5136.59,11103.66,72790.67
6218,2085,49,1,43844.62,1512.55,7619.77,49951.84
6219,2085,58,4,43014.0,13531.05,28534.49,187059.44
6220,2085,7,2,1179.48,167.24,394.51,2586.23
6221,2085,134,1,29515.74,1825.29,4984.28,32674.73
6222,2086,215,3,34726.43,1474.16,18486.92,121192.05
6223,2087,65,2,41109.17,5604.0,13790.58,90404.92
6224,2087,74,1,24770.89,1402.03,4206.39,27575.25
6225,2087,66,4,12279.53,5538.49,7844.33,51423.96
6226,2087,121,1,18719.38,66.41,3357.53,22010.5
6227,2088,194,3,5562.52,1199.25,2787.9,18276.21
6228,2088,54,4,4901.82,887.12,3369.63,22089.79
6229,2088,123,1,9421.34,500.25,1605.8,10526.89
6230,2088,76,2,44895.56,4242.72,15398.71,100947.11
6231,2089,140,1,12249.39,283.64,2153.84,14119.59
6232,2090,161,2,41588.13,7722.57,13581.66,89035.35
6233,2090,73,1,17456.78,842.44,2990.58,19604.92
6234,2090,2,2,11408.11,1084.02,3911.8,25644.0
6235,2090,79,3,15130.34,2631.69,7696.68,50456.01
6236,2090,56,4,36444.51,6533.2,25064.07,164308.91
6237,2091,110,2,6566.95,631.03,2250.52,14753.39
6238,2092,87,4,21959.44,4063.1,15079.44,98854.1
6239,2092,63,3,120.39,6.79,63.79,418.17
6240,2093,62,2,34302.26,6096.17,11251.5,73759.85
6241,2093,154,4,14680.42,294.31,10516.93,68944.3
6242,2093,94,3,35740.44,2421.56,18863.96,123663.72
6243,2094,159,4,18286.08,7335.8,11845.53,77654.05
6244,2094,208,3,7922.32,1298.52,4044.32,26512.76
6245,2094,155,3,37465.45,3673.13,19570.18,128293.4
6246,2095,107,3,19641.45,2578.02,10142.34,66488.67
6247,2095,118,4,9547.03,4475.63,6068.25,39780.74
6248,2095,137,3,31709.73,6563.5,15941.82,104507.51
6249,2095,18,4,16802.96,1879.36,11759.85,77092.33
6250,2095,155,4,37465.45,1692.1,26670.55,174840.25
6251,2096,139,1,4824.95,534.13,772.35,5063.17
6252,2096,232,1,11511.84,405.22,1999.19,13105.81
6253,2096,218,1,20584.33,1743.32,3391.38,22232.39
6254,2096,187,4,33639.08,15603.84,21411.45,140363.93
6255,2097,170,1,19374.04,1574.95,3203.84,21002.93
6256,2097,204,4,3813.54,1744.26,2431.78,15941.68
6257,2097,130,1,12728.22,591.41,2184.63,14321.44
6258,2097,117,4,27023.51,2348.3,19034.23,124779.97
6259,2097,206,4,37695.53,4473.65,26335.52,172643.99
6260,2098,239,4,26635.98,4189.63,18423.77,120778.06
6261,2098,234,4,10605.83,3534.23,7000.04,45889.13
6262,2098,29,1,7930.98,526.52,1332.8,8737.26
6263,2098,38,2,28086.65,5669.12,9090.75,59594.93
6264,2099,173,4,15522.12,192.47,11141.28,73037.29
6265,2099,150,3,3654.09,131.44,1949.55,12780.38
6266,2099,17,3,25819.56,6296.34,12809.22,83971.56
6267,2099,160,3,7458.41,2351.19,3604.33,23628.37
6268,2099,226,2,41253.01,4605.81,14022.04,91922.25
6269,2100,145,1,17725.61,1048.75,3001.83,19678.69
6270,2100,104,1,15989.17,835.03,2727.75,17881.89
6271,2100,127,3,3238.17,297.58,1695.05,11111.98
6272,2101,10,3,31794.64,4696.29,16323.77,107011.4
6273,2101,201,2,18244.99,1044.09,6380.26,41826.15
6274,2101,114,1,23667.1,144.6,4234.05,27756.55
6275,2102,46,3,5015.71,1352.72,2464.99,16159.4
6276,2102,188,3,14567.29,806.92,7721.09,50616.04
6277,2103,30,4,7051.18,2334.18,4656.7,30527.24
6278,2103,205,4,26777.33,5242.34,18336.06,120203.04
6279,2103,219,3,11772.86,4203.42,5600.73,36715.89
6280,2104,234,1,10605.83,1068.44,1716.73,11254.12
6281,2105,118,2,9547.03,1637.62,3142.16,20598.6
6282,2105,31,1,44553.38,4105.24,7280.67,47728.81
6283,2105,143,1,23230.7,1325.44,3942.95,25848.21
6284,2105,83,2,34264.79,5761.75,11298.21,74066.04
6285,2106,105,4,18322.11,7446.6,11851.53,77693.37
6286,2107,27,3,12821.1,42.79,6915.69,45336.2
6287,2107,113,3,2640.7,169.64,1395.44,9147.9
6288,2107,111,4,43082.21,3252.55,30433.73,199510.02
6289,2107,55,1,21783.95,1797.32,3597.59,23584.22
6290,2108,9,3,9902.75,879.04,5189.26,34018.47
6291,2108,37,1,36875.04,1753.48,6321.88,41443.44
6292,2108,189,2,28066.42,3870.16,9407.28,61669.96
6293,2108,90,3,18461.71,3391.4,9358.87,61352.6
6294,2109,99,2,21866.86,5148.77,6945.29,45530.24
6295,2109,207,1,27779.78,2273.67,4591.1,30097.21
6296,2109,120,4,26697.64,7949.76,17791.34,116632.14
6297,2110,61,3,33657.04,357.58,18110.44,118723.98
6298,2111,99,3,21866.86,2255.25,11402.16,74747.49
6299,2111,113,1,2640.7,102.77,456.83,2994.76
6300,2111,112,2,24992.69,1665.81,8697.52,57017.09
6301,2111,104,1,15989.17,1326.98,2639.19,17301.38
6302,2112,234,1,10605.83,465.42,1825.27,11965.68
6303,2112,19,1,37198.47,1070.25,6503.08,42631.3
6304,2112,120,1,26697.64,3054.97,4255.68,27898.35
6305,2112,141,4,29486.44,3175.35,20658.67,135429.08
6306,2113,35,3,13199.49,566.14,7025.82,46058.15
6307,2113,105,4,18322.11,97.92,13174.29,86364.81
6308,2113,29,3,7930.98,1900.37,3940.66,25833.23
6309,2114,144,4,33892.0,8648.2,22845.56,149765.36
6310,2115,150,4,3654.09,1150.25,2423.9,15890.01
6311,2115,215,3,34726.43,7017.31,17489.16,114651.14
6312,2115,218,2,20584.33,4319.03,6632.93,43482.56
6313,2115,179,2,40060.15,3015.49,13878.87,90983.68
6314,2115,140,1,12249.39,51.44,2195.63,14393.58
6315,2116,224,1,31527.62,3276.35,5085.23,33336.5
6316,2116,194,2,5562.52,633.62,1888.46,12379.88
6317,2116,115,3,7640.14,1617.16,3834.59,25137.85
6318,2116,178,2,39619.34,636.29,14148.43,92750.82
6319,2116,93,2,17083.66,1862.84,5814.81,38119.29
6320,2117,177,3,37809.52,5674.29,19395.77,127150.04
6321,2117,41,1,23389.54,1113.47,4009.69,26285.76
6322,2117,29,4,7930.98,292.92,5657.58,37088.58
6323,2117,51,2,628.75,141.62,200.86,1316.74
6324,2118,232,4,11511.84,216.2,8249.61,54080.77
6325,2118,225,1,36716.34,4318.83,5831.55,38229.06
6326,2118,199,1,19178.46,246.74,3407.71,22339.43
6327,2119,12,3,13880.48,1230.55,7273.96,47684.85
6328,2119,199,3,19178.46,3823.59,9668.12,63379.91
6329,2119,216,1,4678.54,454.47,760.33,4984.4
6330,2120,83,1,34264.79,1355.65,5923.65,38832.79
6331,2121,88,1,33071.07,2194.07,5557.86,36434.86
6332,2122,208,2,7922.32,1828.02,2522.99,16539.61
6333,2122,206,2,37695.53,9043.76,11942.51,78289.81
6334,2122,152,1,37157.0,1832.28,6358.45,41683.17
6335,2122,10,4,31794.64,8674.53,21330.73,139834.76
6336,2123,199,1,19178.46,342.99,3390.38,22225.85
6337,2123,67,3,41997.34,8557.11,21138.28,138573.19
6338,2123,37,2,36875.04,3509.37,12643.33,82884.04
6339,2123,130,2,12728.22,157.55,4553.8,29852.69
6340,2124,20,2,38320.28,4.48,13794.49,90430.57
6341,2124,217,2,8518.31,161.58,3037.51,19912.55
6342,2124,45,3,3684.98,988.43,1811.97,11878.48
6343,2124,100,3,46774.34,7026.02,23993.46,157290.46
6344,2124,2,3,11408.11,2034.72,5794.13,37983.74
6345,2125,55,1,21783.95,746.08,3786.82,24824.69
6346,2126,75,3,8532.47,1080.34,4413.07,28930.14
6347,2126,167,4,31659.13,2190.83,22400.22,146845.91
6348,2126,26,3,15276.03,1045.05,8060.95,52843.99
6349,2126,102,2,34567.4,6378.63,11296.11,74052.28
6350,2127,25,4,27064.69,1282.7,19255.69,126231.75
6351,2127,235,2,28131.22,4520.13,9313.62,61055.93
6352,2127,48,3,2802.25,821.92,1365.27,8950.1
6353,2128,177,3,37809.52,11641.04,18321.75,120109.27
6354,2129,216,4,4678.54,1156.44,3160.39,20718.11
6355,2129,37,3,36875.04,7495.05,18563.41,121693.48
6356,2129,173,1,15522.12,1098.06,2596.33,17020.39
6357,2130,107,2,19641.45,654.56,6953.1,45581.44
6358,2130,208,4,7922.32,2049.18,5335.22,34975.32
6359,2130,37,1,36875.04,3567.44,5995.37,39302.97
6360,2130,118,4,9547.03,1560.17,6593.03,43220.98
6361,2130,112,3,24992.69,1104.57,13297.23,87170.73
6362,2131,221,4,32207.06,7685.38,21805.71,142948.57
6363,2132,170,3,19374.04,3172.29,9890.97,64840.8
6364,2132,195,3,42664.46,10243.76,21194.93,138944.55
6365,2132,147,3,26528.08,911.87,14161.03,92833.4
6366,2132,74,3,24770.89,6211.21,12258.26,80359.72
6367,2133,212,4,8937.81,3595.06,5788.11,37944.29
6368,2134,191,2,30208.27,5445.87,9894.72,64865.39
6369,2134,66,1,12279.53,117.11,2189.24,14351.66
6370,2134,121,1,18719.38,663.28,3250.1,21306.2
6371,2134,124,2,10290.63,1257.84,3478.22,22801.64
6372,2135,115,3,7640.14,1772.25,3806.67,24954.84
6373,2135,121,2,18719.38,3892.8,6038.27,39584.23
6374,2135,183,3,17183.22,881.3,9120.3,59788.66
6375,2135,122,3,24991.82,1905.07,13152.67,86223.06
6376,2135,202,2,22486.45,5079.29,7180.85,47074.46
6377,2136,65,3,41109.17,708.91,22071.35,144689.95
6378,2136,93,1,17083.66,1349.68,2832.12,18566.1
6379,2136,115,3,7640.14,513.51,4033.24,26440.15
6380,2136,173,1,15522.12,1742.86,2480.27,16259.53
6381,2137,150,4,3654.09,1247.95,2406.31,15774.72
6382,2137,212,4,8937.81,2325.35,6016.66,39442.55
6383,2138,198,3,112.51,18.11,57.5,376.92
6384,2138,144,4,33892.0,910.65,24238.32,158895.67
6385,2138,64,4,1034.97,286.26,693.65,4547.27
6386,2138,95,2,8312.81,1361.58,2747.53,18011.57
6387,2138,170,2,19374.04,2446.82,6534.23,42835.49
6388,2139,152,4,37157.0,11501.04,24682.85,161809.81
6389,2139,75,1,8532.47,532.24,1440.04,9440.27
6390,2139,106,4,12366.02,1277.65,8673.56,56859.99
6391,2139,192,4,13341.13,4779.06,8745.38,57330.84
6392,2140,35,3,13199.49,3555.89,6487.66,42530.24
6393,2140,181,2,30664.66,1690.16,10735.05,70374.21
6394,2140,17,3,25819.56,8934.7,12334.32,80858.3
6395,2140,30,1,7051.18,73.94,1255.9,8233.14
6396,2140,183,3,17183.22,2849.42,8766.04,57466.28
6397,2141,75,4,8532.47,2780.76,5642.84,36991.96
6398,2141,197,1,13368.44,1135.78,2201.88,14434.54
6399,2141,145,2,17725.61,3446.24,5760.9,37765.88
6400,2142,46,4,5015.71,1607.77,3321.91,21776.98
6401,2142,130,1,12728.22,603.49,2182.45,14307.18
6402,2142,210,3,33886.56,1046.77,18110.32,118723.23
6403,2143,162,1,38305.79,3051.29,6345.81,41600.31
6404,2144,124,3,10290.63,3247.36,4972.42,32596.95
6405,2144,220,4,21280.0,4326.2,14542.88,95336.68
6406,2145,32,3,25348.23,583.53,13583.01,89044.17
6407,2145,151,2,39931.59,8286.4,12883.82,84460.6
6408,2145,119,3,36904.39,2732.47,19436.53,127417.23
6409,2145,40,2,11047.42,868.45,3820.75,25047.14
6410,2146,100,3,46774.34,8958.77,23645.56,155009.81
6411,2146,205,4,26777.33,4147.33,18533.16,121495.15
6412,2147,234,2,10605.83,2208.01,3420.66,22424.31
6413,2147,123,1,9421.34,1080.33,1501.38,9842.39
6414,2147,20,4,38320.28,1569.7,27308.06,179019.48
6415,2147,162,1,38305.79,2212.71,6496.75,42589.83
6416,2148,204,1,3813.54,210.26,648.59,4251.87
6417,2148,217,2,8518.31,592.53,2959.94,19404.03
6418,2149,194,3,5562.52,1432.05,2745.99,18001.5
6419,2149,51,3,628.75,73.77,326.25,2138.73
6420,2149,100,4,46774.34,16336.9,30736.88,201497.34
6421,2150,170,4,19374.04,1635.39,13654.94,89515.71
6422,2151,47,4,34112.86,1443.67,24301.4,159309.17
6423,2152,86,3,41540.1,3334.32,21831.48,143117.46
6424,2152,101,1,46156.61,3229.5,7726.88,50653.99
6425,2152,179,1,40060.15,3026.37,6666.08,43699.86
6426,2152,77,3,19293.34,2731.35,9926.76,65075.43
6427,2153,38,1,28086.65,1208.97,4837.98,31715.66
6428,2153,183,1,17183.22,801.78,2948.66,19330.1
6429,2153,237,1,17135.78,915.74,2919.61,19139.65
6430,2153,31,4,44553.38,18608.21,28728.96,188334.27
6431,2154,196,2,40456.71,8482.75,13037.52,85468.19
6432,2154,222,4,28533.87,10253.36,18698.78,122580.9
6433,2154,229,2,33676.3,4884.56,11244.25,73712.29
6434,2155,121,3,18719.38,2009.56,9746.74,63895.32
6435,2155,179,1,40060.15,2279.6,6800.5,44581.05
6436,2155,16,2,37019.42,6160.58,12218.09,80096.35
6437,2155,86,4,41540.1,12142.68,27723.19,181740.91
6438,2156,147,2,26528.08,4940.15,8660.88,56776.89
6439,2156,64,1,1034.97,26.35,181.55,1190.17
6440,2157,195,3,42664.46,1163.34,22829.41,149659.45
6441,2157,140,4,12249.39,2834.19,8309.41,54472.78
6442,2157,217,2,8518.31,1516.63,2793.6,18313.59
6443,2157,138,1,5484.92,346.41,924.93,6063.44
6444,2158,171,2,32844.1,1222.89,11603.76,76069.07
6445,2158,233,3,21896.66,2849.88,11311.22,74151.32
6446,2158,94,2,35740.44,5925.51,11799.97,77355.34
6447,2158,87,3,21959.44,4398.34,11066.4,72546.38
6448,2159,156,2,36965.82,7074.18,12034.34,78891.8
6449,2159,238,3,19991.97,6841.03,9564.28,62699.16
6450,2160,90,4,18461.71,2661.33,12813.39,83998.9
6451,2160,206,2,37695.53,3714.11,12901.85,84578.8
6452,2161,176,2,43250.55,1066.13,15378.29,100813.26
6453,2161,39,1,39677.48,4396.11,6350.65,41632.02
6454,2161,230,1,26170.26,3136.38,4146.1,27179.98
6455,2161,134,3,29515.74,7713.96,14549.99,95383.25
6456,2162,193,3,16913.96,3305.95,8538.47,55974.4
6457,2162,7,1,1179.48,45.3,204.15,1338.33
6458,2162,192,1,13341.13,174.3,2370.03,15536.86
6459,2163,21,4,27939.78,5055.01,19206.74,125910.85
6460,2163,151,4,39931.59,15061.67,26039.64,170704.33
6461,2163,55,3,21783.95,3047.97,11214.7,73518.58
6462,2163,115,3,7640.14,666.26,4005.75,26259.91
6463,2164,123,2,9421.34,353.23,3328.1,21817.55
6464,2164,148,4,32803.6,14484.14,21011.45,137741.71
6465,2165,53,4,12091.35,1421.21,8449.95,55394.14
6466,2165,141,3,29486.44,533.71,15826.61,103752.22
6467,2165,227,2,19776.73,547.28,7021.11,46027.29
6468,2166,123,4,9421.34,740.95,6649.99,43594.4
6469,2166,222,1,28533.87,923.41,4969.88,32580.34
6470,2166,233,4,21896.66,4739.1,14912.56,97760.1
6471,2166,165,4,37776.85,6847.87,25966.72,170226.25
6472,2166,145,3,17725.61,3704.94,8904.94,58376.83
6473,2167,53,3,12091.35,2280.79,6118.79,40112.05
6474,2167,158,3,36880.83,6717.75,18706.45,122631.19
6475,2167,113,3,2640.7,858.59,1271.43,8334.94
6476,2168,68,4,3827.59,118.54,2734.53,17926.35
6477,2168,203,4,32452.38,3787.71,22683.93,148705.74
6478,2168,186,3,24680.72,1609.0,13037.97,85471.13
6479,2169,37,2,36875.04,4492.17,12466.42,81724.33
6480,2170,194,3,5562.52,747.56,2869.2,18809.2
6481,2170,145,2,17725.61,539.57,6284.1,41195.75
6482,2170,214,2,25781.44,5036.51,8374.75,54901.12
6483,2170,133,1,38037.94,2917.89,6321.61,41441.66
6484,2170,121,1,18719.38,2062.45,2998.25,19655.18
6485,2171,83,1,34264.79,1326.13,5928.96,38867.62
6486,2171,141,1,29486.44,2022.72,4943.47,32407.19
6487,2171,94,3,35740.44,3897.5,18598.29,121922.11
6488,2171,73,2,17456.78,1216.88,6065.4,39762.08
6489,2172,199,4,19178.46,3095.26,13251.34,86869.92
6490,2173,147,4,26528.08,12702.06,16813.85,110224.11
6491,2174,126,4,14629.39,3540.88,9895.8,64872.48
6492,2174,196,2,40456.71,7556.67,13204.22,86560.97
6493,2174,162,4,38305.79,18096.85,24322.74,159449.05
6494,2174,84,4,10857.56,4439.99,7018.24,46008.49
6495,2174,163,4,1240.08,147.35,866.33,5679.3
6496,2175,146,4,269.14,84.92,178.5,1170.14
6497,2176,176,3,43250.55,4319.82,22577.73,148009.56
6498,2177,176,1,43250.55,89.36,7769.01,50930.2
6499,2178,41,1,23389.54,933.43,4042.1,26498.21
6500,2178,89,3,4268.91,1030.75,2119.68,13895.66
6501,2178,75,3,8532.47,1306.56,4372.35,28663.2
6502,2178,99,1,21866.86,177.61,3904.07,25593.32
6503,2178,61,4,33657.04,5161.45,23304.01,152770.72
6504,2179,202,1,22486.45,2650.39,3570.49,23406.55
6505,2179,217,3,8518.31,21.91,4595.94,30128.96
6506,2179,142,3,26420.51,6770.58,13048.37,85539.32
6507,2179,118,2,9547.03,1582.55,3152.07,20663.58
6508,2179,172,1,1060.63,46.4,182.56,1196.79
6509,2180,95,1,8312.81,348.34,1433.6,9398.07
6510,2180,9,2,9902.75,2025.05,3200.48,20980.93
6511,2180,197,4,13368.44,3888.68,8925.31,58510.39
6512,2180,117,4,27023.51,2356.53,19032.75,124770.26
6513,2180,190,2,14801.53,1899.55,4986.63,32690.14
6514,2181,240,2,39567.79,1060.15,14053.58,92129.01
6515,2181,86,2,41540.1,3092.38,14397.81,94385.63
6516,2181,58,2,43014.0,4884.33,14605.86,95749.53
6517,2181,116,4,3361.81,389.43,2350.41,15408.22
6518,2181,146,4,269.14,88.94,177.77,1165.39
6519,2182,53,1,12091.35,614.32,2065.87,13542.9
6520,2182,221,2,32207.06,1537.83,11317.73,74194.02
6521,2182,109,4,25465.9,5201.97,17399.09,114060.72
6522,2182,200,4,28469.05,627.61,20384.75,133633.34
6523,2182,239,4,26635.98,6070.49,18085.22,118558.65
6524,2183,75,1,8532.47,326.06,1477.15,9683.56
6525,2183,26,4,15276.03,3529.8,10363.38,67937.7
6526,2183,208,2,7922.32,672.68,2730.95,17902.91
6527,2184,207,4,27779.78,2016.79,19638.42,128740.75
6528,2184,84,3,10857.56,1893.51,5522.25,36201.42
6529,2184,136,3,34274.09,9328.92,16828.8,110322.15
6530,2185,22,4,9607.6,3390.22,6307.23,41347.41
6531,2185,95,3,8312.81,1735.28,4176.57,27379.72
6532,2185,16,1,37019.42,1803.88,6338.8,41554.34
6533,2186,112,3,24992.69,149.77,13469.09,88297.39
6534,2186,23,3,3383.79,536.54,1730.67,11345.5
6535,2186,60,3,24754.89,401.37,13295.39,87158.69
6536,2186,166,1,33767.83,3532.17,5442.42,35678.08
6537,2187,224,1,31527.62,3506.58,5043.79,33064.83
6538,2187,229,4,33676.3,5013.77,23344.46,153035.89
6539,2187,147,3,26528.08,5957.5,13252.81,86879.55
6540,2187,160,3,7458.41,1173.61,3816.29,25017.91
6541,2188,125,2,28195.42,2059.85,9779.58,64110.57
6542,2188,36,3,10167.03,2822.75,4982.1,32660.44
6543,2188,223,1,39924.82,2321.29,6768.64,44372.17
6544,2189,67,4,41997.34,8091.26,28781.66,188679.76
6545,2189,70,2,30937.09,4983.55,10240.31,67130.94
6546,2190,5,4,16705.9,3975.86,11312.59,74160.33
6547,2190,70,2,30937.09,6253.02,10011.81,65632.97
6548,2190,180,1,4766.01,172.49,826.83,5420.35
6549,2190,224,4,31527.62,1656.93,22401.64,146855.19
6550,2190,231,4,3326.96,81.33,2380.77,15607.28
6551,2191,228,4,11203.89,5214.56,7128.18,46729.18
6552,2192,155,1,37465.45,1640.24,6448.54,42273.75
6553,2192,28,1,29031.11,1327.38,4986.67,32690.4
6554,2192,174,3,40361.15,3793.92,21112.12,138401.65
6555,2192,47,4,34112.86,6304.96,23426.37,153572.85
6556,2193,33,4,39008.3,7535.18,26729.64,175227.66
6557,2194,80,1,9554.15,723.29,1589.55,10420.41
6558,2194,126,4,14629.39,840.78,10381.82,68058.6
6559,2194,72,2,12573.73,1967.62,4172.37,27352.21
6560,2194,94,1,35740.44,3252.86,5847.76,38335.34
6561,2194,10,4,31794.64,1435.3,22633.79,148377.05
6562,2195,86,3,41540.1,11456.01,20369.57,133533.86
6563,2195,10,3,31794.64,2121.59,16787.22,110049.55
6564,2195,218,3,20584.33,2104.01,10736.82,70385.8
6565,2195,68,3,3827.59,940.01,1897.7,12440.46
6566,2196,205,4,26777.33,7168.25,17989.39,117930.46
6567,2196,227,3,19776.73,4235.73,9917.0,65011.46
6568,2196,30,4,7051.18,2804.08,4572.12,29972.76
6569,2196,214,2,25781.44,129.43,9258.02,60691.47
6570,2196,57,2,20483.4,3984.85,6656.75,43638.7
6571,2197,231,4,3326.96,1070.14,2202.79,14440.49
6572,2197,45,1,3684.98,311.76,607.18,3980.4
6573,2197,210,4,33886.56,4575.79,23574.68,154545.13
6574,2198,49,3,43844.62,3019.2,23132.64,151647.3
6575,2199,185,2,189.21,24.22,63.76,417.96
6576,2199,40,1,11047.42,1144.19,1782.58,11685.81
6577,2199,213,3,20525.1,2546.83,10625.12,69653.59
6578,2199,23,1,3383.79,233.74,567.01,3717.06
6579,2200,103,1,20030.13,1227.17,3384.53,22187.49
6580,2200,232,3,11511.84,2682.29,5733.58,37586.81
6581,2200,139,2,4824.95,807.26,1591.68,10434.32
6582,2201,169,2,10455.18,1226.3,3543.13,23227.19
6583,2201,159,1,18286.08,1609.11,3001.85,19678.82
6584,2202,33,4,39008.3,8219.2,26606.52,174420.52
6585,2202,115,4,7640.14,3234.85,4918.63,32244.34
6586,2202,235,3,28131.22,9231.19,13529.24,88691.71
6587,2202,185,1,189.21,13.18,31.69,207.72
6588,2203,148,3,32803.6,7169.39,16423.45,107664.86
6589,2203,75,2,8532.47,1612.36,2781.46,18234.04
6590,2204,182,1,26624.12,2906.79,4269.12,27986.45
6591,2204,209,3,10731.59,888.23,5635.18,36941.72
6592,2204,155,4,37465.45,16141.27,24069.7,157790.23
6593,2205,224,4,31527.62,6812.76,21473.59,140771.31
6594,2205,28,1,29031.11,1189.85,5011.43,32852.69
6595,2206,204,1,3813.54,234.35,644.25,4223.44
6596,2206,171,1,32844.1,1568.69,5629.57,36904.98
6597,2206,228,3,11203.89,2180.26,5657.65,37089.06
6598,2207,136,3,34274.09,11783.88,16386.91,107425.3
6599,2207,215,1,34726.43,459.84,6167.99,40434.58
6600,2207,178,3,39619.34,11052.28,19405.03,127210.77
6601,2207,189,2,28066.42,3794.81,9420.85,61758.88
6602,2207,235,1,28131.22,1213.51,4845.19,31762.9
6603,2208,4,2,35689.14,2018.7,12484.72,81844.3
6604,2208,129,4,3101.06,525.77,2138.12,14016.59
6605,2208,108,3,46203.27,6606.33,23760.63,155764.11
6606,2208,217,2,8518.31,839.02,2915.57,19113.17
6607,2209,34,1,9115.19,698.22,1515.05,9932.02
6608,2209,38,2,28086.65,5856.57,9057.01,59373.74
6609,2209,239,4,26635.98,12295.17,16964.77,111213.52
6610,2209,237,1,17135.78,1938.6,2735.49,17932.67
6611,2209,87,2,21959.44,1777.93,7585.37,49726.32
6612,2210,217,4,8518.31,3774.89,5453.7,35752.05
6613,2210,158,1,36880.83,1746.75,6324.13,41458.21
6614,2210,228,1,11203.89,49.97,2007.71,13161.63
6615,2210,149,4,16854.36,5198.43,11199.42,73418.43
6616,2211,108,1,46203.27,4229.26,7555.32,49529.33
6617,2211,142,2,26420.51,721.03,9381.6,61501.59
6618,2212,194,1,5562.52,130.17,977.82,6410.17
6619,2212,51,1,628.75,45.48,104.99,688.26
6620,2212,149,2,16854.36,105.84,6048.52,39651.4
6621,2213,127,3,3238.17,1040.79,1561.27,10234.99
6622,2213,74,4,24770.89,7415.83,16500.19,108167.92
6623,2213,132,2,15074.48,228.33,5385.71,35306.34
6624,2214,45,4,3684.98,1186.19,2439.67,15993.4
6625,2214,35,2,13199.49,3054.06,4202.09,27547.01
6626,2215,75,1,8532.47,517.95,1442.61,9457.13
6627,2215,61,4,33657.04,12720.93,21943.3,143850.53
6628,2215,165,3,37776.85,8161.89,18930.36,124099.02
6629,2216,106,2,12366.02,1418.75,4196.39,27509.68
6630,2216,154,3,14680.42,1899.81,7585.46,49726.91
6631,2216,214,3,25781.44,6017.3,12838.86,84165.88
6632,2216,134,3,29515.74,8836.08,14348.01,94059.15
6633,2217,9,2,9902.75,274.67,3515.55,23046.38
6634,2217,158,2,36880.83,840.79,13125.76,86046.63
6635,2217,149,1,16854.36,1605.07,2744.87,17994.16
6636,2217,14,3,3800.37,1356.34,1808.06,11852.83
6637,2218,149,1,16854.36,98.62,3016.03,19771.77
6638,2218,108,3,46203.27,6748.17,23735.1,155596.74
6639,2218,68,1,3827.59,407.25,615.66,4036.0
6640,2218,5,2,16705.9,3965.25,5300.38,34746.93
6641,2219,54,2,4901.82,894.72,1603.61,10512.53
6642,2219,20,4,38320.28,15411.73,24816.49,162685.88
6643,2219,100,2,46774.34,2594.32,16371.78,107326.14
6644,2219,191,4,30208.27,1370.12,21503.33,140966.29
6645,2219,71,1,21062.02,2285.16,3379.83,22156.69
6646,2220,155,3,37465.45,4267.95,19463.11,127591.51
6647,2221,8,1,28733.56,19.58,5168.52,33882.5
6648,2221,142,3,26420.51,3928.86,13559.88,88892.55
6649,2221,19,4,37198.47,14247.16,24218.41,158765.13
6650,2222,205,2,26777.33,1694.9,9334.76,61194.52
6651,2222,111,2,43082.21,6743.16,14295.83,93717.09
6652,2222,62,1,34302.26,617.74,6063.21,39747.73
6653,2222,93,2,17083.66,3305.84,5555.07,36416.55
6654,2223,191,2,30208.27,2137.68,10490.19,68769.05
6655,2223,109,2,25465.9,5909.28,8104.05,53126.57
6656,2223,6,3,9654.29,3071.06,4660.53,30552.34
6657,2224,50,4,45675.94,18937.1,29478.0,193244.66
6658,2224,39,4,39677.48,13219.23,26188.32,171679.01
6659,2224,33,3,39008.3,2292.02,20651.92,135384.8
6660,2225,153,2,6055.61,143.35,2154.22,14122.09
6661,2225,207,1,27779.78,1057.57,4810.0,31532.21
6662,2225,183,1,17183.22,193.04,3058.23,20048.41
6663,2225,30,3,7051.18,412.45,3733.4,24474.49
6664,2225,103,3,20030.13,836.53,10665.69,69919.55
6665,2226,114,4,23667.1,10175.36,15208.75,99701.79
6666,2226,20,3,38320.28,1274.8,20463.49,134149.53
6667,2227,168,3,41017.08,7022.57,20885.16,136913.83
6668,2227,14,1,3800.37,87.59,668.3,4381.08
6669,2227,139,1,4824.95,516.91,775.45,5083.49
6670,2228,27,1,12821.1,174.4,2276.41,14923.11
6671,2228,53,2,12091.35,1311.48,4116.82,26988.04
6672,2228,167,2,31659.13,6512.3,10225.07,67031.03
6673,2228,225,1,36716.34,2005.05,6248.03,40959.32
6674,2229,17,1,25819.56,2062.58,4276.26,28033.24
6675,2230,142,3,26420.51,714.5,14138.47,92685.5
6676,2230,210,4,33886.56,14152.16,21850.93,143245.01
6677,2230,39,2,39677.48,2582.86,13818.98,90591.08
6678,2230,219,2,11772.86,856.0,4084.15,26773.87
6679,2231,169,2,10455.18,689.42,3639.77,23860.71
6680,2231,102,2,34567.4,1053.03,12254.72,80336.49
6681,2231,112,1,24992.69,1932.1,4150.91,27211.5
6682,2232,58,3,43014.0,1514.38,22954.97,150482.59
6683,2233,74,2,24770.89,4525.64,8102.91,53119.05
6684,2233,109,2,25465.9,602.32,9059.31,59388.79
6685,2233,66,4,12279.53,4432.79,8043.36,52728.69
6686,2233,84,3,10857.56,2268.97,5454.67,35758.38
6687,2234,122,1,24991.82,2793.13,3995.76,26194.45
6688,2234,238,3,19991.97,4611.67,9965.56,65329.8
6689,2235,164,4,15908.19,4089.26,10717.83,70261.33
6690,2236,71,1,21062.02,1757.84,3474.75,22778.93
6691,2237,180,4,4766.01,568.74,3329.15,21824.45
6692,2237,58,4,43014.0,710.83,30842.13,202187.3
6693,2237,96,4,17662.28,4255.59,11950.84,78344.37
6694,2238,13,2,40458.84,4600.35,13737.12,90054.45
6695,2238,66,1,12279.53,1343.78,1968.43,12904.18
6696,2238,2,1,11408.11,709.59,1925.73,12624.25
6697,2239,9,4,9902.75,4381.14,6341.37,41571.23
6698,2239,154,2,14680.42,1769.37,4966.46,32557.93
6699,2239,90,3,18461.71,2970.28,9434.67,61849.52
6700,2240,156,1,36965.82,1889.78,6313.69,41389.73
6701,2240,163,1,1240.08,13.45,220.79,1447.42
6702,2240,229,3,33676.3,10448.44,16304.48,106884.94
6703,2240,45,1,3684.98,359.28,598.63,3924.33
6704,2240,74,4,24770.89,2110.5,17455.15,114428.21
6705,2241,39,1,39677.48,2191.86,6747.41,44233.03
6706,2242,48,3,2802.25,393.61,1442.37,9455.51
6707,2243,177,1,37809.52,4346.46,6023.35,39486.41
6708,2243,118,3,9547.03,315.95,5098.53,33423.67
6709,2244,60,3,24754.89,1603.21,13079.06,85740.52
6710,2244,180,1,4766.01,386.75,788.27,5167.53
6711,2244,126,3,14629.39,3804.73,7215.02,47298.46
6712,2244,221,1,32207.06,2354.47,5373.47,35226.06
6713,2245,117,3,27023.51,1395.78,14341.45,94016.2
6714,2245,17,1,25819.56,3028.74,4102.35,26893.17
6715,2245,159,3,18286.08,6559.12,8693.84,56992.96
6716,2245,182,2,26624.12,4237.0,8822.02,57833.26
6717,2245,158,3,36880.83,3003.61,19375.0,127013.88
6718,2246,126,2,14629.39,1388.2,5016.7,32887.28
6719,2246,127,2,3238.17,379.69,1097.4,7194.05
6720,2246,156,4,36965.82,10379.49,24747.08,162230.87
6721,2246,205,4,26777.33,1914.63,18935.04,124129.73
6722,2246,181,1,30664.66,1553.87,5239.94,34350.73
6723,2247,169,1,10455.18,300.33,1827.87,11982.72
6724,2248,223,4,39924.82,18672.28,25384.86,166411.86
6725,2248,67,3,41997.34,14433.83,20080.47,131638.66
6726,2249,59,2,13506.51,2937.99,4333.51,28408.54
6727,2249,220,4,21280.0,8021.9,13877.66,90975.76
6728,2250,213,1,20525.1,2423.56,3258.28,21359.82
6729,2250,214,3,25781.44,5214.77,12983.32,85112.87
6730,2250,27,4,12821.1,5900.51,8169.1,53552.99
6731,2250,64,2,1034.97,119.16,351.14,2301.92
6732,2250,123,2,9421.34,280.14,3341.26,21903.8
6733,2251,2,4,11408.11,370.2,8147.2,53409.44
6734,2251,159,1,18286.08,1370.57,3044.79,19960.3
6735,2251,208,1,7922.32,879.77,1267.66,8310.21
6736,2251,153,3,6055.61,588.51,3164.1,20742.42
6737,2251,54,2,4901.82,635.64,1650.24,10818.24
6738,2252,115,3,7640.14,1581.13,3841.07,25180.36
6739,2252,16,4,37019.42,3003.91,26113.28,171187.05
6740,2253,234,3,10605.83,1229.08,5505.91,36094.32
6741,2253,60,2,24754.89,5074.1,7998.42,52434.1
6742,2253,236,3,18050.29,3585.46,9101.77,59667.18
6743,2254,133,1,38037.94,3678.9,6184.63,40543.67
6744,2254,83,2,34264.79,5996.28,11255.99,73789.29
6745,2255,57,3,20483.4,3142.58,10495.37,68802.99
6746,2255,119,3,36904.39,1332.74,19688.48,129068.91
6747,2255,18,2,16802.96,872.54,5892.01,38625.39
6748,2256,55,1,21783.95,261.07,3874.12,25397.0
6749,2256,196,1,40456.71,3488.83,6654.22,43622.1
6750,2256,232,1,11511.84,1379.9,1823.75,11955.69
6751,2256,60,3,24754.89,3002.9,12827.12,84088.89
6752,2257,59,4,13506.51,3195.5,9149.5,59980.04
6753,2258,107,1,19641.45,1910.92,3191.5,20922.03
6754,2259,123,2,9421.34,1823.48,3063.46,20082.66
6755,2260,63,3,120.39,2.63,64.54,423.08
6756,2260,38,4,28086.65,12740.44,17929.11,117535.27
6757,2260,93,2,17083.66,2359.73,5725.37,37532.96
6758,2260,226,1,41253.01,1659.8,7126.78,46719.99
6759,2261,160,3,7458.41,1279.91,3797.16,24892.48
6760,2262,26,4,15276.03,3956.67,10286.54,67433.99
6761,2262,146,3,269.14,26.9,140.49,921.01
6762,2262,155,4,37465.45,5874.14,25917.78,169905.44
6763,2262,193,4,16913.96,8109.75,10718.3,70264.39
6764,2262,206,1,37695.53,3729.02,6113.97,40080.48
6765,2263,229,3,33676.3,11192.88,16170.48,106006.5
6766,2264,166,2,33767.83,287.18,12104.73,79353.21
6767,2264,128,1,48190.05,413.78,8599.73,56376.0
6768,2264,205,3,26777.33,8329.74,12960.4,84962.65
6769,2264,81,1,3286.08,119.57,569.97,3736.48
6770,2265,111,3,43082.21,86.19,23248.88,152409.32
6771,2265,92,1,39462.15,64.17,7091.64,46489.62
6772,2265,80,3,9554.15,128.67,5136.08,33669.86
6773,2266,76,4,44895.56,7564.15,30963.26,202981.35
6774,2266,188,3,14567.29,2130.67,7482.82,49054.02
6775,2267,16,1,37019.42,3094.88,6106.42,40030.96
6776,2267,22,3,9607.6,2554.2,4728.35,30996.95
6777,2267,50,1,45675.94,5413.92,7247.16,47509.18
6778,2267,136,1,34274.09,701.82,6043.01,39615.28
6779,2268,145,1,17725.61,655.72,3072.58,20142.47
6780,2268,85,1,8728.6,354.24,1507.38,9881.74
6781,2268,155,1,37465.45,1974.55,6388.36,41879.26
6782,2269,124,4,10290.63,4337.35,6628.53,43453.7
6783,2269,206,1,37695.53,2830.98,6275.62,41140.17
6784,2269,220,2,21280.0,3967.75,6946.6,45538.85
6785,2270,79,4,15130.34,3703.15,10227.28,67045.49
6786,2270,97,3,11972.84,1198.52,6249.6,40969.6
6787,2270,26,4,15276.03,2074.04,10625.41,69655.49
6788,2271,131,1,41590.84,4326.17,6707.64,43972.31
6789,2271,230,2,26170.26,5426.33,8444.55,55358.74
6790,2272,118,1,9547.03,822.1,1570.49,10295.42
6791,2272,192,3,13341.13,4396.72,6412.8,42039.47
6792,2272,184,3,11705.83,4093.61,5584.3,36608.18
6793,2272,84,3,10857.56,78.23,5849.0,38343.45
6794,2272,148,1,32803.6,2261.21,5497.63,36040.02
6795,2273,40,4,11047.42,2970.34,7419.48,48638.82
6796,2273,165,4,37776.85,13634.92,24745.05,162217.53
6797,2273,192,4,13341.13,2544.19,9147.66,59967.99
6798,2273,75,4,8532.47,1712.21,5835.18,38252.85
6799,2273,144,3,33892.0,10416.1,16426.78,107686.68
6800,2274,90,1,18461.71,1894.18,2982.16,19549.69
6801,2274,29,4,7930.98,466.8,5626.28,36883.4
6802,2275,193,1,16913.96,1194.11,2829.57,18549.42
6803,2275,15,2,37893.41,8131.57,12177.94,79833.19
6804,2275,178,2,39619.34,3618.49,13611.63,89231.82
6805,2275,157,3,10083.83,458.05,5362.82,35156.26
6806,2276,136,3,34274.09,5187.92,17574.18,115208.53
6807,2277,204,4,3813.54,887.68,2585.97,16952.45
6808,2277,229,3,33676.3,10374.31,16317.83,106972.42
6809,2278,237,1,17135.78,1433.67,2826.38,18528.49
6810,2278,15,3,37893.41,5027.32,19557.52,128210.43
6811,2278,35,3,13199.49,1216.69,6908.72,45290.5
6812,2278,94,3,35740.44,460.38,19216.97,125977.91
6813,2279,67,3,41997.34,5396.54,21707.19,142302.67
6814,2279,233,3,21896.66,5592.99,10817.46,70914.45
6815,2279,69,4,3290.31,616.54,2258.05,14802.75
6816,2279,240,4,39567.79,3998.34,27769.11,182041.93
6817,2280,176,4,43250.55,3333.03,30540.45,200209.62
6818,2281,226,3,41253.01,12497.12,20027.14,131289.05
6819,2281,143,2,23230.7,4100.02,7625.05,49986.43
6820,2281,128,4,48190.05,18896.05,31295.55,205159.7
6821,2281,16,1,37019.42,1042.86,6475.78,42452.34
6822,2281,184,4,11705.83,4556.6,7608.01,49874.73
6823,2282,165,3,37776.85,2672.96,19918.37,130575.96
6824,2282,232,3,11511.84,191.4,6181.94,40526.06
6825,2283,175,3,27514.3,4863.16,13982.35,91662.09
6826,2283,135,4,25713.49,12265.34,16305.95,106894.57
6827,2283,66,1,12279.53,864.11,2054.78,13470.2
6828,2283,36,4,10167.03,942.09,7150.69,46876.72
6829,2284,26,4,15276.03,4446.7,10198.34,66855.76
6830,2285,123,1,9421.34,23.89,1691.54,11088.99
6831,2286,46,4,5015.71,1382.45,3362.47,22042.86
6832,2286,213,2,20525.1,3733.4,6717.02,44033.82
6833,2287,164,1,15908.19,1231.03,2641.89,17319.05
6834,2287,91,2,33075.34,4543.46,11089.3,72696.52
6835,2287,233,3,21896.66,3314.95,11227.51,73602.54
6836,2287,157,3,10083.83,143.13,5419.5,35527.86
6837,2287,31,1,44553.38,5297.85,7066.0,46321.53
6838,2288,22,2,9607.6,63.4,3447.32,22599.12
6839,2289,166,2,33767.83,4651.52,11319.15,74203.29
6840,2289,149,3,16854.36,5018.44,8198.04,53742.68
6841,2289,65,2,41109.17,7113.64,13518.85,88623.55
6842,2289,40,3,11047.42,3501.95,5335.26,34975.57
6843,2290,62,3,34302.26,663.26,18403.83,120647.35
6844,2290,79,2,15130.34,35.33,5440.56,35665.91
6845,2290,161,2,41588.13,8725.52,13401.13,87851.87
6846,2290,141,4,29486.44,11186.1,19216.74,125976.4
6847,2291,12,3,13880.48,988.74,7317.49,47970.19
6848,2291,216,4,4678.54,996.0,3189.27,20907.43
6849,2291,85,2,8728.6,582.21,3037.5,19912.49
6850,2292,184,2,11705.83,2061.54,3843.02,25193.14
6851,2292,119,3,36904.39,11433.76,17870.29,117149.7
6852,2292,196,1,40456.71,3890.33,6581.95,43148.33
6853,2292,182,4,26624.12,5654.24,18151.6,118993.84
6854,2292,125,4,28195.42,6497.94,19131.07,125414.81
6855,2293,181,2,30664.66,4392.22,10248.68,67185.78
6856,2293,224,4,31527.62,4744.22,21845.93,143212.19
6857,2293,220,3,21280.0,768.62,11352.85,74424.23
6858,2293,201,3,18244.99,3192.65,9277.62,60819.94
6859,2294,118,1,9547.03,649.33,1601.59,10499.29
6860,2295,136,4,34274.09,3652.54,24019.89,157463.71
6861,2295,237,3,17135.78,1960.78,8900.38,58346.94
6862,2295,26,1,15276.03,1067.68,2557.5,16765.85
6863,2295,75,3,8532.47,642.06,4491.96,29447.31
6864,2296,216,2,4678.54,535.77,1587.84,10409.15
6865,2296,58,1,43014.0,3736.54,7069.94,46347.4
6866,2296,225,1,36716.34,4349.13,5826.1,38193.31
6867,2296,24,4,4300.49,568.14,2994.09,19627.91
6868,2297,27,4,12821.1,1311.51,8995.12,58968.01
6869,2297,181,2,30664.66,1737.2,10726.58,70318.7
6870,2298,41,2,23389.54,5160.7,7491.31,49109.69
6871,2298,20,2,38320.28,8730.56,12223.8,80133.8
6872,2298,212,3,8937.81,50.04,4817.41,31580.8
6873,2298,205,1,26777.33,1336.49,4579.35,30020.19
6874,2299,219,2,11772.86,964.6,4064.6,26645.72
6875,2299,22,1,9607.6,962.15,1556.18,10201.63
6876,2299,70,4,30937.09,1239.37,22051.62,144560.61
6877,2300,192,1,13341.13,1133.03,2197.46,14405.56
6878,2300,63,3,120.39,26.49,60.24,394.92
6879,2300,237,4,17135.78,478.03,12251.72,80316.81
6880,2301,125,1,28195.42,2866.95,4559.12,29887.59
6881,2301,156,3,36965.82,12146.83,17775.11,116525.74
6882,2301,112,3,24992.69,3383.23,12887.07,84481.91
6883,2301,107,3,19641.45,3338.85,10005.39,65590.89
6884,2302,225,4,36716.34,13338.98,24034.75,157561.13
6885,2302,68,4,3827.59,620.09,2644.25,17334.52
6886,2302,170,3,19374.04,6136.37,9357.43,61343.18
6887,2302,192,2,13341.13,1596.59,4515.42,29601.09
6888,2302,178,4,39619.34,2079.92,28151.54,184548.98
6889,2303,128,3,48190.05,15795.53,23179.43,151954.05
6890,2303,172,1,1060.63,70.85,178.16,1167.94
6891,2303,202,4,22486.45,5309.37,15234.56,99870.99
6892,2303,221,4,32207.06,13144.78,20823.02,136506.48
6893,2303,85,3,8728.6,2789.06,4211.41,27608.15
6894,2304,197,4,13368.44,3167.9,9055.05,59360.91
6895,2304,38,1,28086.65,1786.43,4734.04,31034.26
6896,2304,192,1,13341.13,1120.62,2199.69,14420.2
6897,2305,198,3,112.51,35.55,54.36,356.34
6898,2305,226,4,41253.01,851.47,29548.9,193709.47
6899,2305,46,2,5015.71,306.7,1750.45,11475.17
6900,2305,106,4,12366.02,4307.05,8128.27,53285.3
6901,2306,113,1,2640.7,13.97,472.81,3099.54
6902,2307,153,4,6055.61,1137.78,4155.24,27239.9
6903,2307,192,1,13341.13,1093.71,2204.54,14451.96
6904,2308,111,4,43082.21,7193.62,29724.34,194859.56
6905,2308,4,1,35689.14,3042.25,5876.44,38523.33
6906,2308,21,1,27939.78,18.25,5025.88,32947.41
6907,2308,177,4,37809.52,16562.19,24241.66,158917.55
6908,2309,161,1,41588.13,2163.26,7096.48,46521.35
6909,2309,110,4,6566.95,413.65,4653.75,30507.9
6910,2309,236,1,18050.29,1308.53,3013.52,19755.28
6911,2309,124,2,10290.63,1971.8,3349.7,21959.16
6912,2309,205,2,26777.33,3555.39,8999.87,58999.14
6913,2310,29,2,7930.98,861.26,2700.13,17700.83
6914,2310,93,2,17083.66,3055.88,5600.06,36711.5
6915,2311,174,1,40361.15,1672.37,6963.98,45652.76
6916,2311,148,3,32803.6,9543.49,15996.12,104863.43
6917,2311,27,4,12821.1,3865.1,8535.47,55954.77
6918,2311,44,4,43728.99,12402.89,29252.35,191765.42
6919,2311,176,1,43250.55,470.24,7700.46,50480.77
6920,2312,191,1,30208.27,3116.39,4876.54,31968.42
6921,2313,184,4,11705.83,4035.81,7701.75,50489.26
6922,2313,13,4,40458.84,1209.27,28912.7,189538.79
6923,2314,193,4,16913.96,1231.39,11956.4,78380.85
6924,2314,20,4,38320.28,16112.18,24690.41,161859.35
6925,2314,112,3,24992.69,4873.76,12618.78,82723.09
6926,2314,181,4,30664.66,13595.86,19631.3,128694.08
6927,2315,132,2,15074.48,2928.25,4899.73,32120.44
6928,2315,125,2,28195.42,1203.08,9933.8,65121.56
6929,2315,49,3,43844.62,5675.74,22654.46,148512.58
6930,2315,238,1,19991.97,928.93,3431.35,22494.39
6931,2316,210,2,33886.56,5172.44,11268.12,73868.8
6932,2317,139,3,4824.95,1723.61,2295.22,15046.46
6933,2317,75,2,8532.47,1744.0,2757.77,18078.71
6934,2317,132,2,15074.48,3453.82,4805.13,31500.27
6935,2318,1,4,25243.55,10754.77,16239.5,106458.93
6936,2318,182,4,26624.12,3526.14,18534.66,121505.0
6937,2318,137,2,31709.73,3579.22,10771.24,70611.48
6938,2318,156,1,36965.82,1262.58,6426.58,42129.82
6939,2319,126,1,14629.39,280.54,2582.79,16931.64
6940,2319,168,4,41017.08,8376.4,28024.55,183716.47
6941,2320,230,3,26170.26,8625.73,12579.31,82464.36
6942,2321,7,2,1179.48,141.93,399.07,2616.1
6943,2321,98,1,20903.98,1114.8,3562.05,23351.23
6944,2321,41,3,23389.54,2650.13,12153.33,79671.82
6945,2322,30,2,7051.18,557.57,2438.06,15982.85
6946,2323,32,1,25348.23,2668.38,4082.37,26762.22
6947,2323,54,3,4901.82,154.92,2619.1,17169.64
6948,2323,222,1,28533.87,1228.75,4914.92,32220.04
6949,2324,71,3,21062.02,513.67,11281.03,73953.42
6950,2325,144,3,33892.0,5467.0,17317.62,113526.62
6951,2325,147,4,26528.08,10662.57,17180.95,112630.7
6952,2325,229,2,33676.3,339.8,12062.3,79075.1
6953,2325,235,2,28131.22,4553.11,9307.68,61017.01
6954,2326,208,2,7922.32,573.58,2748.79,18019.85
6955,2326,12,1,13880.48,339.1,2437.45,15978.83
6956,2326,113,2,2640.7,386.44,881.09,5776.05
6957,2326,21,3,27939.78,6192.4,13972.85,91599.79
6958,2327,223,3,39924.82,2983.28,21022.41,137813.59
6959,2327,49,4,43844.62,7364.73,30242.47,198256.22
6960,2327,111,2,43082.21,868.93,15353.19,100648.68
6961,2328,95,1,8312.81,752.29,1360.89,8921.41
6962,2329,137,4,31709.73,9396.78,21139.59,138581.73
6963,2330,3,2,33432.15,6502.82,10865.07,71226.55
6964,2330,72,2,12573.73,726.29,4395.81,28816.98
6965,2331,186,1,24680.72,765.61,4304.72,28219.83
6966,2331,183,1,17183.22,1604.66,2804.14,18382.7
6967,2331,169,2,10455.18,1944.12,3413.92,22380.16
6968,2331,40,4,11047.42,4925.61,7067.53,46331.6
6969,2331,127,4,3238.17,800.63,2187.37,14339.42
6970,2332,188,4,14567.29,1416.2,10233.53,67086.49
6971,2332,130,1,12728.22,545.16,2192.95,14376.01
6972,2332,156,4,36965.82,3433.95,25997.28,170426.61
6973,2332,108,1,46203.27,4674.67,7475.15,49003.75
6974,2333,205,4,26777.33,6426.37,18122.93,118805.88
6975,2333,149,4,16854.36,2928.11,11608.08,76097.41
6976,2333,139,4,4824.95,321.01,3416.18,22394.97
6977,2333,44,1,43728.99,2956.66,7339.02,48111.35
6978,2333,76,4,44895.56,18091.02,29068.42,190559.64
6979,2334,97,4,11972.84,4905.14,7737.52,50723.74
6980,2335,95,3,8312.81,1129.51,4285.61,28094.53
6981,2335,44,1,43728.99,2215.96,7472.35,48985.38
6982,2336,157,1,10083.83,262.51,1767.84,11589.16
6983,2336,202,1,22486.45,1504.64,3776.73,24758.54
6984,2336,117,2,27023.51,1714.83,9419.79,61751.98
6985,2336,155,1,37465.45,2777.55,6243.82,40931.72
6986,2336,114,3,23667.1,7540.6,11422.93,74883.63
6987,2337,66,3,12279.53,2383.54,6201.91,40656.96
6988,2337,107,4,19641.45,8635.82,12587.4,82517.38
6989,2338,109,4,25465.9,9139.54,16690.33,109414.39
6990,2339,136,4,34274.09,11924.08,22531.01,147703.29
6991,2340,113,2,2640.7,265.09,902.94,5919.25
6992,2340,28,4,29031.11,322.24,20844.4,136646.6
6993,2341,61,4,33657.04,3235.7,23650.64,155043.1
6994,2342,155,2,37465.45,7508.68,12136.0,79558.22
6995,2342,71,4,21062.02,9867.46,13388.51,87769.13
6996,2342,185,2,189.21,20.42,64.44,422.44
6997,2342,65,1,41109.17,1735.75,7087.22,46460.64
6998,2342,64,4,1034.97,202.94,708.65,4645.59
6999,2343,65,1,41109.17,1638.05,7104.8,46575.92
7000,2343,230,4,26170.26,3696.95,18177.14,119161.23
7001,2343,4,4,35689.14,2379.71,25267.83,165644.68
7002,2343,196,4,40456.71,9923.18,27342.66,179246.32
7003,2344,39,4,39677.48,7654.27,27190.02,178245.67
7004,2344,68,2,3827.59,560.48,1277.05,8371.75
7005,2344,86,1,41540.1,4954.78,6585.36,43170.68
7006,2345,81,3,3286.08,123.28,1752.29,11487.25
7007,2346,158,2,36880.83,7384.87,11947.82,78324.61
7008,2346,35,4,13199.49,873.24,9346.45,61271.17
7009,2347,23,4,3383.79,605.71,2327.3,15256.75
7010,2347,16,3,37019.42,8548.27,18451.8,120961.79
7011,2347,59,1,13506.51,906.92,2267.93,14867.52
7012,2347,93,3,17083.66,1234.77,9002.92,59019.13
7013,2348,2,1,11408.11,71.58,2040.58,13377.11
7014,2348,166,1,33767.83,602.33,5969.79,39135.29
7015,2348,103,4,20030.13,3966.84,13707.66,89861.34
7016,2349,146,1,269.14,0.21,48.41,317.34
7017,2350,10,1,31794.64,1810.66,5397.12,35381.1
7018,2350,14,3,3800.37,1168.68,1841.84,12074.27
7019,2351,211,2,18681.33,1523.84,6450.99,42289.81
7020,2351,183,4,17183.22,5662.37,11352.69,74423.2
7021,2352,146,4,269.14,7.64,192.41,1261.33
7022,2352,227,4,19776.73,7129.18,12955.99,84933.73
7023,2352,28,1,29031.11,3011.79,4683.48,30702.8
7024,2352,12,4,13880.48,621.0,9882.17,64783.09
7025,2353,38,4,28086.65,12243.39,18018.58,118121.79
7026,2353,118,3,9547.03,842.73,5003.7,32802.06
7027,2354,16,2,37019.42,2527.22,12872.09,84383.71
7028,2354,217,4,8518.31,2747.3,5638.67,36964.61
7029,2354,82,3,10944.45,313.36,5853.6,38373.59
7030,2355,50,4,45675.94,7528.02,31531.63,206707.37
7031,2355,184,4,11705.83,5186.37,7494.65,49131.6
7032,2355,215,2,34726.43,494.51,12412.5,81370.85
7033,2356,196,1,40456.71,3912.12,6578.03,43122.62
7034,2356,59,1,13506.51,647.29,2314.66,15173.88
7035,2357,76,3,44895.56,3673.12,23582.44,154596.0
7036,2357,165,2,37776.85,5377.7,12631.68,82807.68
7037,2357,199,3,19178.46,2382.32,9927.55,65080.61
7038,2358,117,4,27023.51,9331.18,17777.31,116540.17
7039,2358,34,4,9115.19,657.78,6444.54,42247.52
7040,2358,68,2,3827.59,607.66,1268.55,8316.07
7041,2358,163,3,1240.08,45.88,661.38,4335.74
7042,2359,75,2,8532.47,135.21,3047.35,19977.08
7043,2359,45,3,3684.98,173.96,1958.58,12839.56
7044,2359,158,2,36880.83,4450.16,12476.07,81787.57
7045,2359,131,4,41590.84,7096.98,28667.95,187934.33
7046,2359,43,3,16510.19,5708.34,7888.0,51710.23
7047,2360,165,1,37776.85,1639.49,6504.72,42642.08
7048,2360,94,3,35740.44,2941.23,18770.42,123050.51
7049,2360,121,3,18719.38,6012.77,9026.17,59171.54
7050,2361,184,4,11705.83,3886.95,7728.55,50664.92
7051,2362,167,4,31659.13,8204.17,21317.82,139750.17
7052,2362,75,3,8532.47,2632.08,4133.76,27099.09
7053,2362,62,1,34302.26,3056.03,5624.32,36870.55
7054,2362,83,2,34264.79,8197.36,10859.8,71192.02
7055,2362,239,1,26635.98,498.78,4704.7,30841.9
7056,2363,169,1,10455.18,400.65,1809.82,11864.35
7057,2364,125,1,28195.42,1251.61,4849.89,31793.7
7058,2365,48,4,2802.25,241.18,1974.21,12942.03
7059,2365,114,3,23667.1,6081.64,11685.54,76605.2
7060,2366,156,4,36965.82,711.39,26487.34,173639.23
7061,2366,135,2,25713.49,2721.08,8767.06,57472.96
7062,2366,14,4,3800.37,902.3,2573.85,16873.03
7063,2366,66,3,12279.53,720.93,6501.18,42618.84
7064,2367,208,3,7922.32,1032.29,4092.24,26826.91
7065,2368,103,2,20030.13,3568.73,6568.48,43060.01
7066,2368,207,1,27779.78,335.39,4939.99,32384.38
7067,2369,213,3,20525.1,5427.8,10106.55,66254.05
7068,2369,190,2,14801.53,3414.48,4713.94,30902.52
7069,2369,127,1,3238.17,379.26,514.6,3373.51
7070,2369,26,4,15276.03,4209.82,10240.97,67135.27
7071,2369,93,2,17083.66,292.06,6097.55,39972.81
7072,2370,192,4,13341.13,2310.31,9189.76,60243.97
7073,2370,25,1,27064.69,462.8,4788.34,31390.23
7074,2370,220,1,21280.0,2047.4,3461.87,22694.47
7075,2370,119,1,36904.39,759.62,6506.06,42650.83
7076,2371,15,1,37893.41,2894.3,6299.84,41298.95
7077,2371,197,3,13368.44,1093.94,7022.05,46033.43
7078,2371,2,1,11408.11,1197.29,1837.95,12048.77
7079,2371,90,4,18461.71,1712.78,12984.13,85118.19
7080,2372,187,4,33639.08,10232.15,22378.35,146702.52
7081,2372,143,2,23230.7,3952.48,7651.61,50160.53
7082,2373,122,3,24991.82,1471.19,13230.77,86735.04
7083,2373,82,3,10944.45,2993.03,5371.26,35211.58
7084,2373,50,2,45675.94,5909.29,15379.67,100822.26
7085,2373,23,2,3383.79,697.8,1092.56,7162.34
7086,2373,20,1,38320.28,2043.88,6529.75,42806.15
7087,2374,69,4,3290.31,1041.99,2181.47,14300.72
7088,2374,208,3,7922.32,2763.83,3780.56,24783.69
7089,2374,201,4,18244.99,1539.68,12859.25,84299.53
7090,2374,205,3,26777.33,6450.32,13298.7,87180.37
7091,2374,30,3,7051.18,16.1,3804.74,24942.18
7092,2375,116,2,3361.81,537.16,1113.56,7300.02
7093,2375,219,4,11772.86,2983.39,7939.45,52047.5
7094,2375,237,1,17135.78,1330.54,2844.94,18650.18
7095,2376,203,1,32452.38,3651.67,5184.13,33984.84
7096,2377,72,3,12573.73,1875.12,6452.29,42298.36
7097,2377,213,1,20525.1,1525.2,3419.98,22419.88
7098,2377,190,4,14801.53,5173.65,9725.84,63758.31
7099,2378,197,1,13368.44,1.62,2406.03,15772.85
7100,2379,217,4,8518.31,1483.22,5866.2,38456.22
7101,2379,165,4,37776.85,16000.55,24319.23,159426.08
7102,2379,198,2,112.51,15.88,37.65,246.79
7103,2379,215,4,34726.43,7995.87,23563.77,154473.62
7104,2380,62,1,34302.26,2518.98,5720.99,37504.27
7105,2380,63,3,120.39,38.62,58.06,380.61
7106,2381,215,4,34726.43,15848.13,22150.37,145207.96
7107,2382,1,4,25243.55,1804.61,17850.53,117020.12
7108,2382,126,2,14629.39,219.13,5227.14,34266.79
7109,2382,182,4,26624.12,1424.06,18913.04,123985.46
7110,2382,136,1,34274.09,1970.09,5814.72,38118.72
7111,2382,18,1,16802.96,870.72,2867.8,18800.04
7112,2383,31,4,44553.38,9475.22,30372.89,199111.19
7113,2383,118,4,9547.03,3092.01,6317.3,41413.41
7114,2383,169,1,10455.18,745.78,1747.69,11457.09
7115,2384,141,4,29486.44,3837.65,20539.46,134647.57
7116,2385,172,3,1060.63,271.92,523.79,3433.76
7117,2385,193,4,16913.96,6896.94,10936.6,71695.5
7118,2385,126,2,14629.39,898.71,5104.81,33464.88
7119,2385,139,2,4824.95,527.2,1642.09,10764.79
7120,2385,133,4,38037.94,18006.42,24146.16,158291.5
7121,2386,4,1,35689.14,2440.63,5984.73,39233.24
7122,2386,224,4,31527.62,980.67,22523.37,147653.18
7123,2387,99,2,21866.86,3814.4,7185.48,47104.8
7124,2387,116,1,3361.81,26.48,600.36,3935.69
7125,2388,47,3,34112.86,11521.7,16347.04,107163.92
7126,2388,76,1,44895.56,3451.82,7459.87,48903.61
7127,2388,193,4,16913.96,647.3,12061.54,79070.08
7128,2388,214,3,25781.44,519.17,13828.53,90653.68
7129,2388,104,3,15989.17,3857.21,7939.85,52050.15
7130,2389,121,1,18719.38,1788.76,3047.51,19978.13
7131,2389,138,1,5484.92,580.52,882.79,5787.19
7132,2390,206,4,37695.53,10750.31,25205.73,165237.54
7133,2390,6,3,9654.29,1502.16,4942.93,32403.64
7134,2390,7,3,1179.48,119.5,615.41,4034.35
7135,2390,71,3,21062.02,454.81,11291.62,74022.87
7136,2390,232,3,11511.84,2827.85,5707.38,37415.05
7137,2391,145,1,17725.61,1323.57,2952.37,19354.41
7138,2391,227,2,19776.73,2060.02,6748.82,44242.26
7139,2391,24,1,4300.49,10.89,772.13,5061.73
7140,2391,222,4,28533.87,13110.26,18184.54,119209.76
7141,2391,181,1,30664.66,2356.86,5095.4,33403.2
7142,2392,223,1,39924.82,2284.85,6775.19,44415.16
7143,2392,185,4,189.21,62.2,125.04,819.68
7144,2392,100,3,46774.34,2747.96,24763.51,162338.57
7145,2392,25,1,27064.69,1329.08,4632.41,30368.02
7146,2393,40,4,11047.42,2569.33,7491.66,49112.01
7147,2393,72,3,12573.73,3176.12,6218.11,40763.18
7148,2393,174,2,40361.15,2759.46,14033.31,91996.15
7149,2393,3,1,33432.15,134.32,5993.61,39291.44
7150,2393,66,1,12279.53,290.72,2157.99,14146.8
7151,2394,198,3,112.51,24.74,56.3,369.09
7152,2394,39,4,39677.48,7986.5,27130.22,177853.64
7153,2395,20,1,38320.28,380.52,6829.16,44768.92
7154,2395,154,2,14680.42,3033.14,4738.99,31066.69
7155,2395,147,4,26528.08,2959.33,18567.54,121720.53
7156,2396,148,2,32803.6,3327.42,11210.36,73490.14
7157,2396,79,2,15130.34,852.58,5293.46,34701.56
7158,2396,218,3,20584.33,5494.0,10126.62,66385.61
7159,2397,31,1,44553.38,1675.29,7718.06,50596.15
7160,2398,54,3,4901.82,1734.08,2334.85,15306.23
7161,2399,157,2,10083.83,284.14,3579.03,23462.55
7162,2399,127,3,3238.17,1045.94,1560.34,10228.91
7163,2400,25,2,27064.69,3695.55,9078.09,59511.92
7164,2400,190,4,14801.53,5624.12,9644.76,63226.76
7165,2401,4,4,35689.14,12153.57,23508.54,154111.53
7166,2402,229,2,33676.3,4197.89,11367.85,74522.56
7167,2402,75,2,8532.47,748.09,2937.03,19253.88
7168,2402,11,3,36727.76,6896.16,18591.68,121878.8
7169,2402,122,2,24991.82,3458.11,8374.6,54900.13
7170,2402,220,4,21280.0,237.98,15278.76,100160.78
7171,2403,16,2,37019.42,3714.37,12658.4,82982.87
7172,2403,95,2,8312.81,1869.54,2656.09,17412.17
7173,2403,91,1,33075.34,3857.75,5259.17,34476.76
7174,2403,138,4,5484.92,982.75,3772.25,24729.18
7175,2403,35,1,13199.49,100.61,2357.8,15456.68
7176,2404,213,3,20525.1,6925.09,9837.04,64487.25
7177,2405,152,1,37157.0,2340.95,6266.89,41082.94
7178,2405,151,3,39931.59,3567.58,20920.89,137148.08
7179,2405,138,2,5484.92,710.35,1846.71,12106.2
7180,2405,121,1,18719.38,1792.78,3046.79,19973.39
7181,2406,217,4,8518.31,3238.73,5550.21,36384.72
7182,2406,50,4,45675.94,5915.86,31821.82,208609.72
7183,2406,195,3,42664.46,5101.95,22120.46,145011.89
7184,2407,225,4,36716.34,14647.55,23799.21,156017.02
7185,2407,169,3,10455.18,3011.02,5103.81,33458.33
7186,2407,53,2,12091.35,1706.58,4045.7,26521.82
7187,2407,201,4,18244.99,1068.64,12944.04,84855.36
7188,2407,72,1,12573.73,675.31,2141.72,14040.14
7189,2408,10,4,31794.64,10042.37,21084.51,138220.7
7190,2409,4,4,35689.14,8682.7,24133.29,158207.15
7191,2409,79,4,15130.34,5773.68,9854.58,64602.26
7192,2409,178,1,39619.34,3566.69,6489.48,42542.13
7193,2409,48,2,2802.25,283.48,957.78,6278.8
7194,2410,81,1,3286.08,270.74,542.76,3558.1
7195,2410,161,4,41588.13,12246.89,27739.01,181844.64
7196,2411,240,1,39567.79,435.7,7043.78,46175.87
7197,2411,99,1,21866.86,1208.07,3718.58,24377.37
7198,2411,196,3,40456.71,8678.05,20284.57,132976.65
7199,2411,8,2,28733.56,6303.59,9209.44,60372.97
7200,2411,135,2,25713.49,4344.49,8474.85,55557.34
7201,2412,201,2,18244.99,3512.75,5935.9,38913.13
7202,2412,198,4,112.51,7.25,79.7,522.49
7203,2412,70,1,30937.09,3119.99,5007.08,32824.18
7204,2413,184,1,11705.83,960.74,1934.12,12679.21
7205,2414,121,4,18719.38,4605.99,12648.88,82920.41
7206,2414,146,3,269.14,17.11,142.26,932.57
7207,2414,125,1,28195.42,1881.67,4736.47,31050.22
7208,2414,85,1,8728.6,68.82,1558.76,10218.54
7209,2414,198,4,112.51,15.08,78.29,513.25
7210,2415,178,2,39619.34,544.48,14164.96,92859.16
7211,2415,113,2,2640.7,67.74,938.46,6152.12
7212,2415,80,1,9554.15,561.01,1618.77,10611.91
7213,2415,100,1,46774.34,2513.3,7966.99,52228.03
7214,2415,2,1,11408.11,422.22,1977.46,12963.35
7215,2416,208,1,7922.32,814.77,1279.36,8386.91
7216,2416,43,1,16510.19,754.95,2835.94,18591.18
7217,2416,7,2,1179.48,245.0,380.51,2494.47
7218,2416,107,2,19641.45,4133.27,6326.93,41476.56
7219,2416,56,1,36444.51,2419.48,6124.51,40149.54
7220,2417,118,2,9547.03,1736.19,3124.42,20482.29
7221,2418,56,4,36444.51,16705.99,23232.97,152305.02
7222,2419,100,4,46774.34,805.0,33532.62,219824.98
7223,2419,22,4,9607.6,2284.29,6506.3,42652.41
7224,2419,222,4,28533.87,2146.47,20158.02,132147.03
7225,2419,181,3,30664.66,4023.39,15834.71,103805.3
7226,2419,61,1,33657.04,1752.47,5742.82,37647.39
7227,2420,103,2,20030.13,2024.87,6846.37,44881.76
7228,2421,225,3,36716.34,8797.06,18243.35,119595.31
7229,2422,114,2,23667.1,1666.64,8220.16,53887.72
7230,2422,52,1,30086.26,1724.88,5105.05,33466.43
7231,2422,15,1,37893.41,2899.87,6298.84,41292.38
7232,2422,222,2,28533.87,2314.45,9855.59,64608.88
7233,2423,58,4,43014.0,5738.76,29937.1,196254.34
7234,2423,170,2,19374.04,2813.17,6468.28,42403.19
7235,2423,133,3,38037.94,11962.68,18387.21,120538.35
7236,2423,93,1,17083.66,1440.3,2815.8,18459.16
7237,2424,24,3,4300.49,666.53,2202.29,14437.23
7238,2425,197,3,13368.44,4173.75,6467.68,42399.25
7239,2425,163,3,1240.08,228.07,628.59,4120.76
7240,2425,232,3,11511.84,1610.09,5926.58,38852.01
7241,2426,55,1,21783.95,248.13,3876.45,25412.27
7242,2426,44,3,43728.99,1655.48,23315.67,152847.16
7243,2427,88,2,33071.07,3094.52,11348.57,74396.19
7244,2427,31,4,44553.38,10118.83,30257.04,198351.73
7245,2427,236,3,18050.29,5214.17,8808.61,57745.31
7246,2427,191,3,30208.27,4363.49,15527.04,101788.36
7247,2428,109,4,25465.9,9590.47,16609.16,108882.29
7248,2428,138,2,5484.92,13.37,1972.16,12928.63
7249,2428,226,1,41253.01,1272.7,7196.46,47176.77
7250,2429,125,3,28195.42,897.16,15064.04,98753.14
7251,2429,97,3,11972.84,3384.36,5856.15,38390.31
7252,2429,193,4,16913.96,933.63,12010.0,78732.21
7253,2430,91,1,33075.34,197.42,5918.03,38795.95
7254,2430,4,1,35689.14,4197.31,5668.53,37160.36
7255,2430,144,3,33892.0,3721.47,17631.82,115586.35
7256,2431,66,1,12279.53,1405.66,1957.3,12831.17
7257,2431,53,1,12091.35,820.51,2028.75,13299.59
7258,2431,106,2,12366.02,774.82,4312.3,28269.52
7259,2431,162,1,38305.79,2964.76,6361.39,41702.42
7260,2431,24,1,4300.49,136.3,749.55,4913.74
7261,2432,76,4,44895.56,274.85,32275.33,211582.72
7262,2432,29,2,7930.98,690.96,2730.78,17901.78
7263,2432,126,3,14629.39,1701.11,7593.67,49780.73
7264,2432,16,2,37019.42,5870.47,12270.31,80438.68
7265,2433,233,3,21896.66,2358.29,11399.7,74731.39
7266,2434,90,3,18461.71,3685.11,9306.0,61006.02
7267,2435,162,2,38305.79,7367.15,12464.0,81708.43
7268,2435,232,4,11511.84,3601.22,7640.31,50086.45
7269,2435,27,3,12821.1,2003.48,6562.77,43022.59
7270,2435,7,1,1179.48,19.34,208.83,1368.97
7271,2435,195,1,42664.46,4000.77,6959.46,45623.15
7272,2436,143,2,23230.7,1844.86,8030.98,52647.52
7273,2436,210,1,33886.56,2257.17,5693.29,37322.68
7274,2436,92,3,39462.15,823.53,21161.33,138724.25
7275,2436,98,1,20903.98,1627.43,3469.78,22746.33
7276,2437,92,1,39462.15,4170.19,6352.55,41644.51
7277,2437,120,2,26697.64,3297.53,9017.59,59115.34
7278,2438,174,3,40361.15,2048.08,21426.37,140461.74
7279,2438,220,2,21280.0,948.19,7490.13,49101.94
7280,2438,40,4,11047.42,1788.87,7632.15,50032.96
7281,2438,83,1,34264.79,2206.88,5770.42,37828.33
7282,2438,175,1,27514.3,2843.11,4440.81,29112.0
7283,2439,218,3,20584.33,1443.25,10855.75,71165.49
7284,2440,58,3,43014.0,287.41,23175.83,151930.42
7285,2440,208,4,7922.32,2423.65,5267.81,34533.44
7286,2440,14,4,3800.37,1444.29,2476.29,16233.48
7287,2440,59,2,13506.51,2256.3,4456.21,29212.93
7288,2440,144,1,33892.0,2365.7,5674.73,37201.03
7289,2441,155,3,37465.45,13194.47,17856.34,117058.22
7290,2442,64,4,1034.97,233.9,703.08,4609.06
7291,2442,131,3,41590.84,3678.54,21796.92,142890.9
7292,2442,117,3,27023.51,7248.78,13287.91,87109.66
7293,2443,97,2,11972.84,2057.4,3939.89,25828.17
7294,2443,47,2,34112.86,1370.51,12033.94,78889.15
7295,2443,189,3,28066.42,9576.19,13432.15,88055.22
7296,2443,105,4,18322.11,6649.13,11995.08,78634.39
7297,2443,59,2,13506.51,2192.56,4467.68,29288.14
7298,2444,237,3,17135.78,387.97,9183.49,60202.86
7299,2445,200,1,28469.05,2189.64,4730.29,31009.7
7300,2445,130,4,12728.22,204.02,9127.59,59836.45
7301,2445,114,3,23667.1,6904.31,11537.46,75634.45
7302,2445,99,1,21866.86,1529.84,3660.66,23997.68
7303,2445,208,4,7922.32,3013.42,5161.65,33837.51
7304,2446,119,1,36904.39,298.41,6589.08,43195.06
7305,2446,64,1,1034.97,65.27,174.55,1144.25
7306,2447,207,4,27779.78,9995.54,18202.24,119325.82
7307,2448,53,4,12091.35,5141.2,7780.36,51004.56
7308,2448,66,2,12279.53,2160.17,4031.8,26430.69
7309,2448,119,3,36904.39,1608.11,19638.91,128743.97
7310,2448,138,3,5484.92,1839.79,2630.69,17245.66
7311,2449,200,4,28469.05,6994.58,19238.69,126120.31
7312,2450,140,3,12249.39,986.0,6437.19,42199.36
7313,2451,104,3,15989.17,5191.85,7699.62,50475.28
7314,2452,73,2,17456.78,2328.37,5865.33,38450.52
7315,2452,103,2,20030.13,2077.83,6836.84,44819.27
7316,2453,214,2,25781.44,4266.61,8513.33,55809.6
7317,2453,52,1,30086.26,685.91,5292.06,34692.41
7318,2453,21,2,27939.78,5117.1,9137.24,59899.7
7319,2453,68,2,3827.59,477.77,1291.93,8469.34
7320,2454,202,1,22486.45,1766.17,3729.65,24449.93
7321,2454,190,4,14801.53,2033.58,10291.06,67463.6
7322,2454,59,4,13506.51,1653.66,9427.03,61799.41
7323,2454,71,2,21062.02,3666.58,6922.34,45379.8
7324,2454,146,2,269.14,36.23,90.37,592.42
7325,2455,228,2,11203.89,1709.22,3725.74,24424.3
7326,2455,179,1,40060.15,2683.71,6727.76,44104.2
7327,2456,9,2,9902.75,210.03,3527.18,23122.65
7328,2456,239,4,26635.98,6222.37,18057.88,118379.43
7329,2457,4,3,35689.14,7681.2,17889.52,117275.74
7330,2457,40,1,11047.42,625.83,1875.89,12297.48
7331,2457,131,4,41590.84,18233.83,26663.32,174792.85
7332,2457,127,3,3238.17,618.72,1637.24,10733.03
7333,2458,20,2,38320.28,4085.52,13059.91,85614.95
7334,2458,45,2,3684.98,532.17,1230.8,8068.59
7335,2458,136,3,34274.09,11175.23,16496.47,108143.51
7336,2458,131,2,41590.84,9400.54,13280.61,87061.75
7337,2458,172,1,1060.63,98.91,173.11,1134.83
7338,2459,152,2,37157.0,7379.69,12048.18,78982.49
7339,2459,82,4,10944.45,3099.79,7322.04,48000.05
7340,2460,107,3,19641.45,3053.33,10056.78,65927.8
7341,2460,26,2,15276.03,847.63,5346.8,35051.23
7342,2460,221,1,32207.06,3159.89,5228.49,34275.66
7343,2460,174,4,40361.15,9653.69,27322.36,179113.27
7344,2460,22,1,9607.6,74.38,1715.98,11249.2
7345,2461,144,1,33892.0,1038.41,5913.65,38767.24
7346,2461,228,4,11203.89,565.72,7964.97,52214.81
7347,2462,141,3,29486.44,4274.65,15153.24,99337.91
7348,2462,115,2,7640.14,1496.76,2481.03,16264.55
7349,2462,79,4,15130.34,5102.94,9975.32,65393.74
7350,2463,195,3,42664.46,9839.45,21267.71,139421.64
7351,2463,49,2,43844.62,4289.47,15011.96,98411.73
7352,2463,157,1,10083.83,516.26,1722.16,11289.73
7353,2463,225,4,36716.34,5142.24,25510.16,167233.28
7354,2464,190,1,14801.53,1609.57,2374.55,15566.51
7355,2464,214,3,25781.44,3281.37,13331.33,87394.28
7356,2464,96,3,17662.28,3063.82,8986.14,58909.16
7357,2464,107,4,19641.45,6736.0,12929.36,84759.16
7358,2465,19,2,37198.47,3926.48,12684.68,83155.14
7359,2465,138,3,5484.92,1068.89,2769.46,18155.33
7360,2465,175,2,27514.3,1255.37,9679.18,63452.41
7361,2465,238,4,19991.97,360.16,14329.39,93937.11
7362,2466,40,1,11047.42,1307.26,1753.23,11493.39
7363,2467,60,4,24754.89,8564.42,16281.93,106737.07
7364,2468,55,1,21783.95,1634.15,3626.96,23776.76
7365,2468,126,4,14629.39,4290.13,9760.94,63988.37
7366,2468,66,1,12279.53,755.2,2074.38,13598.71
7367,2469,119,2,36904.39,5532.52,12289.73,80565.99
7368,2469,235,2,28131.22,4580.33,9302.78,60984.89
7369,2469,1,2,25243.55,774.91,8948.19,58660.38
7370,2469,222,3,28533.87,331.57,15348.61,100618.65
7371,2469,127,4,3238.17,1234.66,2109.24,13827.26
7372,2470,94,3,35740.44,6708.97,18092.22,118604.57
7373,2470,82,2,10944.45,1666.89,3639.96,23861.97
7374,2470,122,1,24991.82,2916.68,3973.53,26048.67
7375,2471,54,3,4901.82,204.34,2610.2,17111.32
7376,2471,134,4,29515.74,93.92,21234.43,139203.47
7377,2471,184,1,11705.83,1048.42,1918.33,12575.74
7378,2471,161,4,41588.13,16529.74,26968.1,176790.88
7379,2472,206,2,37695.53,2653.31,13092.8,85830.55
7380,2473,195,4,42664.46,17751.33,27523.17,180429.68
7381,2473,177,4,37809.52,5955.28,26150.9,171433.7
7382,2474,107,3,19641.45,1374.28,10359.01,67909.08
7383,2474,6,2,9654.29,1883.45,3136.52,20561.65
7384,2475,132,4,15074.48,5483.24,9866.64,64681.32
7385,2476,79,4,15130.34,1889.0,10553.82,69186.18
7386,2476,135,1,25713.49,426.17,4551.72,29839.04
7387,2477,41,2,23389.54,4935.23,7531.89,49375.74
7388,2477,168,3,41017.08,4345.77,21366.98,140072.45
7389,2478,85,1,8728.6,963.32,1397.75,9163.03
7390,2478,213,4,20525.1,1827.94,14449.04,94721.5
7391,2478,113,4,2640.7,490.99,1812.93,11884.74
7392,2479,115,2,7640.14,810.58,2604.55,17074.25
7393,2479,222,1,28533.87,2216.57,4737.11,31054.41
7394,2479,135,3,25713.49,1010.47,13703.4,89833.4
7395,2480,156,2,36965.82,6595.14,12120.57,79457.07
7396,2480,93,2,17083.66,1112.39,5949.89,39004.82
7397,2480,206,4,37695.53,8674.92,25579.3,167686.5
7398,2480,149,4,16854.36,643.69,12019.27,78793.02
7399,2481,79,2,15130.34,1953.97,5095.21,33401.92
7400,2481,86,3,41540.1,13491.25,20003.23,131132.28
7401,2481,68,2,3827.59,514.26,1285.37,8426.29
7402,2481,172,2,1060.63,95.98,364.55,2389.83
7403,2481,7,4,1179.48,228.54,808.09,5297.47
7404,2482,216,4,4678.54,1353.09,3124.99,20486.06
7405,2482,130,1,12728.22,793.27,2148.29,14083.24
7406,2482,155,4,37465.45,9319.31,25297.65,165840.14
7407,2482,150,2,3654.09,495.36,1226.31,8039.13
7408,2483,74,3,24770.89,2322.23,12958.28,84948.72
7409,2483,157,3,10083.83,676.15,5323.56,34898.9
7410,2483,14,1,3800.37,206.47,646.9,4240.8
7411,2483,176,3,43250.55,4673.5,22514.07,147592.22
7412,2483,73,3,17456.78,4564.66,8605.02,56410.7
7413,2484,122,3,24991.82,8818.4,11908.27,78065.33
7414,2484,71,2,21062.02,3088.29,7026.43,46062.18
7415,2484,232,3,11511.84,1582.4,5931.56,38884.68
7416,2484,15,1,37893.41,1087.85,6625.0,43430.56
7417,2484,117,2,27023.51,6366.19,8582.55,56263.38
7418,2485,174,1,40361.15,2711.44,6776.95,44426.66
7419,2486,49,2,43844.62,8818.44,14196.74,93067.54
7420,2487,198,4,112.51,43.99,73.09,479.14
7421,2487,174,1,40361.15,3695.83,6599.76,43265.08
7422,2487,208,4,7922.32,2957.4,5171.74,33903.62
7423,2488,106,2,12366.02,2272.19,4042.77,26502.62
7424,2488,18,4,16802.96,1674.62,11796.7,77333.92
7425,2488,104,1,15989.17,463.92,2794.55,18319.8
7426,2488,231,2,3326.96,113.71,1177.24,7717.45
7427,2488,60,4,24754.89,1542.63,17545.85,115022.78
7428,2489,146,1,269.14,25.12,43.92,287.94
7429,2489,125,2,28195.42,2667.16,9670.26,63393.94
7430,2489,116,3,3361.81,1166.42,1605.42,10524.43
7431,2490,98,1,20903.98,2126.8,3379.89,22157.07
7432,2490,44,2,43728.99,9068.03,14110.19,92500.14
7433,2490,13,2,40458.84,8707.39,12997.85,85208.14
7434,2490,232,2,11511.84,1471.59,3879.38,25431.47
7435,2491,163,4,1240.08,368.45,826.54,5418.41
7436,2491,91,1,33075.34,152.2,5926.17,38849.31
7437,2491,103,1,20030.13,1444.84,3345.35,21930.64
7438,2492,238,3,19991.97,4586.46,9970.1,65359.55
7439,2493,167,2,31659.13,3649.98,10740.29,70408.57
7440,2494,80,3,9554.15,882.22,5000.44,32780.67
7441,2494,232,3,11511.84,1855.58,5882.39,38562.33
7442,2494,40,4,11047.42,445.3,7873.99,51618.37
7443,2494,6,2,9654.29,2048.8,3106.76,20366.54
7444,2494,24,3,4300.49,82.13,2307.48,15126.82
7445,2495,228,4,11203.89,1982.29,7709.99,50543.26
7446,2495,63,2,120.39,6.12,42.24,276.9
7447,2495,172,4,1060.63,188.09,729.8,4784.23
7448,2495,47,3,34112.86,3456.29,17798.81,116681.1
7449,2496,117,3,27023.51,2944.95,14062.6,92188.18
7450,2496,173,1,15522.12,141.8,2768.46,18148.78
7451,2496,45,2,3684.98,623.82,1214.31,7960.45
7452,2496,112,1,24992.69,2677.05,4016.82,26332.46
7453,2497,33,4,39008.3,15093.47,25369.15,166308.88
7454,2497,213,1,20525.1,1222.9,3474.4,22776.6
7455,2497,137,1,31709.73,3179.93,5135.36,33665.16
7456,2497,172,2,1060.63,199.1,345.99,2268.15
7457,2498,199,3,19178.46,4269.85,9587.8,62853.33
7458,2498,12,3,13880.48,92.23,7478.86,49028.07
7459,2498,119,2,36904.39,5933.13,12217.62,80093.27
7460,2499,103,1,20030.13,1590.89,3319.06,21758.3
7461,2500,40,1,11047.42,307.61,1933.17,12672.98
7462,2500,85,3,8728.6,1681.58,4410.76,28914.98
7463,2500,62,4,34302.26,5093.9,23780.73,155895.87
7464,2500,203,3,32452.38,3171.49,16953.42,111139.07
7465,2501,43,2,16510.19,425.83,5867.02,38461.57
7466,2501,200,3,28469.05,9573.34,13650.09,89483.9
7467,2501,234,1,10605.83,1216.49,1690.08,11079.42
7468,2501,188,4,14567.29,1698.68,10182.69,66753.17
7469,2501,194,3,5562.52,1370.8,2757.02,18073.78
7470,2502,226,2,41253.01,248.59,14806.34,97063.77
7471,2502,100,3,46774.34,11473.2,23192.97,152042.79
7472,2503,128,4,48190.05,12638.1,32421.98,212544.08
7473,2503,96,2,17662.28,3536.56,5721.84,37509.84
7474,2503,99,2,21866.86,3118.91,7310.67,47925.48
7475,2503,204,3,3813.54,284.9,2008.03,13163.75
7476,2503,89,1,4268.91,296.27,715.08,4687.72
7477,2504,174,3,40361.15,7007.78,20533.62,134609.29
7478,2505,144,3,33892.0,4931.84,17413.95,114158.11
7479,2505,111,1,43082.21,4304.32,6980.02,45757.91
7480,2505,209,3,10731.59,1319.24,5557.6,36433.13
7481,2505,93,4,17083.66,1290.42,12067.96,79112.18
7482,2505,162,3,38305.79,9362.29,18999.91,124554.99
7483,2506,115,3,7640.14,147.02,4099.21,26872.61
7484,2506,92,1,39462.15,3146.86,6536.75,42852.04
7485,2506,134,1,29515.74,1720.07,5003.22,32798.89
7486,2506,116,2,3361.81,36.83,1203.62,7890.41
7487,2506,211,4,18681.33,7112.2,12170.36,79783.48
7488,2507,212,3,8937.81,1544.49,4548.41,29817.35
7489,2507,67,4,41997.34,3833.05,29548.14,193704.45
7490,2507,236,2,18050.29,179.49,6465.8,42386.89
7491,2507,137,3,31709.73,7181.73,15830.54,103778.0
7492,2508,233,1,21896.66,317.39,3884.27,25463.54
7493,2509,189,4,28066.42,8330.81,18708.28,122643.15
7494,2510,71,4,21062.02,7020.01,13901.05,91129.12
7495,2510,124,2,10290.63,855.94,3550.56,23275.88
7496,2510,17,4,25819.56,4234.22,17827.92,116871.94
7497,2510,8,3,28733.56,1398.29,15264.43,100066.82
7498,2511,20,4,38320.28,1472.49,27325.55,179134.18
7499,2512,76,4,44895.56,18883.71,28925.74,189624.27
7500,2512,18,3,16802.96,1275.11,8844.08,57977.85
7501,2512,207,1,27779.78,1832.93,4670.43,30617.28
7502,2512,190,1,14801.53,1426.01,2407.59,15783.11
7503,2513,98,3,20903.98,7416.25,9953.22,65248.91
7504,2513,215,4,34726.43,1928.25,24655.94,161633.41
7505,2513,190,4,14801.53,342.76,10595.4,69458.76
7506,2514,43,1,16510.19,77.97,2957.8,19390.02
7507,2514,19,4,37198.47,2873.65,26265.64,172185.87
7508,2514,66,1,12279.53,742.35,2076.69,13613.87
7509,2514,32,3,25348.23,4297.35,12914.52,84661.86
7510,2514,140,1,12249.39,1067.78,2012.69,13194.3
7511,2515,190,3,14801.53,2422.05,7556.86,49539.4
7512,2515,85,3,8728.6,1413.6,4459.0,29231.2
7513,2515,139,1,4824.95,513.22,776.11,5087.84
7514,2515,162,2,38305.79,3663.25,13130.7,86079.03
7515,2516,210,2,33886.56,6036.83,11112.53,72848.82
7516,2517,74,3,24770.89,7485.45,12028.9,78856.12
7517,2518,40,4,11047.42,5053.33,7044.54,46180.89
7518,2519,203,4,32452.38,3283.96,22774.6,149300.16
7519,2519,183,2,17183.22,1408.33,5932.46,38890.57
7520,2519,23,1,3383.79,191.29,574.65,3767.15
7521,2520,100,2,46774.34,9716.81,15089.74,98921.61
7522,2520,58,1,43014.0,4040.41,7015.25,45988.84
7523,2521,198,1,112.51,4.09,19.52,127.94
7524,2521,95,2,8312.81,119.86,2971.04,19476.8
7525,2522,28,1,29031.11,2.76,5225.1,34253.45
7526,2522,180,1,4766.01,551.65,758.58,4972.94
7527,2522,104,4,15989.17,7668.97,10131.79,66419.5
7528,2522,133,4,38037.94,17786.71,24185.71,158550.76
7529,2523,30,1,7051.18,791.98,1126.66,7385.86
7530,2523,19,4,37198.47,9391.5,25092.43,164494.81
7531,2523,4,4,35689.14,4695.42,24851.01,162912.15
7532,2523,116,3,3361.81,122.05,1793.41,11756.79
7533,2524,163,3,1240.08,436.16,591.13,3875.21
7534,2524,120,3,26697.64,1656.91,14118.48,92554.49
7535,2525,96,4,17662.28,288.3,12664.95,83025.77
7536,2525,23,2,3383.79,791.13,1075.76,7052.21
7537,2525,100,2,46774.34,7370.74,15512.03,101689.97
7538,2525,161,1,41588.13,498.3,7396.17,48486.0
7539,2525,231,1,3326.96,352.06,535.48,3510.38
7540,2526,98,2,20903.98,706.56,7398.25,48499.65
7541,2526,187,1,33639.08,2625.87,5582.38,36595.59
7542,2526,171,4,32844.1,14360.28,21062.9,138079.02
7543,2526,162,2,38305.79,3096.23,13232.76,86748.11
7544,2526,189,4,28066.42,1014.46,20025.22,131276.44
7545,2527,33,1,39008.3,2033.47,6655.47,43630.3
7546,2527,237,1,17135.78,659.89,2965.66,19441.55
7547,2527,194,4,5562.52,1061.61,3813.92,25002.39
7548,2527,175,2,27514.3,176.39,9873.4,64725.61
7549,2528,53,1,12091.35,1004.62,1995.61,13082.34
7550,2528,105,4,18322.11,3895.36,12490.75,81883.83
7551,2528,64,2,1034.97,70.64,359.87,2359.17
7552,2528,83,2,34264.79,2424.25,11898.96,78004.29
7553,2528,112,3,24992.69,846.62,13343.66,87475.11
7554,2529,105,2,18322.11,615.88,6485.1,42513.44
7555,2529,74,2,24770.89,4336.1,8137.02,53342.7
7556,2529,128,4,48190.05,559.34,34596.15,226797.01
7557,2529,78,2,5073.66,710.76,1698.58,11135.14
7558,2529,34,3,9115.19,342.09,4860.63,31864.11
7559,2530,113,2,2640.7,141.49,925.18,6065.09
7560,2530,123,2,9421.34,763.4,3254.27,21333.55
7561,2531,160,4,7458.41,3489.57,4741.93,31086.0
7562,2532,217,3,8518.31,2882.84,4080.98,26753.07
7563,2532,157,1,10083.83,498.81,1725.3,11310.32
7564,2532,103,2,20030.13,319.83,7153.28,46893.71
7565,2532,133,3,38037.94,988.0,20362.65,133488.47
7566,2533,183,3,17183.22,43.95,9271.03,60776.74
7567,2534,118,2,9547.03,272.53,3387.88,22209.41
7568,2534,133,4,38037.94,7955.24,25955.37,170151.89
7569,2534,77,4,19293.34,4961.71,12998.1,85209.75
7570,2534,30,2,7051.18,332.55,2478.57,16248.38
7571,2534,58,3,43014.0,8372.12,21720.58,142390.46
7572,2535,100,1,46774.34,3723.38,7749.17,50800.13
7573,2536,28,1,29031.11,2246.07,4821.31,31606.35
7574,2536,207,1,27779.78,108.68,4980.8,32651.9
7575,2536,68,1,3827.59,134.53,664.75,4357.81
7576,2536,26,4,15276.03,6337.98,9857.91,64624.05
7577,2537,144,1,33892.0,2742.0,5607.0,36757.0
7578,2537,230,2,26170.26,2880.94,8902.72,58362.3
7579,2537,182,1,26624.12,432.79,4714.44,30905.77
7580,2538,212,1,8937.81,893.49,1447.98,9492.3
7581,2538,214,1,25781.44,2107.32,4261.34,27935.46
7582,2539,8,2,28733.56,1148.71,10137.31,66455.72
7583,2539,204,1,3813.54,394.57,615.41,4034.38
7584,2540,40,2,11047.42,1231.79,3755.35,24618.4
7585,2541,238,2,19991.97,1141.95,6991.56,45833.55
7586,2542,149,1,16854.36,1745.45,2719.6,17828.51
7587,2542,140,1,12249.39,10.18,2203.06,14442.27
7588,2542,7,2,1179.48,0.01,424.61,2783.56
7589,2543,162,2,38305.79,469.93,13705.5,89847.15
7590,2543,42,2,27736.92,67.11,9973.21,65379.94
7591,2543,202,1,22486.45,165.72,4017.73,26338.46
7592,2543,186,1,24680.72,2664.43,3962.93,25979.22
7593,2544,94,3,35740.44,889.01,19139.82,125472.13
7594,2545,117,2,27023.51,4018.83,9005.07,59033.26
7595,2545,188,2,14567.29,2908.17,4720.75,30947.16
7596,2546,79,2,15130.34,2554.57,4987.1,32693.21
7597,2546,150,4,3654.09,351.2,2567.73,16832.89
7598,2547,37,2,36875.04,3181.19,12702.4,83271.29
7599,2547,198,3,112.51,18.45,57.43,376.51
7600,2547,199,2,19178.46,4106.78,6165.03,40415.17
7601,2547,192,2,13341.13,840.63,4651.49,30493.12
7602,2547,59,2,13506.51,2099.36,4484.46,29398.12
7603,2548,234,3,10605.83,794.0,5584.23,36607.72
7604,2548,143,2,23230.7,3272.85,7773.94,50962.49
7605,2548,125,1,28195.42,919.87,4909.6,32185.15
7606,2549,161,1,41588.13,933.75,7317.79,47972.17
7607,2549,169,1,10455.18,344.82,1819.86,11930.22
7608,2549,41,3,23389.54,7764.62,11232.72,73636.72
7609,2550,87,3,21959.44,4237.56,11095.34,72736.1
7610,2550,201,4,18244.99,2368.49,12710.06,83321.53
7611,2550,133,3,38037.94,587.82,20434.68,133960.68
7612,2551,169,1,10455.18,699.39,1756.04,11511.83
7613,2551,48,1,2802.25,119.54,482.89,3165.6
7614,2551,6,1,9654.29,93.07,1721.02,11282.24
7615,2551,213,4,20525.1,2810.05,14272.26,93562.61
7616,2552,210,3,33886.56,10652.84,16381.23,107388.07
7617,2552,232,4,11511.84,2764.05,7791.0,51074.31
7618,2552,179,3,40060.15,6119.79,20530.92,134591.58
7619,2553,200,4,28469.05,11713.61,18389.27,120551.86
7620,2553,55,3,21783.95,5518.72,10769.96,70603.09
7621,2554,178,4,39619.34,17194.43,25430.93,166713.86
7622,2554,11,3,36727.76,9181.5,18180.32,119182.1
7623,2554,101,4,46156.61,1121.44,33030.9,216535.9
7624,2554,230,3,26170.26,7620.12,12760.32,83650.98
7625,2554,167,4,31659.13,10471.77,20909.65,137074.4
7626,2555,176,2,43250.55,3459.7,14947.45,97988.85
7627,2556,165,1,37776.85,2288.78,6387.85,41875.92
7628,2556,118,3,9547.03,3056.73,4605.18,30189.54
7629,2556,79,2,15130.34,165.44,5417.14,35512.38
7630,2557,199,4,19178.46,9138.05,12163.64,79739.43
7631,2557,212,2,8937.81,1996.55,2858.23,18737.3
7632,2558,131,3,41590.84,14085.24,19923.71,130610.99
7633,2558,106,3,12366.02,108.93,6658.04,43647.17
7634,2558,143,4,23230.7,8499.15,15196.26,99619.91
7635,2559,12,1,13880.48,292.74,2445.79,16033.53
7636,2559,14,3,3800.37,357.35,1987.88,13031.64
7637,2560,35,3,13199.49,1367.71,6881.54,45112.3
7638,2560,150,1,3654.09,125.69,635.11,4163.51
7639,2560,68,1,3827.59,316.66,631.97,4142.9
7640,2561,155,1,37465.45,3833.84,6053.69,39685.3
7641,2561,233,1,21896.66,1551.7,3662.09,24007.05
7642,2561,86,1,41540.1,986.11,7299.72,47853.71
7643,2561,167,4,31659.13,13000.58,20454.47,134090.41
7644,2562,171,2,32844.1,1940.31,11474.62,75222.51
7645,2563,134,1,29515.74,3048.69,4764.07,31231.12
7646,2564,140,3,12249.39,2661.81,6135.54,40221.9
7647,2564,160,4,7458.41,355.72,5306.03,34783.95
7648,2564,1,3,25243.55,2029.75,13266.16,86967.06
7649,2565,100,2,46774.34,8030.17,15393.33,100911.84
7650,2565,179,4,40060.15,1567.07,28561.24,187234.77
7651,2565,133,1,38037.94,3197.98,6271.19,41111.15
7652,2565,137,4,31709.73,12255.28,20625.06,135208.7
7653,2566,42,4,27736.92,11146.61,17964.19,117765.26
7654,2566,186,1,24680.72,1896.05,4101.24,26885.91
7655,2566,18,1,16802.96,1733.14,2712.57,17782.39
7656,2567,77,3,19293.34,6434.67,9260.16,60705.51
7657,2567,16,3,37019.42,7166.62,18700.5,122592.14
7658,2567,36,4,10167.03,2066.55,6948.28,45549.85
7659,2567,233,3,21896.66,2950.77,11293.06,74032.27
7660,2568,133,2,38037.94,996.86,13514.22,88593.24
7661,2568,62,2,34302.26,2869.48,11832.31,77567.35
7662,2568,116,3,3361.81,132.05,1791.61,11744.99
7663,2568,222,2,28533.87,5238.29,9329.3,61158.75
7664,2569,15,3,37893.41,11413.88,18407.94,120674.29
7665,2569,192,1,13341.13,1468.16,2137.13,14010.1
7666,2569,47,4,34112.86,16272.93,21632.13,141810.64
7667,2569,74,4,24770.89,3210.2,17257.2,113130.56
7668,2569,89,2,4268.91,341.11,1475.41,9672.12
7669,2570,40,2,11047.42,264.17,3929.52,25760.19
7670,2571,100,3,46774.34,3499.75,24628.19,161451.46
7671,2571,60,3,24754.89,6057.53,12277.29,80484.43
7672,2571,213,1,20525.1,446.93,3614.07,23692.24
7673,2571,76,4,44895.56,20914.08,28560.27,187228.43
7674,2572,207,2,27779.78,2205.32,9603.76,62958.0
7675,2572,141,1,29486.44,1273.77,5078.28,33290.95
7676,2572,170,1,19374.04,625.36,3374.76,22123.44
7677,2572,127,2,3238.17,736.06,1033.25,6773.53
7678,2572,10,1,31794.64,1811.71,5396.93,35379.86
7679,2573,138,4,5484.92,135.04,3924.84,25729.48
7680,2573,94,2,35740.44,7050.41,11597.48,76027.95
7681,2573,44,2,43728.99,3503.23,15111.85,99066.6
7682,2574,206,2,37695.53,411.26,13496.36,88476.16
7683,2574,209,4,10731.59,4609.62,6897.01,45213.75
7684,2574,230,1,26170.26,3119.74,4149.09,27199.61
7685,2575,69,4,3290.31,56.48,2358.86,15463.62
7686,2575,14,3,3800.37,573.02,1949.06,12777.15
7687,2576,95,2,8312.81,1110.35,2792.75,18308.02
7688,2576,152,2,37157.0,5462.3,12393.31,81245.01
7689,2576,143,4,23230.7,3312.75,16129.81,105739.86
7690,2576,17,4,25819.56,7186.29,17296.55,113388.5
7691,2576,135,1,25713.49,135.14,4604.1,30182.45
7692,2577,189,1,28066.42,1946.7,4701.55,30821.27
7693,2577,33,3,39008.3,141.0,21039.1,137923.0
7694,2577,104,3,15989.17,2624.5,8161.74,53504.75
7695,2577,162,3,38305.79,361.66,20620.03,135175.74
7696,2577,100,4,46774.34,18125.35,30414.96,199386.97
7697,2578,163,3,1240.08,238.8,626.66,4108.1
7698,2578,192,4,13341.13,5555.35,8605.65,56414.82
7699,2578,10,4,31794.64,13206.42,20514.99,134487.13
7700,2578,166,2,33767.83,1327.52,11917.47,78125.61
7701,2578,102,2,34567.4,2401.52,12011.99,78745.27
7702,2579,223,1,39924.82,3960.3,6473.61,42438.13
7703,2580,196,1,40456.71,4102.95,6543.68,42897.44
7704,2581,35,2,13199.49,685.21,4628.48,30342.25
7705,2582,38,2,28086.65,1151.39,9903.94,64925.85
7706,2582,67,2,41997.34,225.37,15078.48,98847.79
7707,2583,135,2,25713.49,1633.88,8962.76,58755.86
7708,2583,155,2,37465.45,2993.44,12948.74,84886.2
7709,2583,44,4,43728.99,11904.94,29341.98,192353.0
7710,2583,140,2,12249.39,986.76,4232.16,27744.18
7711,2584,71,4,21062.02,2890.15,14644.43,96002.36
7712,2584,105,4,18322.11,4031.2,12466.3,81723.54
7713,2584,189,3,28066.42,2177.7,14763.88,96785.44
7714,2584,125,1,28195.42,3062.38,4523.95,29656.99
7715,2584,205,1,26777.33,1773.17,4500.75,29504.91
7716,2585,33,4,39008.3,17758.1,24889.52,163164.62
7717,2586,110,2,6566.95,459.39,2281.41,14955.92
7718,2586,48,4,2802.25,951.9,1846.28,12103.38
7719,2587,111,2,43082.21,1713.85,15201.1,99651.67
7720,2587,43,2,16510.19,3749.04,5268.84,34540.18
7721,2587,153,2,6055.61,286.01,2128.54,13953.75
7722,2588,8,1,28733.56,2659.85,4693.27,30766.98
7723,2588,99,3,21866.86,7237.35,10505.38,68868.61
7724,2588,38,1,28086.65,2957.35,4523.27,29652.57
7725,2588,125,1,28195.42,3378.95,4466.96,29283.43
7726,2588,175,3,27514.3,737.04,14725.05,96530.91
7727,2589,134,2,29515.74,4075.17,9892.14,64848.45
7728,2590,51,4,628.75,84.0,437.58,2868.58
7729,2590,165,3,37776.85,12554.46,18139.7,118915.79
7730,2591,21,1,27939.78,1141.1,4823.76,31622.44
7731,2591,188,1,14567.29,1012.67,2439.83,15994.45
7732,2591,232,3,11511.84,1410.2,5962.56,39087.88
7733,2591,207,4,27779.78,4819.13,19134.0,125433.99
7734,2591,238,3,19991.97,426.04,10718.98,70268.85
7735,2592,4,4,35689.14,76.72,25682.37,168362.21
7736,2592,2,4,11408.11,4785.8,7352.4,48199.04
7737,2593,185,2,189.21,33.75,62.04,406.71
7738,2593,162,1,38305.79,1235.95,6672.57,43742.41
7739,2593,193,2,16913.96,3003.7,5548.36,36372.58
7740,2593,90,4,18461.71,7704.64,11905.6,78047.8
7741,2594,86,2,41540.1,6754.3,13738.66,90064.56
7742,2594,210,3,33886.56,9794.08,16535.81,108401.41
7743,2595,91,2,33075.34,5186.3,10973.59,71937.97
7744,2595,190,1,14801.53,253.7,2618.61,17166.44
7745,2595,106,4,12366.02,2645.52,8427.34,55245.9
7746,2596,103,2,20030.13,2039.69,6843.7,44864.27
7747,2596,78,3,5073.66,311.47,2683.71,17593.22
7748,2596,124,3,10290.63,3120.74,4995.21,32746.36
7749,2596,10,3,31794.64,8695.91,15603.84,102291.85
7750,2596,64,2,1034.97,5.83,371.54,2435.65
7751,2597,179,2,40060.15,4600.08,13593.64,89113.86
7752,2598,137,1,31709.73,2355.76,5283.71,34637.68
7753,2598,64,3,1034.97,89.71,542.74,3557.94
7754,2598,167,1,31659.13,2839.6,5187.52,34007.05
7755,2598,234,2,10605.83,416.26,3743.17,24538.57
7756,2599,112,4,24992.69,7804.03,16590.01,108756.74
7757,2600,118,1,9547.03,841.52,1566.99,10272.5
7758,2601,96,4,17662.28,5137.61,11792.07,77303.58
7759,2602,72,3,12573.73,2644.28,6313.84,41390.75
7760,2603,235,1,28131.22,956.11,4891.52,32066.63
7761,2603,146,2,269.14,1.05,96.7,633.93
7762,2603,45,4,3684.98,511.47,2561.12,16789.57
7763,2604,176,1,43250.55,4155.76,7037.06,46131.85
7764,2604,53,3,12091.35,3420.7,5913.6,38766.95
7765,2604,20,2,38320.28,810.84,13649.35,89479.07
7766,2605,114,1,23667.1,759.07,4123.45,27031.48
7767,2605,208,3,7922.32,1489.86,4009.88,26286.98
7768,2605,92,3,39462.15,13314.69,18912.92,123984.68
7769,2605,166,3,33767.83,4900.71,17352.5,113755.28
7770,2606,88,2,33071.07,4285.08,11134.27,72991.33
7771,2607,217,3,8518.31,1890.05,4259.68,27924.56
7772,2607,25,3,27064.69,1089.91,14418.75,94522.91
7773,2607,66,4,12279.53,619.12,8729.82,57228.82
7774,2607,54,4,4901.82,2266.96,3121.26,20461.58
7775,2608,218,1,20584.33,1227.1,3484.3,22841.53
7776,2609,140,3,12249.39,1415.01,6359.97,41693.13
7777,2610,173,2,15522.12,3027.06,5043.09,33060.27
7778,2610,152,4,37157.0,695.15,26627.91,174560.76
7779,2610,33,1,39008.3,4319.42,6244.0,40932.88
7780,2610,82,2,10944.45,2054.42,3570.21,23404.69
7781,2611,30,4,7051.18,3186.55,4503.27,29521.44
7782,2611,43,1,16510.19,1969.22,2617.37,17158.34
7783,2611,214,2,25781.44,4094.71,8544.27,56012.44
7784,2611,185,2,189.21,23.45,63.89,418.86
7785,2611,221,4,32207.06,13258.29,20802.59,136372.54
7786,2612,77,3,19293.34,5701.15,9392.2,61571.07
7787,2612,182,2,26624.12,2588.98,9118.67,59777.93
7788,2613,229,1,33676.3,151.65,6034.44,39559.09
7789,2613,72,1,12573.73,1436.72,2004.66,13141.67
7790,2613,141,2,29486.44,4002.09,9894.74,64865.53
7791,2613,17,2,25819.56,4330.49,8515.55,55824.18
7792,2614,60,1,24754.89,34.38,4449.69,29170.2
7793,2614,170,1,19374.04,1187.27,3273.62,21460.39
7794,2614,99,2,21866.86,1319.59,7634.54,50048.67
7795,2614,117,1,27023.51,1632.17,4570.44,29961.78
7796,2614,118,2,9547.03,1450.51,3175.84,20819.39
7797,2615,47,4,34112.86,1373.74,24313.99,159391.69
7798,2615,172,4,1060.63,327.32,704.74,4619.94
7799,2615,64,1,1034.97,10.23,184.45,1209.19
7800,2615,203,2,32452.38,4592.38,10856.23,71168.61
7801,2615,111,3,43082.21,11376.26,21216.67,139087.04
7802,2616,151,1,39931.59,4077.12,6453.8,42308.27
7803,2616,109,1,25465.9,1695.04,4278.75,28049.61
7804,2616,199,1,19178.46,1549.79,3173.16,20801.83
7805,2616,29,1,7930.98,706.44,1300.42,8524.96
7806,2617,107,2,19641.45,3847.64,6378.35,41813.61
7807,2617,59,3,13506.51,214.16,7254.97,47560.34
7808,2617,228,4,11203.89,3776.39,7387.05,48426.22
7809,2617,206,4,37695.53,7747.94,25746.15,168780.33
7810,2617,53,3,12091.35,1541.88,6251.79,40983.96
7811,2618,141,2,29486.44,304.66,10560.28,69228.5
7812,2619,80,3,9554.15,2665.05,4679.53,30676.93
7813,2619,205,2,26777.33,1678.93,9337.63,61213.36
7814,2619,20,4,38320.28,1210.9,27372.64,179442.86
7815,2620,196,1,40456.71,3602.15,6633.82,43488.38
7816,2621,116,4,3361.81,450.35,2339.44,15336.33
7817,2622,72,2,12573.73,2491.8,4078.02,26733.68
7818,2623,229,3,33676.3,635.72,18070.77,118463.95
7819,2623,46,2,5015.71,991.0,1627.28,10667.7
7820,2624,114,4,23667.1,5361.81,16075.19,105381.78
7821,2624,218,3,20584.33,6324.19,9977.18,65405.98
7822,2624,93,3,17083.66,5796.48,8181.81,53636.31
7823,2624,226,3,41253.01,3688.01,21612.78,141683.8
7824,2625,15,1,37893.41,3467.49,6196.67,40622.59
7825,2625,118,1,9547.03,237.71,1675.68,10985.0
7826,2626,217,3,8518.31,2780.25,4099.44,26874.12
7827,2626,62,4,34302.26,158.54,24669.09,161719.59
7828,2627,30,4,7051.18,285.55,5025.45,32944.62
7829,2627,227,1,19776.73,1183.48,3346.78,21940.03
7830,2627,103,4,20030.13,2506.79,13970.47,91584.2
7831,2628,184,2,11705.83,351.56,4150.82,27210.92
7832,2628,20,2,38320.28,9060.67,12164.38,79744.27
7833,2628,112,4,24992.69,1586.34,17709.2,116093.62
7834,2628,166,1,33767.83,75.59,6064.6,39756.84
7835,2629,218,3,20584.33,5343.1,10153.78,66563.67
7836,2629,204,2,3813.54,826.32,1224.14,8024.9
7837,2629,106,3,12366.02,1705.29,6370.7,41763.47
7838,2630,71,1,21062.02,1345.21,3549.03,23265.84
7839,2630,91,2,33075.34,1851.78,11573.8,75872.7
7840,2630,49,3,43844.62,8783.17,22095.12,144845.81
7841,2630,225,4,36716.34,1484.96,26168.47,171548.87
7842,2631,97,1,11972.84,891.47,1994.65,13076.02
7843,2631,198,1,112.51,6.91,19.01,124.61
7844,2632,184,1,11705.83,18.3,2103.76,13791.29
7845,2632,56,3,36444.51,12234.23,17477.87,114577.17
7846,2632,168,2,41017.08,6322.67,13628.07,89339.56
7847,2632,66,3,12279.53,694.35,6505.96,42650.2
7848,2632,47,2,34112.86,2418.49,11845.3,77652.53
7849,2633,211,4,18681.33,396.56,13379.18,87707.94
7850,2634,34,4,9115.19,1577.44,6279.0,41162.32
7851,2634,189,2,28066.42,5088.74,9187.94,60232.04
7852,2634,95,2,8312.81,1110.84,2792.66,18307.44
7853,2635,226,4,41253.01,3834.32,29011.99,190189.71
7854,2635,148,2,32803.6,5877.12,10751.41,70481.49
7855,2636,12,4,13880.48,5287.84,9042.13,59276.21
7856,2636,36,2,10167.03,447.29,3579.62,23466.39
7857,2636,155,2,37465.45,7784.91,12086.28,79232.27
7858,2636,183,3,17183.22,4100.03,8540.93,55990.56
7859,2637,179,1,40060.15,1725.38,6900.26,45235.03
7860,2637,128,2,48190.05,10548.16,15449.75,101281.69
7861,2637,133,2,38037.94,8489.19,12165.6,79752.29
7862,2637,109,3,25465.9,7420.09,12415.97,81393.58
7863,2637,6,1,9654.29,207.78,1700.37,11146.88
7864,2638,144,4,33892.0,12246.07,22197.95,145519.88
7865,2638,134,3,29515.74,1537.59,15661.73,102671.36
7866,2638,28,3,29031.11,247.02,15632.34,102478.65
7867,2638,78,3,5073.66,406.17,2666.67,17481.48
7868,2639,114,4,23667.1,5080.71,16125.78,105713.47
7869,2640,183,4,17183.22,7081.92,11097.17,72748.13
7870,2640,16,2,37019.42,1930.43,12979.51,85087.92
7871,2640,167,4,31659.13,1032.78,22608.67,148212.41
7872,2640,57,2,20483.4,4778.85,6513.83,42701.78
7873,2641,112,1,24992.69,1923.23,4152.5,27221.96
7874,2641,107,2,19641.45,4528.88,6255.72,41009.74
7875,2641,182,3,26624.12,6254.8,13251.16,86868.72
7876,2642,122,4,24991.82,819.51,17846.6,116994.37
7877,2642,52,4,30086.26,425.77,21585.47,141504.74
7878,2642,16,4,37019.42,11900.1,24511.96,160689.54
7879,2642,196,1,40456.71,2890.87,6761.85,44327.69
7880,2643,232,3,11511.84,3842.63,5524.72,36217.61
7881,2643,218,4,20584.33,8190.76,13346.38,87492.94
7882,2644,1,3,25243.55,8532.41,12095.68,79293.92
7883,2644,35,4,13199.49,4827.25,8634.73,56605.44
7884,2644,58,3,43014.0,5335.38,22267.19,145973.81
7885,2645,205,4,26777.33,12391.84,17049.15,111766.63
7886,2645,209,2,10731.59,1468.26,3599.09,23594.01
7887,2645,166,4,33767.83,7758.68,22916.28,150228.92
7888,2646,150,2,3654.09,530.62,1219.96,7997.52
7889,2646,163,3,1240.08,276.86,619.81,4063.19
7890,2646,131,3,41590.84,3546.47,21820.69,143046.74
7891,2647,127,3,3238.17,587.91,1642.79,10769.39
7892,2647,222,2,28533.87,4179.65,9519.86,62407.95
7893,2647,102,1,34567.4,282.33,6171.31,40456.38
7894,2648,131,3,41590.84,13545.81,20020.81,131247.52
7895,2648,139,2,4824.95,1002.99,1556.44,10203.35
7896,2649,58,4,43014.0,18552.91,27630.56,181133.65
7897,2649,7,2,1179.48,155.44,396.63,2600.15
7898,2649,34,3,9115.19,887.04,4762.54,31221.07
7899,2650,132,1,15074.48,975.49,2537.82,16636.81
7900,2650,135,4,25713.49,4944.01,17623.79,115533.74
7901,2650,99,3,21866.86,7384.75,10478.85,68694.68
7902,2650,180,2,4766.01,557.78,1615.36,10589.6
7903,2651,201,4,18244.99,1073.63,12943.14,84849.47
7904,2651,138,4,5484.92,412.97,3874.81,25401.52
7905,2651,22,4,9607.6,975.95,6741.8,44196.25
7906,2651,88,4,33071.07,13409.56,21397.45,140272.17
7907,2652,146,1,269.14,12.85,46.13,302.42
7908,2653,186,4,24680.72,5680.74,16747.59,109789.73
7909,2653,140,4,12249.39,1013.03,8637.22,56621.75
7910,2653,134,1,29515.74,1778.77,4992.65,32729.62
7911,2653,148,2,32803.6,2456.49,11367.13,74517.84
7912,2653,165,2,37776.85,1142.0,13394.11,87805.81
7913,2654,133,3,38037.94,6302.56,19406.03,127217.29
7914,2654,171,2,32844.1,2632.65,11350.0,74405.55
7915,2654,147,3,26528.08,6607.3,13135.85,86112.79
7916,2655,58,4,43014.0,4938.22,30081.2,197198.98
7917,2656,133,2,38037.94,8660.16,12134.83,79550.55
7918,2656,48,1,2802.25,277.98,454.37,2978.64
7919,2656,220,3,21280.0,645.39,11375.03,74569.64
7920,2657,51,1,628.75,59.86,102.4,671.29
7921,2657,212,4,8937.81,3868.61,5738.87,37621.5
7922,2657,223,3,39924.82,4494.62,20750.37,136030.21
7923,2657,30,2,7051.18,326.89,2479.58,16255.05
7924,2657,54,3,4901.82,284.73,2595.73,17016.46
7925,2658,209,1,10731.59,42.58,1924.02,12613.03
7926,2658,188,2,14567.29,1179.25,5031.96,32987.29
7927,2659,92,4,39462.15,8925.88,26806.09,175728.81
7928,2659,218,2,20584.33,470.77,7325.62,48023.51
7929,2659,147,4,26528.08,23.72,19095.95,125184.55
7930,2659,196,4,40456.71,10347.71,27266.24,178745.37
7931,2659,219,2,11772.86,1044.56,4050.21,26551.37
7932,2660,202,4,22486.45,6649.63,14993.31,98289.48
7933,2660,102,2,34567.4,3624.99,11791.77,77301.58
7934,2661,8,4,28733.56,12838.54,18377.23,120472.93
7935,2662,97,1,11972.84,394.75,2084.06,13662.15
7936,2663,69,3,3290.31,1133.59,1572.72,10310.06
7937,2663,115,3,7640.14,137.89,4100.86,26883.39
7938,2664,123,2,9421.34,2105.22,3012.74,19750.2
7939,2664,35,2,13199.49,1620.69,4460.09,29238.38
7940,2664,224,2,31527.62,4445.57,10549.74,69159.41
7941,2664,31,1,44553.38,560.59,7918.7,51911.49
7942,2664,25,1,27064.69,2536.52,4415.07,28943.24
7943,2665,193,1,16913.96,1928.23,2697.43,17683.16
7944,2665,16,1,37019.42,1378.71,6415.33,42056.04
7945,2665,186,1,24680.72,18.16,4439.26,29101.82
7946,2665,161,3,41588.13,10213.01,20619.25,135170.63
7947,2665,100,3,46774.34,14652.61,22620.67,148291.08
7948,2666,107,3,19641.45,3490.21,9978.15,65412.29
7949,2666,1,2,25243.55,1125.45,8885.1,58246.75
7950,2667,34,4,9115.19,2604.33,6094.16,39950.59
7951,2667,148,1,32803.6,2347.35,5482.12,35938.37
7952,2667,21,1,27939.78,2019.27,4665.69,30586.2
7953,2667,195,1,42664.46,1202.85,7463.09,48924.7
7954,2667,175,3,27514.3,651.4,14740.47,96631.97
7955,2668,163,1,1240.08,132.42,199.38,1307.04
7956,2668,53,1,12091.35,610.2,2066.61,13547.76
7957,2668,202,1,22486.45,289.85,3995.39,26191.99
7958,2668,102,1,34567.4,1411.71,5968.02,39123.71
7959,2668,7,2,1179.48,280.25,374.17,2452.88
7960,2669,230,2,26170.26,792.01,9278.73,60827.24
7961,2669,156,1,36965.82,3771.63,5974.95,39169.14
7962,2669,127,4,3238.17,51.87,2322.15,15222.96
7963,2670,111,3,43082.21,10502.46,21373.95,140118.12
7964,2670,191,1,30208.27,3132.55,4873.63,31949.35
7965,2670,45,3,3684.98,1319.08,1752.45,11488.31
7966,2671,146,3,269.14,3.06,144.78,949.14
7967,2671,188,3,14567.29,4679.21,7024.08,46046.74
7968,2671,54,4,4901.82,1780.46,3208.83,21035.65
7969,2671,42,3,27736.92,995.96,14798.66,97013.46
7970,2672,19,4,37198.47,8885.03,25183.59,165092.44
7971,2672,178,1,39619.34,2968.93,6597.07,43247.48
7972,2672,102,3,34567.4,1931.02,18318.81,120089.99
7973,2672,209,3,10731.59,2613.38,5324.65,34906.04
7974,2672,197,4,13368.44,3405.06,9012.37,59081.07
7975,2673,174,3,40361.15,11241.34,19771.58,129613.69
7976,2673,170,3,19374.04,3376.21,9854.26,64600.17
7977,2673,136,2,34274.09,5007.35,11437.35,74978.18
7978,2673,151,1,39931.59,918.72,7022.32,46035.19
7979,2673,37,1,36875.04,948.52,6466.77,42393.29
7980,2674,165,2,37776.85,6273.12,12470.5,81751.08
7981,2674,177,4,37809.52,4573.6,26399.61,173064.09
7982,2674,79,4,15130.34,6880.25,9655.4,63296.51
7983,2674,133,1,38037.94,3668.9,6186.43,40555.47
7984,2674,91,3,33075.34,11610.09,15770.87,103386.8
7985,2675,142,1,26420.51,769.64,4617.16,30268.03
7986,2676,78,1,5073.66,440.64,833.94,5466.96
7987,2676,187,2,33639.08,5506.19,11118.95,72890.92
7988,2676,169,3,10455.18,1905.78,5302.76,34762.52
7989,2677,99,4,21866.86,822.03,15596.17,102241.58
7990,2677,38,3,28086.65,1022.53,14982.74,98220.16
7991,2677,83,2,34264.79,5453.55,11353.69,74429.72
7992,2677,216,4,4678.54,137.54,3343.79,21920.41
7993,2677,93,1,17083.66,1254.94,2849.17,18677.89
7994,2678,25,3,27064.69,5018.83,13711.54,89886.78
7995,2679,209,4,10731.59,4212.65,6968.47,45682.18
7996,2679,20,4,38320.28,18324.49,24292.19,159248.82
7997,2679,34,3,9115.19,1694.11,4617.26,30268.72
7998,2679,32,1,25348.23,5.62,4561.67,29904.28
7999,2680,87,4,21959.44,9546.39,14092.45,92383.82
8000,2680,95,2,8312.81,441.7,2913.11,19097.03
8001,2680,161,2,41588.13,3874.99,14274.23,93575.5
8002,2680,100,3,46774.34,1674.46,24956.74,163605.3
8003,2681,68,1,3827.59,144.12,663.02,4346.49
8004,2681,170,2,19374.04,2382.72,6545.76,42911.12
8005,2681,155,1,37465.45,1540.9,6466.42,42390.97
8006,2681,165,3,37776.85,100.75,20381.36,133611.16
8007,2682,85,4,8728.6,750.5,6149.5,40313.4
8008,2682,115,1,7640.14,641.91,1259.68,8257.91
8009,2683,190,1,14801.53,662.74,2544.98,16683.77
8010,2683,118,3,9547.03,313.02,5099.05,33427.12
8011,2683,232,3,11511.84,2457.36,5774.07,37852.23
8012,2684,36,4,10167.03,967.49,7146.11,46846.74
8013,2684,25,3,27064.69,1379.17,14366.68,94181.58
8014,2685,159,4,18286.08,8680.64,11603.46,76067.14
8015,2685,20,4,38320.28,5782.23,26549.8,174048.69
8016,2686,133,1,38037.94,1328.33,6607.73,43317.34
8017,2686,193,4,16913.96,1113.77,11977.57,78519.64
8018,2686,29,3,7930.98,648.51,4166.0,27310.43
8019,2686,63,2,120.39,1.75,43.03,282.06
8020,2687,109,3,25465.9,1695.24,13446.44,88148.9
8021,2687,78,3,5073.66,453.59,2658.13,17425.52
8022,2687,214,4,25781.44,6214.44,17444.04,114355.36
8023,2688,229,4,33676.3,380.47,24178.45,158503.18
8024,2688,123,2,9421.34,966.45,3217.72,21093.95
8025,2689,179,4,40060.15,12459.65,26600.57,174381.52
8026,2689,48,3,2802.25,78.54,1499.08,9827.29
8027,2689,90,2,18461.71,1540.42,6368.94,41751.94
8028,2689,104,4,15989.17,5303.24,10557.62,69211.06
8029,2690,106,1,12366.02,1351.46,1982.62,12997.18
8030,2690,130,3,12728.22,2286.97,6461.58,42359.27
8031,2690,7,1,1179.48,93.15,195.54,1281.87
8032,2690,11,3,36727.76,8395.94,18321.72,120109.06
8033,2690,114,2,23667.1,258.33,8473.66,55549.53
8034,2691,186,2,24680.72,1245.26,8660.91,56777.09
8035,2691,58,1,43014.0,4171.65,6991.62,45833.97
8036,2691,61,2,33657.04,1714.05,11808.01,77408.04
8037,2691,167,4,31659.13,13600.61,20346.46,133382.37
8038,2691,184,1,11705.83,605.96,1997.98,13097.85
8039,2692,29,3,7930.98,2562.55,3821.47,25051.86
8040,2693,127,3,3238.17,754.45,1612.81,10572.87
8041,2693,31,4,44553.38,223.76,32038.16,210027.92
8042,2694,138,2,5484.92,587.08,1868.9,12251.66
8043,2694,185,3,189.21,31.45,96.51,632.69
8044,2694,74,4,24770.89,4118.66,17093.68,112058.58
8045,2694,183,1,17183.22,1070.5,2900.29,19013.01
8046,2694,97,1,11972.84,512.88,2062.79,13522.75
8047,2695,40,4,11047.42,4376.37,7166.4,46979.71
8048,2696,104,4,15989.17,7343.9,10190.3,66803.08
8049,2696,100,3,46774.34,5212.58,24319.88,159430.32
8050,2697,184,3,11705.83,3470.86,5696.39,37343.02
8051,2697,113,4,2640.7,365.33,1835.54,12033.01
8052,2697,166,4,33767.83,7101.85,23034.5,151003.97
8053,2697,57,3,20483.4,2764.5,10563.43,69249.13
8054,2698,107,3,19641.45,854.93,10452.5,68521.92
8055,2698,127,2,3238.17,614.84,1055.07,6916.57
8056,2698,84,3,10857.56,2454.17,5421.33,35539.84
8057,2699,201,4,18244.99,5621.81,12124.47,79482.62
8058,2699,185,3,189.21,42.97,94.44,619.1
8059,2699,16,3,37019.42,4496.4,19181.13,125742.99
8060,2699,122,2,24991.82,160.75,8968.12,58791.01
8061,2699,229,1,33676.3,287.88,6009.92,39398.34
8062,2700,164,2,15908.19,2194.18,5332.0,34954.2
8063,2701,84,1,10857.56,648.94,1837.55,12046.17
8064,2701,218,3,20584.33,4703.02,10268.99,67318.96
8065,2702,113,2,2640.7,320.23,893.01,5854.18
8066,2702,79,2,15130.34,2840.05,4935.71,32356.34
8067,2703,104,3,15989.17,900.17,8472.12,55539.46
8068,2703,11,1,36727.76,4204.44,5854.2,38377.52
8069,2703,118,1,9547.03,829.65,1569.13,10286.51
8070,2703,42,4,27736.92,5583.42,18965.57,124329.83
8071,2703,97,4,11972.84,2594.27,8153.48,53450.57
8072,2704,88,2,33071.07,6264.08,10778.05,70656.11
8073,2704,100,1,46774.34,2101.94,8041.03,52713.43
8074,2704,185,1,189.21,9.59,32.33,211.95
8075,2704,215,3,34726.43,521.02,18658.49,122316.76
8076,2704,160,4,7458.41,3259.27,4783.39,31357.76
8077,2705,102,3,34567.4,898.35,18504.69,121308.54
8078,2705,65,1,41109.17,3948.37,6688.94,43849.74
8079,2706,15,2,37893.41,2227.71,13240.64,86799.75
8080,2706,203,2,32452.38,752.31,11547.44,75699.89
8081,2706,106,3,12366.02,533.41,6581.64,43146.29
8082,2707,105,3,18322.11,1545.8,9615.7,63036.23
8083,2707,8,3,28733.56,7020.99,14252.34,93432.03
8084,2707,87,2,21959.44,1425.52,7648.8,50142.16
8085,2707,134,2,29515.74,1271.5,10396.8,68156.78
8086,2707,111,4,43082.21,17097.96,27941.56,183172.44
8087,2708,120,3,26697.64,8770.51,12838.03,84160.44
8088,2708,65,2,41109.17,7240.53,13496.01,88473.82
8089,2708,159,4,18286.08,8183.96,11692.86,76653.22
8090,2708,239,2,26635.98,3456.74,8966.74,58781.96
8091,2708,153,4,6055.61,95.86,4342.78,28469.36
8092,2709,15,2,37893.41,300.9,13587.47,89073.39
8093,2709,31,3,44553.38,2760.74,23561.89,154461.29
8094,2709,27,2,12821.1,2907.76,4092.2,26826.64
8095,2709,17,2,25819.56,2256.28,8888.91,58271.75
8096,2709,207,2,27779.78,986.38,9823.17,64396.35
8097,2710,162,3,38305.79,3842.7,19993.44,131068.11
8098,2710,48,4,2802.25,738.3,1884.73,12355.43
8099,2711,84,2,10857.56,1217.13,3689.64,24187.63
8100,2711,162,2,38305.79,1805.47,13465.1,88271.21
8101,2711,80,4,9554.15,255.4,6833.02,44794.22
8102,2712,80,4,9554.15,3069.83,6326.42,41473.19
8103,2713,194,3,5562.52,397.32,2932.24,19222.48
8104,2714,83,2,34264.79,1954.44,11983.53,78558.67
8105,2714,106,4,12366.02,4852.55,8030.08,52641.61
8106,2715,3,3,33432.15,10498.93,16163.55,105961.07
8107,2715,76,1,44895.56,3152.47,7513.76,49256.85
8108,2715,138,1,5484.92,599.88,879.31,5764.35
8109,2715,195,3,42664.46,11561.36,20957.76,137389.78
8110,2716,20,4,38320.28,9356.53,25906.43,169831.02
8111,2717,75,2,8532.47,1892.27,2731.08,17903.75
8112,2717,36,2,10167.03,1332.97,3420.2,22421.29
8113,2717,196,1,40456.71,2679.65,6799.87,44576.93
8114,2717,38,3,28086.65,7994.35,13727.81,89993.41
8115,2717,34,4,9115.19,4229.36,5801.65,38033.05
8116,2718,216,2,4678.54,489.56,1596.15,10463.67
8117,2718,134,1,29515.74,1769.71,4994.29,32740.32
8118,2718,230,2,26170.26,1475.37,9155.73,60020.88
8119,2719,91,2,33075.34,6762.45,10689.88,70078.11
8120,2720,107,1,19641.45,59.5,3524.75,23106.7
8121,2720,86,2,41540.1,8091.01,13498.05,88487.24
8122,2720,62,4,34302.26,16444.8,21737.56,142501.8
8123,2721,144,2,33892.0,7278.24,10891.04,71396.8
8124,2721,10,4,31794.64,12235.44,20689.76,135632.88
8125,2722,59,4,13506.51,6414.15,8570.14,56182.03
8126,2722,149,3,16854.36,5303.27,8146.77,53406.58
8127,2722,45,3,3684.98,344.95,1927.8,12637.79
8128,2722,162,4,38305.79,15136.49,24855.6,162942.27
8129,2722,37,2,36875.04,5405.09,12302.1,80647.09
8130,2723,45,1,3684.98,345.79,601.05,3940.24
8131,2723,205,3,26777.33,5896.86,13398.32,87833.45
8132,2723,235,1,28131.22,2128.83,4680.43,30682.82
8133,2723,132,4,15074.48,6658.11,9655.17,63294.98
8134,2724,68,1,3827.59,287.06,637.3,4177.83
8135,2725,48,3,2802.25,607.6,1403.85,9203.0
8136,2725,124,2,10290.63,962.48,3531.38,23150.16
8137,2726,90,3,18461.71,333.54,9909.29,64960.88
8138,2726,61,1,33657.04,1584.65,5773.03,37845.42
8139,2726,38,2,28086.65,5239.73,9168.04,60101.61
8140,2727,209,1,10731.59,543.55,1833.85,12021.89
8141,2727,180,4,4766.01,396.89,3360.09,22027.24
8142,2727,200,3,28469.05,8539.8,13836.12,90703.47
8143,2728,83,4,34264.79,6498.51,23500.92,154061.57
8144,2728,217,3,8518.31,2780.66,4099.37,26873.64
8145,2728,39,4,39677.48,1251.22,28342.57,185801.27
8146,2728,165,1,37776.85,2321.17,6382.02,41837.7
8147,2729,150,1,3654.09,235.62,615.32,4033.79
8148,2730,111,3,43082.21,15461.45,20481.33,134266.51
8149,2730,149,1,16854.36,1961.73,2680.67,17573.3
8150,2731,98,4,20903.98,616.5,14939.9,97939.32
8151,2731,212,2,8937.81,295.83,3164.36,20744.15
8152,2731,106,4,12366.02,1630.76,8610.0,56443.32
8153,2731,150,3,3654.09,752.58,1837.74,12047.43
8154,2731,114,3,23667.1,5847.23,11727.73,76881.8
8155,2732,156,4,36965.82,2756.15,26119.28,171226.41
8156,2732,27,2,12821.1,368.14,4549.33,29823.39
8157,2732,219,4,11772.86,2652.43,7999.02,52438.03
8158,2733,166,4,33767.83,3108.79,23753.26,155715.79
8159,2733,28,1,29031.11,2327.67,4806.62,31510.06
8160,2734,26,2,15276.03,2166.46,5109.41,33495.01
8161,2734,9,3,9902.75,1926.7,5000.68,32782.23
8162,2734,170,3,19374.04,102.82,10443.47,68462.77
8163,2735,23,4,3383.79,1188.71,2222.36,14568.81
8164,2735,56,3,36444.51,13070.51,17327.34,113590.36
8165,2735,82,1,10944.45,915.1,1805.28,11834.63
8166,2736,161,3,41588.13,12955.8,20125.55,131934.14
8167,2736,22,2,9607.6,560.56,3357.84,22012.48
8168,2736,180,2,4766.01,370.2,1649.13,10810.95
8169,2736,92,1,39462.15,2295.58,6689.98,43856.55
8170,2737,231,1,3326.96,69.36,586.37,3843.97
8171,2737,186,3,24680.72,3079.31,12773.31,83736.16
8172,2737,66,1,12279.53,993.58,2031.47,13317.42
8173,2737,88,4,33071.07,9094.34,22174.19,145364.13
8174,2737,198,1,112.51,10.21,18.41,120.71
8175,2738,28,3,29031.11,3367.83,15070.59,98796.09
8176,2738,236,4,18050.29,2934.65,12467.97,81734.48
8177,2739,21,1,27939.78,1068.59,4836.81,31708.0
8178,2739,111,2,43082.21,2342.12,15088.01,98910.31
8179,2739,26,1,15276.03,887.41,2589.95,16978.57
8180,2739,110,2,6566.95,602.93,2255.57,14786.54
8181,2740,62,2,34302.26,889.26,12188.75,79904.01
8182,2740,206,3,37695.53,11619.85,18264.01,119730.75
8183,2740,20,4,38320.28,11437.1,25531.92,167375.94
8184,2741,157,1,10083.83,745.23,1680.95,11019.55
8185,2741,51,1,628.75,48.65,104.42,684.52
8186,2742,228,1,11203.89,816.81,1869.67,12256.75
8187,2743,67,4,41997.34,16891.55,27197.61,178295.42
8188,2744,33,3,39008.3,3950.88,20353.32,133427.34
8189,2744,217,4,8518.31,1709.79,5825.42,38188.87
8190,2744,97,1,11972.84,836.0,2004.63,13141.47
8191,2744,123,1,9421.34,291.68,1643.34,10773.0
8192,2745,56,3,36444.51,8479.81,18153.67,119007.39
8193,2746,132,3,15074.48,1099.87,7942.24,52065.81
8194,2746,56,3,36444.51,7029.47,18414.73,120718.79
8195,2746,229,3,33676.3,7487.36,16837.48,110379.02
8196,2746,211,1,18681.33,1953.58,3010.99,19738.74
8197,2747,38,3,28086.65,2291.02,14754.41,96723.34
8198,2747,37,4,36875.04,3471.83,25925.1,169953.43
8199,2747,86,4,41540.1,3521.98,29274.92,191913.34
8200,2747,183,4,17183.22,799.67,12227.98,80161.19
8201,2747,166,4,33767.83,13167.68,21942.66,143846.3
8202,2748,69,4,3290.31,1051.02,2179.84,14290.06
8203,2748,237,3,17135.78,3100.19,8695.29,57002.44
8204,2748,95,2,8312.81,1210.84,2774.66,18189.44
8205,2748,207,4,27779.78,3139.85,19436.27,127415.54
8206,2748,13,1,40458.84,2945.76,6752.35,44265.43
8207,2749,149,3,16854.36,5535.88,8104.9,53132.1
8208,2749,53,1,12091.35,453.04,2094.9,13733.21
8209,2749,180,1,4766.01,150.59,830.78,5446.2
8210,2749,214,1,25781.44,1102.07,4442.29,29121.66
8211,2750,141,4,29486.44,3703.99,20563.52,134805.29
8212,2750,93,3,17083.66,138.93,9200.17,60312.22
8213,2751,236,4,18050.29,8091.61,11539.72,75649.27
8214,2751,119,2,36904.39,442.78,13205.88,86571.88
8215,2751,111,4,43082.21,16323.41,28080.98,184086.41
8216,2752,150,1,3654.09,173.31,626.54,4107.32
8217,2753,27,3,12821.1,546.23,6825.07,44742.14
8218,2753,93,1,17083.66,1023.02,2890.92,18951.56
8219,2753,186,2,24680.72,3338.35,8284.16,54307.25
8220,2753,11,2,36727.76,464.08,13138.46,86129.9
8221,2754,12,1,13880.48,506.11,2407.39,15781.76
8222,2754,17,3,25819.56,8392.28,12431.95,81498.35
8223,2754,201,4,18244.99,1545.58,12858.19,84292.57
8224,2755,8,3,28733.56,4966.08,14622.23,95856.83
8225,2755,65,3,41109.17,4636.74,21364.34,140055.11
8226,2755,157,3,10083.83,1029.35,5259.99,34482.13
8227,2755,235,4,28131.22,3131.21,19690.86,129084.53
8228,2755,127,2,3238.17,639.87,1050.56,6887.03
8229,2756,144,1,33892.0,2274.1,5691.22,37309.12
8230,2756,52,3,30086.26,966.08,16072.69,105365.39
8231,2756,203,1,32452.38,457.61,5759.06,37753.83
8232,2757,164,2,15908.19,3338.53,5126.01,33603.86
8233,2757,191,3,30208.27,10083.96,14497.35,95038.2
8234,2757,145,1,17725.61,2053.03,2821.06,18493.64
8235,2758,29,2,7930.98,1583.6,2570.1,16848.46
8236,2758,141,1,29486.44,2213.44,4909.14,32182.14
8237,2758,185,2,189.21,4.18,67.36,441.6
8238,2758,210,4,33886.56,10906.67,22435.12,147074.69
8239,2759,30,1,7051.18,460.32,1186.35,7777.21
8240,2759,173,1,15522.12,287.32,2742.26,17977.06
8241,2759,22,2,9607.6,2117.68,3077.55,20175.07
8242,2759,170,2,19374.04,4125.85,6232.0,40854.23
8243,2759,207,4,27779.78,12132.0,17817.68,116804.8
8244,2760,109,1,25465.9,2761.07,4086.87,26791.7
8245,2760,80,2,9554.15,799.52,3295.58,21604.36
8246,2760,70,4,30937.09,10305.23,20419.76,133862.89
8247,2761,60,3,24754.89,8625.18,11815.11,77454.6
8248,2761,129,2,3101.06,42.85,1108.67,7267.94
8249,2762,165,3,37776.85,10432.37,18521.67,121419.85
8250,2762,7,2,1179.48,147.54,398.06,2609.48
8251,2762,168,4,41017.08,12122.29,27350.29,179296.32
8252,2762,49,3,43844.62,3718.03,23006.85,150822.68
8253,2762,160,1,7458.41,21.98,1338.56,8774.99
8254,2763,82,3,10944.45,2128.55,5526.86,36231.66
8255,2763,210,1,33886.56,3493.44,5470.76,35863.88
8256,2763,56,3,36444.51,7563.46,18318.61,120088.68
8257,2763,195,4,42664.46,10672.29,28797.4,188782.95
8258,2764,7,1,1179.48,96.26,194.98,1278.2
8259,2764,19,1,37198.47,4383.45,5906.7,38721.72
8260,2765,126,1,14629.39,783.99,2492.17,16337.57
8261,2765,153,1,6055.61,266.28,1042.08,6831.41
8262,2765,37,4,36875.04,246.42,26505.67,173759.41
8263,2766,35,3,13199.49,3693.93,6462.82,42367.36
8264,2767,28,2,29031.11,4458.51,9648.67,63252.38
8265,2767,186,2,24680.72,3010.25,8343.21,54694.4
8266,2767,14,1,3800.37,24.99,679.57,4454.95
8267,2768,40,4,11047.42,1138.0,7749.3,50800.98
8268,2769,180,2,4766.01,181.14,1683.16,11034.04
8269,2769,6,1,9654.29,540.98,1640.4,10753.71
8270,2770,55,3,21783.95,4525.78,10948.69,71774.76
8271,2770,78,3,5073.66,1025.99,2555.1,16750.09
8272,2771,240,1,39567.79,2770.37,6623.54,43420.96
8273,2771,186,3,24680.72,7772.73,11928.5,78197.93
8274,2771,84,1,10857.56,978.1,1778.3,11657.76
8275,2771,217,4,8518.31,1490.28,5864.93,38447.89
8276,2771,154,2,14680.42,2681.25,4802.33,31481.92
8277,2772,91,4,33075.34,6937.37,22565.52,147929.51
8278,2772,140,3,12249.39,3962.86,5901.36,38686.67
8279,2772,110,3,6566.95,1600.46,3258.07,21358.46
8280,2772,233,4,21896.66,7598.11,14397.94,94386.47
8281,2772,80,3,9554.15,404.52,5086.43,33344.36
8282,2773,106,1,12366.02,147.55,2199.32,14417.79
8283,2773,237,1,17135.78,643.65,2968.58,19460.71
8284,2773,72,2,12573.73,2635.97,4052.07,26563.56
8285,2773,222,3,28533.87,4240.67,14644.97,96005.91
8286,2773,87,4,21959.44,29.28,15805.53,103614.01
8287,2774,13,4,40458.84,7908.55,27706.83,181633.64
8288,2774,202,1,22486.45,1868.95,3711.15,24328.65
8289,2774,199,4,19178.46,2028.67,13443.33,88128.5
8290,2774,77,2,19293.34,2336.18,6525.09,42775.59
8291,2774,177,1,37809.52,3248.71,6220.95,40781.76
8292,2775,164,2,15908.19,689.2,5602.89,36730.07
8293,2776,68,4,3827.59,1798.78,2432.08,15943.66
8294,2776,180,2,4766.01,1027.2,1530.87,10035.69
8295,2776,210,4,33886.56,3960.35,23685.46,155271.35
8296,2777,81,1,3286.08,51.88,582.16,3816.36
8297,2778,85,3,8728.6,1792.62,4390.77,28783.95
8298,2778,129,1,3101.06,161.23,529.17,3469.0
8299,2779,167,2,31659.13,7533.07,10041.33,65826.52
8300,2779,174,1,40361.15,318.41,7207.69,47250.43
8301,2779,83,1,34264.79,2041.66,5800.16,38023.29
8302,2779,21,3,27939.78,7584.62,13722.25,89956.97
8303,2780,109,1,25465.9,1725.16,4273.33,28014.07
8304,2780,218,1,20584.33,2295.53,3291.98,21580.78
8305,2781,231,1,3326.96,338.11,537.99,3526.84
8306,2781,167,3,31659.13,7032.21,15830.13,103775.31
8307,2781,69,3,3290.31,919.82,1611.2,10562.31
8308,2781,16,2,37019.42,2325.34,12908.43,84621.93
8309,2782,42,3,27736.92,8124.47,13515.53,88601.82
8310,2782,5,2,16705.9,2186.51,5620.55,36845.84
8311,2782,174,4,40361.15,6209.89,27942.25,183176.96
8312,2783,80,1,9554.15,695.03,1594.64,10453.76
8313,2783,31,2,44553.38,4897.39,15157.69,99367.06
8314,2783,86,4,41540.1,15136.49,27184.3,178208.21
8315,2784,233,4,21896.66,6169.19,14655.14,96072.59
8316,2785,53,3,12091.35,2559.36,6068.64,39783.33
8317,2785,98,3,20903.98,4049.4,10559.26,69221.8
8318,2785,218,2,20584.33,2392.94,6979.63,45755.35
8319,2785,154,1,14680.42,1221.13,2422.67,15881.96
8320,2785,81,2,3286.08,698.91,1057.18,6930.43
8321,2786,154,1,14680.42,1499.02,2372.65,15554.05
8322,2786,8,2,28733.56,3429.62,9726.75,63764.25
8323,2786,112,1,24992.69,58.29,4488.19,29422.59
8324,2787,182,3,26624.12,9119.65,12735.49,83488.2
8325,2787,200,4,28469.05,2808.12,19992.25,131060.33
8326,2787,99,3,21866.86,4730.33,10956.65,71826.9
8327,2787,150,2,3654.09,493.28,1226.68,8041.58
8328,2787,29,4,7930.98,763.04,5572.96,36533.84
8329,2788,128,1,48190.05,3642.48,8018.56,52566.13
8330,2788,223,1,39924.82,574.85,7082.99,46432.96
8331,2788,1,2,25243.55,1415.55,8832.88,57904.43
8332,2788,29,4,7930.98,2322.59,5292.24,34693.57
8333,2788,144,2,33892.0,1695.65,11895.9,77984.25
8334,2789,225,2,36716.34,4314.95,12441.19,81558.92
8335,2789,195,4,42664.46,15807.29,27873.1,182723.65
8336,2789,196,4,40456.71,4660.41,28289.96,185456.39
8337,2789,26,4,15276.03,5568.76,9996.36,65531.72
8338,2790,213,2,20525.1,891.85,7228.5,47386.85
8339,2791,132,1,15074.48,751.4,2578.15,16901.23
8340,2791,199,3,19178.46,4046.78,9627.95,63116.55
8341,2791,225,4,36716.34,1963.46,26082.34,170984.24
8342,2791,200,1,28469.05,2737.18,4631.74,30363.61
8343,2792,76,1,44895.56,2685.99,7597.72,49807.29
8344,2792,43,1,16510.19,1068.23,2779.55,18221.51
8345,2792,35,2,13199.49,2698.55,4266.08,27966.51
8346,2792,71,1,21062.02,602.94,3682.63,24141.71
8347,2792,196,4,40456.71,13126.71,26766.02,175466.15
8348,2793,86,1,41540.1,2482.51,7030.37,46087.96
8349,2793,182,2,26624.12,1571.43,9301.83,60978.64
8350,2794,220,4,21280.0,6294.82,14188.53,93013.71
8351,2794,40,3,11047.42,3974.24,5250.24,34418.26
8352,2794,157,4,10083.83,850.36,7107.29,46592.25
8353,2795,211,2,18681.33,1200.81,6509.13,42670.98
8354,2796,33,3,39008.3,615.47,20953.7,137363.13
8355,2796,30,1,7051.18,88.74,1253.24,8215.68
8356,2796,194,3,5562.52,513.22,2911.38,19085.72
8357,2796,179,4,40060.15,10417.6,26968.14,176791.14
8358,2796,63,3,120.39,1.17,64.8,424.8
8359,2797,70,3,30937.09,8189.14,15231.98,99854.11
8360,2797,172,4,1060.63,71.68,750.75,4921.59
8361,2797,234,3,10605.83,1779.98,5406.75,35444.26
8362,2798,115,3,7640.14,1132.98,3921.74,25709.18
8363,2799,108,3,46203.27,8066.94,23497.72,154040.59
8364,2799,178,1,39619.34,3794.96,6448.39,42272.77
8365,2799,206,3,37695.53,2171.96,19964.63,130879.26
8366,2800,230,3,26170.26,2244.44,13727.94,89994.28
8367,2800,7,1,1179.48,67.32,200.19,1312.35
8368,2801,128,2,48190.05,5640.27,16333.17,107073.0
8369,2801,88,4,33071.07,14214.61,21252.54,139322.21
8370,2801,67,2,41997.34,7543.43,13761.23,90212.48
8371,2801,135,4,25713.49,9106.43,16874.56,110622.09
8372,2801,57,3,20483.4,1853.53,10727.4,70324.07
8373,2802,174,2,40361.15,2789.49,14027.91,91960.72
8374,2802,54,2,4901.82,212.26,1726.45,11317.83
8375,2802,71,4,21062.02,9237.85,13501.84,88512.07
8376,2802,194,1,5562.52,296.74,947.84,6213.62
8377,2802,26,1,15276.03,1098.41,2551.97,16729.59
8378,2803,143,4,23230.7,2338.72,16305.13,106889.21
8379,2803,170,3,19374.04,1111.06,10261.99,67273.05
8380,2803,161,1,41588.13,2649.89,7008.88,45947.12
8381,2803,232,2,11511.84,2673.5,3663.03,24013.21
8382,2803,126,4,14629.39,2568.03,10070.92,66020.45
8383,2804,205,3,26777.33,8473.61,12934.51,84792.89
8384,2804,198,1,112.51,7.52,18.9,123.89
8385,2804,197,3,13368.44,3682.73,6556.07,42978.66
8386,2805,144,4,33892.0,13305.78,22007.2,144269.42
8387,2805,31,2,44553.38,3050.75,15490.08,101546.09
8388,2806,87,3,21959.44,1545.24,11579.95,75913.03
8389,2806,49,3,43844.62,8899.66,22074.16,144708.36
8390,2806,208,4,7922.32,2708.62,5216.52,34197.18
8391,2807,75,3,8532.47,2381.1,4178.94,27395.25
8392,2807,38,1,28086.65,2918.45,4530.28,29698.48
8393,2808,76,2,44895.56,40.94,16155.03,105905.21
8394,2808,166,4,33767.83,12397.95,22081.21,144754.58
8395,2809,31,2,44553.38,3911.48,15335.15,100530.43
8396,2809,230,4,26170.26,11739.44,16729.49,109671.09
8397,2809,35,1,13199.49,78.96,2361.7,15482.23
8398,2809,22,3,9607.6,2944.83,4658.03,30536.0
8399,2810,10,4,31794.64,8707.25,21324.84,139796.15
8400,2810,113,1,2640.7,112.7,455.04,2983.04
8401,2811,110,4,6566.95,1129.34,4524.92,29663.38
8402,2812,193,2,16913.96,1894.79,5747.96,37681.09
8403,2813,95,1,8312.81,215.08,1457.59,9555.32
8404,2813,24,4,4300.49,1549.0,2817.53,18470.49
8405,2813,7,3,1179.48,200.19,600.88,3939.13
8406,2813,9,3,9902.75,852.59,5194.02,34049.68
8407,2814,191,3,30208.27,8720.96,14742.69,96646.54
8408,2815,152,1,37157.0,2389.74,6258.11,41025.37
8409,2815,207,2,27779.78,2713.85,9512.23,62357.94
8410,2816,170,2,19374.04,4440.67,6175.33,40482.74
8411,2816,134,1,29515.74,186.72,5279.22,34608.24
8412,2816,240,4,39567.79,2903.68,27966.15,183333.63
8413,2816,9,4,9902.75,117.07,7108.91,46602.84
8414,2816,191,1,30208.27,1390.52,5187.19,34004.94
8415,2817,73,4,17456.78,2821.01,12061.1,79067.21
8416,2817,218,3,20584.33,3663.03,10456.19,68546.15
8417,2817,228,2,11203.89,2182.73,3640.51,23865.56
8418,2818,87,3,21959.44,1253.45,11632.48,76257.35
8419,2818,58,2,43014.0,4552.27,14665.63,96141.36
8420,2818,91,3,33075.34,5203.28,16924.09,110946.83
8421,2818,192,4,13341.13,5551.55,8606.33,56419.3
8422,2819,151,3,39931.59,14304.05,18988.33,124479.05
8423,2819,4,3,35689.14,12073.22,17098.96,112093.16
8424,2819,72,2,12573.73,887.94,4366.71,28626.23
8425,2819,207,2,27779.78,4614.23,9170.16,60115.49
8426,2820,97,3,11972.84,988.81,6287.35,41217.06
8427,2821,18,4,16802.96,374.13,12030.79,78868.5
8428,2821,28,3,29031.11,3972.25,14961.79,98082.87
8429,2822,72,3,12573.73,21.87,6785.88,44485.2
8430,2822,208,3,7922.32,65.35,4266.29,27967.9
8431,2822,47,3,34112.86,2624.08,17948.61,117663.11
8432,2823,62,3,34302.26,11020.24,16539.58,108426.12
8433,2823,87,2,21959.44,2251.24,7500.18,49167.82
8434,2823,135,3,25713.49,2433.73,13447.21,88153.95
8435,2823,184,4,11705.83,2096.13,8050.89,52778.08
8436,2823,192,4,13341.13,3678.69,8943.45,58629.28
8437,2824,166,3,33767.83,2589.27,17768.56,116482.78
8438,2824,15,2,37893.41,7250.64,12336.51,80872.69
8439,2824,188,3,14567.29,2116.5,7485.37,49070.74
8440,2824,197,3,13368.44,2816.32,6712.02,44001.02
8441,2824,218,4,20584.33,8756.11,13244.62,86825.83
8442,2825,60,1,24754.89,990.84,4277.53,28041.58
8443,2825,15,1,37893.41,2470.65,6376.1,41798.86
8444,2825,195,4,42664.46,19729.73,27167.06,178095.17
8445,2826,206,4,37695.53,8727.32,25569.86,167624.66
8446,2826,73,2,17456.78,1944.66,5934.4,38903.3
8447,2827,203,4,32452.38,2967.96,22831.48,149673.04
8448,2827,95,1,8312.81,799.63,1352.37,8865.55
8449,2827,223,4,39924.82,6723.93,27535.56,180510.91
8450,2827,157,1,10083.83,443.17,1735.32,11375.98
8451,2827,165,2,37776.85,376.8,13531.84,88708.74
8452,2828,71,4,21062.02,1594.46,14877.65,97531.27
8453,2828,203,3,32452.38,829.26,17375.02,113902.9
8454,2828,28,1,29031.11,736.21,5093.08,33387.98
8455,2828,160,4,7458.41,1174.64,5158.62,33817.62
8456,2829,19,1,37198.47,2035.77,6329.29,41491.99
8457,2830,68,1,3827.59,253.49,643.34,4217.44
8458,2830,106,4,12366.02,4746.69,8049.13,52766.52
8459,2830,214,2,25781.44,2944.03,8751.39,57370.24
8460,2830,118,1,9547.03,1116.66,1517.47,9947.84
8461,2830,152,2,37157.0,3990.05,12658.31,82982.26
8462,2831,234,3,10605.83,196.77,5691.73,37312.45
8463,2831,167,4,31659.13,836.5,22644.0,148444.02
8464,2831,209,2,10731.59,340.66,3802.05,24924.57
8465,2831,114,4,23667.1,4331.39,16260.66,106597.67
8466,2831,121,1,18719.38,1222.4,3149.46,20646.44
8467,2832,16,1,37019.42,4083.47,5928.47,38864.42
8468,2832,213,2,20525.1,652.25,7271.63,47669.58
8469,2832,6,1,9654.29,196.11,1702.47,11160.65
8470,2832,26,4,15276.03,4103.29,10260.15,67260.98
8471,2833,188,4,14567.29,3959.68,9775.71,64085.19
8472,2834,216,1,4678.54,158.1,813.68,5334.12
8473,2834,17,3,25819.56,737.62,13809.79,90530.85
8474,2834,11,4,36727.76,4043.67,25716.13,168583.5
8475,2834,215,2,34726.43,4655.92,11663.45,76460.39
8476,2835,130,1,12728.22,660.8,2172.14,14239.56
8477,2835,162,2,38305.79,997.92,13610.46,89224.12
8478,2835,99,4,21866.86,207.41,15706.81,102966.84
8479,2836,237,1,17135.78,1736.52,2771.87,18171.13
8480,2836,190,2,14801.53,3253.73,4742.88,31092.21
8481,2836,41,3,23389.54,5359.6,11665.62,76474.64
8482,2837,167,4,31659.13,3271.32,22205.74,145570.94
8483,2837,197,3,13368.44,863.57,7063.51,46305.26
8484,2837,36,1,10167.03,804.58,1685.24,11047.69
8485,2838,1,1,25243.55,1213.57,4325.4,28355.38
8486,2838,40,2,11047.42,1632.22,3683.27,24145.89
8487,2839,72,2,12573.73,536.81,4429.92,29040.57
8488,2839,79,4,15130.34,4028.1,10168.79,66662.05
8489,2839,133,4,38037.94,16651.85,24389.98,159889.89
8490,2839,227,1,19776.73,104.18,3541.06,23213.61
8491,2840,107,4,19641.45,1646.44,13845.48,90764.84
8492,2840,101,4,46156.61,701.13,33106.56,217031.87
8493,2840,222,2,28533.87,6487.38,9104.46,59684.82
8494,2840,115,4,7640.14,3467.3,4876.79,31970.05
8495,2841,211,3,18681.33,6640.73,8892.59,58295.85
8496,2841,153,3,6055.61,1390.74,3019.7,19795.79
8497,2841,84,3,10857.56,2864.74,5347.43,35055.37
8498,2842,89,2,4268.91,260.92,1489.84,9766.74
8499,2843,207,4,27779.78,5683.74,18978.37,124413.75
8500,2843,120,3,26697.64,2470.63,13972.01,91594.3
8501,2844,88,1,33071.07,750.47,5817.71,38138.31
8502,2844,161,1,41588.13,3593.61,6839.01,44833.53
8503,2844,71,2,21062.02,3251.3,6997.09,45869.83
8504,2845,142,2,26420.51,865.22,9355.64,61331.44
8505,2845,45,2,3684.98,270.32,1277.94,8377.58
8506,2846,154,3,14680.42,4071.34,7194.59,47164.51
8507,2846,188,3,14567.29,1590.4,7580.06,49691.53
8508,2846,196,2,40456.71,6452.41,13402.98,87863.99
8509,2846,107,2,19641.45,3965.73,6357.09,41674.26
8510,2846,209,1,10731.59,145.57,1905.48,12491.5
8511,2847,173,1,15522.12,184.96,2760.69,18097.85
8512,2847,117,3,27023.51,8528.44,13057.58,85599.67
8513,2847,124,1,10290.63,1142.71,1646.63,10794.55
8514,2848,70,3,30937.09,6073.85,15612.74,102350.16
8515,2848,42,4,27736.92,4498.42,19160.87,125610.13
8516,2848,141,1,29486.44,1331.75,5067.84,33222.53
8517,2848,19,4,37198.47,15721.32,23953.06,157025.62
8518,2848,29,3,7930.98,64.75,4271.07,27999.26
8519,2849,16,1,37019.42,2862.92,6148.17,40304.67
8520,2850,193,4,16913.96,2727.06,11687.18,76615.96
8521,2850,4,3,35689.14,1876.28,18934.41,124125.55
8522,2851,208,2,7922.32,1321.4,2614.18,17137.42
8523,2851,114,1,23667.1,249.12,4215.24,27633.22
8524,2851,107,2,19641.45,373.16,7003.75,45913.49
8525,2851,189,1,28066.42,1545.2,4773.82,31295.04
8526,2852,35,1,13199.49,1257.83,2149.5,14091.16
8527,2852,152,3,37157.0,9772.04,18305.81,120004.77
8528,2852,57,1,20483.4,691.41,3562.56,23354.55
8529,2853,177,3,37809.52,12362.98,18191.8,119257.38
8530,2853,139,1,4824.95,205.99,831.41,5450.37
8531,2854,151,3,39931.59,4797.49,20699.51,135696.79
8532,2854,124,4,10290.63,4507.26,6597.95,43253.21
8533,2854,206,2,37695.53,1693.0,13265.65,86963.71
8534,2854,211,3,18681.33,2285.7,9676.49,63434.78
8535,2854,42,3,27736.92,263.42,14930.52,97877.86
8536,2855,157,4,10083.83,2156.44,6872.2,45051.08
8537,2855,103,3,20030.13,5770.19,9777.64,64097.84
8538,2855,31,3,44553.38,3348.07,23456.17,153768.24
8539,2855,29,1,7930.98,686.47,1304.01,8548.52
8540,2855,195,4,42664.46,14406.2,28125.3,184376.94
8541,2856,87,1,21959.44,85.72,3937.27,25810.99
8542,2856,206,2,37695.53,5919.89,12504.81,81975.98
8543,2856,62,3,34302.26,11636.63,16428.63,107698.78
8544,2856,238,3,19991.97,6194.22,9680.7,63462.39
8545,2856,188,2,14567.29,3028.91,4699.02,30804.69
8546,2857,93,4,17083.66,6615.08,11109.52,72829.08
8547,2857,136,1,34274.09,908.47,6005.81,39371.43
8548,2857,185,1,189.21,16.76,31.04,203.49
8549,2858,51,2,628.75,18.76,222.97,1461.71
8550,2858,106,1,12366.02,504.23,2135.12,13996.91
8551,2858,37,3,36875.04,4134.71,19168.27,125658.68
8552,2858,229,4,33676.3,14320.33,21669.28,142054.15
8553,2858,76,4,44895.56,1506.69,32053.6,210129.15
8554,2859,22,3,9607.6,1862.59,4852.84,31813.05
8555,2859,234,2,10605.83,842.01,3666.54,24036.19
8556,2859,15,2,37893.41,6562.39,12460.4,81684.83
8557,2859,90,4,18461.71,1886.86,12952.8,84912.78
8558,2859,201,4,18244.99,6883.92,11897.29,77993.33
8559,2860,158,4,36880.83,9884.45,24775.0,162413.87
8560,2860,37,2,36875.04,5899.79,12213.05,80063.34
8561,2860,239,4,26635.98,6154.99,18070.01,118458.94
8562,2860,141,1,29486.44,1112.79,5107.26,33480.91
8563,2860,108,4,46203.27,14577.53,30642.4,200877.95
8564,2861,97,2,11972.84,2864.33,3794.64,24875.99
8565,2861,158,3,36880.83,12823.13,17607.48,115426.84
8566,2861,152,4,37157.0,9238.49,25090.11,164479.62
8567,2861,27,3,12821.1,1344.57,6681.37,43800.1
8568,2862,82,2,10944.45,261.05,3893.01,25520.86
8569,2862,80,1,9554.15,450.78,1638.61,10741.98
8570,2862,8,1,28733.56,2467.98,4727.8,30993.38
8571,2862,44,4,43728.99,5243.76,30541.0,200213.2
8572,2862,100,2,46774.34,7686.8,15455.14,101317.02
8573,2863,103,1,20030.13,2010.67,3243.5,21262.96
8574,2863,24,2,4300.49,825.18,1399.64,9175.44
8575,2863,52,4,30086.26,1134.14,21457.96,140668.86
8576,2864,166,4,33767.83,11963.32,22159.44,145267.44
8577,2864,75,4,8532.47,3769.09,5464.94,35825.73
8578,2864,201,1,18244.99,1419.28,3028.63,19854.34
8579,2864,87,3,21959.44,7104.57,10579.27,69353.02
8580,2865,227,2,19776.73,4078.9,6385.42,41859.98
8581,2865,94,2,35740.44,6054.06,11776.83,77203.65
8582,2866,117,1,27023.51,605.89,4755.17,31172.79
8583,2867,148,1,32803.6,2029.65,5539.31,36313.26
8584,2867,165,3,37776.85,9680.74,18656.97,122306.78
8585,2867,173,4,15522.12,610.04,11066.12,72544.56
8586,2867,92,1,39462.15,1992.97,6744.45,44213.63
8587,2868,167,3,31659.13,730.7,16964.4,111211.09
8588,2869,217,4,8518.31,204.78,6096.32,39964.78
8589,2869,54,1,4901.82,518.73,788.96,5172.05
8590,2869,82,2,10944.45,20.3,3936.35,25804.95
8591,2869,150,4,3654.09,185.35,2597.58,17028.59
8592,2869,202,2,22486.45,2866.55,7579.14,49685.49
8593,2870,152,1,37157.0,4251.91,5922.92,38828.01
8594,2870,148,4,32803.6,13781.43,21137.93,138570.9
8595,2870,207,2,27779.78,642.21,9885.12,64802.47
8596,2870,57,3,20483.4,20.11,11057.42,72487.51
8597,2870,144,1,33892.0,1892.62,5759.89,37759.27
8598,2871,176,2,43250.55,1309.36,15334.51,100526.25
8599,2871,216,2,4678.54,343.83,1622.38,10635.63
8600,2871,82,1,10944.45,438.38,1891.09,12397.16
8601,2871,192,2,13341.13,538.09,4705.95,30850.12
8602,2872,20,1,38320.28,3889.12,6197.61,40628.77
8603,2872,53,4,12091.35,5228.52,7764.64,50901.52
8604,2873,201,3,18244.99,2250.83,9447.15,61931.29
8605,2873,206,2,37695.53,8616.76,12019.37,78793.67
8606,2874,29,1,7930.98,433.76,1349.5,8846.72
8607,2874,99,4,21866.86,1003.84,15563.45,102027.05
8608,2874,55,3,21783.95,1974.93,11407.85,74784.77
8609,2875,201,1,18244.99,411.23,3210.08,21043.84
8610,2875,86,3,41540.1,6015.44,21348.87,139953.73
8611,2876,110,3,6566.95,1675.82,3244.51,21269.54
8612,2876,180,2,4766.01,131.43,1692.11,11092.7
8613,2876,81,4,3286.08,343.34,2304.18,15105.16
8614,2877,131,4,41590.84,5579.74,28941.05,189724.67
8615,2877,140,1,12249.39,1322.74,1966.8,12893.45
8616,2877,126,3,14629.39,305.9,7844.81,51427.08
8617,2878,140,4,12249.39,1900.42,8477.49,55574.63
8618,2879,21,2,27939.78,2276.29,9648.59,63251.86
8619,2879,59,2,13506.51,2078.52,4488.21,29422.71
8620,2879,79,2,15130.34,957.28,5274.61,34578.01
8621,2879,23,1,3383.79,10.36,607.22,3980.65
8622,2880,183,1,17183.22,1807.74,2767.59,18143.07
8623,2880,198,4,112.51,34.12,74.87,490.79
8624,2881,80,1,9554.15,988.67,1541.79,10107.27
8625,2881,217,3,8518.31,622.43,4487.85,29420.35
8626,2881,25,4,27064.69,11718.07,17377.32,113918.01
8627,2882,10,2,31794.64,2558.82,10985.48,72015.94
8628,2882,160,2,7458.41,854.47,2531.22,16593.57
8629,2882,189,1,28066.42,3096.88,4494.52,29464.06
8630,2883,102,3,34567.4,1200.17,18450.37,120952.4
8631,2883,73,3,17456.78,2984.42,8889.47,58275.39
8632,2883,231,4,3326.96,1143.64,2189.56,14353.76
8633,2883,112,4,24992.69,6309.59,16859.01,110520.18
8634,2884,123,1,9421.34,517.91,1602.62,10506.05
8635,2884,22,3,9607.6,1441.38,4928.66,32310.08
8636,2884,26,1,15276.03,1706.68,2442.48,16011.83
8637,2884,75,2,8532.47,1638.07,2776.84,18203.71
8638,2884,224,3,31527.62,1094.52,16827.9,110316.24
8639,2885,147,1,26528.08,728.92,4643.85,30443.01
8640,2885,135,4,25713.49,11593.53,16426.88,107687.31
8641,2885,78,3,5073.66,110.45,2719.9,17830.43
8642,2885,38,2,28086.65,6714.09,8902.66,58361.87
8643,2885,5,3,16705.9,5508.11,8029.73,52639.32
8644,2886,207,2,27779.78,1440.11,9741.5,63860.95
8645,2887,107,3,19641.45,5561.69,9605.28,62967.94
8646,2887,221,2,32207.06,5837.21,10543.84,69120.75
8647,2887,177,4,37809.52,975.26,27047.31,177310.13
8648,2887,19,3,37198.47,2758.74,19590.6,128427.27
8649,2887,8,4,28733.56,7485.61,19340.75,126789.38
8650,2888,163,2,1240.08,99.78,428.47,2808.85
8651,2889,240,2,39567.79,6495.03,13075.3,85715.85
8652,2889,171,3,32844.1,6603.31,16547.22,108476.21
8653,2890,148,3,32803.6,563.69,17612.48,115459.59
8654,2890,237,1,17135.78,1784.14,2763.3,18114.94
8655,2890,11,3,36727.76,1375.11,19585.47,128393.64
8656,2891,56,2,36444.51,2614.74,12649.37,82923.65
8657,2891,20,2,38320.28,2863.18,13279.93,87057.31
8658,2892,195,4,42664.46,16048.61,27829.66,182438.89
8659,2893,127,3,3238.17,631.81,1634.89,10717.59
8660,2893,229,2,33676.3,653.92,12005.76,78704.44
8661,2894,61,3,33657.04,8329.24,16675.54,109317.42
8662,2894,21,3,27939.78,5902.04,14025.11,91942.41
8663,2894,58,1,43014.0,3212.2,7164.32,46966.12
8664,2894,37,4,36875.04,12374.01,24322.71,159448.86
8665,2895,24,1,4300.49,510.42,682.21,4472.28
8666,2895,71,3,21062.02,7021.36,10109.65,66274.35
8667,2895,90,4,18461.71,6902.03,12050.07,78994.88
8668,2895,124,4,10290.63,804.69,7264.41,47622.24
8669,2896,32,2,25348.23,5197.01,8189.9,53689.35
8670,2896,46,1,5015.71,296.52,849.45,5568.64
8671,2896,17,4,25819.56,12.9,18587.76,121853.1
8672,2896,148,4,32803.6,10028.98,21813.38,142998.8
8673,2897,87,3,21959.44,7502.21,10507.7,68883.81
8674,2897,47,1,34112.86,2863.0,5624.97,36874.83
8675,2897,114,1,23667.1,623.15,4147.91,27191.86
8676,2898,23,4,3383.79,881.62,2277.64,14931.18
8677,2898,169,3,10455.18,2262.28,5238.59,34341.85
8678,2898,196,4,40456.71,13534.32,26692.65,174985.17
8679,2898,219,2,11772.86,1974.39,3882.84,25454.17
8680,2898,139,1,4824.95,121.31,846.66,5550.3
8681,2899,121,3,18719.38,6537.53,8931.71,58552.32
8682,2899,94,4,35740.44,9114.63,24092.48,157939.61
8683,2900,37,2,36875.04,159.88,13246.24,86836.44
8684,2900,67,1,41997.34,1121.33,7357.68,48233.69
8685,2900,192,2,13341.13,554.9,4702.92,30830.28
8686,2900,108,4,46203.27,8219.93,31786.77,208379.92
8687,2900,74,3,24770.89,677.96,13254.25,86888.96
8688,2901,95,4,8312.81,927.37,5818.3,38142.17
8689,2901,190,3,14801.53,4103.49,7254.2,47555.3
8690,2901,166,2,33767.83,5344.74,11194.37,73385.29
8691,2902,39,4,39677.48,18317.64,25270.61,165662.89
8692,2902,207,1,27779.78,163.2,4970.98,32587.56
8693,2902,175,3,27514.3,3131.27,14294.09,93705.72
8694,2902,129,4,3101.06,406.12,2159.66,14157.78
8695,2902,16,4,37019.42,11643.22,24558.2,160992.66
8696,2903,197,2,13368.44,1690.78,4508.3,29554.4
8697,2903,52,4,30086.26,7999.32,20222.23,132567.95
8698,2903,63,2,120.39,15.94,40.47,265.31
8699,2903,130,4,12728.22,3189.21,8590.26,56313.93
8700,2903,51,2,628.75,52.14,216.96,1422.32
8701,2904,90,2,18461.71,1473.78,6380.94,41830.58
8702,2904,47,4,34112.86,13234.73,22179.01,145395.72
8703,2904,191,2,30208.27,3479.43,10248.68,67185.79
8704,2904,37,4,36875.04,4121.35,25808.19,169187.0
8705,2905,104,2,15989.17,3565.58,5114.3,33527.06
8706,2905,8,2,28733.56,4098.02,9606.44,62975.54
8707,2905,171,3,32844.1,680.03,17613.41,115465.68
8708,2905,51,4,628.75,139.94,427.51,2802.57
8709,2905,238,2,19991.97,1959.18,6844.46,44869.22
8710,2906,207,4,27779.78,12825.29,17692.89,115986.72
8711,2906,199,2,19178.46,3227.63,6323.27,41452.56
8712,2906,138,4,5484.92,198.08,3913.49,25655.09
8713,2906,219,1,11772.86,1389.14,1869.07,12252.79
8714,2907,72,2,12573.73,2940.94,3997.17,26203.69
8715,2907,11,2,36727.76,3419.33,12606.51,82642.7
8716,2907,172,1,1060.63,90.26,174.67,1145.04
8717,2907,109,2,25465.9,925.49,9001.14,59007.45
8718,2908,138,4,5484.92,1985.87,3591.69,23545.5
8719,2908,71,1,21062.02,534.49,3694.96,24222.49
8720,2908,200,3,28469.05,219.72,15333.74,100521.17
8721,2908,156,2,36965.82,8378.65,11799.54,77352.53
8722,2908,29,4,7930.98,694.71,5585.26,36614.47
8723,2909,83,3,34264.79,10404.73,16630.14,109019.78
8724,2909,9,3,9902.75,1870.45,5010.8,32848.6
8725,2909,3,1,33432.15,108.39,5998.28,39322.04
8726,2909,120,4,26697.64,5557.68,18221.92,119454.8
8727,2909,36,2,10167.03,1913.34,3315.73,21736.45
8728,2910,158,4,36880.83,13235.31,24171.84,158459.85
8729,2910,8,3,28733.56,7456.38,14173.97,92918.27
8730,2910,80,4,9554.15,1718.4,6569.68,43067.88
8731,2911,26,4,15276.03,5291.11,10046.34,65859.35
8732,2911,184,4,11705.83,2565.12,7966.48,52224.68
8733,2911,16,2,37019.42,1427.79,13069.99,85681.04
8734,2911,125,4,28195.42,4161.31,19551.67,128172.04
8735,2912,3,3,33432.15,8932.21,16445.56,107809.8
8736,2912,35,4,13199.49,5337.06,8542.96,56003.86
8737,2912,118,4,9547.03,3501.02,6243.68,40930.78
8738,2912,199,4,19178.46,6386.83,12658.86,82985.87
8739,2913,97,1,11972.84,1337.1,1914.43,12550.17
8740,2913,167,1,31659.13,588.65,5592.69,36663.17
8741,2913,153,1,6055.61,361.85,1024.88,6718.64
8742,2913,174,1,40361.15,264.75,7217.35,47313.75
8743,2913,3,4,33432.15,9818.86,22303.75,146213.49
8744,2914,229,3,33676.3,3105.28,17626.25,115549.87
8745,2914,170,3,19374.04,6583.07,9277.03,60816.08
8746,2914,41,3,23389.54,1538.69,12353.39,80983.32
8747,2914,222,2,28533.87,870.87,10115.44,66312.31
8748,2914,37,3,36875.04,9864.23,18136.96,118897.85
8749,2915,233,4,21896.66,4225.46,15005.01,98366.19
8750,2916,234,4,10605.83,3042.96,7088.46,46468.82
8751,2916,11,1,36727.76,57.38,6600.67,43271.05
8752,2916,124,4,10290.63,4061.37,6678.21,43779.36
8753,2916,4,2,35689.14,3522.11,12214.11,80070.28
8754,2916,90,1,18461.71,1441.76,3063.59,20083.54
8755,2917,17,4,25819.56,10254.82,16744.22,109767.64
8756,2918,81,4,3286.08,1402.5,2113.53,13855.35
8757,2918,34,4,9115.19,590.47,6456.65,42326.94
8758,2918,140,2,12249.39,21.89,4405.84,28882.73
8759,2919,99,2,21866.86,3904.79,7169.21,46998.14
8760,2919,222,1,28533.87,512.82,5043.79,33064.84
8761,2919,14,4,3800.37,97.37,2718.74,17822.85
8762,2920,18,2,16802.96,2192.24,5654.46,37068.14
8763,2920,141,4,29486.44,4999.14,20330.39,133277.01
8764,2920,70,3,30937.09,5112.66,15785.75,103484.36
8765,2920,4,2,35689.14,7747.16,11453.6,75084.72
8766,2920,153,1,6055.61,499.47,1000.11,6556.25
8767,2921,58,1,43014.0,4303.21,6967.94,45678.73
8768,2921,8,4,28733.56,13745.05,18214.05,119403.24
8769,2922,235,1,28131.22,1407.85,4810.21,31533.58
8770,2922,86,3,41540.1,12857.15,20117.37,131880.52
8771,2923,219,4,11772.86,2419.74,8040.91,52712.61
8772,2923,93,4,17083.66,4410.26,11506.39,75430.77
8773,2923,165,2,37776.85,7489.61,12251.54,80315.63
8774,2923,96,4,17662.28,4857.27,11842.53,77634.38
8775,2923,179,2,40060.15,5611.35,13411.61,87920.56
8776,2924,11,2,36727.76,728.52,13090.86,85817.86
8777,2924,181,4,30664.66,11893.38,19937.75,130703.01
8778,2924,49,1,43844.62,3117.3,7330.92,48058.24
8779,2924,84,1,10857.56,179.91,1921.98,12599.63
8780,2924,223,4,39924.82,17372.44,25618.83,167945.67
8781,2925,21,1,27939.78,2727.17,4538.27,29750.88
8782,2925,26,1,15276.03,239.72,2706.54,17742.85
8783,2926,220,2,21280.0,37.98,7653.96,50175.98
8784,2926,202,2,22486.45,527.47,8000.18,52445.61
8785,2927,189,2,28066.42,3468.83,9479.52,62143.53
8786,2927,226,3,41253.01,9401.84,20584.29,134941.48
8787,2928,236,1,18050.29,107.48,3229.71,21172.52
8788,2928,142,3,26420.51,8630.81,12713.53,83344.25
8789,2928,11,3,36727.76,12174.09,17641.65,115650.84
8790,2929,219,3,11772.86,1142.45,6151.7,40327.83
8791,2930,159,3,18286.08,4076.34,9140.74,59922.64
8792,2930,234,1,10605.83,1017.02,1725.99,11314.8
8793,2930,183,1,17183.22,716.65,2963.98,19430.55
8794,2930,205,1,26777.33,3069.22,4267.46,27975.57
8795,2931,1,4,25243.55,11131.93,16171.61,106013.88
8796,2932,220,3,21280.0,1799.86,11167.23,73207.37
8797,2932,201,4,18244.99,1925.2,12789.86,83844.62
8798,2932,81,4,3286.08,671.24,2245.15,14718.23
8799,2933,237,2,17135.78,958.2,5996.4,39309.76
8800,2933,199,1,19178.46,1921.1,3106.32,20363.68
8801,2933,205,2,26777.33,1186.02,9426.36,61795.0
8802,2934,99,2,21866.86,2119.67,7490.53,49104.58
8803,2934,227,3,19776.73,3826.77,9990.62,65494.04
8804,2934,42,1,27736.92,2194.12,4597.7,30140.5
8805,2935,89,1,4268.91,417.62,693.23,4544.52
8806,2935,111,4,43082.21,18543.19,27681.42,181467.07
8807,2936,115,2,7640.14,415.62,2675.64,17540.3
8808,2936,44,1,43728.99,2532.36,7415.39,48612.02
8809,2937,239,1,26635.98,688.7,4670.51,30617.79
8810,2937,209,3,10731.59,2689.75,5310.9,34815.92
8811,2937,70,4,30937.09,4520.47,21461.02,140688.91
8812,2937,170,4,19374.04,2859.1,13434.67,88071.73
8813,2937,51,3,628.75,6.25,338.4,2218.4
8814,2938,113,1,2640.7,121.96,453.37,2972.11
8815,2938,125,2,28195.42,5012.75,9248.06,60626.15
8816,2938,151,3,39931.59,2146.71,21176.65,138824.71
8817,2939,75,3,8532.47,2831.76,4097.82,26863.47
8818,2939,27,4,12821.1,1457.87,8968.78,58795.31
8819,2940,65,3,41109.17,4527.66,21383.97,140183.82
8820,2940,156,2,36965.82,8865.86,11711.84,76777.62
8821,2940,233,4,21896.66,7242.66,14461.92,94805.9
8822,2940,31,3,44553.38,13523.44,21624.61,141761.31
8823,2941,176,4,43250.55,4731.27,30288.77,198559.7
8824,2941,77,4,19293.34,3940.09,13181.99,86415.26
8825,2941,20,3,38320.28,99.4,20675.06,135536.5
8826,2941,90,1,18461.71,446.64,3242.71,21257.78
8827,2942,96,3,17662.28,5745.56,8503.43,55744.71
8828,2942,124,1,10290.63,384.82,1783.05,11688.86
8829,2942,165,3,37776.85,1341.44,20158.04,132147.15
8830,2942,27,3,12821.1,1508.8,6651.81,43606.31
8831,2942,169,2,10455.18,1361.6,3518.78,23067.54
8832,2943,217,1,8518.31,546.98,1434.84,9406.17
8833,2944,51,1,628.75,62.11,102.0,668.64
8834,2944,167,1,31659.13,1731.15,5387.04,35315.02
8835,2945,170,1,19374.04,878.02,3329.28,21825.3
8836,2946,55,1,21783.95,463.61,3837.66,25158.0
8837,2946,14,4,3800.37,436.27,2657.74,17422.95
8838,2947,157,3,10083.83,3017.22,4902.17,32136.44
8839,2947,220,2,21280.0,4682.28,6817.99,44695.71
8840,2947,83,4,34264.79,14647.88,22034.03,144445.31
8841,2947,16,3,37019.42,7798.13,18586.82,121846.95
8842,2948,67,1,41997.34,4864.97,6683.83,43816.2
8843,2948,151,3,39931.59,12380.29,19334.61,126749.09
8844,2948,53,4,12091.35,5157.45,7777.43,50985.38
8845,2949,38,4,28086.65,11108.41,18222.87,119461.06
8846,2949,108,1,46203.27,3382.43,7707.75,50528.59
8847,2949,16,4,37019.42,2777.97,26153.95,171453.66
8848,2950,235,4,28131.22,3928.83,19547.29,128143.34
8849,2951,165,2,37776.85,6329.61,12460.34,81684.43
8850,2952,169,3,10455.18,766.49,5507.83,36106.88
8851,2952,47,4,34112.86,9975.42,22765.68,149241.7
8852,2952,43,2,16510.19,2130.9,5560.11,36449.59
8853,2952,49,3,43844.62,14581.23,21051.47,138004.1
8854,2952,134,3,29515.74,3902.62,15236.03,99880.63
8855,2953,83,4,34264.79,7539.68,23313.51,152832.99
8856,2953,46,4,5015.71,881.68,3452.61,22633.77
8857,2953,153,1,6055.61,118.01,1068.77,7006.37
8858,2953,70,3,30937.09,11084.34,14710.85,96437.78
8859,2954,21,1,27939.78,262.44,4981.92,32659.26
8860,2954,189,2,28066.42,4226.18,9343.2,61249.86
8861,2955,55,3,21783.95,5917.13,10698.25,70132.97
8862,2955,212,4,8937.81,1237.87,6212.41,40725.78
8863,2955,203,2,32452.38,4816.7,10815.85,70903.91
8864,2955,86,2,41540.1,5602.21,13946.04,91424.03
8865,2955,74,2,24770.89,2152.2,8530.12,55919.7
8866,2956,45,1,3684.98,216.76,624.28,4092.5
8867,2956,17,3,25819.56,7340.79,12621.22,82739.11
8868,2956,91,4,33075.34,15011.85,21112.11,138401.62
8869,2957,122,4,24991.82,10694.06,16069.18,105342.4
8870,2957,200,1,28469.05,1863.73,4788.96,31394.28
8871,2957,83,1,34264.79,159.93,6138.87,40243.73
8872,2958,94,1,35740.44,3689.12,5769.24,37820.56
8873,2958,28,4,29031.11,8309.57,19406.68,127221.55
8874,2958,46,2,5015.71,164.19,1776.1,11643.33
8875,2959,161,4,41588.13,14848.36,27270.75,178774.91
8876,2959,35,2,13199.49,360.48,4686.93,30725.43
8877,2960,32,4,25348.23,5943.65,17180.87,112630.14
8878,2960,214,4,25781.44,6110.1,17462.82,114478.48
8879,2960,159,1,18286.08,1680.38,2989.03,19594.73
8880,2961,48,2,2802.25,474.99,923.31,6052.82
8881,2961,51,4,628.75,57.39,442.37,2899.98
8882,2961,233,3,21896.66,6251.82,10698.87,70137.03
8883,2962,9,3,9902.75,1584.39,5062.29,33186.15
8884,2963,117,4,27023.51,5668.97,18436.51,120861.58
8885,2963,144,2,33892.0,5124.49,11278.71,73938.22
8886,2964,60,4,24754.89,6046.09,16735.22,109708.69
8887,2964,4,1,35689.14,2568.36,5961.74,39082.52
8888,2964,160,3,7458.41,33.43,4021.52,26363.32
8889,2964,157,4,10083.83,2398.06,6828.71,44765.97
8890,2964,195,4,42664.46,11662.83,28619.1,187614.11
8891,2965,75,4,8532.47,1117.57,5942.22,38954.53
8892,2965,144,1,33892.0,704.92,5973.67,39160.75
8893,2965,210,1,33886.56,2434.24,5661.42,37113.74
8894,2965,234,1,10605.83,45.97,1900.77,12460.63
8895,2965,175,3,27514.3,901.81,14695.4,96336.49
8896,2966,53,4,12091.35,198.84,8669.98,56836.54
8897,2966,52,4,30086.26,5897.88,20600.49,135047.65
8898,2966,43,4,16510.19,3975.3,11171.78,73237.24
8899,2967,234,1,10605.83,906.66,1745.85,11445.02
8900,2967,18,4,16802.96,2859.44,11583.43,75935.83
8901,2968,240,3,39567.79,10669.8,19446.04,127479.61
8902,2968,104,1,15989.17,34.93,2871.76,18826.0
8903,2968,188,3,14567.29,2301.94,7451.99,48851.92
8904,2968,94,1,35740.44,2843.57,5921.44,38818.31
8905,2968,176,2,43250.55,7061.86,14299.06,93738.3
8906,2969,236,3,18050.29,3561.0,9106.18,59696.05
8907,2969,162,4,38305.79,11177.38,25568.24,167614.02
8908,2969,140,3,12249.39,3826.14,5925.97,38848.0
8909,2969,149,3,16854.36,1236.63,8878.76,58205.21
8910,2969,196,2,40456.71,1828.71,14235.25,93319.96
8911,2970,111,1,43082.21,3911.49,7050.73,46221.45
8912,2970,12,1,13880.48,918.7,2333.12,15294.9
8913,2970,109,3,25465.9,437.77,13672.79,89632.72
8914,2970,36,1,10167.03,386.71,1760.46,11540.78
8915,2970,165,3,37776.85,10133.86,18575.4,121772.09
8916,2971,173,4,15522.12,4688.28,10332.04,67732.24
8917,2971,69,2,3290.31,766.2,1046.6,6861.02
8918,2972,78,3,5073.66,1259.05,2513.15,16475.08
8919,2972,116,2,3361.81,230.25,1168.81,7662.18
8920,2972,35,2,13199.49,1899.78,4409.86,28909.06
8921,2972,82,4,10944.45,68.88,7867.61,51576.53
8922,2973,36,2,10167.03,2267.08,3252.06,21319.04
8923,2973,95,4,8312.81,2106.49,5606.05,36750.8
8924,2973,173,3,15522.12,4199.18,7626.09,49993.27
8925,2974,27,4,12821.1,2398.9,8799.39,57684.89
8926,2974,43,3,16510.19,5252.55,7970.04,52248.06
8927,2974,40,1,11047.42,802.63,1844.06,12088.85
8928,2974,79,4,15130.34,11.63,10891.75,71401.48
8929,2974,201,1,18244.99,1331.11,3044.5,19958.38
8930,2975,20,2,38320.28,1078.78,13601.12,89162.9
8931,2975,121,1,18719.38,303.87,3314.79,21730.3
8932,2975,88,3,33071.07,10659.2,15939.72,104493.73
8933,2975,167,2,31659.13,3790.42,10715.01,70242.85
8934,2975,55,4,21783.95,17.82,15681.24,102799.22
8935,2976,47,4,34112.86,1415.0,24306.56,159343.0
8936,2976,197,2,13368.44,113.83,4792.15,31415.2
8937,2976,95,1,8312.81,322.53,1438.25,9428.53
8938,2976,51,2,628.75,34.28,220.18,1443.4
8939,2977,49,2,43844.62,736.05,15651.57,102604.76
8940,2978,41,4,23389.54,2217.3,16441.35,107782.21
8941,2978,37,3,36875.04,4017.46,19189.38,125797.04
8942,2978,106,2,12366.02,52.29,4442.35,29122.1
8943,2979,164,4,15908.19,3299.51,10859.98,71193.23
8944,2979,88,1,33071.07,822.1,5804.81,38053.78
8945,2979,51,3,628.75,94.78,322.46,2113.93
8946,2979,220,2,21280.0,1678.74,7358.63,48239.89
8947,2980,226,2,41253.01,8224.75,13370.63,87651.9
8948,2980,84,3,10857.56,2834.52,5352.87,35091.03
8949,2981,91,2,33075.34,7926.36,10480.38,68704.7
8950,2981,113,2,2640.7,219.62,911.12,5972.9
8951,2981,117,1,27023.51,2169.53,4473.72,29327.7
8952,2981,81,4,3286.08,0.19,2365.94,15510.07
8953,2982,83,3,34264.79,504.63,18412.15,120701.89
8954,2983,103,2,20030.13,681.37,7088.2,46467.09
8955,2984,33,4,39008.3,3763.65,27408.52,179678.07
8956,2984,98,4,20903.98,9375.08,13363.35,87604.19
8957,2984,155,2,37465.45,4176.28,12735.83,83490.45
8958,2985,125,4,28195.42,8271.89,18811.76,123321.55
8959,2985,108,4,46203.27,10617.85,31355.14,205550.37
8960,2985,131,3,41590.84,5837.4,21408.32,140343.44
8961,2985,166,2,33767.83,3131.5,11592.75,75996.91
8962,2986,199,2,19178.46,3736.5,6231.68,40852.1
8963,2986,144,4,33892.0,18.98,24398.82,159947.84
8964,2986,189,4,28066.42,8976.16,18592.11,121881.63
8965,2986,206,4,37695.53,2182.59,26747.92,175347.45
8966,2986,185,4,189.21,6.4,135.08,885.52
8967,2987,109,1,25465.9,2433.17,4145.89,27178.62
8968,2987,32,3,25348.23,5321.55,12730.17,83453.31
8969,2987,107,3,19641.45,6891.91,9365.84,61398.28
8970,2988,81,1,3286.08,297.06,538.02,3527.04
8971,2988,182,4,26624.12,4888.65,18289.41,119897.24
8972,2988,104,3,15989.17,3540.08,7996.94,52424.37
8973,2988,19,2,37198.47,1410.78,13137.51,86123.67
8974,2988,79,3,15130.34,5191.92,7235.84,47434.94
8975,2989,49,1,43844.62,4282.51,7121.18,46683.29
8976,2990,55,2,21783.95,4726.01,6991.54,45833.43
8977,2990,7,3,1179.48,271.09,588.12,3855.47
8978,2990,213,3,20525.1,5188.81,10149.57,66536.06
8979,2990,216,1,4678.54,389.76,771.98,5060.76
8980,2991,63,2,120.39,6.43,42.18,276.53
8981,2991,96,3,17662.28,429.95,9460.24,62017.13
8982,2992,155,4,37465.45,7013.92,25712.62,168560.5
8983,2992,41,4,23389.54,10577.91,14936.44,97916.69
8984,2992,113,2,2640.7,155.82,922.6,6048.18
8985,2992,142,1,26420.51,2012.66,4393.41,28801.26
8986,2993,66,4,12279.53,1996.99,8481.8,55602.93
8987,2993,176,3,43250.55,3082.18,22800.5,149469.97
8988,2993,67,4,41997.34,3129.13,29674.84,194535.07
8989,2994,151,4,39931.59,2706.87,28263.51,185283.0
8990,2995,237,2,17135.78,2405.91,5735.82,37601.47
8991,2995,166,3,33767.83,10921.67,16268.73,106650.55
8992,2996,6,3,9654.29,3460.62,4590.41,30092.66
8993,2996,161,4,41588.13,15032.45,27237.61,178557.68
8994,2997,43,1,16510.19,281.5,2921.16,19149.85
8995,2997,147,3,26528.08,9325.33,12646.6,82905.51
8996,2997,143,3,23230.7,6374.21,11397.22,74715.11
8997,2997,228,1,11203.89,1070.45,1824.02,11957.46
8998,2997,167,4,31659.13,1314.02,22558.05,147880.55
8999,2998,197,4,13368.44,1492.84,9356.57,61337.49
9000,2998,85,2,8728.6,1059.87,2951.52,19348.85
9001,2998,222,2,28533.87,3355.68,9668.17,63380.23
9002,2998,30,3,7051.18,1225.5,3587.05,23515.09
9003,2998,229,3,33676.3,926.94,18018.35,118120.31
9004,2999,184,3,11705.83,542.05,6223.58,40799.02
9005,3000,133,4,38037.94,5164.73,26457.67,173444.7
9006,3000,19,3,37198.47,9568.99,18364.76,120391.18
9007,3000,205,4,26777.33,10571.83,17376.75,113914.24
9008,3000,31,3,44553.38,12926.23,21732.1,142466.01
9009,3001,214,1,25781.44,2907.84,4117.25,26990.85
9010,3001,155,3,37465.45,9240.92,18567.98,121723.41
9011,3002,12,3,13880.48,1249.16,7270.61,47662.89
9012,3002,34,3,9115.19,2079.95,4547.81,29813.43
9013,3002,49,4,43844.62,10719.95,29638.54,194297.07
9014,3002,197,1,13368.44,156.21,2378.2,15590.43
9015,3003,208,4,7922.32,1883.02,5365.13,35171.39
9016,3003,21,4,27939.78,5300.23,19162.6,125621.49
9017,3004,71,4,21062.02,9688.47,13420.73,87980.34
9018,3004,223,1,39924.82,4090.37,6450.2,42284.65
9019,3004,120,2,26697.64,5406.28,8638.02,56627.02
9020,3004,132,2,15074.48,1111.31,5226.78,34264.43
9021,3004,198,4,112.51,40.35,73.74,483.43
9022,3005,48,2,2802.25,633.26,894.82,5866.06
9023,3006,189,3,28066.42,7681.45,13773.21,90291.02
9024,3006,60,3,24754.89,3402.42,12755.2,83617.45
9025,3006,6,4,9654.29,2467.75,6506.89,42656.3
9026,3007,195,1,42664.46,4760.27,6822.75,44726.94
9027,3008,67,1,41997.34,3116.82,6998.49,45879.01
9028,3009,19,1,37198.47,1730.84,6384.17,41851.8
9029,3009,123,4,9421.34,2515.99,6330.49,41499.86
9030,3009,2,3,11408.11,3510.61,5528.47,36242.19
9031,3009,100,3,46774.34,13406.68,22844.94,149761.28
9032,3010,236,1,18050.29,1157.86,3040.64,19933.07
9033,3010,214,4,25781.44,7479.1,17216.4,112863.06
9034,3010,227,2,19776.73,3705.72,6452.59,42300.33
9035,3010,19,3,37198.47,12009.22,17925.51,117511.7
9036,3010,132,1,15074.48,590.74,2607.07,17090.81
9037,3011,167,2,31659.13,194.53,11362.27,74486.0
9038,3011,104,1,15989.17,783.15,2737.08,17943.1
9039,3012,18,1,16802.96,126.09,3001.84,19678.71
9040,3012,229,1,33676.3,2823.78,5553.45,36405.97
9041,3013,202,2,22486.45,4545.71,7276.89,47704.08
9042,3013,143,3,23230.7,6076.98,11450.72,75065.84
9043,3013,148,1,32803.6,3175.46,5333.07,34961.21
9044,3014,89,3,4268.91,154.97,2277.32,14929.08
9045,3014,99,4,21866.86,3311.8,15148.02,99303.66
9046,3014,220,4,21280.0,4285.89,14550.14,95384.25
9047,3014,233,1,21896.66,880.7,3782.87,24798.83
9048,3015,177,2,37809.52,6943.67,12361.57,81036.94
9049,3015,169,4,10455.18,2461.73,7084.62,46443.61
9050,3015,5,2,16705.9,3223.58,5433.88,35622.1
9051,3015,178,4,39619.34,3469.15,27901.48,182909.69
9052,3015,87,3,21959.44,1085.0,11662.8,76456.12
9053,3016,166,4,33767.83,1062.97,24121.5,158129.85
9054,3016,67,4,41997.34,13552.62,27798.61,182235.35
9055,3016,138,2,5484.92,989.71,1796.42,11776.55
9056,3016,13,3,40458.84,2973.55,21312.53,139715.5
9057,3016,216,2,4678.54,180.84,1651.72,10827.96
9058,3017,17,2,25819.56,1357.07,9050.77,59332.82
9059,3018,239,3,26635.98,5313.67,13426.97,88021.24
9060,3018,209,1,10731.59,136.55,1907.11,12502.15
9061,3018,224,3,31527.62,481.02,16938.33,111040.17
9062,3018,108,3,46203.27,7196.37,23654.42,155067.86
9063,3019,12,4,13880.48,4900.04,9111.94,59733.82
9064,3019,157,1,10083.83,328.21,1756.01,11511.63
9065,3019,84,2,10857.56,1029.12,3723.48,24409.48
9066,3019,15,1,37893.41,3536.55,6184.23,40541.09
9067,3019,37,1,36875.04,2284.79,6226.24,40816.49
9068,3020,21,4,27939.78,12788.57,17814.7,116785.25
9069,3020,106,4,12366.02,5255.85,7957.48,52165.71
9070,3020,180,4,4766.01,2098.21,3053.85,20019.68
9071,3020,50,4,45675.94,6978.12,31630.62,207356.26
9072,3021,182,4,26624.12,11822.85,17041.25,111714.88
9073,3021,139,1,4824.95,388.86,798.5,5234.59
9074,3021,162,3,38305.79,1327.84,20446.12,134035.65
9075,3022,203,4,32452.38,5262.66,22418.43,146965.29
9076,3023,137,4,31709.73,7862.92,21415.68,140391.68
9077,3023,169,3,10455.18,3251.77,5060.48,33174.25
9078,3023,211,1,18681.33,506.04,3271.55,21446.84
9079,3023,235,1,28131.22,3106.17,4504.51,29529.56
9080,3023,99,2,21866.86,2758.15,7375.6,48351.17
9081,3024,71,3,21062.02,1605.89,11084.43,72664.6
9082,3024,215,2,34726.43,4549.12,11682.67,76586.41
9083,3025,137,2,31709.73,6053.4,10325.89,67691.95
9084,3025,112,4,24992.69,11120.61,15993.03,104843.18
9085,3025,176,2,43250.55,2238.61,15167.25,99429.74
9086,3025,187,2,33639.08,3887.51,11410.32,74800.97
9087,3026,80,3,9554.15,2763.58,4661.8,30560.67
9088,3026,102,2,34567.4,7999.15,11004.42,72140.07
9089,3026,168,2,41017.08,8220.81,13286.4,87099.75
9090,3027,27,2,12821.1,176.13,4583.89,30049.96
9091,3027,125,4,28195.42,7663.86,18921.21,124039.03
9092,3027,118,1,9547.03,656.33,1600.33,10491.03
9093,3027,206,1,37695.53,3144.18,6219.24,40770.59
9094,3028,96,2,17662.28,3029.79,5813.06,38107.83
9095,3028,31,3,44553.38,6479.33,22892.55,150073.36
9096,3028,24,2,4300.49,328.74,1489.0,9761.24
9097,3028,193,4,16913.96,1079.74,11983.7,78559.8
9098,3028,11,1,36727.76,4316.09,5834.1,38245.77
9099,3029,96,1,17662.28,1621.73,2887.3,18927.85
9100,3029,6,3,9654.29,952.93,5041.79,33051.73
9101,3029,7,3,1179.48,181.07,604.33,3961.7
9102,3030,128,4,48190.05,3579.71,34052.49,223232.98
9103,3030,96,2,17662.28,92.16,6341.83,41574.23
9104,3031,83,2,34264.79,3778.59,11655.18,76406.17
9105,3032,2,2,11408.11,417.97,4031.68,26429.93
9106,3032,172,3,1060.63,198.33,537.04,3520.6
9107,3033,157,4,10083.83,1877.86,6922.34,45379.8
9108,3033,237,3,17135.78,1261.57,9026.24,59172.01
9109,3033,70,2,30937.09,2058.82,10766.76,70582.12
9110,3033,240,3,39567.79,7198.41,20070.89,131575.85
9111,3034,112,3,24992.69,6088.94,12400.04,81289.17
9112,3034,204,4,3813.54,1005.21,2564.81,16813.76
9113,3034,89,4,4268.91,1683.49,2770.59,18162.74
9114,3035,175,3,27514.3,903.36,14695.12,96334.66
9115,3035,33,3,39008.3,2027.67,20699.5,135696.73
9116,3035,217,4,8518.31,3988.04,5415.34,35500.54
9117,3035,168,2,41017.08,3211.51,14188.08,93010.73
9118,3035,158,1,36880.83,2437.53,6199.79,40643.09
9119,3036,171,4,32844.1,14831.28,20978.12,137523.24
9120,3036,125,2,28195.42,3953.16,9438.78,61876.46
9121,3036,113,1,2640.7,302.31,420.91,2759.3
9122,3036,77,1,19293.34,447.45,3392.26,22238.15
9123,3037,171,4,32844.1,6906.63,22404.56,146874.33
9124,3037,139,3,4824.95,1268.74,2377.1,15583.21
9125,3037,130,2,12728.22,2907.03,4058.89,26608.3
9126,3037,204,3,3813.54,941.86,1889.78,12388.54
9127,3038,104,2,15989.17,1004.89,5575.22,36548.67
9128,3039,34,1,9115.19,320.57,1583.03,10377.65
9129,3040,160,4,7458.41,2366.16,4944.15,32411.63
9130,3040,13,4,40458.84,6115.94,28029.5,183748.92
9131,3040,137,1,31709.73,3503.52,5077.12,33283.33
9132,3040,192,3,13341.13,2097.39,6826.68,44752.68
9133,3041,107,3,19641.45,2613.36,10135.98,66446.97
9134,3041,119,2,36904.39,1629.49,12992.27,85171.56
9135,3041,10,3,31794.64,891.04,17008.72,111501.6
9136,3041,28,2,29031.11,1832.18,10121.41,66351.45
9137,3041,230,4,26170.26,12019.12,16679.15,109341.07
9138,3042,236,1,18050.29,821.77,3101.13,20329.65
9139,3042,82,2,10944.45,366.61,3874.01,25396.3
9140,3043,13,3,40458.84,8750.18,20272.74,132899.08
9141,3043,16,1,37019.42,141.6,6638.01,43515.83
9142,3043,37,3,36875.04,5878.75,18854.35,123600.72
9143,3043,22,3,9607.6,2820.74,4680.37,30682.43
9144,3043,192,3,13341.13,1728.58,6893.07,45187.88
9145,3044,18,1,16802.96,1108.59,2824.99,18519.36
9146,3044,49,2,43844.62,4376.32,14996.33,98309.25
9147,3044,33,3,39008.3,8758.33,19487.98,127754.55
9148,3044,170,2,19374.04,1666.14,6674.75,43756.69
9149,3044,181,1,30664.66,1929.56,5172.32,33907.42
9150,3045,110,1,6566.95,709.79,1054.29,6911.45
9151,3045,37,2,36875.04,4126.23,12532.29,82156.14
9152,3045,122,2,24991.82,1556.02,8716.97,57144.59
9153,3046,147,3,26528.08,4463.44,13521.74,88642.54
9154,3047,129,4,3101.06,264.13,2185.22,14325.33
9155,3047,230,3,26170.26,2524.09,13677.6,89664.29
9156,3047,137,3,31709.73,4438.8,16324.27,107014.66
9157,3048,149,2,16854.36,1854.78,5733.71,37587.65
9158,3049,47,1,34112.86,1396.86,5888.88,38604.88
9159,3050,9,1,9902.75,849.75,1629.54,10682.54
9160,3050,84,3,10857.56,645.6,5746.87,37673.95
9161,3050,75,2,8532.47,1000.46,2891.61,18956.09
9162,3051,53,2,12091.35,459.73,4270.13,27993.1
9163,3052,62,4,34302.26,15726.33,21866.89,143349.6
9164,3052,42,3,27736.92,4215.91,14219.07,93213.92
9165,3052,110,2,6566.95,122.35,2342.08,15353.63
9166,3053,63,4,120.39,55.39,76.71,502.88
9167,3053,115,4,7640.14,865.92,5345.04,35039.68
9168,3053,184,3,11705.83,2309.25,5905.48,38713.72
9169,3054,140,2,12249.39,273.92,4360.47,28585.33
9170,3054,39,2,39677.48,6478.7,13117.73,85993.99
9171,3054,36,1,10167.03,182.1,1797.29,11782.22
9172,3054,70,3,30937.09,10492.03,14817.46,97136.7
9173,3055,31,3,44553.38,7496.22,22709.51,148873.43
9174,3055,69,4,3290.31,711.55,2240.94,14690.63
9175,3055,29,1,7930.98,435.19,1349.24,8845.03
9176,3055,33,2,39008.3,7879.51,12624.68,82761.77
9177,3055,237,3,17135.78,1564.78,8971.66,58814.22
9178,3056,60,1,24754.89,1110.59,4255.97,27900.27
9179,3057,77,4,19293.34,7448.71,12550.44,82275.09
9180,3057,41,3,23389.54,5063.82,11718.86,76823.66
9181,3058,182,1,26624.12,2556.93,4332.09,28399.28
9182,3058,26,1,15276.03,352.65,2686.21,17609.59
9183,3059,90,4,18461.71,5616.89,12281.39,80511.34
9184,3059,9,2,9902.75,924.21,3398.63,22279.92
9185,3059,215,2,34726.43,920.47,12335.83,80868.22
9186,3059,48,1,2802.25,58.17,493.93,3238.01
9187,3060,146,4,269.14,83.8,178.7,1171.46
9188,3060,127,3,3238.17,674.74,1627.16,10666.93
9189,3060,11,1,36727.76,3209.19,6033.34,39551.91
9190,3061,106,3,12366.02,3508.92,6046.05,39635.19
9191,3061,37,2,36875.04,647.32,13158.5,86261.26
9192,3061,49,1,43844.62,4535.51,7075.64,46384.75
9193,3062,15,2,37893.41,1193.71,13426.76,88019.87
9194,3062,92,2,39462.15,402.65,14133.9,92655.55
9195,3063,30,1,7051.18,242.0,1225.65,8034.83
9196,3063,214,2,25781.44,1630.8,8987.77,58919.85
9197,3063,218,4,20584.33,8145.88,13354.46,87545.9
9198,3063,4,1,35689.14,3293.25,5831.26,38227.15
9199,3064,132,3,15074.48,2507.45,7688.88,50404.87
9200,3064,136,4,34274.09,12813.16,22370.98,146654.18
9201,3064,162,2,38305.79,4273.5,13020.85,85358.93
9202,3064,187,2,33639.08,977.84,11934.06,78234.38
9203,3065,33,4,39008.3,14690.75,25441.64,166784.09
9204,3065,190,1,14801.53,1657.49,2365.93,15509.97
9205,3066,200,3,28469.05,4420.02,14577.68,95564.81
9206,3066,197,3,13368.44,1836.46,6888.39,45157.25
9207,3066,163,4,1240.08,225.53,852.26,5587.05
9208,3067,3,1,33432.15,3357.49,5413.44,35488.1
9209,3067,5,1,16705.9,424.45,2930.66,19212.11
9210,3067,2,4,11408.11,1440.67,7954.52,52146.29
9211,3068,49,2,43844.62,3421.13,15168.26,99436.37
9212,3068,47,2,34112.86,1827.39,11951.7,78350.03
9213,3069,30,3,7051.18,700.46,3681.55,24134.63
9214,3070,10,1,31794.64,3384.93,5113.75,33523.46
9215,3071,160,2,7458.41,1713.17,2376.66,15580.31
9216,3071,56,1,36444.51,1247.15,6335.52,41532.88
9217,3072,174,1,40361.15,2438.02,6826.16,44749.29
9218,3072,135,3,25713.49,4612.47,13055.04,85583.04
9219,3072,13,3,40458.84,6713.5,20639.34,135302.36
9220,3073,14,3,3800.37,375.71,1984.57,13009.97
9221,3073,171,4,32844.1,8450.03,22126.75,145053.12
9222,3073,190,3,14801.53,88.07,7976.97,52293.49
9223,3073,138,2,5484.92,830.65,1825.05,11964.24
9224,3074,42,3,27736.92,9893.49,13197.11,86514.38
9225,3074,104,4,15989.17,352.54,11448.75,75052.89
9226,3075,93,3,17083.66,1811.32,8899.14,58338.8
9227,3075,50,4,45675.94,1817.96,32559.44,213445.24
9228,3075,103,4,20030.13,5553.35,13422.09,87989.26
9229,3075,12,1,13880.48,1044.4,2310.49,15146.57
9230,3076,181,1,30664.66,1106.42,5320.48,34878.72
9231,3076,158,4,36880.83,10909.15,24590.55,161204.72
9232,3076,192,4,13341.13,68.43,9593.3,62889.39
9233,3076,1,3,25243.55,3491.69,13003.01,85241.97
9234,3076,112,1,24992.69,254.76,4452.83,29190.76
9235,3077,81,2,3286.08,284.74,1131.74,7419.16
9236,3077,129,2,3101.06,16.64,1113.39,7298.87
9237,3077,111,4,43082.21,6654.15,29821.44,195496.13
9238,3077,78,2,5073.66,841.5,1675.05,10980.87
9239,3078,31,4,44553.38,11665.24,29978.69,196526.97
9240,3078,169,2,10455.18,628.16,3650.8,23933.0
9241,3078,122,3,24991.82,5934.3,12427.41,81468.57
9242,3078,82,4,10944.45,4918.65,6994.65,45853.8
9243,3079,87,3,21959.44,4179.65,11105.76,72804.43
9244,3079,199,2,19178.46,250.72,6859.12,44965.32
9245,3080,191,1,30208.27,2606.49,4968.32,32570.1
9246,3080,75,1,8532.47,519.07,1442.41,9455.81
9247,3080,158,3,36880.83,11190.11,17901.43,117353.81
9248,3081,130,1,12728.22,758.65,2154.52,14124.09
9249,3081,201,2,18244.99,602.9,6459.67,42346.75
9250,3081,54,1,4901.82,552.26,782.92,5132.48
9251,3081,74,1,24770.89,1147.72,4252.17,27875.34
9252,3082,14,4,3800.37,1590.18,2450.03,16061.33
9253,3082,235,4,28131.22,891.86,20093.94,131726.96
9254,3083,70,1,30937.09,104.95,5549.79,36381.93
9255,3083,164,1,15908.19,1673.18,2562.3,16797.31
9256,3083,136,1,34274.09,936.35,6000.79,39338.53
9257,3083,2,1,11408.11,1141.06,1848.07,12115.12
9258,3083,5,2,16705.9,2892.54,5493.47,36012.73
9259,3084,28,1,29031.11,2021.34,4861.76,31871.53
9260,3084,91,4,33075.34,12190.68,21619.92,141730.6
9261,3085,20,3,38320.28,5880.64,19634.44,128714.64
9262,3085,133,1,38037.94,1703.96,6540.12,42874.1
9263,3085,188,2,14567.29,721.46,5114.36,33527.48
9264,3085,236,4,18050.29,8179.04,11523.98,75546.1
9265,3086,132,1,15074.48,1091.25,2516.98,16500.21
9266,3086,119,1,36904.39,3833.81,5952.7,39023.28
9267,3086,190,2,14801.53,791.4,5186.1,33997.76
9268,3087,163,1,1240.08,20.18,219.58,1439.48
9269,3087,206,4,37695.53,7444.33,25800.8,169138.59
9270,3087,200,1,28469.05,1315.39,4887.66,32041.32
9271,3087,149,2,16854.36,2947.65,5536.99,36298.06
9272,3087,97,4,11972.84,4995.79,7721.2,50616.77
9273,3088,96,4,17662.28,5626.0,11704.16,76727.28
9274,3088,216,3,4678.54,1011.34,2344.37,15368.65
9275,3088,153,4,6055.61,1425.57,4103.44,26900.31
9276,3088,116,4,3361.81,345.23,2358.36,15460.37
9277,3089,168,2,41017.08,7681.76,13383.43,87735.83
9278,3089,188,2,14567.29,2929.29,4716.95,30922.24
9279,3090,112,4,24992.69,9788.2,16232.86,106415.42
9280,3090,128,4,48190.05,1207.39,34479.51,226032.32
9281,3091,225,2,36716.34,1919.72,12872.33,84385.29
9282,3091,54,3,4901.82,906.95,2483.73,16282.24
9283,3091,35,4,13199.49,4311.1,8727.63,57214.49
9284,3091,18,2,16802.96,3221.8,5469.14,35853.26
9285,3092,15,2,37893.41,4530.54,12826.13,84082.41
9286,3092,132,1,15074.48,793.47,2570.58,16851.59
9287,3093,89,3,4268.91,345.55,2243.01,14704.19
9288,3094,228,4,11203.89,667.1,7946.72,52095.18
9289,3094,74,4,24770.89,8970.76,16220.3,106333.1
9290,3094,139,2,4824.95,339.46,1675.88,10986.32
9291,3094,191,3,30208.27,9012.38,14690.24,96302.67
9292,3094,102,4,34567.4,3975.66,24172.91,158466.85
9293,3095,117,4,27023.51,2126.68,19074.12,125041.48
9294,3095,46,4,5015.71,136.76,3586.69,23512.77
9295,3095,69,2,3290.31,112.67,1164.23,7632.18
9296,3095,3,1,33432.15,1493.15,5749.02,37688.02
9297,3096,31,3,44553.38,12607.39,21789.49,142842.24
9298,3096,119,2,36904.39,6345.4,12143.41,79606.79
9299,3096,29,1,7930.98,453.33,1345.98,8823.63
9300,3096,2,1,11408.11,1245.84,1829.21,11991.48
9301,3097,9,3,9902.75,1371.77,5100.57,33437.05
9302,3097,81,1,3286.08,186.79,557.87,3657.16
9303,3097,49,3,43844.62,1418.95,23420.68,153535.59
9304,3097,236,4,18050.29,7790.17,11593.98,76004.97
9305,3098,64,2,1034.97,231.9,330.85,2168.89
9306,3098,221,3,32207.06,4222.47,16631.77,109030.48
9307,3099,7,2,1179.48,108.09,405.16,2656.03
9308,3099,177,2,37809.52,4650.85,12774.27,83742.46
9309,3100,46,3,5015.71,1529.77,2433.12,15950.48
9310,3100,231,1,3326.96,25.67,594.23,3895.52
9311,3100,206,1,37695.53,1869.19,6448.74,42275.08
9312,3101,125,2,28195.42,1791.48,9827.88,64427.24
9313,3101,130,3,12728.22,3650.86,6216.08,40749.88
9314,3101,161,2,41588.13,2735.2,14479.39,94920.45
9315,3101,26,3,15276.03,3011.22,7707.04,50523.91
9316,3102,51,1,628.75,62.89,101.85,667.71
9317,3102,90,3,18461.71,261.04,9922.34,65046.43
9318,3102,189,4,28066.42,12639.67,17932.68,117558.69
9319,3103,22,1,9607.6,997.99,1549.73,10159.34
9320,3103,13,4,40458.84,14874.41,26452.97,173413.92
9321,3103,9,3,9902.75,3491.01,4719.1,30936.34
9322,3103,77,2,19293.34,4472.84,6140.49,40254.33
9323,3104,13,1,40458.84,4825.06,6414.08,42047.86
9324,3104,239,2,26635.98,1528.7,9313.79,61057.05
9325,3104,156,2,36965.82,5844.87,12255.62,80342.39
9326,3105,192,2,13341.13,2267.84,4394.6,28809.02
9327,3105,202,1,22486.45,377.77,3979.56,26088.24
9328,3105,31,2,44553.38,27.8,16034.21,105113.17
9329,3105,29,1,7930.98,406.96,1354.32,8878.34
9330,3106,147,4,26528.08,1557.88,18819.8,123374.24
9331,3106,23,4,3383.79,12.78,2434.03,15956.41
9332,3106,127,1,3238.17,36.87,576.23,3777.53
9333,3106,116,2,3361.81,494.54,1121.23,7350.31
9334,3107,93,1,17083.66,1856.83,2740.83,17967.66
9335,3107,53,2,12091.35,1022.13,4168.9,27329.47
9336,3108,184,1,11705.83,807.02,1961.79,12860.6
9337,3108,238,1,19991.97,639.24,3483.49,22836.22
9338,3108,234,4,10605.83,3386.03,7026.71,46064.0
9339,3109,74,2,24770.89,4831.89,8047.78,52757.67
9340,3109,99,1,21866.86,1050.07,3747.02,24563.81
9341,3109,141,4,29486.44,1842.39,20898.61,137001.98
9342,3110,225,2,36716.34,1918.38,12872.57,84386.87
9343,3110,60,2,24754.89,5691.66,7887.26,51705.38
9344,3110,37,3,36875.04,2106.98,19533.27,128051.41
9345,3110,184,4,11705.83,1123.49,8225.97,53925.8
9346,3111,88,1,33071.07,1165.19,5743.06,37648.94
9347,3111,65,2,41109.17,9213.69,13140.84,86145.49
9348,3112,114,4,23667.1,3546.5,16401.94,107523.84
9349,3113,99,3,21866.86,1436.7,11549.5,75713.38
9350,3114,194,1,5562.52,384.99,931.96,6109.49
9351,3114,60,3,24754.89,2845.12,12855.52,84275.07
9352,3114,72,1,12573.73,1136.91,2058.63,13495.45
9353,3114,187,4,33639.08,7796.02,22816.85,149577.15
9354,3114,96,3,17662.28,3141.7,8972.13,58817.27
9355,3115,203,1,32452.38,2749.04,5346.6,35049.94
9356,3115,183,2,17183.22,772.01,6047.0,39641.43
9357,3115,1,3,25243.55,1773.82,13312.23,87269.06
9358,3116,65,3,41109.17,2543.96,21741.04,142524.59
9359,3116,150,2,3654.09,5.09,1314.56,8617.65
9360,3116,34,4,9115.19,2404.42,6130.14,40186.48
9361,3116,110,1,6566.95,677.76,1060.05,6949.24
9362,3116,30,1,7051.18,430.44,1191.73,7812.47
9363,3117,44,2,43728.99,3740.59,15069.13,98786.52
9364,3117,10,1,31794.64,14.93,5720.35,37500.06
9365,3118,145,2,17725.61,2084.09,6006.08,39373.21
9366,3118,21,2,27939.78,3939.37,9349.23,61289.42
9367,3118,55,1,21783.95,437.93,3842.28,25188.3
9368,3118,13,1,40458.84,110.45,7262.71,47611.1
9369,3119,213,3,20525.1,5828.65,10034.4,65781.05
9370,3119,132,3,15074.48,5038.06,7233.37,47418.75
9371,3119,231,2,3326.96,344.31,1135.73,7445.34
9372,3119,135,1,25713.49,715.96,4499.56,29497.09
9373,3119,64,2,1034.97,74.43,359.19,2354.7
9374,3120,28,4,29031.11,7554.04,19542.67,128113.07
9375,3120,202,2,22486.45,1584.95,7809.83,51197.78
9376,3120,89,1,4268.91,259.34,721.72,4731.29
9377,3120,13,3,40458.84,11970.24,19693.13,129099.41
9378,3121,36,4,10167.03,4472.12,6515.28,42711.28
9379,3121,166,1,33767.83,87.27,6062.5,39743.06
9380,3122,29,1,7930.98,223.38,1387.37,9094.97
9381,3122,96,3,17662.28,5295.45,8584.45,56275.84
9382,3122,150,4,3654.09,435.17,2552.61,16733.8
9383,3122,230,2,26170.26,4377.09,8633.42,56596.85
9384,3123,72,2,12573.73,2108.31,4147.05,27186.2
9385,3123,134,4,29515.74,7664.35,19871.75,130270.36
9386,3123,177,4,37809.52,11410.15,25169.03,164996.96
9387,3123,53,1,12091.35,486.38,2088.89,13693.86
9388,3123,69,2,3290.31,639.2,1069.46,7010.88
9389,3124,78,4,5073.66,125.7,3630.41,23799.35
9390,3124,113,4,2640.7,1248.38,1676.6,10991.02
9391,3124,172,1,1060.63,94.4,173.92,1140.15
9392,3124,223,1,39924.82,1112.37,6986.24,45798.69
9393,3124,168,2,41017.08,2155.33,14378.19,94257.02
9394,3125,3,1,33432.15,1495.83,5748.54,37684.86
9395,3125,87,4,21959.44,4431.92,15013.05,98418.89
9396,3125,193,1,16913.96,1996.03,2685.23,17603.16
9397,3126,38,1,28086.65,378.92,4987.39,32695.12
9398,3126,220,3,21280.0,4687.03,10647.53,69800.5
9399,3126,231,1,3326.96,249.11,554.01,3631.86
9400,3127,168,1,41017.08,1371.27,7136.25,46782.06
9401,3127,100,1,46774.34,1223.63,8199.13,53749.84
9402,3127,109,4,25465.9,11016.82,16352.42,107199.2
9403,3127,79,1,15130.34,1799.69,2399.52,15730.17
9404,3128,64,3,1034.97,312.13,502.7,3295.48
9405,3128,143,2,23230.7,885.99,8203.57,53778.98
9406,3128,43,3,16510.19,4594.82,8088.43,53024.18
9407,3128,47,3,34112.86,986.04,18243.46,119596.0
9408,3129,17,1,25819.56,1073.13,4454.36,29200.79
9409,3129,116,2,3361.81,323.3,1152.06,7552.38
9410,3129,154,1,14680.42,1572.28,2359.47,15467.61
9411,3130,158,1,36880.83,2692.12,6153.97,40342.68
9412,3130,70,1,30937.09,124.22,5546.32,36359.19
9413,3130,13,1,40458.84,2021.64,6918.7,45355.9
9414,3131,151,4,39931.59,5521.35,27756.9,181961.91
9415,3131,195,2,42664.46,7245.61,14055.0,92138.31
9416,3131,44,4,43728.99,7283.18,30173.9,197806.68
9417,3131,100,3,46774.34,9495.82,23548.9,154376.1
9418,3132,115,1,7640.14,404.88,1302.35,8537.61
9419,3132,29,4,7930.98,1406.74,5457.09,35774.27
9420,3132,15,1,37893.41,3658.25,6162.33,40397.49
9421,3132,148,3,32803.6,7148.27,16427.26,107689.79
9422,3133,91,2,33075.34,4714.82,11058.45,72494.31
9423,3133,177,1,37809.52,2383.05,6376.76,41803.23
9424,3133,92,4,39462.15,7296.7,27099.34,177651.24
9425,3134,197,1,13368.44,11.59,2404.23,15761.08
9426,3134,106,4,12366.02,5895.66,7842.32,51410.74
9427,3135,6,1,9654.29,537.82,1640.96,10757.43
9428,3135,126,4,14629.39,902.9,10370.64,67985.3
9429,3136,167,4,31659.13,6361.57,21649.49,141924.44
9430,3136,30,3,7051.18,2160.93,3418.67,22411.28
9431,3136,43,1,16510.19,891.24,2811.41,18430.36
9432,3136,189,3,28066.42,3142.9,14590.14,95646.5
9433,3136,113,3,2640.7,369.83,1359.41,8911.68
9434,3137,81,3,3286.08,303.58,1719.84,11274.5
9435,3137,128,3,48190.05,9455.98,24320.55,159434.72
9436,3137,24,4,4300.49,1172.85,2885.24,18914.35
9437,3137,48,3,2802.25,88.5,1497.28,9815.53
9438,3138,8,1,28733.56,1154.16,4964.29,32543.69
9439,3138,178,3,39619.34,4439.51,20595.33,135013.84
9440,3138,225,4,36716.34,2995.39,25896.59,169766.56
9441,3139,117,2,27023.51,5150.61,8801.35,57697.76
9442,3139,210,1,33886.56,1860.32,5764.72,37790.96
9443,3139,199,4,19178.46,3593.65,13161.63,86281.82
9444,3139,208,4,7922.32,1848.37,5371.36,35212.27
9445,3139,190,2,14801.53,3008.32,4787.05,31381.79
9446,3140,127,3,3238.17,913.47,1584.19,10385.23
9447,3140,3,1,33432.15,411.09,5943.79,38964.85
9448,3140,104,2,15989.17,1064.7,5564.46,36478.1
9449,3140,236,1,18050.29,1723.52,2938.82,19265.59
9450,3140,231,4,3326.96,879.38,2237.12,14665.58
9451,3141,146,2,269.14,64.06,85.36,559.58
9452,3142,47,1,34112.86,347.4,6077.78,39843.24
9453,3142,232,4,11511.84,958.16,8116.06,53205.26
9454,3142,108,4,46203.27,7613.82,31895.87,209095.13
9455,3143,35,1,13199.49,130.25,2352.46,15421.7
9456,3143,212,2,8937.81,458.69,3135.05,20551.98
9457,3143,116,2,3361.81,519.31,1116.78,7321.09
9458,3144,188,4,14567.29,656.52,10370.28,67982.92
9459,3144,80,3,9554.15,756.97,5022.99,32928.47
9460,3144,5,1,16705.9,1523.93,2732.75,17914.72
9461,3144,200,3,28469.05,4136.52,14628.71,95899.34
9462,3145,176,3,43250.55,8453.47,21833.67,143131.85
9463,3145,28,2,29031.11,1656.53,10153.02,66558.71
9464,3146,94,1,35740.44,1622.07,6141.31,40259.68
9465,3146,134,2,29515.74,4600.66,9797.55,64228.37
9466,3146,120,2,26697.64,4604.74,8782.3,57572.84
9467,3147,12,2,13880.48,2896.05,4475.68,29340.59
9468,3147,120,1,26697.64,2664.91,4325.89,28358.62
9469,3147,1,3,25243.55,3055.43,13081.54,85756.76
9470,3147,25,3,27064.69,9440.21,12915.69,84669.55
9471,3147,132,1,15074.48,1623.88,2421.11,15871.71
9472,3148,75,1,8532.47,480.37,1449.38,9501.48
9473,3148,4,1,35689.14,2539.17,5966.99,39116.96
9474,3149,194,2,5562.52,548.66,1903.75,12480.13
9475,3149,183,1,17183.22,211.18,3054.97,20027.01
9476,3149,97,1,11972.84,1077.27,1961.2,12856.77
9477,3149,39,1,39677.48,1086.31,6946.41,45537.58
9478,3149,89,3,4268.91,1060.34,2114.35,13860.74
9479,3150,54,1,4901.82,549.97,783.33,5135.18
9480,3150,2,2,11408.11,800.99,3962.74,25977.97
9481,3151,189,3,28066.42,9256.31,13489.73,88432.68
9482,3151,205,4,26777.33,8057.39,17829.35,116881.28
9483,3152,215,2,34726.43,6046.03,11413.23,74820.06
9484,3153,187,1,33639.08,2012.95,5692.7,37318.83
9485,3154,101,3,46156.61,3089.64,24368.43,159748.62
9486,3154,10,1,31794.64,1187.87,5509.22,36115.99
9487,3154,13,3,40458.84,12060.73,19676.84,128992.63
9488,3155,92,2,39462.15,1282.9,13975.45,91616.85
9489,3155,54,2,4901.82,971.76,1589.74,10421.62
9490,3155,121,2,18719.38,3314.77,6142.32,40266.31
9491,3155,176,1,43250.55,864.27,7629.53,50015.81
9492,3155,163,2,1240.08,53.98,436.71,2862.89
9493,3156,81,3,3286.08,1138.74,1569.51,10289.01
9494,3156,80,2,9554.15,1270.62,3210.78,21048.46
9495,3156,55,1,21783.95,670.02,3800.51,24914.44
9496,3156,147,2,26528.08,4855.05,8676.2,56877.31
9497,3157,20,4,38320.28,626.55,27477.82,180132.39
9498,3158,174,3,40361.15,4045.67,21066.8,138104.58
9499,3158,70,3,30937.09,5968.15,15631.76,102474.88
9500,3158,163,3,1240.08,350.52,606.55,3976.27
9501,3159,119,1,36904.39,1136.91,6438.15,42205.63
9502,3159,36,4,10167.03,3503.48,6689.64,43854.28
9503,3159,159,4,18286.08,563.64,13064.52,85645.2
9504,3160,30,3,7051.18,818.82,3660.25,23994.97
9505,3160,197,3,13368.44,3560.34,6578.1,43123.08
9506,3160,34,2,9115.19,1960.83,2928.52,19198.07
9507,3160,55,1,21783.95,2185.27,3527.76,23126.44
9508,3161,159,4,18286.08,4929.67,12278.64,80493.29
9509,3162,55,1,21783.95,1988.69,3563.15,23358.41
9510,3162,145,2,17725.61,2335.55,5960.82,39076.49
9511,3162,30,2,7051.18,874.91,2380.94,15608.39
9512,3163,78,1,5073.66,221.16,873.45,5725.95
9513,3163,137,4,31709.73,7753.93,21435.3,140520.29
9514,3163,164,3,15908.19,537.89,8493.6,55680.28
9515,3163,83,1,34264.79,1090.12,5971.44,39146.11
9516,3163,87,2,21959.44,2427.52,7468.44,48959.8
9517,3164,238,2,19991.97,1486.26,6929.58,45427.26
9518,3164,42,1,27736.92,3189.89,4418.47,28965.5
9519,3164,173,3,15522.12,1503.89,8111.24,53173.71
9520,3164,119,3,36904.39,5440.91,18949.01,124221.27
9521,3165,76,3,44895.56,6221.35,23123.76,151589.09
9522,3166,36,3,10167.03,2049.1,5121.36,33573.35
9523,3166,19,2,37198.47,704.41,13264.66,86957.19
9524,3167,183,2,17183.22,2695.94,5700.69,37371.19
9525,3167,60,2,24754.89,900.31,8749.7,57359.17
9526,3167,7,1,1179.48,23.34,208.11,1364.25
9527,3167,145,3,17725.61,5596.15,8564.52,56145.2
9528,3167,180,4,4766.01,976.21,3255.81,21343.64
9529,3168,97,4,11972.84,2576.75,8156.63,53471.24
9530,3168,182,1,26624.12,2184.28,4399.17,28839.01
9531,3169,149,2,16854.36,1477.85,5801.56,38032.43
9532,3169,169,3,10455.18,2225.29,5245.24,34385.49
9533,3169,105,1,18322.11,310.27,3242.13,21253.97
9534,3170,176,3,43250.55,6054.3,22265.52,145962.87
9535,3170,51,2,628.75,70.17,213.72,1401.05
9536,3170,111,4,43082.21,9834.53,29248.98,191743.29
9537,3171,45,3,3684.98,1206.84,1772.66,11620.76
9538,3171,47,3,34112.86,11697.06,16315.47,106956.99
9539,3171,31,4,44553.38,3861.02,31383.45,205735.95
9540,3171,19,3,37198.47,5021.51,19183.3,125757.2
9541,3171,159,2,18286.08,714.15,6454.44,42312.45
9542,3172,73,2,17456.78,3046.98,5735.98,37602.56
9543,3172,205,1,26777.33,1486.4,4552.37,29843.3
9544,3172,95,2,8312.81,1965.75,2638.78,17298.65
9545,3172,4,3,35689.14,10043.49,17464.31,114488.24
9546,3172,91,2,33075.34,7627.33,10534.2,69057.55
9547,3173,197,2,13368.44,1701.22,4506.42,29542.08
9548,3173,228,3,11203.89,3852.11,5356.72,35116.28
9549,3173,186,2,24680.72,189.48,8850.95,58022.91
9550,3174,168,1,41017.08,2266.62,6975.08,45725.54
9551,3174,114,2,23667.1,2820.75,8012.42,52525.87
9552,3175,14,3,3800.37,1099.84,1854.23,12155.5
9553,3175,47,1,34112.86,3629.07,5487.08,35970.87
9554,3175,167,4,31659.13,8663.83,21235.08,139207.77
9555,3176,13,3,40458.84,7396.45,20516.41,134496.48
9556,3177,143,3,23230.7,5293.67,11591.72,75990.15
9557,3177,194,3,5562.52,209.76,2966.0,19443.8
9558,3177,115,3,7640.14,1373.67,3878.41,25425.16
9559,3178,83,4,34264.79,10030.69,22865.12,149893.59
9560,3179,102,3,34567.4,8391.16,17155.99,112467.03
9561,3180,80,1,9554.15,349.42,1656.85,10861.58
9562,3180,121,3,18719.38,4410.47,9314.58,61062.25
9563,3180,199,2,19178.46,3531.13,6268.64,41094.43
9564,3180,165,3,37776.85,1884.73,20060.25,131506.07
9565,3180,153,4,6055.61,1425.25,4103.49,26900.68
9566,3181,189,3,28066.42,8359.12,13651.23,89491.37
9567,3181,97,2,11972.84,1965.09,3956.51,25937.1
9568,3181,196,1,40456.71,1834.69,6951.96,45573.98
9569,3181,113,2,2640.7,251.65,905.36,5935.11
9570,3182,232,4,11511.84,650.2,8171.49,53568.65
9571,3183,188,2,14567.29,1135.01,5039.92,33039.49
9572,3183,190,1,14801.53,217.69,2625.09,17208.93
9573,3183,53,1,12091.35,39.28,2169.37,14221.44
9574,3184,14,1,3800.37,40.93,676.7,4436.14
9575,3185,81,4,3286.08,896.96,2204.52,14451.88
9576,3186,45,3,3684.98,427.31,1912.97,12540.6
9577,3187,150,2,3654.09,404.59,1242.65,8146.24
9578,3188,71,3,21062.02,5147.98,10446.85,68484.93
9579,3188,46,1,5015.71,570.18,800.2,5245.73
9580,3188,174,4,40361.15,12099.1,26882.19,176227.69
9581,3189,236,1,18050.29,1047.91,3060.43,20062.81
9582,3189,221,2,32207.06,4419.15,10799.09,70794.06
9583,3190,178,3,39619.34,10767.19,19456.35,127547.18
9584,3190,62,3,34302.26,4327.09,17744.34,116324.03
9585,3190,54,4,4901.82,2225.79,3128.67,20510.16
9586,3190,212,1,8937.81,588.76,1502.83,9851.88
9587,3191,36,3,10167.03,1019.35,5306.71,34788.45
9588,3192,142,3,26420.51,1034.77,14080.82,92307.58
9589,3192,233,3,21896.66,6366.37,10678.25,70001.86
9590,3192,184,4,11705.83,3368.28,7821.91,51276.95
9591,3192,71,3,21062.02,2171.17,10982.68,71997.57
9592,3193,6,2,9654.29,577.23,3371.64,22102.99
9593,3193,230,2,26170.26,71.47,9408.43,61677.48
9594,3193,139,1,4824.95,7.98,867.05,5684.02
9595,3193,198,2,112.51,16.04,37.62,246.6
9596,3194,52,2,30086.26,1077.58,10637.09,69732.03
9597,3194,2,2,11408.11,331.14,4047.31,26532.39
9598,3194,157,1,10083.83,482.48,1728.24,11329.59
9599,3195,59,4,13506.51,931.22,9557.07,62651.89
9600,3195,43,3,16510.19,1539.68,8638.36,56629.25
9601,3196,66,3,12279.53,2395.73,6199.71,40642.57
9602,3197,194,4,5562.52,216.49,3966.05,25999.64
9603,3197,220,1,21280.0,1956.28,3478.27,22801.99
9604,3197,102,4,34567.4,3265.49,24300.74,159304.85
9605,3197,31,1,44553.38,1282.53,7788.75,51059.6
9606,3198,212,4,8937.81,562.98,6333.89,41522.15
9607,3198,78,4,5073.66,67.91,3640.81,23867.54
9608,3198,66,1,12279.53,1286.83,1978.69,12971.39
9609,3199,169,4,10455.18,1006.91,7346.49,48160.3
9610,3199,88,2,33071.07,3902.0,11203.23,73443.37
9611,3200,38,1,28086.65,2533.73,4599.53,30152.45
9612,3200,188,1,14567.29,699.51,2496.2,16363.98
9613,3201,124,3,10290.63,2154.46,5169.14,33886.57
9614,3201,195,4,42664.46,18529.63,27383.08,179511.29
9615,3201,94,1,35740.44,3118.82,5871.89,38493.51
9616,3201,130,3,12728.22,2143.57,6487.4,42528.49
9617,3202,137,3,31709.73,8919.26,15517.79,101727.72
9618,3202,186,1,24680.72,967.06,4268.46,27982.12
9619,3203,190,2,14801.53,2639.89,4853.37,31816.54
9620,3203,227,1,19776.73,1095.04,3362.7,22044.39
9621,3203,135,4,25713.49,1909.93,18169.93,119113.96
9622,3203,31,1,44553.38,4701.07,7173.42,47025.73
9623,3204,30,2,7051.18,1519.6,2264.9,14847.66
9624,3204,223,4,39924.82,2898.12,28224.21,185025.37
9625,3204,116,1,3361.81,191.99,570.57,3740.39
9626,3204,184,1,11705.83,89.4,2090.96,13707.39
9627,3205,29,4,7930.98,1725.64,5399.69,35397.97
9628,3205,12,3,13880.48,4329.87,6716.08,44027.65
9629,3205,228,3,11203.89,2789.71,5547.95,36369.91
9630,3206,133,1,38037.94,1072.86,6653.71,43618.79
9631,3206,230,2,26170.26,6136.88,8316.66,54520.3
9632,3206,216,2,4678.54,246.03,1639.99,10751.04
9633,3206,190,1,14801.53,1737.62,2351.5,15415.41
9634,3207,200,3,28469.05,7244.49,14069.28,92231.94
9635,3208,49,3,43844.62,4253.38,22910.49,150190.97
9636,3209,204,3,3813.54,756.22,1923.19,12607.59
9637,3210,119,2,36904.39,7747.78,11890.98,77951.98
9638,3210,59,4,13506.51,3404.83,9111.82,59733.03
9639,3210,36,2,10167.03,2213.64,3261.68,21382.1
9640,3210,178,2,39619.34,8391.82,12752.43,83599.29
9641,3210,46,4,5015.71,507.18,3520.02,23075.68
9642,3211,234,2,10605.83,1381.75,3569.38,23399.29
9643,3211,51,4,628.75,174.68,421.26,2761.58
9644,3211,233,3,21896.66,4298.7,11050.43,72441.71
9645,3211,11,4,36727.76,688.71,26320.02,172542.35
9646,3212,140,3,12249.39,360.97,6549.7,42936.9
9647,3213,59,1,13506.51,851.6,2277.88,14932.79
9648,3213,4,2,35689.14,2890.51,12327.8,80815.57
9649,3213,189,3,28066.42,1772.38,14836.84,97263.72
9650,3213,27,2,12821.1,50.77,4606.46,30197.89
9651,3214,216,2,4678.54,271.04,1635.49,10721.53
9652,3214,44,1,43728.99,3678.81,7209.03,47259.21
9653,3214,125,2,28195.42,1943.36,9800.55,64248.03
9654,3215,204,2,3813.54,425.7,1296.25,8497.63
9655,3215,150,4,3654.09,192.23,2596.34,17020.47
9656,3215,113,3,2640.7,387.29,1356.27,8891.08
9657,3216,60,4,24754.89,9283.6,16152.47,105888.43
9658,3216,67,4,41997.34,1891.87,29897.55,195995.04
9659,3216,177,3,37809.52,10298.95,18563.33,121692.94
9660,3216,166,4,33767.83,12782.65,22011.96,144300.63
9661,3216,137,2,31709.73,4299.17,10641.65,69761.94
9662,3217,1,1,25243.55,258.67,4497.28,29482.16
9663,3217,235,1,28131.22,78.78,5049.44,33101.88
9664,3217,236,4,18050.29,7361.44,11671.15,76510.87
9665,3217,140,4,12249.39,3177.56,8247.6,54067.6
9666,3217,233,1,21896.66,2606.56,3472.22,22762.32
9667,3218,139,2,4824.95,1055.57,1546.98,10141.31
9668,3218,125,2,28195.42,2149.96,9763.36,64004.24
9669,3218,174,1,40361.15,3024.63,6720.57,44057.09
9670,3218,191,2,30208.27,4531.13,10059.37,65944.78
9671,3218,13,2,40458.84,1562.33,14283.96,93639.31
9672,3219,186,3,24680.72,8104.79,11868.73,77806.1
9673,3219,73,2,17456.78,1858.89,5949.84,39004.51
9674,3219,197,4,13368.44,4549.6,8806.35,57730.51
9675,3220,105,4,18322.11,4907.87,12308.5,80689.07
9676,3221,137,4,31709.73,1299.87,22597.03,148136.08
9677,3221,223,2,39924.82,3038.91,13825.93,90636.66
9678,3221,43,2,16510.19,3613.65,5293.21,34699.94
9679,3221,49,4,43844.62,10897.1,29606.65,194088.03
9680,3221,116,4,3361.81,909.66,2256.76,14794.34
9681,3222,56,1,36444.51,1597.76,6272.41,41119.16
9682,3222,81,4,3286.08,118.24,2344.69,15370.77
9683,3222,205,2,26777.33,6169.91,8529.25,55914.0
9684,3222,235,4,28131.22,2313.89,19837.98,130048.97
9685,3223,222,2,28533.87,5461.69,9289.09,60895.14
9686,3223,74,2,24770.89,5251.56,7972.24,52262.46
9687,3223,75,3,8532.47,86.2,4592.02,30103.23
9688,3223,59,1,13506.51,1405.17,2178.24,14279.58
9689,3223,125,3,28195.42,8990.66,13607.21,89202.81
9690,3224,129,1,3101.06,57.11,547.91,3591.86
9691,3224,196,4,40456.71,17754.31,25933.06,170005.59
9692,3225,153,3,6055.61,109.44,3250.33,21307.72
9693,3225,191,2,30208.27,6347.74,9732.38,63801.18
9694,3226,136,1,34274.09,2932.44,5641.5,36983.15
9695,3226,29,4,7930.98,1883.13,5371.34,35212.13
9696,3226,78,1,5073.66,338.89,852.26,5587.03
9697,3227,90,3,18461.71,606.04,9860.24,64639.33
9698,3227,64,3,1034.97,14.61,556.25,3646.55
9699,3227,203,4,32452.38,8404.93,21852.83,143257.42
9700,3227,132,3,15074.48,3439.65,7521.08,49304.87
9701,3228,94,4,35740.44,12143.16,23547.35,154365.95
9702,3228,222,4,28533.87,2254.29,20138.61,132019.8
9703,3228,45,3,3684.98,626.94,1877.04,12305.04
9704,3228,141,3,29486.44,502.24,15832.27,103789.35
9705,3229,96,3,17662.28,4307.51,8762.28,57441.61
9706,3229,69,3,3290.31,1100.73,1578.64,10348.84
9707,3230,65,4,41109.17,19076.74,26164.79,171524.73
9708,3230,201,2,18244.99,1040.92,6380.83,41829.89
9709,3230,110,4,6566.95,1392.4,4477.57,29352.97
9710,3231,2,4,11408.11,3403.38,7601.23,49830.29
9711,3231,103,3,20030.13,93.91,10799.37,70795.85
9712,3231,110,1,6566.95,361.7,1116.94,7322.19
9713,3231,47,4,34112.86,11793.55,22438.42,147096.31
9714,3231,104,2,15989.17,2368.74,5329.73,34939.33
9715,3232,78,2,5073.66,724.63,1696.08,11118.77
9716,3232,65,3,41109.17,5658.22,21180.47,138849.76
9717,3232,7,1,1179.48,94.16,195.36,1280.68
9718,3233,138,3,5484.92,1408.11,2708.4,17755.05
9719,3233,58,1,43014.0,3660.04,7083.71,46437.67
9720,3234,163,2,1240.08,275.48,396.84,2601.52
9721,3234,104,1,15989.17,671.77,2757.13,18074.53
9722,3234,49,3,43844.62,6182.05,22563.33,147915.14
9723,3234,107,1,19641.45,1118.56,3334.12,21857.01
9724,3234,160,3,7458.41,614.49,3916.93,25677.67
9725,3235,226,1,41253.01,2678.73,6943.37,45517.65
9726,3236,102,3,34567.4,624.0,18554.08,121632.28
9727,3236,27,4,12821.1,2216.48,8832.23,57900.15
9728,3236,197,3,13368.44,2433.44,6780.94,44452.82
9729,3236,46,3,5015.71,351.23,2645.26,17341.16
9730,3236,108,4,46203.27,13094.65,30909.32,202627.75
9731,3237,148,4,32803.6,4500.62,22808.48,149522.26
9732,3238,76,3,44895.56,14471.46,21638.74,141853.96
9733,3238,82,4,10944.45,122.66,7857.93,51513.07
9734,3238,119,1,36904.39,2306.89,6227.55,40825.05
9735,3239,73,2,17456.78,3576.02,5640.76,36978.3
9736,3239,193,3,16913.96,1876.5,8795.77,57661.15
9737,3239,185,1,189.21,16.48,31.09,203.82
9738,3239,60,3,24754.89,3794.52,12684.63,83154.78
9739,3240,228,1,11203.89,725.79,1886.06,12364.16
9740,3240,194,3,5562.52,251.88,2958.42,19394.1
9741,3240,160,2,7458.41,47.46,2676.48,17545.84
9742,3240,145,3,17725.61,1626.2,9279.11,60829.74
9743,3241,145,2,17725.61,1015.69,6198.4,40633.93
9744,3241,200,3,28469.05,3371.31,14766.45,96802.29
9745,3241,52,2,30086.26,3720.4,10161.38,66613.5
9746,3242,218,3,20584.33,6899.39,9873.65,64727.25
9747,3242,74,2,24770.89,2982.61,8380.65,54939.82
9748,3242,131,2,41590.84,7439.86,13633.53,89375.35
9749,3243,235,1,28131.22,1915.38,4718.85,30934.69
9750,3243,179,1,40060.15,729.04,7079.6,46410.71
9751,3243,197,1,13368.44,0.19,2406.28,15774.53
9752,3243,23,1,3383.79,83.33,594.08,3894.54
9753,3244,212,1,8937.81,419.88,1533.23,10051.16
9754,3244,104,2,15989.17,3658.55,5097.56,33417.35
9755,3244,204,4,3813.54,1424.42,2489.35,16319.09
9756,3244,66,3,12279.53,15.55,6628.15,43451.19
9757,3244,79,3,15130.34,5086.48,7254.82,47559.36
9758,3245,95,4,8312.81,1307.56,5749.86,37693.54
9759,3245,52,2,30086.26,7048.9,9562.25,62685.87
9760,3246,35,2,13199.49,673.49,4630.59,30356.08
9761,3246,156,1,36965.82,485.3,6566.49,43047.01
9762,3246,193,1,16913.96,1550.35,2765.45,18129.06
9763,3247,139,2,4824.95,342.79,1675.28,10982.39
9764,3248,195,2,42664.46,9834.38,13589.02,89083.56
9765,3248,220,2,21280.0,588.83,7554.81,49525.98
9766,3248,236,3,18050.29,5547.88,8748.54,57351.53
9767,3248,52,2,30086.26,1969.16,10476.6,68679.96
9768,3248,25,4,27064.69,4901.73,18604.27,121961.3
9769,3249,27,4,12821.1,1724.37,8920.81,58480.84
9770,3249,77,4,19293.34,6433.73,12733.13,83472.76
9771,3249,28,2,29031.11,6401.83,9298.87,60959.26
9772,3250,208,3,7922.32,1984.41,3920.86,25703.41
9773,3250,135,4,25713.49,2659.16,18035.06,118229.86
9774,3251,208,3,7922.32,368.45,4211.73,27610.24
9775,3251,21,2,27939.78,5934.82,8990.05,58934.79
9776,3251,68,3,3827.59,794.64,1923.86,12611.99
9777,3251,237,2,17135.78,3881.3,5470.25,35860.51
9778,3251,174,1,40361.15,3747.45,6590.47,43204.17
9779,3252,174,1,40361.15,1258.25,7038.52,46141.42
9780,3252,170,2,19374.04,3583.12,6329.69,41494.65
9781,3252,151,1,39931.59,21.68,7183.78,47093.69
9782,3253,215,4,34726.43,369.59,24936.5,163472.63
9783,3253,191,3,30208.27,10249.01,14467.64,94843.44
9784,3254,121,1,18719.38,1182.16,3156.7,20693.92
9785,3254,91,4,33075.34,4980.61,22917.73,150238.48
9786,3254,37,2,36875.04,3071.4,12722.16,83400.84
9787,3254,21,3,27939.78,7117.35,13806.36,90508.35
9788,3254,11,4,36727.76,14328.35,23864.88,156447.57
9789,3255,89,4,4268.91,1020.19,2889.98,18945.43
9790,3256,214,4,25781.44,3108.44,18003.12,118020.44
9791,3257,162,3,38305.79,1139.36,20480.04,134258.05
9792,3257,232,3,11511.84,2634.41,5742.2,37643.31
9793,3257,148,1,32803.6,1197.33,5689.13,37295.4
9794,3257,171,4,32844.1,365.82,23581.9,154592.48
9795,3257,227,3,19776.73,3709.74,10011.68,65632.13
9796,3258,55,4,21783.95,8810.39,14098.57,92423.98
9797,3258,140,3,12249.39,952.48,6443.22,42238.91
9798,3258,41,2,23389.54,875.63,8262.62,54166.07
9799,3259,54,2,4901.82,1053.36,1575.05,10325.33
9800,3259,117,2,27023.51,5557.16,8728.17,57218.03
9801,3259,61,1,33657.04,1050.38,5869.2,38475.86
9802,3259,231,4,3326.96,409.79,2321.65,15219.7
9803,3259,192,4,13341.13,2327.57,9186.65,60223.6
9804,3260,231,3,3326.96,832.56,1646.7,10795.02
9805,3260,230,1,26170.26,666.06,4590.76,30094.96
9806,3260,22,4,9607.6,484.78,6830.21,44775.83
9807,3261,94,1,35740.44,2504.31,5982.5,39218.63
9808,3262,15,4,37893.41,15954.28,24411.48,160030.84
9809,3263,40,2,11047.42,2252.41,3571.64,23414.07
9810,3263,42,4,27736.92,5194.34,19035.6,124788.94
9811,3263,90,3,18461.71,3107.51,9409.97,61687.59
9812,3264,127,2,3238.17,113.8,1145.26,7507.8
9813,3264,88,3,33071.07,1553.59,17578.73,115238.35
9814,3264,6,4,9654.29,3821.83,6263.16,41058.49
9815,3264,23,3,3383.79,742.82,1693.54,11102.09
9816,3265,45,1,3684.98,431.37,585.65,3839.26
9817,3265,49,4,43844.62,1593.45,31281.31,205066.34
9818,3265,131,3,41590.84,2719.45,21969.55,144022.62
9819,3266,31,3,44553.38,813.56,23912.38,156758.96
9820,3266,46,2,5015.71,622.75,1693.56,11102.23
9821,3267,53,4,12091.35,1161.36,8496.73,55700.77
9822,3267,56,3,36444.51,11976.98,17524.18,114880.73
9823,3267,188,4,14567.29,4546.24,9670.13,63393.05
9824,3268,92,4,39462.15,16222.52,25492.69,167118.77
9825,3268,77,1,19293.34,799.44,3328.9,21822.8
9826,3268,237,4,17135.78,1802.08,12013.39,78754.43
9827,3268,208,1,7922.32,608.67,1316.46,8630.11
9828,3269,164,2,15908.19,1558.63,5446.39,35704.14
9829,3269,222,4,28533.87,5612.75,19534.09,128056.82
9830,3269,33,1,39008.3,2153.19,6633.92,43489.03
9831,3270,12,4,13880.48,6201.83,8877.62,58197.71
9832,3271,23,3,3383.79,675.85,1705.59,11181.11
9833,3272,211,1,18681.33,1634.76,3068.38,20114.95
9834,3273,48,1,2802.25,125.86,481.75,3158.14
9835,3273,16,1,37019.42,3456.35,6041.35,39604.42
9836,3273,100,4,46774.34,14032.03,31151.76,204217.09
9837,3274,219,2,11772.86,2075.15,3864.7,25335.27
9838,3274,104,1,15989.17,1160.12,2669.23,17498.28
9839,3275,128,1,48190.05,186.01,8640.73,56644.77
9840,3275,181,4,30664.66,11505.55,20007.56,131160.65
9841,3276,207,2,27779.78,5737.74,8967.93,58789.75
9842,3277,199,1,19178.46,1486.79,3184.5,20876.17
9843,3277,21,3,27939.78,8453.34,13565.88,88931.88
9844,3278,145,4,17725.61,4548.0,11943.8,78298.24
9845,3279,28,1,29031.11,774.59,5086.17,33342.69
9846,3279,141,1,29486.44,525.89,5212.9,34173.45
9847,3280,167,1,31659.13,3542.28,5061.03,33177.88
9848,3280,217,3,8518.31,2123.56,4217.65,27649.02
9849,3280,206,4,37695.53,16255.81,24214.74,158741.05
9850,3281,50,1,45675.94,1038.41,8034.76,52672.29
9851,3281,105,3,18322.11,5789.17,8851.89,58029.05
9852,3281,141,2,29486.44,5333.66,9655.06,63294.28
9853,3282,218,3,20584.33,2439.91,10676.35,69989.43
9854,3282,65,3,41109.17,801.71,22054.64,144580.44
9855,3282,187,2,33639.08,1304.79,11875.21,77848.58
9856,3282,227,4,19776.73,9297.61,12565.68,82374.99
9857,3282,89,1,4268.91,66.4,756.45,4958.96
9858,3283,50,3,45675.94,14836.33,21994.47,144185.96
9859,3283,193,3,16913.96,5412.14,8159.35,53489.09
9860,3283,187,1,33639.08,2874.78,5537.57,36301.87
9861,3283,210,1,33886.56,1649.26,5802.71,38040.01
9862,3283,73,4,17456.78,2489.75,12120.73,79458.1
9863,3284,76,4,44895.56,2216.12,31925.9,209292.02
9864,3284,52,3,30086.26,1809.63,15920.85,104370.0
9865,3284,214,4,25781.44,10832.88,16612.72,108905.6
9866,3285,54,4,4901.82,295.42,3476.13,22787.99
9867,3285,177,3,37809.52,13417.06,18002.07,118013.57
9868,3285,67,4,41997.34,10486.59,28350.5,185853.27
9869,3286,47,4,34112.86,4282.79,23790.36,155959.01
9870,3286,115,4,7640.14,2345.94,5078.63,33293.25
9871,3287,228,4,11203.89,4731.35,7215.16,47299.37
9872,3287,3,4,33432.15,11686.98,21967.49,144009.11
9873,3287,87,2,21959.44,857.23,7751.1,50812.75
9874,3287,136,1,34274.09,3493.01,5540.59,36321.67
9875,3288,55,3,21783.95,1041.92,11575.79,75885.72
9876,3288,170,1,19374.04,436.48,3408.76,22346.32
9877,3289,204,1,3813.54,57.33,676.12,4432.33
9878,3290,164,4,15908.19,6654.1,10256.16,67234.82
9879,3290,194,4,5562.52,1951.09,3653.82,23952.81
9880,3290,49,3,43844.62,9728.24,21925.01,143730.63
9881,3291,76,3,44895.56,4002.29,23523.19,154207.58
9882,3291,206,2,37695.53,5396.25,12599.07,82593.88
9883,3291,81,4,3286.08,784.44,2224.78,14584.66
9884,3292,135,4,25713.49,4937.66,17624.93,115541.23
9885,3292,169,2,10455.18,2041.34,3396.42,22265.44
9886,3292,101,2,46156.61,8783.96,15035.27,98564.53
9887,3292,28,1,29031.11,2101.46,4847.34,31776.99
9888,3292,102,1,34567.4,1406.9,5968.89,39129.39
9889,3293,174,1,40361.15,342.21,7203.41,47222.35
9890,3293,67,3,41997.34,13362.87,20273.25,132902.4
9891,3293,171,4,32844.1,5852.75,22594.26,148117.91
9892,3294,153,4,6055.61,1036.14,4173.53,27359.83
9893,3294,229,2,33676.3,2816.1,11616.57,76153.07
9894,3294,5,2,16705.9,2058.84,5643.53,36996.49
9895,3295,109,1,25465.9,1022.68,4399.78,28843.0
9896,3295,217,2,8518.31,316.6,3009.6,19729.62
9897,3295,85,2,8728.6,1772.01,2823.33,18508.52
9898,3296,190,4,14801.53,595.06,10549.99,69161.05
9899,3296,210,3,33886.56,6887.2,17059.05,111831.53
9900,3296,94,2,35740.44,1974.1,12511.22,82018.0
9901,3296,172,3,1060.63,98.6,554.99,3638.28
9902,3297,96,2,17662.28,3593.4,5711.61,37442.77
9903,3297,173,1,15522.12,1503.98,2523.27,16541.41
9904,3298,157,2,10083.83,203.4,3593.57,23557.83
9905,3298,13,1,40458.84,3407.26,6669.28,43720.86
9906,3299,235,4,28131.22,854.88,20100.6,131770.6
9907,3299,116,1,3361.81,393.6,534.28,3502.49
9908,3299,52,4,30086.26,8912.37,20057.88,131490.55
9909,3299,34,3,9115.19,2747.01,4427.74,29026.3
9910,3299,1,2,25243.55,2386.37,8658.13,56758.86
9911,3300,143,1,23230.7,977.76,4005.53,26258.47
9912,3300,173,3,15522.12,431.64,8304.25,54438.97
9913,3300,119,1,36904.39,2581.68,6178.09,40500.8
9914,3300,69,3,3290.31,850.23,1623.73,10644.43
9915,3300,210,3,33886.56,8010.4,16856.87,110506.15
9916,3301,37,4,36875.04,5492.24,25561.43,167569.35
9917,3301,229,3,33676.3,4338.68,17404.24,114094.46
9918,3302,167,1,31659.13,2125.93,5315.98,34849.18
9919,3302,118,1,9547.03,851.54,1565.19,10260.68
9920,3303,238,1,19991.97,2132.62,3214.68,21074.03
9921,3303,46,2,5015.71,652.53,1688.2,11067.09
9922,3303,66,3,12279.53,1147.4,6424.41,42115.6
9923,3303,103,4,20030.13,8663.54,12862.26,84319.24
9924,3303,10,4,31794.64,11822.54,20764.08,136120.1
9925,3304,216,2,4678.54,827.9,1535.25,10064.43
9926,3304,14,3,3800.37,1129.37,1848.91,12120.65
9927,3304,69,4,3290.31,945.67,2198.8,14414.37
9928,3304,238,2,19991.97,1545.92,6918.84,45356.86
9929,3305,72,4,12573.73,2404.52,8620.27,56510.67
9930,3305,207,1,27779.78,1792.54,4677.7,30664.94
9931,3305,137,4,31709.73,4301.03,22056.82,144594.71
9932,3305,129,3,3101.06,84.69,1659.33,10877.82
9933,3305,234,2,10605.83,204.85,3781.23,24788.04
9934,3306,38,3,28086.65,1407.85,14913.38,97765.48
9935,3306,119,3,36904.39,9459.73,18225.62,119479.06
9936,3306,37,2,36875.04,3376.75,12667.2,83040.53
9937,3306,58,1,43014.0,1268.65,7514.16,49259.51
9938,3307,130,3,12728.22,2308.36,6457.73,42334.03
9939,3307,72,1,12573.73,1114.22,2062.71,13522.22
9940,3307,128,1,48190.05,3288.78,8082.23,52983.5
9941,3307,188,3,14567.29,2159.88,7477.56,49019.55
9942,3307,96,3,17662.28,2386.6,9108.04,59708.28
9943,3308,129,4,3101.06,676.56,2110.98,13838.66
9944,3308,87,4,21959.44,5551.87,14811.46,97097.35
9945,3308,142,3,26420.51,2195.38,13871.91,90938.06
9946,3308,236,2,18050.29,1329.56,6258.78,41029.8
9947,3309,224,2,31527.62,952.55,11178.48,73281.17
9948,3310,226,2,41253.01,8588.05,13305.23,87223.2
9949,3310,165,2,37776.85,7842.65,12187.99,79899.04
9950,3310,204,2,3813.54,411.33,1298.84,8514.59
9951,3310,74,1,24770.89,2005.03,4097.85,26863.71
9952,3311,73,2,17456.78,164.69,6254.8,41003.67
9953,3311,104,4,15989.17,2592.91,11045.48,72409.25
9954,3311,201,3,18244.99,2481.74,9405.58,61658.81
9955,3311,30,4,7051.18,1319.41,4839.36,31724.67
9956,3312,227,2,19776.73,4086.83,6383.99,41850.62
9957,3312,46,3,5015.71,1748.0,2393.84,15692.97
9958,3313,115,4,7640.14,2651.57,5023.62,32932.61
9959,3313,145,1,17725.61,371.03,3123.82,20478.4
9960,3313,184,2,11705.83,941.58,4044.61,26514.69
9961,3313,189,4,28066.42,11229.01,18186.6,119223.27
9962,3313,56,2,36444.51,6473.93,11954.72,78369.81
9963,3314,34,1,9115.19,256.36,1594.59,10453.42
9964,3314,159,4,18286.08,127.16,13143.09,86160.25
9965,3314,40,3,11047.42,1277.03,5735.74,37600.97
9966,3314,228,4,11203.89,4745.09,7212.68,47283.15
9967,3314,7,1,1179.48,93.71,195.44,1281.21
9968,3315,58,2,43014.0,5559.71,14484.29,94952.58
9969,3316,198,2,112.51,2.36,40.08,262.74
9970,3316,111,1,43082.21,3555.36,7114.83,46641.68
9971,3317,192,4,13341.13,449.28,9524.74,62439.98
9972,3317,197,1,13368.44,455.37,2324.35,15237.42
9973,3317,214,4,25781.44,947.25,18392.13,120570.64
9974,3317,51,3,628.75,200.37,303.46,1989.34
9975,3318,102,3,34567.4,8231.41,17184.74,112655.53
9976,3319,149,2,16854.36,2606.02,5598.49,36701.19
9977,3319,183,2,17183.22,172.81,6154.85,40348.48
9978,3319,234,1,10605.83,1267.22,1680.95,11019.56
9979,3319,223,1,39924.82,4400.77,6394.33,41918.38
9980,3319,88,4,33071.07,2513.03,23358.83,153130.08
9981,3320,24,3,4300.49,414.08,2247.73,14735.12
9982,3321,36,3,10167.03,337.13,5429.51,35593.47
9983,3321,69,4,3290.31,791.52,2226.55,14596.27
9984,3321,154,3,14680.42,2513.24,7475.04,49003.06
9985,3322,15,1,37893.41,1701.5,6514.54,42706.45
9986,3323,181,3,30664.66,9938.37,14770.01,96825.62
9987,3323,208,1,7922.32,636.49,1311.45,8597.28
9988,3323,45,2,3684.98,869.44,1170.09,7670.61
9989,3323,238,3,19991.97,1038.83,10608.67,69545.75
9990,3323,62,1,34302.26,1325.55,5935.81,38912.52
9991,3324,76,4,44895.56,17094.99,29247.7,191734.95
9992,3324,73,4,17456.78,6599.2,11381.03,74608.95
9993,3324,230,4,26170.26,1098.01,18644.95,122227.98
9994,3324,17,4,25819.56,11479.63,16523.75,108322.36
9995,3324,141,4,29486.44,9934.58,19442.01,127453.19
9996,3325,161,3,41588.13,948.66,22286.83,146102.56
9997,3325,23,1,3383.79,214.03,570.56,3740.32
9998,3325,15,2,37893.41,3129.26,13078.36,85735.92
9999,3325,24,2,4300.49,218.4,1508.86,9891.44
10000,3325,177,4,37809.52,6252.64,26097.38,171082.82
10001,3326,229,1,33676.3,3981.51,5345.06,35039.85
10002,3326,204,3,3813.54,835.92,1908.85,12513.55
10003,3327,130,3,12728.22,2947.31,6342.72,41580.07
10004,3328,195,3,42664.46,7362.71,21713.52,142344.19
10005,3329,43,3,16510.19,1756.71,8599.29,56373.15
10006,3329,224,2,31527.62,1745.83,11035.69,72345.1
10007,3330,4,2,35689.14,2720.87,12358.33,81015.74
10008,3330,8,2,28733.56,1367.54,10097.92,66197.5
10009,3330,37,1,36875.04,1932.14,6289.72,41232.62
10010,3330,62,4,34302.26,5107.62,23778.26,155879.68
10011,3331,68,1,3827.59,174.79,657.5,4310.3
10012,3332,184,2,11705.83,2361.67,3789.0,24838.99
10013,3333,60,3,24754.89,7277.78,12057.64,79044.53
10014,3333,15,2,37893.41,8188.76,12167.65,79765.71
10015,3334,88,4,33071.07,1991.11,23452.77,153745.94
10016,3334,1,2,25243.55,2185.13,8694.35,56996.32
10017,3335,199,2,19178.46,1096.43,6706.89,43967.38
10018,3335,62,1,34302.26,725.16,6043.88,39620.98
10019,3335,114,2,23667.1,3960.08,7807.34,51181.46
10020,3336,229,1,33676.3,2580.23,5597.29,36693.36
10021,3336,36,1,10167.03,456.56,1747.88,11458.35
10022,3337,220,3,21280.0,3035.24,10944.86,71749.62
10023,3337,48,1,2802.25,183.65,471.35,3089.95
10024,3338,11,2,36727.76,2420.01,12786.39,83821.9
10025,3338,187,1,33639.08,1815.35,5728.27,37552.0
10026,3338,117,4,27023.51,10224.15,17616.58,115486.47
10027,3339,199,4,19178.46,7411.88,12474.35,81776.31
10028,3339,29,3,7930.98,2376.53,3854.95,25271.36
10029,3340,218,4,20584.33,8533.84,13284.63,87088.11
10030,3340,158,3,36880.83,2682.53,19432.79,127392.75
10031,3341,6,1,9654.29,38.12,1730.91,11347.08
10032,3341,230,3,26170.26,5406.62,13158.75,86262.91
10033,3341,165,4,37776.85,15216.36,24460.39,160351.43
10034,3342,144,3,33892.0,155.95,18273.61,119793.66
10035,3342,122,4,24991.82,4462.24,17190.91,112695.95
10036,3343,182,2,26624.12,5141.07,8659.29,56766.46
10037,3344,19,2,37198.47,8392.25,11880.84,77885.53
10038,3344,100,3,46774.34,14739.44,22605.04,148188.62
10039,3344,185,4,189.21,42.54,128.57,842.87
10040,3345,2,3,11408.11,3403.38,5547.77,36368.72
10041,3345,89,3,4268.91,1138.47,2100.29,13768.55
10042,3346,65,3,41109.17,8217.39,20719.82,135829.94
10043,3346,160,3,7458.41,2427.77,3590.54,23538.0
10044,3347,233,1,21896.66,375.17,3873.87,25395.36
10045,3347,53,1,12091.35,329.8,2117.08,13878.63
10046,3347,29,1,7930.98,48.21,1418.9,9301.67
10047,3347,68,1,3827.59,363.3,623.57,4087.86
10048,3348,89,4,4268.91,344.69,3011.57,19742.52
10049,3348,96,4,17662.28,7683.36,11333.84,74299.6
10050,3348,147,3,26528.08,4831.92,13455.42,88207.74
10051,3348,120,3,26697.64,2251.67,14011.42,91852.67
10052,3349,38,1,28086.65,3115.03,4494.89,29466.51
10053,3349,230,1,26170.26,731.7,4578.94,30017.5
10054,3349,59,4,13506.51,4233.11,8962.73,58755.66
10055,3349,142,3,26420.51,6507.04,13095.81,85850.3
10056,3349,136,1,34274.09,2017.71,5806.15,38062.53
10057,3350,76,3,44895.56,7027.29,22978.69,150638.08
10058,3350,37,4,36875.04,3800.32,25865.97,169565.81
10059,3350,137,4,31709.73,2697.31,22345.49,146487.1
10060,3351,80,3,9554.15,822.27,5011.23,32851.41
10061,3352,83,1,34264.79,680.49,6045.17,39629.47
10062,3352,158,2,36880.83,1068.25,13084.81,85778.22
10063,3352,47,1,34112.86,2064.67,5768.67,37816.86
10064,3352,68,3,3827.59,993.18,1888.13,12377.72
10065,3352,94,1,35740.44,3507.24,5801.98,38035.18
10066,3353,232,3,11511.84,2721.46,5726.53,37540.59
10067,3353,149,4,16854.36,8028.62,10689.99,70078.81
10068,3353,12,1,13880.48,1202.59,2282.02,14959.91
10069,3354,25,3,27064.69,4265.96,13847.06,90775.17
10070,3354,60,2,24754.89,2804.76,8406.9,55111.92
10071,3354,56,2,36444.51,7543.51,11762.19,77107.7
10072,3354,90,3,18461.71,2140.59,9584.02,62828.56
10073,3355,119,1,36904.39,4404.4,5850.0,38349.99
10074,3355,117,1,27023.51,2422.92,4428.11,29028.7
10075,3355,171,3,32844.1,6675.23,16534.27,108391.34
10076,3356,180,3,4766.01,182.45,2540.8,16656.38
10077,3356,27,1,12821.1,788.5,2165.87,14198.47
10078,3356,164,2,15908.19,2930.36,5199.48,34085.5
10079,3357,167,1,31659.13,1853.36,5365.04,35170.81
10080,3357,193,2,16913.96,3990.84,5370.67,35207.75
10081,3357,155,4,37465.45,14957.0,24282.86,159187.66
10082,3357,39,2,39677.48,3956.41,13571.74,88970.29
10083,3357,96,2,17662.28,1584.38,6073.23,39813.41
10084,3358,16,3,37019.42,7069.26,18718.02,122707.02
10085,3358,167,1,31659.13,977.59,5522.68,36204.22
10086,3358,222,4,28533.87,2971.47,20009.52,131173.53
10087,3358,15,2,37893.41,602.42,13533.19,88717.59
10088,3359,155,4,37465.45,8820.88,25387.37,166428.29
10089,3359,52,3,30086.26,10242.18,14402.99,94419.59
10090,3359,102,1,34567.4,1659.44,5923.43,38831.39
10091,3360,196,2,40456.71,2587.82,14098.61,92424.21
10092,3360,215,4,34726.43,4661.07,24164.04,158408.69
10093,3361,190,3,14801.53,1550.91,7713.66,50567.34
10094,3362,212,4,8937.81,3151.6,5867.94,38467.58
10095,3362,165,1,37776.85,407.16,6726.54,44096.23
10096,3362,229,4,33676.3,1055.73,24056.9,157706.37
10097,3362,41,1,23389.54,1157.45,4001.78,26233.87
10098,3362,239,4,26635.98,2797.21,18674.41,122421.12
10099,3363,77,3,19293.34,3379.32,9810.13,64310.83
10100,3364,151,1,39931.59,3334.99,6587.39,43183.99
10101,3364,201,2,18244.99,2015.09,6205.48,40680.37
10102,3364,117,2,27023.51,5137.34,8803.74,57713.42
10103,3364,154,3,14680.42,1293.16,7694.66,50442.76
10104,3365,45,1,3684.98,209.55,625.58,4101.01
10105,3365,54,4,4901.82,1775.9,3209.65,21041.03
10106,3365,182,3,26624.12,8278.79,12886.84,84480.41
10107,3365,56,2,36444.51,5441.43,12140.57,79588.16
10108,3365,164,1,15908.19,207.02,2826.21,18527.38
10109,3366,113,1,2640.7,294.28,422.36,2768.78
10110,3366,57,3,20483.4,6229.93,9939.65,65159.92
10111,3366,85,4,8728.6,889.06,6124.56,40149.9
10112,3366,190,3,14801.53,4160.37,7243.96,47488.18
10113,3367,117,2,27023.51,3796.79,9045.04,59295.27
10114,3367,194,4,5562.52,2071.0,3632.23,23811.31
10115,3367,171,1,32844.1,1529.08,5636.7,36951.72
10116,3368,146,4,269.14,30.01,188.38,1234.93
10117,3368,101,4,46156.61,16225.55,30312.16,198713.05
10118,3369,62,4,34302.26,5947.94,23627.0,154888.1
10119,3369,104,1,15989.17,492.79,2789.35,18285.73
10120,3369,3,3,33432.15,1374.96,17805.87,116727.36
10121,3369,5,2,16705.9,3822.81,5326.02,34915.01
10122,3370,2,4,11408.11,3270.44,7625.16,49987.16
10123,3370,208,4,7922.32,1838.11,5373.21,35224.38
10124,3371,110,2,6566.95,870.41,2207.43,14470.92
10125,3371,67,1,41997.34,660.72,7440.59,48777.21
10126,3371,11,1,36727.76,637.97,6496.16,42585.95
10127,3371,228,2,11203.89,1826.95,3704.55,24285.38
10128,3372,144,4,33892.0,16151.24,21495.02,140911.78
10129,3372,111,4,43082.21,7338.42,29698.28,194688.7
10130,3372,102,4,34567.4,13512.11,22456.35,147213.84
10131,3373,68,1,3827.59,86.0,673.49,4415.08
10132,3373,7,4,1179.48,503.93,758.52,4972.51
10133,3373,160,1,7458.41,407.39,1269.18,8320.2
10134,3373,148,3,32803.6,6802.26,16489.54,108098.08
10135,3373,183,3,17183.22,2769.99,8780.34,57560.01
10136,3374,68,4,3827.59,47.46,2747.32,18010.22
10137,3374,15,3,37893.41,4092.02,19725.88,129314.09
10138,3374,174,2,40361.15,465.71,14446.19,94702.78
10139,3374,175,2,27514.3,2861.54,9390.07,61557.13
10140,3374,228,4,11203.89,3699.15,7400.95,48517.36
10141,3375,216,4,4678.54,1214.08,3150.01,20650.09
10142,3375,240,4,39567.79,4412.02,27694.65,181553.79
10143,3375,20,1,38320.28,3339.14,6296.61,41277.75
10144,3375,180,1,4766.01,16.43,854.92,5604.5
10145,3375,110,1,6566.95,723.11,1051.89,6895.73
10146,3376,166,2,33767.83,5583.29,11151.43,73103.8
10147,3377,37,3,36875.04,1346.51,19670.15,128948.76
10148,3377,8,3,28733.56,10052.26,13706.72,89855.14
10149,3378,209,1,10731.59,743.08,1797.93,11786.44
10150,3378,166,1,33767.83,323.04,6020.06,39464.85
10151,3378,211,2,18681.33,2551.97,6265.92,41076.61
10152,3379,82,2,10944.45,1107.97,3740.57,24521.5
10153,3379,107,3,19641.45,184.67,10573.14,69312.82
10154,3379,184,2,11705.83,1145.14,4007.97,26274.49
10155,3379,158,4,36880.83,6563.11,25372.84,166333.05
10156,3380,74,2,24770.89,5084.03,8002.39,52460.14
10157,3381,116,1,3361.81,167.23,575.02,3769.6
10158,3381,11,1,36727.76,2432.85,6173.08,40467.99
10159,3381,154,2,14680.42,785.8,5143.51,33718.55
10160,3382,58,4,43014.0,5242.32,30026.46,196840.14
10161,3383,49,1,43844.62,748.37,7757.32,50853.57
10162,3384,86,3,41540.1,3174.34,21860.27,143306.23
10163,3384,20,3,38320.28,13254.82,18307.08,120013.1
10164,3384,185,4,189.21,58.25,125.75,824.34
10165,3384,178,1,39619.34,1092.95,6934.75,45461.14
10166,3385,65,1,41109.17,1263.81,7172.16,47017.52
10167,3386,211,3,18681.33,5149.16,9161.07,60055.9
10168,3387,94,2,35740.44,8052.11,11417.18,74845.95
10169,3387,140,3,12249.39,2477.47,6168.73,40439.43
10170,3387,97,1,11972.84,884.3,1995.94,13084.48
10171,3387,45,3,3684.98,1139.43,1784.79,11700.3
10172,3388,220,2,21280.0,862.96,7505.47,49202.51
10173,3388,230,3,26170.26,796.92,13988.49,91702.35
10174,3388,125,3,28195.42,1106.42,15026.37,98506.21
10175,3389,187,4,33639.08,9242.89,22556.42,147869.85
10176,3390,163,1,1240.08,5.82,222.17,1456.43
10177,3390,183,3,17183.22,5628.43,8265.82,54187.05
10178,3390,53,3,12091.35,538.82,6432.34,42167.57
10179,3391,68,2,3827.59,352.65,1314.46,8616.99
10180,3391,30,1,7051.18,772.29,1130.2,7409.09
10181,3391,59,1,13506.51,1303.05,2196.62,14400.08
10182,3392,152,2,37157.0,1289.38,13144.43,86169.05
10183,3393,56,4,36444.51,16998.79,23180.26,151959.51
10184,3394,86,3,41540.1,12356.33,20207.51,132471.48
10185,3394,32,4,25348.23,8199.92,16774.74,109967.74
10186,3394,36,2,10167.03,1310.25,3424.29,22448.1
10187,3395,122,4,24991.82,2353.73,17570.44,115183.99
10188,3395,132,3,15074.48,2902.23,7617.82,49939.03
10189,3396,240,4,39567.79,11512.37,26416.58,173175.37
10190,3397,195,1,42664.46,1710.95,7371.63,48325.14
10191,3397,85,4,8728.6,1977.3,5928.68,38865.78
10192,3397,55,3,21783.95,4810.22,10897.49,71439.12
10193,3397,21,1,27939.78,707.27,4901.85,32134.36
10194,3397,102,1,34567.4,470.57,6137.43,40234.26
10195,3398,142,3,26420.51,5960.35,13194.21,86495.39
10196,3398,162,3,38305.79,6218.86,19565.73,128264.24
10197,3399,139,3,4824.95,1043.26,2417.69,15849.28
10198,3399,133,1,38037.94,1766.43,6528.87,42800.38
10199,3399,227,1,19776.73,726.03,3429.13,22479.83
10200,3400,197,1,13368.44,634.64,2292.08,15025.88
10201,3400,72,2,12573.73,2379.11,4098.3,26866.65
10202,3400,217,1,8518.31,583.76,1428.22,9362.77
10203,3401,5,4,16705.9,3728.32,11357.15,74452.43
10204,3401,48,2,2802.25,34.35,1002.63,6572.78
10205,3401,235,1,28131.22,1113.05,4863.27,31881.44
10206,3401,1,1,25243.55,493.14,4455.07,29205.48
10207,3401,204,2,3813.54,189.26,1338.81,8776.63
10208,3402,91,3,33075.34,1204.13,17643.94,115665.83
10209,3402,60,2,24754.89,5564.6,7910.13,51855.31
10210,3403,134,3,29515.74,8187.17,14464.81,94824.86
10211,3403,194,1,5562.52,202.81,964.75,6324.46
10212,3403,144,1,33892.0,1718.07,5791.31,37965.24
10213,3404,78,3,5073.66,1181.76,2527.06,16566.28
10214,3404,167,3,31659.13,175.3,17064.38,111866.47
10215,3404,70,3,30937.09,8425.15,15189.5,99575.62
10216,3405,127,1,3238.17,95.9,565.61,3707.88
10217,3406,3,4,33432.15,2759.16,23574.5,154543.94
10218,3406,115,3,7640.14,109.26,4106.01,26917.17
10219,3406,49,2,43844.62,9899.49,14002.15,91791.9
10220,3406,222,3,28533.87,92.85,15391.58,100900.34
10221,3407,231,3,3326.96,239.52,1753.44,11494.8
10222,3407,168,1,41017.08,1348.12,7140.41,46809.37
10223,3408,136,4,34274.09,7039.03,23410.32,153467.65
10224,3408,112,4,24992.69,4141.61,17249.25,113078.4
10225,3409,134,4,29515.74,7188.7,19957.37,130831.63
10226,3409,191,3,30208.27,2072.73,15939.37,104491.45
10227,3409,25,1,27064.69,2233.8,4469.56,29300.45
10228,3410,201,2,18244.99,2085.95,6192.73,40596.76
10229,3411,72,1,12573.73,766.75,2125.26,13932.24
10230,3411,41,2,23389.54,1334.63,8180.0,53624.45
10231,3411,86,3,41540.1,9456.99,20729.4,135892.71
10232,3411,198,4,112.51,45.05,72.9,477.89
10233,3412,66,2,12279.53,1781.37,4099.98,26877.67
10234,3412,222,1,28533.87,845.59,4983.89,32672.17
10235,3413,104,4,15989.17,4516.54,10699.23,70139.37
10236,3413,6,2,9654.29,2111.86,3095.41,20292.13
10237,3413,92,3,39462.15,13110.43,18949.68,124225.7
10238,3414,233,4,21896.66,7743.41,14371.78,94215.01
10239,3415,48,3,2802.25,872.33,1356.2,8890.62
10240,3416,77,2,19293.34,1233.3,6723.61,44076.99
10241,3417,104,1,15989.17,1685.9,2574.59,16877.86
10242,3417,77,1,19293.34,1015.64,3289.99,21567.69
10243,3417,64,3,1034.97,172.52,527.83,3460.22
10244,3418,158,4,36880.83,13395.13,24143.07,158271.26
10245,3418,181,2,30664.66,3401.61,10426.99,68354.7
10246,3419,79,2,15130.34,3248.42,4862.21,31874.47
10247,3419,198,2,112.51,13.03,38.16,250.15
10248,3420,38,4,28086.65,6043.72,19134.52,125437.4
10249,3420,110,3,6566.95,1557.28,3265.84,21409.41
10250,3420,28,1,29031.11,2030.42,4860.12,31860.81
10251,3420,41,1,23389.54,1142.49,4004.47,26251.52
10252,3420,72,1,12573.73,267.83,2215.06,14520.96
10253,3421,214,4,25781.44,6228.54,17441.5,114338.72
10254,3421,49,3,43844.62,8217.74,22196.9,145513.02
10255,3421,37,1,36875.04,1674.54,6336.09,41536.59
10256,3421,83,2,34264.79,2268.9,11926.92,78187.6
10257,3422,229,2,33676.3,207.02,12086.2,79231.78
10258,3422,82,3,10944.45,436.74,5831.39,38228.0
10259,3422,18,2,16802.96,2025.73,5684.43,37264.62
10260,3422,239,4,26635.98,6407.62,18024.53,118160.83
10261,3423,236,2,18050.29,2873.93,5980.8,39207.45
10262,3423,5,2,16705.9,1524.74,5739.67,37626.73
10263,3424,139,2,4824.95,1085.3,1541.63,10106.23
10264,3424,152,3,37157.0,3941.05,19355.39,126885.34
10265,3424,85,2,8728.6,765.51,3004.5,19696.19
10266,3424,100,1,46774.34,913.12,8255.02,54116.24
10267,3425,91,2,33075.34,2303.01,11492.58,75340.25
10268,3425,215,1,34726.43,1414.93,5996.07,39307.57
10269,3425,155,1,37465.45,257.04,6697.51,43905.92
10270,3425,238,3,19991.97,5678.01,9773.62,64071.52
10271,3425,94,1,35740.44,3142.33,5867.66,38465.77
10272,3426,55,1,21783.95,880.64,3762.6,24665.91
10273,3426,149,2,16854.36,659.65,5948.83,38997.9
10274,3426,164,3,15908.19,4733.54,7738.39,50729.42
10275,3427,156,1,36965.82,1141.39,6448.4,42272.83
10276,3427,171,4,32844.1,14377.33,21059.83,138058.9
10277,3427,180,4,4766.01,1968.03,3077.28,20173.29
10278,3427,47,1,34112.86,3383.81,5531.23,36260.28
10279,3427,135,4,25713.49,6812.18,17287.52,113329.3
10280,3428,81,2,3286.08,439.85,1103.82,7236.13
10281,3429,59,3,13506.51,3126.33,6730.78,44123.98
10282,3429,14,4,3800.37,1719.51,2426.75,15908.72
10283,3429,60,4,24754.89,6502.62,16653.05,109169.99
10284,3430,239,1,26635.98,2857.48,4280.13,28058.63
10285,3430,90,1,18461.71,1320.94,3085.34,20226.11
10286,3430,103,4,20030.13,2955.21,13889.76,91055.07
10287,3431,239,4,26635.98,10908.79,17214.32,112849.45
10288,3431,140,3,12249.39,3302.92,6020.14,39465.39
10289,3431,41,4,23389.54,2554.37,16380.68,107384.47
10290,3431,174,4,40361.15,5664.07,28040.5,183821.03
10291,3432,52,4,30086.26,9025.13,20037.58,131357.49
10292,3432,4,3,35689.14,5078.44,18358.02,120347.0
10293,3432,29,3,7930.98,2270.17,3874.1,25396.87
10294,3432,211,2,18681.33,473.89,6639.98,43528.75
10295,3433,69,3,3290.31,979.37,1600.48,10492.04
10296,3433,51,2,628.75,103.91,207.65,1361.24
10297,3433,206,1,37695.53,3020.95,6241.42,40916.0
10298,3433,142,3,26420.51,1011.54,14085.0,92334.99
10299,3433,109,3,25465.9,3427.46,13134.64,86104.88
10300,3434,184,4,11705.83,3613.9,7777.7,50987.12
10301,3434,116,1,3361.81,138.68,580.16,3803.29
10302,3434,148,4,32803.6,1320.48,23380.91,153274.83
10303,3434,153,1,6055.61,90.92,1073.64,7038.33
10304,3435,101,3,46156.61,12937.46,22595.83,148128.2
10305,3436,233,1,21896.66,1401.08,3689.2,24184.78
10306,3436,105,1,18322.11,1482.42,3031.14,19870.83
10307,3436,76,4,44895.56,7680.36,30942.34,202844.22
10308,3436,220,2,21280.0,1359.57,7416.08,48616.51
10309,3436,128,4,48190.05,2491.62,34248.34,224516.92
10310,3437,211,3,18681.33,5521.72,9094.01,59616.28
10311,3437,205,1,26777.33,1325.33,4581.36,30033.36
10312,3438,159,2,18286.08,3387.38,5973.26,39158.04
10313,3438,108,4,46203.27,17479.52,30120.04,197453.6
10314,3438,237,2,17135.78,882.92,6009.96,39398.6
10315,3438,123,2,9421.34,857.6,3237.31,21222.39
10316,3439,108,1,46203.27,4182.55,7563.73,49584.45
10317,3439,149,1,16854.36,90.37,3017.52,19781.51
10318,3440,164,3,15908.19,4148.39,7843.71,51419.89
10319,3441,176,1,43250.55,4559.27,6964.43,45655.71
10320,3441,92,4,39462.15,5221.92,27472.8,180099.48
10321,3441,75,1,8532.47,499.12,1446.0,9479.35
10322,3442,13,3,40458.84,4774.23,20988.41,137590.7
10323,3442,9,4,9902.75,3303.21,6535.4,42843.19
10324,3443,5,4,16705.9,7432.26,10690.44,70081.78
10325,3444,164,1,15908.19,969.0,2689.05,17628.24
10326,3444,15,1,37893.41,958.93,6648.21,43582.69
10327,3445,8,4,28733.56,5761.83,19651.03,128823.44
10328,3445,72,4,12573.73,3874.84,8355.61,54775.69
10329,3445,214,1,25781.44,2967.39,4106.53,26920.58
10330,3445,186,1,24680.72,2367.64,4016.35,26329.43
10331,3446,68,4,3827.59,1279.58,2525.54,16556.32
10332,3447,105,4,18322.11,3148.17,12625.25,82765.52
10333,3448,195,1,42664.46,2780.9,7179.04,47062.6
10334,3448,40,1,11047.42,907.91,1825.11,11964.62
10335,3449,155,3,37465.45,6539.66,19054.2,124910.89
10336,3449,147,2,26528.08,5685.16,8526.78,55897.78
10337,3450,179,1,40060.15,4763.39,6353.42,41650.18
10338,3450,114,4,23667.1,6434.61,15882.08,104115.87
10339,3450,78,3,5073.66,1690.39,2435.51,15966.1
10340,3451,23,2,3383.79,71.11,1205.36,7901.83
10341,3451,213,2,20525.1,4866.22,6513.12,42697.1
10342,3451,154,2,14680.42,2056.54,4914.77,32219.07
10343,3451,102,2,34567.4,5148.21,11517.59,75504.18
10344,3452,101,3,46156.61,14144.46,22378.57,146703.94
10345,3453,224,3,31527.62,7477.15,15679.03,102784.74
10346,3454,70,3,30937.09,6979.66,15449.69,101281.3
10347,3455,200,1,28469.05,3275.64,4534.81,29728.22
10348,3455,9,3,9902.75,2088.06,4971.63,32591.82
10349,3456,90,2,18461.71,823.1,6498.06,42598.38
10350,3456,223,1,39924.82,750.32,7051.41,46225.91
10351,3456,106,4,12366.02,5483.77,7916.46,51896.77
10352,3456,126,1,14629.39,1227.94,2412.26,15813.71
10353,3457,155,2,37465.45,2379.12,13059.32,85611.1
10354,3457,161,2,41588.13,6892.76,13731.03,90014.53
10355,3457,183,3,17183.22,1576.19,8995.22,58968.69
10356,3457,48,3,2802.25,27.62,1508.24,9887.37
10357,3457,41,4,23389.54,4851.44,15967.21,104673.93
10358,3458,126,3,14629.39,4314.26,7123.3,46697.21
10359,3458,212,4,8937.81,282.57,6384.36,41853.03
10360,3458,99,2,21866.86,3929.2,7164.81,46969.33
10361,3458,180,2,4766.01,398.6,1644.02,10777.44
10362,3458,173,3,15522.12,3848.16,7689.28,50407.48
10363,3459,97,3,11972.84,332.19,6405.54,41991.87
10364,3459,189,2,28066.42,373.54,10036.67,65795.97
10365,3459,16,1,37019.42,2453.97,6221.78,40787.23
10366,3460,133,3,38037.94,6057.26,19450.18,127506.74
10367,3460,184,2,11705.83,420.16,4138.47,27129.97
10368,3461,197,4,13368.44,165.14,9595.55,62904.17
10369,3461,96,2,17662.28,3346.57,5756.04,37734.03
10370,3461,149,4,16854.36,6812.43,10908.9,71513.91
10371,3461,48,2,2802.25,404.43,936.01,6136.08
10372,3461,81,3,3286.08,838.03,1623.64,10643.85
10373,3462,14,1,3800.37,174.63,652.63,4278.37
10374,3462,47,1,34112.86,1581.07,5855.72,38387.51
10375,3462,180,4,4766.01,413.82,3357.04,22007.26
10376,3462,111,4,43082.21,1106.01,30820.11,202042.94
10377,3463,53,1,12091.35,1108.87,1976.85,12959.33
10378,3463,4,1,35689.14,1301.24,6189.82,40577.72
10379,3463,141,2,29486.44,4510.18,9803.29,64265.99
10380,3463,214,2,25781.44,3315.99,8684.44,56931.33
10381,3463,48,3,2802.25,850.69,1360.09,8916.15
10382,3464,21,4,27939.78,1913.36,19772.24,129618.0
10383,3464,59,4,13506.51,5293.07,8771.93,57504.9
10384,3465,172,1,1060.63,94.39,173.92,1140.16
10385,3465,103,1,20030.13,33.77,3599.34,23595.7
10386,3465,130,4,12728.22,4969.46,8269.82,54213.24
10387,3465,230,4,26170.26,7745.83,17448.34,114383.55
10388,3466,39,1,39677.48,896.2,6980.63,45761.91
10389,3466,96,3,17662.28,5414.62,8563.0,56135.22
10390,3466,63,1,120.39,3.26,21.08,138.21
10391,3467,204,3,3813.54,346.99,1996.85,13090.48
10392,3468,168,1,41017.08,45.77,7374.84,48346.15
10393,3468,130,2,12728.22,1934.91,4233.88,27755.41
10394,3468,93,1,17083.66,909.65,2911.32,19085.33
10395,3468,203,1,32452.38,3473.91,5216.12,34194.59
10396,3468,85,4,8728.6,1145.66,6078.37,39847.11
10397,3469,144,4,33892.0,11069.8,22409.68,146907.88
10398,3470,195,4,42664.46,10995.31,28739.26,188401.79
10399,3470,141,3,29486.44,2015.56,15559.88,102003.64
10400,3470,31,3,44553.38,7563.66,22697.37,148793.85
10401,3470,191,1,30208.27,2928.02,4910.44,32190.69
10402,3470,116,1,3361.81,4.66,604.29,3961.44
10403,3471,66,2,12279.53,265.28,4372.88,28666.66
10404,3471,200,1,28469.05,2755.23,4628.49,30342.31
10405,3471,73,3,17456.78,4260.09,8659.84,56770.09
10406,3471,108,1,46203.27,2153.04,7929.04,51979.27
10407,3472,177,2,37809.52,2166.45,13221.47,86674.06
10408,3472,97,1,11972.84,546.53,2056.74,13483.05
10409,3472,74,4,24770.89,775.24,17695.5,116003.82
10410,3472,213,1,20525.1,282.26,3643.71,23886.55
10411,3472,148,3,32803.6,9232.14,16052.16,105230.82
10412,3473,56,3,36444.51,10824.29,17731.66,116240.9
10413,3473,16,4,37019.42,16212.15,23735.8,155601.33
10414,3473,98,1,20903.98,1932.51,3414.86,22386.33
10415,3473,183,4,17183.22,2909.04,11848.29,77672.13
10416,3473,234,3,10605.83,2036.85,5360.52,35141.16
10417,3474,235,2,28131.22,1288.0,9895.4,64869.84
10418,3474,240,1,39567.79,4289.0,6350.18,41628.97
10419,3474,30,4,7051.18,2514.11,4624.31,30314.92
10420,3475,90,1,18461.71,927.0,3156.25,20690.96
10421,3475,92,4,39462.15,10448.89,26531.95,173931.66
10422,3476,237,4,17135.78,7041.96,11070.21,72571.37
10423,3476,145,3,17725.61,904.33,9409.05,61681.55
10424,3477,93,2,17083.66,2135.95,5765.65,37797.02
10425,3477,188,1,14567.29,1526.88,2347.27,15387.68
10426,3477,56,3,36444.51,6388.7,18530.07,121474.9
10427,3478,133,3,38037.94,2047.11,20172.01,132238.72
10428,3478,153,2,6055.61,234.76,2137.76,14014.22
10429,3478,152,2,37157.0,3539.31,12739.44,83514.13
10430,3478,187,2,33639.08,43.96,12102.16,79336.36
10431,3479,140,2,12249.39,105.23,4390.84,28784.39
10432,3479,187,1,33639.08,3270.94,5466.27,35834.41
10433,3479,49,4,43844.62,13198.07,29192.47,191372.88
10434,3479,5,3,16705.9,2690.89,8536.83,55963.64
10435,3479,236,2,18050.29,2883.41,5979.09,39196.26
10436,3480,227,2,19776.73,4473.08,6314.47,41394.85
10437,3481,9,1,9902.75,608.5,1672.96,10967.21
10438,3481,201,3,18244.99,304.86,9797.42,64227.53
10439,3481,93,4,17083.66,7448.42,10959.52,71845.74
10440,3481,191,2,30208.27,2567.81,10412.77,68261.5
10441,3481,234,2,10605.83,2055.35,3448.14,22604.45
10442,3482,135,3,25713.49,3762.01,13208.12,86586.58
10443,3482,81,2,3286.08,647.9,1066.37,6990.63
10444,3483,128,2,48190.05,11562.55,15267.16,100084.71
10445,3484,6,2,9654.29,1050.48,3286.46,21544.56
10446,3485,171,4,32844.1,2216.41,23248.8,152408.79
10447,3485,14,2,3800.37,32.11,1362.35,8930.98
10448,3485,182,3,26624.12,4396.5,13585.65,89061.51
10449,3485,86,4,41540.1,8054.98,28458.98,186564.4
10450,3486,84,3,10857.56,1011.16,5681.07,37242.59
10451,3486,130,2,12728.22,2951.24,4050.94,26556.14
10452,3486,40,4,11047.42,1101.72,7755.83,50843.79
10453,3487,208,3,7922.32,2845.01,3765.95,24687.9
10454,3487,226,2,41253.01,3623.38,14198.88,93081.52
10455,3487,39,1,39677.48,4674.55,6300.53,41303.46
10456,3487,61,2,33657.04,5116.56,11195.55,73393.07
10457,3488,151,2,39931.59,494.14,14286.43,93655.47
10458,3488,89,1,4268.91,274.26,719.04,4713.69
10459,3489,116,4,3361.81,60.06,2409.69,15796.87
10460,3489,12,3,13880.48,3833.62,6805.41,44613.23
10461,3490,221,3,32207.06,8604.34,15843.03,103859.87
10462,3490,83,4,34264.79,12178.74,22478.48,147358.9
10463,3491,201,1,18244.99,1260.1,3057.28,20042.17
10464,3491,233,1,21896.66,1698.58,3635.65,23833.73
10465,3491,231,4,3326.96,172.26,2364.4,15499.98
10466,3492,15,4,37893.41,6096.07,26185.96,171663.53
10467,3492,80,1,9554.15,632.96,1605.81,10527.0
10468,3492,131,4,41590.84,11243.11,27921.65,183041.9
10469,3493,119,1,36904.39,710.51,6514.9,42708.78
10470,3493,93,3,17083.66,106.25,9206.05,60350.78
10471,3493,95,1,8312.81,752.94,1360.78,8920.65
10472,3493,110,3,6566.95,315.62,3489.34,22874.57
10473,3494,184,1,11705.83,207.6,2069.68,13567.91
10474,3494,208,1,7922.32,436.37,1347.47,8833.42
10475,3494,70,2,30937.09,312.79,11081.05,72642.44
10476,3494,44,3,43728.99,3502.27,22983.25,150667.95
10477,3494,6,2,9654.29,434.28,3397.37,22271.67
10478,3495,55,2,21783.95,5020.12,6938.6,45486.38
10479,3495,74,2,24770.89,1236.11,8695.02,57000.69
10480,3495,29,4,7930.98,859.95,5555.51,36419.48
10481,3495,172,4,1060.63,50.68,754.53,4946.37
10482,3496,93,3,17083.66,5582.56,8220.32,53888.74
10483,3496,54,2,4901.82,377.56,1696.69,11122.77
10484,3496,191,3,30208.27,9442.22,14612.87,95795.46
10485,3496,222,3,28533.87,3324.26,14809.92,97087.27
10486,3496,223,3,39924.82,1723.65,21249.15,139299.96
10487,3497,228,2,11203.89,6.12,4032.3,26433.96
10488,3497,74,3,24770.89,4979.55,12479.96,81813.08
10489,3498,93,1,17083.66,1163.97,2865.54,18785.23
10490,3498,192,4,13341.13,3707.71,8938.23,58595.04
10491,3499,140,3,12249.39,2295.65,6201.45,40653.97
10492,3499,1,3,25243.55,2467.76,13187.32,86450.21
10493,3499,223,1,39924.82,3006.06,6645.38,43564.14
10494,3499,110,2,6566.95,1527.19,2089.21,13695.92
10495,3499,52,4,30086.26,4967.6,20767.94,136145.38
10496,3500,141,1,29486.44,1257.68,5081.18,33309.94
10497,3500,61,2,33657.04,2233.08,11714.58,76795.58
10498,3500,233,1,21896.66,478.9,3855.2,25272.96
10499,3500,81,3,3286.08,429.17,1697.23,11126.3
10500,3501,162,4,38305.79,10587.69,25674.38,168309.85
10501,3501,52,4,30086.26,7855.16,20248.18,132738.06
10502,3502,134,3,29515.74,4132.94,15194.57,99608.85
10503,3502,11,4,36727.76,6337.51,25303.24,165876.77
10504,3502,161,3,41588.13,9502.47,20747.15,136009.07
10505,3502,214,2,25781.44,127.44,9258.38,60693.82
10506,3502,200,4,28469.05,5613.77,19487.24,127749.67
10507,3503,127,1,3238.17,101.4,564.62,3701.39
10508,3503,116,3,3361.81,771.7,1676.47,10990.2
10509,3503,49,2,43844.62,4380.3,14995.61,98304.55
10510,3504,184,1,11705.83,780.05,1966.64,12892.42
10511,3505,7,4,1179.48,443.01,769.48,5044.39
10512,3505,228,1,11203.89,1154.72,1808.85,11858.02
10513,3505,9,4,9902.75,2623.75,6657.7,43644.95
10514,3505,115,4,7640.14,3363.05,4895.55,32093.06
10515,3505,190,4,14801.53,6125.77,9554.46,62634.81
10516,3506,153,2,6055.61,327.23,2121.12,13905.11
10517,3507,14,2,3800.37,908.23,1204.65,7897.16
10518,3507,93,2,17083.66,1145.58,5943.91,38965.65
10519,3507,79,3,15130.34,2606.1,7701.29,50486.21
10520,3508,185,1,189.21,18.6,30.71,201.32
10521,3508,133,3,38037.94,10552.55,18641.03,122202.3
10522,3508,4,3,35689.14,6696.5,18066.77,118437.69
10523,3509,3,2,33432.15,3046.01,11487.29,75305.58
10524,3509,29,4,7930.98,230.47,5668.82,37162.27
10525,3510,89,1,4268.91,320.65,710.69,4658.95
10526,3511,36,4,10167.03,2413.13,6885.9,45140.89
10527,3511,76,1,44895.56,4456.7,7278.99,47717.85
10528,3511,79,1,15130.34,157.64,2695.09,17667.79
10529,3511,59,1,13506.51,86.48,2415.61,15835.64
10530,3512,67,3,41997.34,14271.83,20109.63,131829.82
10531,3512,217,3,8518.31,428.27,4522.8,29649.46
10532,3512,135,2,25713.49,3034.13,8710.71,57103.56
10533,3512,152,2,37157.0,804.6,13231.69,86741.09
10534,3513,99,2,21866.86,2606.49,7402.9,48530.13
10535,3513,58,3,43014.0,2965.25,22693.81,148770.56
10536,3513,229,3,33676.3,6627.61,16992.23,111393.52
10537,3514,206,2,37695.53,4064.27,12838.82,84165.61
10538,3515,140,1,12249.39,142.79,2179.19,14285.79
10539,3515,121,3,18719.38,3378.05,9500.42,62280.51
10540,3515,76,2,44895.56,1007.08,15981.13,104765.17
10541,3515,77,2,19293.34,4611.03,6115.62,40091.27
10542,3516,221,1,32207.06,782.98,5656.33,37080.41
10543,3516,122,4,24991.82,1328.16,17755.04,116394.16
10544,3516,143,1,23230.7,1757.87,3865.11,25337.94
10545,3517,177,2,37809.52,4096.32,12874.09,84396.81
10546,3517,136,3,34274.09,1068.61,18315.66,120069.32
10547,3518,155,4,37465.45,835.15,26824.8,175851.45
10548,3519,128,3,48190.05,10669.8,24102.06,158002.41
10549,3519,16,2,37019.42,2467.2,12882.9,84454.54
10550,3520,111,2,43082.21,1019.46,15326.09,100471.05
10551,3520,218,1,20584.33,173.74,3673.91,24084.5
10552,3520,87,3,21959.44,1004.85,11677.22,76550.69
10553,3520,146,2,269.14,46.46,88.53,580.35
10554,3520,32,1,25348.23,1068.03,4370.44,28650.64
10555,3521,135,2,25713.49,1432.94,8998.93,58992.97
10556,3521,106,2,12366.02,2786.04,3950.28,25896.28
10557,3521,99,1,21866.86,187.62,3902.26,25581.5
10558,3521,9,3,9902.75,2532.26,4891.68,32067.67
10559,3521,131,2,41590.84,3220.99,14392.92,94353.61
10560,3522,169,1,10455.18,1246.86,1657.5,10865.82
10561,3522,27,2,12821.1,2555.95,4155.52,27241.77
10562,3522,15,3,37893.41,6409.16,19308.79,126579.86
10563,3522,210,4,33886.56,3058.26,23847.84,156335.82
10564,3522,214,1,25781.44,905.04,4477.75,29354.15
10565,3523,213,1,20525.1,2460.08,3251.7,21316.72
10566,3523,195,4,42664.46,15557.45,27918.07,183018.46
10567,3523,96,2,17662.28,3211.74,5780.31,37893.13
10568,3524,115,3,7640.14,2026.16,3760.97,24655.23
10569,3524,136,1,34274.09,1730.31,5857.88,38401.66
10570,3524,24,3,4300.49,519.82,2228.7,14610.35
10571,3525,20,2,38320.28,3993.03,13076.56,85724.09
10572,3525,197,1,13368.44,770.29,2267.67,14865.82
10573,3526,85,4,8728.6,2958.7,5752.03,37707.73
10574,3526,52,3,30086.26,881.02,16088.0,105465.76
10575,3526,26,3,15276.03,4358.57,7464.51,48934.03
10576,3527,186,1,24680.72,1968.78,4088.15,26800.09
10577,3527,58,3,43014.0,11912.48,21083.31,138212.83
10578,3527,133,1,38037.94,3565.81,6204.98,40677.11
10579,3528,139,1,4824.95,130.94,844.92,5538.93
10580,3528,204,1,3813.54,254.43,640.64,4199.75
10581,3528,152,4,37157.0,393.04,26682.29,174917.25
10582,3528,110,4,6566.95,1636.97,4433.55,29064.38
10583,3528,85,1,8728.6,349.31,1508.27,9887.56
10584,3529,173,4,15522.12,3206.84,10598.7,69480.34
10585,3530,38,3,28086.65,4733.12,14314.83,93841.66
10586,3530,168,3,41017.08,11935.73,20000.79,131116.3
10587,3530,133,1,38037.94,3970.64,6132.11,40199.41
10588,3531,143,1,23230.7,224.35,4141.14,27147.49
10589,3531,88,4,33071.07,15622.9,20999.05,137660.43
10590,3531,23,4,3383.79,324.37,2377.94,15588.73
10591,3531,28,1,29031.11,1949.13,4874.76,31956.74
10592,3531,140,3,12249.39,514.76,6522.01,42755.42
10593,3532,147,2,26528.08,1222.51,9330.06,61163.71
10594,3532,82,2,10944.45,1998.26,3580.32,23470.96
10595,3532,75,3,8532.47,2961.67,4074.43,26710.17
10596,3532,7,4,1179.48,317.15,792.14,5192.91
10597,3533,210,1,33886.56,1717.77,5790.38,37959.17
10598,3533,91,3,33075.34,4139.41,17115.59,112202.2
10599,3533,119,2,36904.39,1491.16,13017.17,85334.79
10600,3533,6,3,9654.29,3074.22,4659.96,30548.61
10601,3533,12,1,13880.48,290.07,2446.27,16036.68
10602,3534,188,1,14567.29,480.63,2535.6,16622.26
10603,3534,120,4,26697.64,11205.37,17205.33,112790.52
10604,3534,101,2,46156.61,8169.53,15145.86,99289.55
10605,3535,220,1,21280.0,1849.49,3497.49,22928.0
10606,3536,111,4,43082.21,9574.63,29295.76,192049.97
10607,3537,62,4,34302.26,5328.91,23738.42,155618.55
10608,3538,145,1,17725.61,1819.31,2863.13,18769.43
10609,3538,67,1,41997.34,1402.37,7307.09,47902.06
10610,3539,233,1,21896.66,1127.33,3738.48,24507.81
10611,3540,43,2,16510.19,3919.18,5238.22,34339.42
10612,3541,229,3,33676.3,8318.16,16687.93,109398.67
10613,3541,191,3,30208.27,3084.62,15757.23,103297.42
10614,3542,104,3,15989.17,4701.89,7787.81,51053.43
10615,3542,121,1,18719.38,1322.37,3131.46,20528.47
10616,3543,132,1,15074.48,1707.73,2406.01,15772.76
10617,3543,56,1,36444.51,1037.26,6373.3,41780.55
10618,3543,28,3,29031.11,1965.6,15322.99,100450.72
10619,3543,178,4,39619.34,1989.93,28167.74,184655.17
10620,3543,221,2,32207.06,6812.02,10368.38,67970.48
10621,3544,140,3,12249.39,4406.54,5821.49,38163.12
10622,3544,208,1,7922.32,565.57,1324.21,8680.96
10623,3544,182,4,26624.12,3580.1,18524.95,121441.33
10624,3544,102,3,34567.4,5180.5,17733.91,116255.61
10625,3544,133,4,38037.94,4715.65,26538.5,173974.61
10626,3545,3,3,33432.15,11551.9,15974.02,104718.57
10627,3545,78,1,5073.66,567.23,811.16,5317.59
10628,3545,105,4,18322.11,2574.22,12728.56,83442.78
10629,3546,7,4,1179.48,378.43,781.11,5120.6
10630,3546,22,1,9607.6,180.97,1696.79,11123.42
10631,3546,18,3,16802.96,4257.67,8307.22,54458.43
10632,3547,102,1,34567.4,2424.43,5785.73,37928.7
10633,3547,46,4,5015.71,1469.61,3346.78,21940.01
10634,3547,190,2,14801.53,1451.86,5067.22,33218.42
10635,3547,26,2,15276.03,338.62,5438.42,35651.86
10636,3548,18,2,16802.96,1134.15,5844.92,38316.69
10637,3548,207,2,27779.78,1213.5,9782.29,64128.35
10638,3548,9,3,9902.75,2663.19,4868.11,31913.17
10639,3549,74,4,24770.89,8859.11,16240.4,106464.85
10640,3549,38,4,28086.65,2330.78,19802.85,129818.67
10641,3549,147,3,26528.08,7557.27,12964.85,84991.82
10642,3549,207,4,27779.78,12100.12,17823.42,116842.42
10643,3550,112,1,24992.69,925.82,4332.04,28398.91
10644,3551,19,4,37198.47,12137.14,24598.21,161254.95
10645,3551,148,2,32803.6,2216.77,11410.28,74800.71
10646,3551,160,2,7458.41,1526.85,2410.19,15800.16
10647,3551,20,1,38320.28,1169.14,6687.21,43838.35
10648,3552,112,4,24992.69,9853.08,16221.18,106338.86
10649,3552,170,2,19374.04,3840.18,6283.42,41191.32
10650,3553,30,3,7051.18,362.93,3742.31,24532.92
10651,3553,218,4,20584.33,560.79,14719.78,96496.31
10652,3553,192,3,13341.13,3196.17,6628.9,43456.12
10653,3553,57,2,20483.4,630.24,7260.58,47597.14
10654,3554,72,3,12573.73,3722.78,6119.71,40118.12
10655,3555,56,1,36444.51,3676.64,5898.22,38666.09
10656,3555,155,2,37465.45,6582.85,12302.65,80650.7
10657,3555,124,1,10290.63,476.25,1766.59,11580.97
10658,3555,21,2,27939.78,2372.88,9631.2,63137.88
10659,3556,230,3,26170.26,3943.54,13422.1,87989.34
10660,3556,104,4,15989.17,5064.76,10600.55,69492.47
10661,3556,118,4,9547.03,1728.23,6562.78,43022.67
10662,3557,235,3,28131.22,9211.13,13532.86,88715.39
10663,3557,150,2,3654.09,145.61,1289.26,8451.83
10664,3557,196,2,40456.71,1567.2,14282.32,93628.54
10665,3557,201,4,18244.99,8702.42,11569.96,75847.5
10666,3558,31,4,44553.38,2033.45,31712.41,207892.48
10667,3558,79,1,15130.34,515.74,2630.63,17245.23
10668,3559,144,3,33892.0,4884.39,17422.49,114214.1
10669,3559,50,1,45675.94,1768.66,7903.31,51810.59
10670,3559,109,1,25465.9,1640.81,4288.52,28113.61
10671,3559,94,2,35740.44,4128.23,12123.48,79476.13
10672,3559,20,3,38320.28,2821.21,20185.13,132324.76
10673,3560,139,1,4824.95,288.3,816.6,5353.25
10674,3561,71,3,21062.02,1328.87,11134.29,72991.48
10675,3561,10,2,31794.64,5253.19,10500.5,68836.59
10676,3561,33,1,39008.3,3114.12,6460.95,42355.13
10677,3561,186,3,24680.72,5204.02,12390.87,81229.01
10678,3562,234,3,10605.83,2178.28,5335.06,34974.27
10679,3562,147,2,26528.08,5812.9,8503.79,55747.05
10680,3562,92,1,39462.15,2877.21,6585.29,43170.23
10681,3563,31,1,44553.38,583.69,7914.54,51884.23
10682,3564,52,1,30086.26,3164.16,4845.98,31768.08
10683,3564,138,3,5484.92,1925.88,2615.2,17144.08
10684,3564,102,1,34567.4,1948.54,5871.39,38490.25
10685,3565,26,3,15276.03,4935.73,7360.62,48252.98
10686,3566,45,1,3684.98,165.78,633.46,4152.66
10687,3567,102,2,34567.4,5510.23,11452.42,75076.99
10688,3567,238,2,19991.97,562.47,7095.86,46517.33
10689,3567,119,1,36904.39,4296.81,5869.36,38476.94
10690,3567,58,2,43014.0,3203.43,14908.42,97732.99
10691,3567,23,3,3383.79,862.98,1671.91,10960.3
10692,3568,46,3,5015.71,1723.24,2398.3,15722.19
10693,3568,21,3,27939.78,145.51,15061.29,98735.12
10694,3568,86,4,41540.1,44.1,29900.93,196017.23
10695,3568,59,3,13506.51,2037.76,6926.72,45408.49
10696,3569,96,4,17662.28,7693.88,11331.94,74287.18
10697,3569,57,1,20483.4,1178.7,3474.85,22779.55
10698,3569,159,1,18286.08,2021.91,2927.55,19191.72
10699,3569,52,2,30086.26,2667.84,10350.84,67855.52
10700,3570,8,3,28733.56,3998.21,14796.44,96998.91
10701,3570,173,2,15522.12,1252.09,5362.59,35154.74
10702,3570,1,3,25243.55,2371.07,13204.72,86564.3
10703,3570,115,2,7640.14,928.31,2583.35,16935.32
10704,3570,170,4,19374.04,820.4,13801.64,90477.4
10705,3571,208,1,7922.32,457.5,1343.67,8808.49
10706,3571,53,2,12091.35,1641.39,4057.44,26598.75
10707,3571,11,3,36727.76,5108.53,18913.45,123988.2
10708,3571,180,2,4766.01,442.38,1636.14,10725.78
10709,3572,64,4,1034.97,165.94,715.31,4689.25
10710,3572,53,4,12091.35,134.12,8681.63,56912.91
10711,3572,140,1,12249.39,266.91,2156.85,14139.33
10712,3572,148,3,32803.6,2324.75,17295.49,113381.54
10713,3573,44,2,43728.99,9558.89,14021.84,91920.93
10714,3573,132,1,15074.48,1390.08,2463.19,16147.59
10715,3573,212,4,8937.81,1578.56,6151.08,40323.76
10716,3573,191,4,30208.27,199.21,21714.1,142347.97
10717,3574,21,2,27939.78,4143.35,9312.52,61048.73
10718,3574,53,2,12091.35,778.12,4212.82,27617.4
10719,3574,62,3,34302.26,11480.01,16456.82,107883.59
10720,3574,87,2,21959.44,4692.36,7060.77,46287.29
10721,3574,128,1,48190.05,2347.46,8251.67,54094.26
10722,3575,100,4,46774.34,4408.03,32884.08,215573.41
10723,3575,7,2,1179.48,65.14,412.89,2706.71
10724,3575,101,1,46156.61,3320.88,7710.43,50546.16
10725,3575,180,3,4766.01,806.85,2428.41,15919.59
10726,3575,38,4,28086.65,3756.11,19546.29,128136.78
10727,3576,106,3,12366.02,2593.14,6210.89,40715.81
10728,3576,130,4,12728.22,3650.06,8507.31,55770.13
10729,3576,230,3,26170.26,8725.34,12561.38,82346.82
10730,3576,212,1,8937.81,879.19,1450.55,9509.17
10731,3576,99,2,21866.86,3180.92,7299.5,47852.3
10732,3577,155,1,37465.45,2804.18,6239.03,40900.3
10733,3577,21,3,27939.78,1113.0,14887.14,97593.48
10734,3577,163,2,1240.08,118.83,425.04,2786.37
10735,3578,12,1,13880.48,1328.11,2259.43,14811.8
10736,3578,188,4,14567.29,5449.63,9507.52,62327.05
10737,3578,198,1,112.51,7.51,18.9,123.9
10738,3579,132,2,15074.48,2469.93,4982.23,32661.26
10739,3579,220,3,21280.0,5267.58,10543.04,69115.46
10740,3579,140,2,12249.39,2801.02,3905.6,25603.36
10741,3580,45,3,3684.98,153.74,1962.22,12863.42
10742,3581,101,1,46156.61,4720.69,7458.47,48894.39
10743,3581,88,2,33071.07,6219.14,10786.14,70709.14
10744,3582,93,4,17083.66,6446.3,11139.9,73028.24
10745,3582,6,2,9654.29,257.11,3429.26,22480.73
10746,3583,162,3,38305.79,1144.07,20479.19,134252.49
10747,3583,169,4,10455.18,3181.67,6955.03,45594.08
10748,3583,114,3,23667.1,3189.32,12206.16,80018.14
10749,3583,159,3,18286.08,206.03,9837.4,64489.61
10750,3583,170,3,19374.04,3532.14,9826.2,64416.18
10751,3584,206,3,37695.53,2124.59,19973.16,130935.16
10752,3584,133,2,38037.94,5479.94,12707.27,83303.21
10753,3584,81,4,3286.08,761.21,2228.96,14612.07
10754,3584,199,1,19178.46,418.96,3376.71,22136.21
10755,3584,239,3,26635.98,3405.37,13770.46,90273.03
10756,3585,186,1,24680.72,550.32,4343.47,28473.87
10757,3585,232,4,11511.84,2475.13,7843.0,51415.23
10758,3585,116,2,3361.81,526.01,1115.57,7313.18
10759,3585,239,2,26635.98,2914.72,9064.3,59421.54
10760,3585,46,4,5015.71,1796.92,3287.87,21553.79
10761,3586,225,4,36716.34,3329.54,25836.45,169372.27
10762,3586,213,3,20525.1,4796.45,10220.19,66999.04
10763,3586,123,1,9421.34,444.29,1615.87,10592.92
10764,3587,190,4,14801.53,361.67,10592.0,69436.45
10765,3587,97,1,11972.84,305.44,2100.13,13767.53
10766,3587,53,4,12091.35,1412.32,8451.55,55404.63
10767,3587,128,4,48190.05,15447.62,31916.26,209228.84
10768,3587,73,1,17456.78,267.03,3094.15,20283.9
10769,3588,86,2,41540.1,9643.35,13218.63,86655.48
10770,3589,100,2,46774.34,5187.92,15904.94,104265.7
10771,3589,188,4,14567.29,405.21,10415.51,68279.46
10772,3589,32,2,25348.23,5338.92,8164.36,53521.9
10773,3589,115,1,7640.14,0.05,1375.22,9015.31
10774,3590,23,4,3383.79,419.05,2360.9,15477.01
10775,3590,151,1,39931.59,4048.88,6458.89,42341.6
10776,3590,69,1,3290.31,238.41,549.34,3601.24
10777,3590,172,1,1060.63,54.38,181.12,1187.37
10778,3591,205,4,26777.33,1367.28,19033.57,124775.61
10779,3591,74,3,24770.89,7542.02,12018.72,78789.37
10780,3592,14,3,3800.37,755.84,1916.15,12561.42
10781,3592,30,1,7051.18,193.85,1234.32,8091.65
10782,3593,83,1,34264.79,1448.85,5906.87,38722.81
10783,3593,163,2,1240.08,43.72,438.56,2875.0
10784,3593,176,2,43250.55,2728.88,15079.0,98851.22
10785,3593,215,1,34726.43,3465.18,5627.02,36888.27
10786,3593,208,4,7922.32,110.86,5684.12,37262.54
10787,3594,4,1,35689.14,1644.74,6127.99,40172.39
10788,3594,169,1,10455.18,536.97,1785.28,11703.49
10789,3594,224,3,31527.62,8136.8,15560.29,102006.35
10790,3594,144,1,33892.0,2893.84,5579.67,36577.83
10791,3595,212,1,8937.81,707.25,1481.5,9712.06
10792,3596,83,1,34264.79,1868.87,5831.27,38227.19
10793,3596,58,2,43014.0,8921.5,13879.17,90985.67
10794,3597,18,2,16802.96,3756.66,5372.87,35222.13
10795,3598,84,2,10857.56,1229.22,3687.46,24173.36
10796,3598,163,2,1240.08,252.84,400.92,2628.24
10797,3599,233,4,21896.66,5367.95,14799.36,97018.05
10798,3599,157,3,10083.83,1593.93,5158.36,33815.92
10799,3599,69,2,3290.31,693.46,1059.69,6946.85
10800,3599,84,3,10857.56,1921.71,5517.17,36168.14
10801,3600,223,3,39924.82,8865.09,19963.69,130873.06
10802,3600,66,1,12279.53,682.1,2087.54,13684.97
10803,3600,210,3,33886.56,4012.06,17576.57,115224.19
10804,3601,210,3,33886.56,7998.05,16859.09,110520.72
10805,3601,225,3,36716.34,12169.22,17636.36,115616.16
10806,3601,122,1,24991.82,1960.16,4145.7,27177.36
10807,3601,30,2,7051.18,941.18,2369.01,15530.19
10808,3602,131,1,41590.84,3918.31,6781.06,44453.59
10809,3603,73,4,17456.78,27.38,12563.95,82363.69
10810,3604,104,1,15989.17,1867.35,2541.93,16663.75
10811,3604,121,1,18719.38,1264.33,3141.91,20596.96
10812,3604,35,3,13199.49,360.48,7062.84,46300.83
10813,3605,103,2,20030.13,340.62,7149.54,46869.18
10814,3605,91,3,33075.34,4247.29,17096.17,112074.9
10815,3606,168,3,41017.08,10997.0,20169.76,132224.0
10816,3606,236,1,18050.29,667.79,3128.85,20511.35
10817,3606,121,4,18719.38,8055.82,12027.91,78849.61
10818,3606,165,2,37776.85,1451.56,13338.39,87440.53
10819,3606,108,3,46203.27,5421.3,23973.93,157162.44
10820,3607,185,1,189.21,16.37,31.11,203.95
10821,3608,61,4,33657.04,15467.63,21448.9,140609.43
10822,3609,201,3,18244.99,5635.8,8837.85,57937.02
10823,3609,117,2,27023.51,1351.75,9485.15,62180.42
10824,3610,171,1,32844.1,1950.47,5560.85,36454.48
10825,3611,209,1,10731.59,134.06,1907.56,12505.09
10826,3611,214,2,25781.44,595.6,9174.11,60141.39
10827,3611,240,1,39567.79,2085.53,6746.81,44229.07
10828,3611,237,1,17135.78,666.57,2964.46,19433.67
10829,3611,134,3,29515.74,9478.36,14232.39,93301.25
10830,3612,233,4,21896.66,5029.35,14860.31,97417.6
10831,3612,120,2,26697.64,839.24,9460.09,62016.13
10832,3612,105,3,18322.11,5857.93,8839.51,57947.91
10833,3612,152,4,37157.0,6814.79,25526.38,167339.59
10834,3613,215,1,34726.43,1503.39,5980.15,39203.19
10835,3613,33,1,39008.3,4567.85,6199.28,40639.73
10836,3613,54,1,4901.82,237.08,839.65,5504.39
10837,3613,141,4,29486.44,2545.99,20771.96,136171.73
10838,3614,223,2,39924.82,3804.21,13688.18,89733.61
10839,3614,16,3,37019.42,9839.33,18219.41,119438.34
10840,3614,168,3,41017.08,4290.98,21376.85,140137.11
10841,3614,207,1,27779.78,2101.76,4622.04,30300.06
10842,3614,68,4,3827.59,1832.4,2426.03,15903.99
10843,3615,49,1,43844.62,4846.55,7019.65,46017.72
10844,3615,188,3,14567.29,663.27,7746.95,50785.55
10845,3616,73,3,17456.78,2606.12,8957.56,58721.78
10846,3617,197,1,13368.44,781.11,2265.72,14853.05
10847,3617,193,1,16913.96,126.66,3021.71,19809.01
10848,3617,74,2,24770.89,2619.57,8446.0,55368.21
10849,3617,216,1,4678.54,144.43,816.14,5350.25
10850,3618,6,1,9654.29,803.64,1593.12,10443.77
10851,3618,96,3,17662.28,2662.79,9058.33,59382.38
10852,3618,224,1,31527.62,2847.5,5162.42,33842.54
10853,3618,173,1,15522.12,1168.49,2583.65,16937.28
10854,3619,5,4,16705.9,6986.43,10770.69,70607.86
10855,3619,194,2,5562.52,202.28,1966.1,12888.86
10856,3620,179,3,40060.15,10304.79,19777.62,129653.28
10857,3620,202,1,22486.45,1428.03,3790.52,24848.94
10858,3620,112,3,24992.69,6827.78,12267.05,80417.34
10859,3620,16,1,37019.42,3162.51,6094.24,39951.15
10860,3620,23,4,3383.79,568.72,2333.96,15300.4
10861,3621,185,3,189.21,9.66,100.43,658.4
10862,3622,62,4,34302.26,2310.34,24281.77,159180.47
10863,3622,220,1,21280.0,2548.91,3371.6,22102.69
10864,3622,179,4,40060.15,4908.63,27959.75,183291.72
10865,3622,183,3,17183.22,5820.09,8231.32,53960.89
10866,3622,192,4,13341.13,500.96,9515.44,62379.0
10867,3623,59,1,13506.51,1366.49,2185.2,14325.22
10868,3624,172,3,1060.63,93.83,555.85,3643.91
10869,3625,43,3,16510.19,5482.99,7928.56,51976.14
10870,3625,236,4,18050.29,800.14,12852.18,84253.2
10871,3625,73,1,17456.78,73.16,3129.05,20512.67
10872,3625,1,1,25243.55,1734.8,4231.57,27740.32
10873,3626,147,4,26528.08,4128.57,18357.08,120340.83
10874,3626,179,4,40060.15,19053.67,25413.65,166600.58
10875,3627,93,4,17083.66,2466.71,11856.23,77724.16
10876,3627,224,2,31527.62,2911.5,10825.87,70969.61
10877,3627,15,1,37893.41,803.96,6676.1,43765.55
10878,3627,59,1,13506.51,461.77,2348.05,15392.79
10879,3627,209,4,10731.59,4507.31,6915.43,45334.48
10880,3628,204,2,3813.54,723.42,1242.66,8146.32
10881,3629,167,4,31659.13,9149.38,21147.69,138634.83
10882,3629,41,3,23389.54,7975.83,11194.7,73387.49
10883,3630,220,4,21280.0,1291.01,15089.22,98918.21
10884,3630,79,3,15130.34,3317.31,7573.27,49646.98
10885,3630,95,3,8312.81,2227.29,4088.01,26799.15
10886,3630,36,2,10167.03,1208.53,3442.6,22568.13
10887,3630,9,3,9902.75,2083.39,4972.47,32597.33
10888,3631,211,3,18681.33,1952.7,9736.43,63827.72
10889,3631,96,3,17662.28,5145.48,8611.44,56452.8
10890,3632,38,3,28086.65,5337.81,14205.99,93128.13
10891,3632,90,4,18461.71,7592.32,11925.81,78180.33
10892,3633,28,1,29031.11,2337.94,4804.77,31497.94
10893,3633,20,2,38320.28,4530.81,12979.75,85089.5
10894,3634,190,3,14801.53,3868.93,7296.42,47832.08
10895,3634,223,2,39924.82,7091.05,13096.55,85855.14
10896,3635,130,4,12728.22,3572.56,8521.26,55861.58
10897,3636,162,4,38305.79,15112.72,24859.88,162970.32
10898,3637,163,2,1240.08,227.51,405.48,2658.13
10899,3637,31,4,44553.38,3833.09,31388.48,205768.91
10900,3637,140,2,12249.39,2596.21,3942.46,25845.03
10901,3637,69,3,3290.31,598.76,1668.99,10941.16
10902,3637,61,1,33657.04,1463.44,5794.85,37988.45
10903,3638,127,3,3238.17,488.13,1660.75,10887.13
10904,3638,146,3,269.14,15.36,142.57,934.63
10905,3638,14,2,3800.37,598.41,1260.42,8262.75
10906,3638,46,4,5015.71,654.35,3493.53,22902.02
10907,3638,72,3,12573.73,127.9,6766.79,44360.08
10908,3639,233,2,21896.66,4869.09,7006.36,45930.59
10909,3639,96,3,17662.28,3525.26,8903.08,58364.66
10910,3639,66,1,12279.53,133.56,2186.27,14332.24
10911,3639,38,4,28086.65,5215.57,19283.59,126414.62
10912,3640,86,4,41540.1,7119.99,28627.27,187667.68
10913,3641,138,3,5484.92,1901.88,2619.52,17172.4
10914,3641,218,3,20584.33,1790.87,10793.18,70755.3
10915,3641,65,4,41109.17,11182.09,27585.83,180840.42
10916,3642,15,1,37893.41,4190.0,6066.61,39770.02
10917,3642,130,3,12728.22,4492.61,6064.57,39756.62
10918,3642,172,4,1060.63,207.7,726.27,4761.09
10919,3642,19,1,37198.47,4250.99,5930.55,38878.03
10920,3643,206,1,37695.53,222.27,6745.19,44218.45
10921,3643,238,1,19991.97,921.58,3432.67,22503.06
10922,3643,183,1,17183.22,529.59,2997.65,19651.28
10923,3643,90,1,18461.71,2079.94,2948.72,19330.49
10924,3643,121,2,18719.38,2959.33,6206.3,40685.73
10925,3644,219,2,11772.86,2509.79,3786.47,24822.4
10926,3644,91,3,33075.34,272.54,17811.63,116765.11
10927,3644,45,3,3684.98,382.99,1920.95,12592.9
10928,3645,185,1,189.21,11.26,32.03,209.98
10929,3645,196,3,40456.71,6402.96,20694.09,135661.26
10930,3645,17,3,25819.56,4100.87,13204.41,86562.22
10931,3645,137,2,31709.73,3289.71,10823.35,70953.1
10932,3646,60,2,24754.89,2518.94,8458.35,55449.19
10933,3646,166,1,33767.83,1884.87,5738.93,37621.89
10934,3646,202,3,22486.45,3430.52,11525.19,75554.02
10935,3646,13,3,40458.84,3132.03,21284.01,139528.5
10936,3647,29,2,7930.98,393.25,2784.37,18253.08
10937,3648,180,2,4766.01,110.49,1695.88,11117.41
10938,3648,74,3,24770.89,2090.18,13000.05,85222.54
10939,3648,160,3,7458.41,54.37,4017.75,26338.61
10940,3648,109,2,25465.9,2391.07,8737.33,57278.06
10941,3649,54,1,4901.82,27.05,877.46,5752.23
10942,3649,236,3,18050.29,3052.08,9197.78,60296.57
10943,3650,24,4,4300.49,810.33,2950.49,19342.12
10944,3651,140,4,12249.39,4250.73,8054.43,52801.26
10945,3651,24,1,4300.49,283.69,723.02,4739.82
10946,3651,73,1,17456.78,1721.15,2832.41,18568.04
10947,3651,145,2,17725.61,1970.39,6026.55,39507.38
10948,3651,113,3,2640.7,907.34,1262.66,8277.42
10949,3652,144,2,33892.0,2196.98,11805.66,77392.68
10950,3652,196,3,40456.71,6294.19,20713.67,135789.61
10951,3652,36,3,10167.03,1634.96,5195.9,34062.03
10952,3652,120,1,26697.64,1704.36,4498.79,29492.07
10953,3652,107,4,19641.45,6003.61,13061.19,85623.38
10954,3653,29,4,7930.98,704.47,5583.5,36602.95
10955,3653,80,3,9554.15,3233.44,4577.22,30006.23
10956,3653,214,4,25781.44,7368.92,17236.23,112993.07
10957,3653,178,2,39619.34,1178.38,14050.85,92111.15
10958,3654,27,3,12821.1,1636.65,6628.8,43455.45
10959,3654,176,2,43250.55,8623.3,14018.0,91895.8
10960,3654,38,4,28086.65,3305.41,19627.41,128668.6
10961,3654,186,4,24680.72,5355.72,16806.09,110173.25
10962,3654,28,1,29031.11,944.43,5055.6,33142.28
10963,3655,39,3,39677.48,8048.69,19977.08,130960.83
10964,3655,63,1,120.39,5.76,20.63,135.26
10965,3656,10,3,31794.64,1716.33,16860.17,110527.76
10966,3656,216,1,4678.54,548.25,743.45,4873.74
10967,3656,4,4,35689.14,10118.19,23874.91,156513.28
10968,3657,234,4,10605.83,2913.49,7111.77,46621.6
10969,3657,169,2,10455.18,1238.1,3541.01,23213.27
10970,3657,100,2,46774.34,4362.49,16053.51,105239.7
10971,3657,176,1,43250.55,4504.92,6974.21,45719.84
10972,3658,154,4,14680.42,4643.06,9734.15,63812.77
10973,3658,162,2,38305.79,8702.12,12223.7,80133.16
10974,3658,47,2,34112.86,4259.99,11513.83,75479.56
10975,3658,209,1,10731.59,139.24,1906.62,12498.97
10976,3658,5,2,16705.9,1619.06,5722.69,37515.43
10977,3659,67,3,41997.34,13226.63,20297.77,133063.16
10978,3659,199,3,19178.46,2838.8,9845.38,64541.96
10979,3659,102,2,34567.4,6034.4,11358.07,74458.47
10980,3659,124,2,10290.63,357.0,3640.37,23864.63
10981,3660,222,1,28533.87,2575.0,4672.6,30631.47
10982,3660,134,3,29515.74,6142.93,14832.77,97237.06
10983,3660,213,3,20525.1,3540.46,10446.27,68481.11
10984,3660,170,2,19374.04,34.31,6968.48,45682.25
10985,3660,74,2,24770.89,3169.75,8346.97,54719.0
10986,3661,218,3,20584.33,1426.66,10858.74,71185.07
10987,3661,182,1,26624.12,2520.6,4338.63,28442.15
10988,3662,212,4,8937.81,2603.79,5966.54,39113.99
10989,3662,9,4,9902.75,1504.51,6859.17,44965.66
10990,3662,201,2,18244.99,2315.97,6151.32,40325.33
10991,3663,4,2,35689.14,735.54,12715.69,83358.43
10992,3663,125,3,28195.42,8087.52,13769.77,90268.51
10993,3664,167,1,31659.13,899.66,5536.7,36296.17
10994,3664,10,2,31794.64,3540.31,10808.81,70857.78
10995,3664,60,1,24754.89,176.95,4424.03,29001.97
10996,3664,44,3,43728.99,161.76,23584.54,154609.75
10997,3665,113,2,2640.7,111.08,930.66,6100.98
10998,3666,206,3,37695.53,3628.25,19702.5,129160.84
10999,3666,227,1,19776.73,521.96,3465.86,22720.63
11000,3667,32,4,25348.23,3098.29,17693.03,115987.66
11001,3667,149,4,16854.36,2217.79,11735.94,76935.59
11002,3667,49,1,43844.62,1971.04,7537.24,49410.82
11003,3668,191,3,30208.27,671.35,16191.62,106145.08
11004,3668,188,1,14567.29,222.26,2582.11,16927.14
11005,3669,238,3,19991.97,6667.82,9595.46,62903.55
11006,3669,184,1,11705.83,397.7,2035.46,13343.59
11007,3670,22,1,9607.6,691.42,1604.91,10521.09
11008,3670,101,3,46156.61,3716.49,24255.6,159008.94
11009,3670,218,2,20584.33,4761.96,6553.21,42959.91
11010,3670,24,1,4300.49,169.59,743.56,4874.46
11011,3670,14,4,3800.37,916.48,2571.3,16856.3
11012,3671,163,1,1240.08,105.91,204.15,1338.32
11013,3671,83,3,34264.79,8482.77,16976.09,111287.69
11014,3672,153,1,6055.61,78.5,1075.88,7052.99
11015,3673,29,3,7930.98,1925.13,3936.21,25804.02
11016,3673,237,2,17135.78,3352.33,5565.46,36484.69
11017,3673,1,4,25243.55,3179.07,17603.12,115398.25
11018,3674,181,2,30664.66,3189.64,10465.14,68604.82
11019,3674,127,3,3238.17,169.13,1718.17,11263.55
11020,3675,14,3,3800.37,518.16,1958.93,12841.88
11021,3675,191,4,30208.27,9971.08,19955.16,130817.16
11022,3676,80,1,9554.15,261.72,1672.64,10965.07
11023,3676,206,3,37695.53,13261.51,17968.51,117793.59
11024,3676,70,4,30937.09,1939.39,21925.61,143734.58
11025,3676,181,2,30664.66,1825.68,10710.66,70214.3
11026,3676,5,2,16705.9,1240.9,5790.76,37961.66
11027,3677,109,4,25465.9,10114.56,16514.83,108263.87
11028,3677,222,2,28533.87,6450.44,9111.11,59728.41
11029,3677,141,1,29486.44,2518.06,4854.31,31822.69
11030,3677,131,2,41590.84,8177.42,13500.77,88505.03
11031,3677,121,2,18719.38,2440.02,6299.77,41298.51
11032,3678,202,3,22486.45,5553.29,11143.09,73049.15
11033,3678,134,1,29515.74,1130.8,5109.29,33494.23
11034,3678,169,4,10455.18,3756.2,6851.61,44916.13
11035,3678,66,2,12279.53,489.11,4332.59,28402.54
11036,3679,140,1,12249.39,416.29,2129.96,13963.06
11037,3679,48,4,2802.25,1312.76,1781.32,11677.56
11038,3679,181,3,30664.66,7327.23,15240.01,99906.76
11039,3679,113,4,2640.7,381.67,1832.6,12013.73
11040,3679,141,4,29486.44,9584.83,19504.97,127865.9
11041,3680,211,3,18681.33,6419.01,8932.5,58557.48
11042,3680,63,3,120.39,9.77,63.25,414.65
11043,3680,58,3,43014.0,12669.11,20947.12,137320.01
11044,3681,31,2,44553.38,9726.29,14288.48,93668.95
11045,3681,13,1,40458.84,2443.95,6842.68,44857.57
11046,3682,49,3,43844.62,4032.09,22950.32,150452.09
11047,3683,179,3,40060.15,13601.16,19184.27,125763.56
11048,3683,63,3,120.39,42.84,57.3,375.63
11049,3683,199,3,19178.46,5194.4,9421.38,61762.36
11050,3684,72,3,12573.73,4257.74,6023.42,39486.87
11051,3684,82,1,10944.45,239.78,1926.84,12631.51
11052,3684,94,2,35740.44,620.66,12754.84,83615.06
11053,3685,233,2,21896.66,739.14,7749.75,50803.93
11054,3685,34,3,9115.19,2189.39,4528.11,29684.29
11055,3685,48,4,2802.25,1331.35,1777.98,11655.63
11056,3686,158,3,36880.83,308.59,19860.1,130194.0
11057,3686,220,3,21280.0,7449.66,10150.26,66540.6
11058,3686,83,4,34264.79,11680.08,22568.23,147947.31
11059,3687,185,2,189.21,15.79,65.27,427.9
11060,3687,215,2,34726.43,872.64,12344.44,80924.66
11061,3687,145,3,17725.61,2432.16,9134.04,59878.71
11062,3688,223,3,39924.82,11792.43,19436.77,127418.8
11063,3688,57,2,20483.4,995.54,7194.83,47166.09
11064,3688,1,1,25243.55,238.82,4500.85,29505.58
11065,3688,13,4,40458.84,15963.27,26256.98,172129.07
11066,3689,187,3,33639.08,7496.47,16815.74,110236.51
11067,3689,233,2,21896.66,3626.81,7229.97,47396.48
11068,3689,114,2,23667.1,4100.47,7782.07,51015.8
11069,3689,54,4,4901.82,1910.49,3185.42,20882.21
11070,3690,207,4,27779.78,12272.03,17792.48,116639.57
11071,3691,63,3,120.39,14.75,62.36,408.78
11072,3691,99,4,21866.86,1202.44,15527.7,101792.7
11073,3692,158,2,36880.83,2484.59,12829.87,84106.94
11074,3692,227,4,19776.73,8820.64,12651.53,82937.81
11075,3693,48,4,2802.25,805.02,1872.72,12276.7
11076,3693,183,3,17183.22,2746.44,8784.58,57587.8
11077,3693,135,3,25713.49,640.62,13769.97,90269.82
11078,3693,53,2,12091.35,648.25,4236.2,27770.65
11079,3694,198,2,112.51,7.64,39.13,256.51
11080,3694,175,3,27514.3,361.98,14792.57,96973.49
11081,3694,12,3,13880.48,4651.61,6658.17,43648.0
11082,3694,95,1,8312.81,427.15,1419.42,9305.08
11083,3695,217,4,8518.31,1539.01,5856.16,38390.39
11084,3695,80,3,9554.15,2943.44,4629.42,30348.43
11085,3695,98,4,20903.98,3069.17,14498.41,95045.16
11086,3695,78,1,5073.66,124.03,890.93,5840.56
11087,3695,142,4,26420.51,11115.24,17022.02,111588.82
11088,3696,128,2,48190.05,1008.34,17166.92,112538.68
11089,3696,26,2,15276.03,1503.54,5228.73,34277.25
11090,3697,239,4,26635.98,11547.72,17099.32,112095.52
11091,3698,20,4,38320.28,7564.27,26229.03,171945.88
11092,3698,67,4,41997.34,12674.3,27956.71,183271.77
11093,3698,118,4,9547.03,1169.24,6663.4,43682.28
11094,3698,179,2,40060.15,1517.11,14148.57,92751.76
11095,3699,187,3,33639.08,8345.39,16662.93,109234.78
11096,3699,115,1,7640.14,417.52,1300.07,8522.69
11097,3699,45,3,3684.98,713.73,1861.42,12202.63
11098,3700,236,1,18050.29,2087.53,2873.3,18836.06
11099,3700,166,2,33767.83,1650.37,11859.35,77744.64
11100,3700,123,1,9421.34,555.23,1595.9,10462.01
11101,3701,50,1,45675.94,2920.31,7696.01,50451.64
11102,3701,212,3,8937.81,278.83,4776.23,31310.83
11103,3701,64,2,1034.97,134.9,348.31,2283.35
11104,3702,107,1,19641.45,149.71,3508.51,23000.25
11105,3702,190,2,14801.53,47.79,5319.95,34875.22
11106,3702,147,4,26528.08,11138.04,17095.37,112069.65
11107,3703,20,1,38320.28,925.25,6731.11,44126.14
11108,3703,102,1,34567.4,1648.34,5925.43,38844.49
11109,3703,104,3,15989.17,1635.29,8339.8,54672.02
11110,3703,163,3,1240.08,86.53,654.07,4287.78
11111,3704,235,4,28131.22,12082.23,18079.68,118522.33
11112,3704,2,4,11408.11,1972.52,7858.79,51518.71
11113,3704,81,3,3286.08,925.13,1607.96,10541.07
11114,3704,217,1,8518.31,173.02,1502.15,9847.44
11115,3704,168,2,41017.08,4938.74,13877.18,90972.6
11116,3705,172,3,1060.63,262.04,525.57,3445.42
11117,3705,73,3,17456.78,4948.62,8535.91,55957.63
11118,3705,194,1,5562.52,228.23,960.17,6294.46
11119,3706,20,3,38320.28,10943.07,18723.2,122740.97
11120,3706,197,4,13368.44,4107.31,8885.96,58252.41
11121,3706,71,2,21062.02,4195.54,6827.13,44755.63
11122,3706,180,3,4766.01,1258.34,2347.14,15386.83
11123,3707,106,2,12366.02,2465.56,4007.97,26274.45
11124,3708,214,2,25781.44,2440.8,8841.97,57964.05
11125,3708,91,3,33075.34,5327.25,16901.78,110800.55
11126,3708,102,1,34567.4,3290.8,5629.79,36906.39
11127,3708,142,3,26420.51,6436.01,13108.59,85934.11
11128,3708,162,2,38305.79,2486.53,13342.51,87467.56
11129,3709,219,2,11772.86,739.95,4105.04,26910.81
11130,3710,33,4,39008.3,48.78,28077.2,184061.62
11131,3710,210,2,33886.56,4316.54,11422.18,74878.76
11132,3710,18,4,16802.96,6182.3,10985.32,72014.86
11133,3710,57,4,20483.4,326.71,14689.24,96296.13
11134,3710,164,3,15908.19,2119.24,8208.96,53814.29
11135,3711,180,4,4766.01,93.07,3414.77,22385.74
11136,3711,15,4,37893.41,8455.42,25761.28,168879.5
11137,3711,123,3,9421.34,772.71,4948.44,32439.75
11138,3711,8,3,28733.56,10177.6,13684.15,89707.23
11139,3711,4,2,35689.14,2379.09,12419.85,81419.04
11140,3712,225,4,36716.34,3642.61,25780.09,169002.84
11141,3712,167,4,31659.13,287.03,22742.91,149092.4
11142,3712,165,1,37776.85,78.36,6785.73,44484.22
11143,3713,59,4,13506.51,3222.13,9144.7,59948.61
11144,3714,51,3,628.75,6.48,338.36,2218.13
11145,3715,187,1,33639.08,1108.28,5855.54,38386.34
11146,3715,135,3,25713.49,8263.44,12397.87,81274.9
11147,3715,191,3,30208.27,8849.3,14719.59,96495.1
11148,3716,225,3,36716.34,10437.75,17948.03,117659.3
11149,3717,99,4,21866.86,4497.46,14934.6,97904.58
11150,3717,97,4,11972.84,3051.45,8071.18,52911.09
11151,3717,240,2,39567.79,517.14,14151.32,92769.76
11152,3718,75,3,8532.47,713.27,4479.15,29363.29
11153,3718,217,3,8518.31,51.7,4590.58,30093.81
11154,3718,111,2,43082.21,3846.56,14817.21,97135.07
11155,3718,218,4,20584.33,302.53,14766.26,96801.05
11156,3719,139,1,4824.95,27.21,863.59,5661.33
11157,3719,123,3,9421.34,791.64,4945.03,32417.41
11158,3719,161,1,41588.13,1738.43,7172.95,47022.65
11159,3719,66,3,12279.53,3032.73,6085.05,39890.91
11160,3719,45,4,3684.98,1489.24,2385.12,15635.8
11161,3720,211,1,18681.33,1729.61,3051.31,20003.03
11162,3720,13,4,40458.84,7139.14,27845.32,182541.54
11163,3720,234,2,10605.83,2544.77,3360.04,22026.93
11164,3720,138,2,5484.92,868.31,1818.28,11919.81
11165,3721,47,2,34112.86,4930.92,11393.06,74687.86
11166,3721,123,4,9421.34,3392.7,6172.68,40465.34
11167,3721,11,3,36727.76,3856.67,19138.79,125465.4
11168,3722,56,4,36444.51,4046.35,25511.7,167243.39
11169,3722,239,4,26635.98,10101.61,17359.62,113801.93
11170,3722,230,1,26170.26,2938.86,4181.65,27413.05
11171,3723,16,3,37019.42,3336.71,19389.88,127111.43
11172,3723,89,2,4268.91,600.12,1428.79,9366.49
11173,3723,162,3,38305.79,7097.33,19407.61,127227.65
11174,3723,176,3,43250.55,9035.99,21728.82,142444.48
11175,3723,206,3,37695.53,7414.53,19020.97,124693.03
11176,3724,26,1,15276.03,635.3,2635.33,17276.06
11177,3724,199,4,19178.46,3579.58,13164.17,86298.43
11178,3725,188,3,14567.29,543.92,7768.43,50926.38
11179,3725,128,4,48190.05,20826.56,30948.06,202881.7
11180,3725,17,4,25819.56,9455.32,16888.13,110711.05
11181,3726,217,4,8518.31,891.82,5972.66,39154.08
11182,3726,71,1,21062.02,455.54,3709.17,24315.65
11183,3727,99,2,21866.86,2238.41,7469.16,48964.47
11184,3727,108,1,46203.27,1213.77,8098.11,53087.61
11185,3727,101,2,46156.61,9586.57,14890.8,97617.45
11186,3727,118,1,9547.03,731.35,1586.82,10402.5
11187,3727,231,2,3326.96,221.4,1157.85,7590.37
11188,3728,231,1,3326.96,217.51,559.7,3669.15
11189,3728,68,3,3827.59,91.39,2050.45,13441.83
11190,3728,177,4,37809.52,9304.7,25548.01,167481.39
11191,3729,131,2,41590.84,9142.69,13327.02,87366.01
11192,3730,131,2,41590.84,1520.61,14698.99,96360.06
11193,3730,6,4,9654.29,3645.34,6294.93,41266.75
11194,3730,71,2,21062.02,651.56,7465.05,48937.53
11195,3730,115,2,7640.14,1281.3,2519.82,16518.8
11196,3730,182,4,26624.12,11795.88,17046.11,111746.71
11197,3731,215,3,34726.43,881.46,18593.61,121891.44
11198,3731,191,3,30208.27,7283.88,15001.37,98342.3
11199,3731,217,4,8518.31,1805.44,5808.2,38076.0
11200,3731,115,1,7640.14,351.91,1311.88,8600.11
11201,3731,17,1,25819.56,2131.3,4263.89,27952.15
11202,3732,131,1,41590.84,466.28,7402.42,48526.98
11203,3732,193,1,16913.96,1148.8,2837.73,18602.89
11204,3732,101,2,46156.61,7602.44,15247.94,99958.72
11205,3732,226,3,41253.01,11477.72,20210.64,132491.95
11206,3733,86,4,41540.1,5624.7,28896.43,189432.13
11207,3733,170,2,19374.04,1742.28,6661.04,43666.84
11208,3734,161,2,41588.13,5027.58,14066.76,92215.44
11209,3734,65,4,41109.17,18273.32,26309.4,172472.76
11210,3734,237,3,17135.78,2674.08,8771.99,57505.25
11211,3735,212,1,8937.81,1056.48,1418.64,9299.97
11212,3735,34,2,9115.19,1625.09,2988.95,19594.24
11213,3735,173,2,15522.12,1819.54,5260.45,34485.15
11214,3735,79,2,15130.34,2915.82,4922.07,32266.93
11215,3735,209,4,10731.59,3393.5,7115.91,46648.77
11216,3736,7,3,1179.48,59.65,626.18,4104.97
11217,3736,134,4,29515.74,3310.05,20655.52,135408.43
11218,3737,210,3,33886.56,8680.01,16736.34,109716.01
11219,3737,238,2,19991.97,2704.2,6710.35,43990.09
11220,3737,66,4,12279.53,467.35,8757.14,57407.91
11221,3737,181,2,30664.66,92.74,11022.58,72259.16
11222,3738,97,2,11972.84,2843.01,3798.48,24901.15
11223,3739,65,2,41109.17,4549.41,13980.41,91649.34
11224,3739,75,2,8532.47,1716.79,2762.67,18110.82
11225,3740,201,2,18244.99,1928.35,6221.09,40782.72
11226,3740,127,1,3238.17,170.92,552.11,3619.36
11227,3740,14,1,3800.37,376.31,616.33,4040.39
11228,3740,237,3,17135.78,5993.98,8174.4,53587.76
11229,3741,88,4,33071.07,8820.16,22223.54,145687.66
11230,3741,199,2,19178.46,2112.39,6524.02,42768.55
11231,3742,90,4,18461.71,5474.32,12307.05,80679.57
11232,3742,219,1,11772.86,1014.12,1936.57,12695.31
11233,3742,239,4,26635.98,10764.36,17240.32,113019.88
11234,3742,179,1,40060.15,2409.53,6777.11,44427.73
11235,3742,165,4,37776.85,14537.51,24582.58,161152.47
11236,3743,155,4,37465.45,9321.66,25297.23,165837.37
11237,3743,53,1,12091.35,730.5,2044.95,13405.8
11238,3744,3,1,33432.15,3323.78,5419.51,35527.88
11239,3745,133,1,38037.94,3697.2,6181.33,40522.07
11240,3745,87,2,21959.44,4749.56,7050.48,46219.8
11241,3745,206,1,37695.53,4020.28,6061.55,39736.8
11242,3745,152,4,37157.0,17731.18,23561.43,154458.25
11243,3746,45,2,3684.98,394.55,1255.57,8230.98
11244,3746,56,4,36444.51,2411.81,25805.92,169172.15
11245,3746,121,2,18719.38,497.17,6649.49,43591.08
11246,3747,192,3,13341.13,4241.76,6440.69,42222.32
11247,3748,100,1,46774.34,5530.99,7423.8,48667.15
11248,3748,35,2,13199.49,915.85,4586.96,30070.09
11249,3749,129,1,3101.06,75.22,544.65,3570.49
11250,3749,101,4,46156.61,15233.76,30490.68,199883.36
11251,3749,34,3,9115.19,630.35,4808.74,31523.96
11252,3749,29,1,7930.98,182.6,1394.71,9143.09
11253,3749,21,3,27939.78,9315.64,13410.67,87914.37
11254,3750,231,1,3326.96,242.67,555.17,3639.46
11255,3750,37,4,36875.04,9447.93,24849.4,162901.63
11256,3750,77,2,19293.34,987.91,6767.78,44366.55
11257,3750,85,1,8728.6,825.49,1422.56,9325.67
11258,3750,176,2,43250.55,2052.02,15200.83,99649.91
11259,3751,24,4,4300.49,102.28,3077.94,20177.62
11260,3751,199,3,19178.46,1971.95,10001.42,65564.85
11261,3751,53,3,12091.35,117.02,6508.27,42665.3
11262,3752,108,1,46203.27,4504.56,7505.77,49204.48
11263,3752,214,1,25781.44,2464.33,4197.08,27514.19
11264,3753,222,4,28533.87,7042.77,19276.69,126369.4
11265,3753,26,4,15276.03,3635.03,10344.44,67813.53
11266,3753,121,3,18719.38,4984.45,9211.26,60384.95
11267,3753,210,4,33886.56,14886.56,21718.74,142378.42
11268,3754,221,2,32207.06,3515.05,10961.83,71860.9
11269,3754,95,2,8312.81,1801.07,2668.42,17492.97
11270,3754,59,3,13506.51,977.91,7117.49,46659.11
11271,3754,120,2,26697.64,1638.41,9316.24,61073.11
11272,3755,81,2,3286.08,328.35,1123.89,7367.7
11273,3755,240,2,39567.79,8779.55,12664.09,83020.12
11274,3755,19,1,37198.47,268.41,6647.41,43577.47
11275,3755,75,1,8532.47,795.08,1392.73,9130.12
11276,3755,167,3,31659.13,8188.79,15621.95,102410.55
11277,3756,131,3,41590.84,3534.76,21822.8,143060.56
11278,3757,20,2,38320.28,9105.25,12156.36,79691.67
11279,3758,33,3,39008.3,10113.07,19244.13,126155.96
11280,3758,68,2,3827.59,102.59,1359.47,8912.06
11281,3758,102,1,34567.4,1221.73,6002.22,39347.89
11282,3758,18,3,16802.96,4698.9,8227.8,53937.78
11283,3758,2,3,11408.11,4051.68,5431.08,35603.73
11284,3759,195,3,42664.46,6448.24,21878.13,143423.27
11285,3759,16,2,37019.42,4098.51,12589.26,82529.59
11286,3759,63,1,120.39,12.87,19.35,126.87
11287,3759,240,1,39567.79,84.22,7107.04,46590.61
11288,3760,63,1,120.39,6.66,20.47,134.2
11289,3760,113,3,2640.7,5.78,1424.94,9341.26
11290,3760,39,3,39677.48,6762.55,20208.58,132478.47
11291,3761,108,3,46203.27,3568.81,24307.38,159348.38
11292,3762,117,4,27023.51,7152.88,18169.41,119110.57
11293,3762,65,2,41109.17,7590.64,13432.99,88060.69
11294,3762,218,4,20584.33,7215.67,13521.9,88643.55
11295,3762,27,4,12821.1,5709.16,8203.54,53778.78
11296,3762,209,4,10731.59,4239.28,6963.67,45650.75
11297,3763,105,3,18322.11,5670.84,8873.19,58168.68
11298,3763,212,3,8937.81,322.67,4768.34,31259.1
11299,3763,167,2,31659.13,6349.59,10254.36,67223.03
11300,3763,25,1,27064.69,2378.67,4443.48,29129.5
11301,3763,98,2,20903.98,4674.99,6683.93,43816.9
11302,3764,45,4,3684.98,1380.09,2404.77,15764.6
11303,3764,158,3,36880.83,9472.64,18210.57,119380.42
11304,3764,129,1,3101.06,67.57,546.03,3579.52
11305,3764,62,2,34302.26,4912.48,11464.57,75156.61
11306,3765,214,1,25781.44,714.39,4512.07,29579.12
11307,3765,225,3,36716.34,1418.29,19571.53,128302.26
11308,3766,119,2,36904.39,3055.24,12735.64,83489.18
11309,3766,45,2,3684.98,375.18,1259.06,8253.84
11310,3766,149,4,16854.36,4297.58,11361.57,74481.43
11311,3766,166,2,33767.83,1803.48,11831.79,77563.97
11312,3767,139,1,4824.95,514.48,775.88,5086.35
11313,3768,169,2,10455.18,417.68,3688.68,24181.36
11314,3768,16,2,37019.42,2344.78,12904.93,84598.99
11315,3768,240,2,39567.79,7087.84,12968.59,85016.33
11316,3768,212,4,8937.81,1502.28,6164.81,40413.77
11317,3768,20,2,38320.28,8734.72,12223.05,80128.89
11318,3769,181,1,30664.66,245.94,5475.37,35894.09
11319,3769,14,4,3800.37,212.97,2697.93,17686.44
11320,3769,9,1,9902.75,606.82,1673.27,10969.2
11321,3770,43,2,16510.19,2874.36,5426.28,35572.3
11322,3771,102,1,34567.4,809.37,6076.45,39834.48
11323,3771,120,1,26697.64,1887.07,4465.9,29276.47
11324,3772,154,1,14680.42,55.52,2632.48,17257.38
11325,3773,202,4,22486.45,3433.0,15572.3,102085.1
11326,3774,87,1,21959.44,2151.71,3565.39,23373.12
11327,3774,239,4,26635.98,4291.85,18405.37,120657.44
11328,3775,91,2,33075.34,6072.88,10814.0,70891.8
11329,3776,141,4,29486.44,2709.64,20742.5,135978.62
11330,3776,50,4,45675.94,20390.87,29216.32,191529.21
11331,3776,92,3,39462.15,11983.83,19152.47,125555.09
11332,3776,188,3,14567.29,2766.08,7368.44,48304.23
11333,3777,6,3,9654.29,1641.7,4917.81,32238.98
11334,3777,114,4,23667.1,10330.9,15180.75,99518.25
11335,3777,216,4,4678.54,160.16,3339.72,21893.72
11336,3777,116,4,3361.81,166.87,2390.47,15670.84
11337,3778,60,2,24754.89,5105.64,7992.75,52396.89
11338,3778,144,1,33892.0,1309.1,5864.92,38447.82
11339,3778,100,4,46774.34,12042.24,31509.92,206565.04
11340,3779,16,3,37019.42,3270.08,19401.87,127190.05
11341,3780,238,3,19991.97,2020.28,10432.01,68387.64
11342,3780,79,2,15130.34,1452.1,5185.54,33994.12
11343,3780,61,2,33657.04,3344.67,11514.49,75483.9
11344,3781,49,3,43844.62,14983.78,20979.01,137529.09
11345,3781,72,3,12573.73,4146.27,6043.49,39618.41
11346,3782,137,4,31709.73,1786.58,22509.42,147561.76
11347,3782,159,4,18286.08,204.75,13129.12,86068.69
11348,3782,155,1,37465.45,921.78,6577.86,43121.53
11349,3783,202,2,22486.45,3084.91,7539.84,49427.83
11350,3783,119,2,36904.39,517.55,13192.42,86483.65
11351,3783,171,1,32844.1,3636.42,5257.38,34465.06
11352,3783,182,4,26624.12,12162.84,16980.06,111313.7
11353,3783,135,2,25713.49,5055.32,8346.9,54718.56
11354,3784,7,3,1179.48,173.37,605.71,3970.78
11355,3784,150,4,3654.09,1169.28,2420.47,15867.55
11356,3784,198,1,112.51,4.51,19.44,127.44
11357,3785,188,4,14567.29,1381.75,10239.73,67127.14
11358,3785,41,3,23389.54,215.19,12591.62,82545.05
11359,3785,221,1,32207.06,1016.8,5614.25,36804.51
11360,3786,35,4,13199.49,4822.98,8635.5,56610.48
11361,3786,49,1,43844.62,2989.58,7353.91,48208.95
11362,3786,128,1,48190.05,1900.49,8332.12,54621.68
11363,3786,146,2,269.14,52.31,87.47,573.44
11364,3787,115,3,7640.14,2037.68,3758.89,24641.63
11365,3787,6,3,9654.29,159.05,5184.69,33988.51
11366,3787,67,2,41997.34,830.35,14969.58,98133.91
11367,3788,56,4,36444.51,1733.4,25928.04,169972.68
11368,3789,39,1,39677.48,389.87,7071.77,46359.38
11369,3789,112,1,24992.69,433.25,4420.7,28980.14
11370,3789,138,1,5484.92,599.18,879.43,5765.17
11371,3789,38,2,28086.65,2726.84,9620.36,63066.82
11372,3789,212,2,8937.81,102.98,3199.08,20971.72
11373,3790,27,4,12821.1,5447.13,8250.71,54087.98
11374,3790,187,4,33639.08,2271.64,23811.24,156095.92
11375,3790,194,1,5562.52,538.67,904.29,5928.14
11376,3790,130,4,12728.22,5190.04,8230.11,53952.95
11377,3791,151,2,39931.59,1144.7,14169.33,92887.81
11378,3791,179,3,40060.15,1563.15,21351.11,139968.41
11379,3791,38,1,28086.65,2954.34,4523.82,29656.13
11380,3792,59,3,13506.51,4112.33,6553.3,42960.5
11381,3793,130,2,12728.22,2454.4,4140.37,27142.41
11382,3793,22,4,9607.6,4508.61,6105.92,40027.71
11383,3793,135,4,25713.49,835.55,18363.31,120381.72
11384,3794,68,4,3827.59,1757.62,2439.49,15992.23
11385,3794,147,2,26528.08,5322.58,8592.04,56325.62
11386,3794,51,4,628.75,80.29,438.25,2872.96
11387,3794,157,1,10083.83,948.82,1644.3,10779.31
11388,3794,30,2,7051.18,456.44,2456.27,16102.19
11389,3795,152,1,37157.0,2279.45,6277.96,41155.51
11390,3795,153,4,6055.61,314.67,4303.4,28211.17
11391,3795,22,3,9607.6,2868.32,4671.81,30626.29
11392,3796,138,4,5484.92,2002.83,3588.63,23525.48
11393,3797,60,1,24754.89,363.97,4390.37,28781.29
11394,3797,114,4,23667.1,9229.53,15379.0,100817.87
11395,3797,1,2,25243.55,3180.91,8515.11,55821.3
11396,3798,80,4,9554.15,2174.93,6487.5,42529.17
11397,3798,209,4,10731.59,224.74,7686.29,50387.91
11398,3799,236,1,18050.29,1979.7,2892.71,18963.3
11399,3800,30,3,7051.18,1038.73,3620.67,23735.48
11400,3800,178,4,39619.34,6795.63,27302.71,178984.44
11401,3800,3,4,33432.15,5876.18,23013.44,150865.86
11402,3800,104,3,15989.17,187.09,8600.48,56380.9
11403,3801,50,4,45675.94,10868.42,30930.36,202765.7
11404,3801,109,1,25465.9,487.68,4496.08,29474.3
11405,3801,77,1,19293.34,1627.05,3179.93,20846.22
11406,3801,93,3,17083.66,3740.32,8551.92,56062.58
11407,3802,32,2,25348.23,5826.97,8076.51,52946.0
11408,3802,174,1,40361.15,3368.44,6658.69,43651.4
11409,3803,44,2,43728.99,6053.06,14652.89,96057.81
11410,3804,94,2,35740.44,1620.42,12574.88,82435.34
11411,3804,8,4,28733.56,7162.96,19398.83,127170.11
11412,3805,110,4,6566.95,879.9,4569.82,29957.72
11413,3805,122,4,24991.82,2249.62,17589.18,115306.84
11414,3806,139,4,4824.95,1590.91,3187.6,20896.49
11415,3806,65,1,41109.17,1285.28,7168.3,46992.19
11416,3806,122,2,24991.82,5396.39,8025.7,52612.95
11417,3806,41,1,23389.54,1342.06,3968.55,26016.03
11418,3807,49,2,43844.62,2863.11,15268.7,100094.83
11419,3807,150,1,3654.09,395.96,586.46,3844.59
11420,3807,97,3,11972.84,722.15,6335.35,41531.72
11421,3807,55,3,21783.95,7596.28,10396.0,68151.57
11422,3807,213,3,20525.1,7324.29,9765.18,64016.19
11423,3808,11,2,36727.76,2379.62,12793.66,83869.56
11424,3808,138,2,5484.92,814.41,1827.98,11983.41
11425,3808,12,4,13880.48,4254.49,9228.14,60495.57
11426,3808,98,4,20903.98,6958.33,13798.37,90455.96
11427,3808,203,3,32452.38,2313.63,17107.83,112151.34
11428,3809,93,3,17083.66,5789.58,8183.05,53644.45
11429,3810,18,1,16802.96,1695.82,2719.29,17826.43
11430,3811,139,3,4824.95,851.83,2452.14,16075.16
11431,3811,204,1,3813.54,13.42,684.02,4484.14
11432,3812,144,2,33892.0,1113.36,12000.72,78671.36
11433,3813,84,4,10857.56,1809.56,7491.72,49112.4
11434,3813,158,2,36880.83,7262.96,11969.77,78468.47
11435,3813,6,1,9654.29,809.05,1592.14,10437.38
11436,3813,194,1,5562.52,48.17,992.58,6506.93
11437,3813,29,3,7930.98,1034.05,4096.6,26855.49
11438,3814,7,3,1179.48,101.79,618.6,4055.25
11439,3814,20,4,38320.28,10989.81,25612.44,167903.75
11440,3814,215,2,34726.43,5516.35,11508.57,75445.08
11441,3814,204,2,3813.54,769.48,1234.37,8091.97
11442,3815,168,4,41017.08,5472.8,28547.19,187142.71
11443,3816,231,2,3326.96,765.83,1059.86,6947.95
11444,3816,187,4,33639.08,6207.58,23102.77,151451.51
11445,3816,162,2,38305.79,2936.92,13261.44,86936.1
11446,3816,65,4,41109.17,19064.66,26166.96,171538.98
11447,3816,55,3,21783.95,2144.37,11377.35,74584.83
11448,3817,39,2,39677.48,2088.19,13908.02,91174.79
11449,3817,129,2,3101.06,118.04,1095.13,7179.21
11450,3817,222,4,28533.87,602.61,20435.92,133968.79
11451,3817,64,2,1034.97,44.77,364.53,2389.7
11452,3818,79,3,15130.34,3657.39,7512.05,49245.68
11453,3818,175,1,27514.3,2707.0,4465.31,29272.61
11454,3819,74,2,24770.89,1664.42,8617.92,56495.28
11455,3819,188,2,14567.29,2096.15,4866.92,31905.35
11456,3820,59,2,13506.51,1908.23,4518.86,29623.65
11457,3820,39,3,39677.48,8824.85,19837.37,130044.96
11458,3820,8,1,28733.56,2819.27,4664.57,30578.86
11459,3820,195,2,42664.46,6256.38,14233.06,93305.6
11460,3820,159,4,18286.08,3885.76,12466.54,81725.1
11461,3821,188,4,14567.29,6442.81,9328.74,61155.09
11462,3821,79,4,15130.34,1066.34,10701.9,70156.92
11463,3821,37,2,36875.04,1447.68,13014.43,85316.83
11464,3822,164,2,15908.19,1880.67,5388.43,35324.14
11465,3822,162,3,38305.79,1273.81,20455.84,134099.4
11466,3822,218,2,20584.33,4833.12,6540.4,42875.94
11467,3822,211,1,18681.33,240.11,3319.42,21760.64
11468,3823,178,4,39619.34,17313.22,25409.55,166573.69
11469,3823,191,4,30208.27,506.37,21658.81,141985.52
11470,3823,158,4,36880.83,1895.5,26213.01,171840.83
11471,3823,97,4,11972.84,537.96,8523.61,55877.01
11472,3824,102,3,34567.4,4190.81,17912.05,117423.44
11473,3824,43,1,16510.19,407.76,2898.44,19000.87
11474,3824,198,3,112.51,4.59,59.93,392.87
11475,3825,7,2,1179.48,37.45,417.87,2739.38
11476,3825,240,1,39567.79,4635.26,6287.86,41220.39
11477,3826,162,4,38305.79,7744.52,26186.16,171664.8
11478,3826,224,1,31527.62,2837.67,5164.19,33854.14
11479,3826,143,1,23230.7,1741.31,3868.09,25357.48
11480,3826,179,4,40060.15,15511.48,26051.24,170780.36
11481,3827,44,1,43728.99,453.44,7789.6,51065.15
11482,3827,160,1,7458.41,115.19,1321.78,8665.0
11483,3827,146,3,269.14,56.38,135.19,886.23
11484,3827,195,2,42664.46,5386.18,14389.69,94332.43
11485,3827,85,2,8728.6,670.0,3021.7,19808.9
11486,3828,156,4,36965.82,3391.11,26004.99,170477.16
11487,3828,75,2,8532.47,113.0,3051.35,20003.29
11488,3828,218,1,20584.33,2084.23,3330.02,21830.12
11489,3828,129,1,3101.06,315.38,501.42,3287.1
11490,3829,19,4,37198.47,6787.91,25561.07,167567.04
11491,3829,212,1,8937.81,1051.95,1419.45,9305.31
11492,3829,26,3,15276.03,512.22,8156.86,53472.73
11493,3829,170,4,19374.04,2728.75,13458.13,88225.54
11494,3829,143,3,23230.7,7730.57,11153.08,73114.61
11495,3830,39,1,39677.48,16.96,7138.89,46799.41
11496,3830,111,4,43082.21,64.25,31007.63,203272.22
11497,3830,150,2,3654.09,140.55,1290.17,8457.8
11498,3830,5,1,16705.9,1489.22,2739.0,17955.68
11499,3830,14,3,3800.37,1174.99,1840.7,12066.82
11500,3831,144,2,33892.0,820.26,12053.47,79017.21
11501,3831,133,2,38037.94,5688.87,12669.66,83056.67
11502,3832,196,1,40456.71,101.28,7263.98,47619.41
11503,3833,217,1,8518.31,40.09,1526.08,10004.3
11504,3833,192,3,13341.13,3635.98,6549.73,42937.14
11505,3834,174,2,40361.15,6777.18,13310.12,87255.24
11506,3834,7,4,1179.48,381.13,780.62,5117.41
11507,3834,73,4,17456.78,6983.88,11311.78,74155.02
11508,3834,173,4,15522.12,6287.24,10044.22,65845.46
11509,3835,153,3,6055.61,304.35,3215.25,21077.73
11510,3836,199,3,19178.46,89.49,10340.26,67786.15
11511,3836,178,4,39619.34,15426.65,25749.13,168799.84
11512,3836,46,2,5015.71,274.68,1756.21,11512.95
11513,3836,165,2,37776.85,8848.26,12006.98,78712.42
11514,3837,22,3,9607.6,2583.72,4723.03,30962.11
11515,3837,127,2,3238.17,771.27,1026.91,6731.98
11516,3838,58,4,43014.0,4131.43,30226.42,198150.99
11517,3838,189,2,28066.42,1023.84,9919.62,65028.62
11518,3838,8,3,28733.56,4976.02,14620.44,95845.1
11519,3838,238,3,19991.97,3819.07,10108.23,66265.07
11520,3839,140,3,12249.39,3632.13,5960.89,39076.93
11521,3839,27,2,12821.1,533.27,4519.61,29628.54
11522,3839,2,2,11408.11,2552.74,3647.43,23910.91
11523,3839,37,2,36875.04,5996.56,12195.63,79949.15
11524,3839,146,3,269.14,51.33,136.1,892.19
11525,3840,78,3,5073.66,1161.49,2530.71,16590.2
11526,3840,20,2,38320.28,1768.58,13476.96,88348.94
11527,3840,5,1,16705.9,728.27,2875.97,18853.6
11528,3840,32,4,25348.23,9540.22,16533.49,108386.19
11529,3841,32,2,25348.23,1835.98,8794.89,57655.37
11530,3841,125,1,28195.42,94.86,5058.1,33158.66
11531,3841,67,3,41997.34,3545.48,22040.38,144486.92
11532,3842,106,1,12366.02,1136.14,2021.38,13251.26
11533,3842,67,2,41997.34,8324.88,13620.56,89290.36
11534,3842,100,4,46774.34,14928.05,30990.48,203159.79
11535,3842,111,4,43082.21,6037.63,29932.42,196223.63
11536,3842,133,3,38037.94,1519.22,20267.03,132861.63
11537,3843,236,4,18050.29,3275.48,12406.62,81332.3
11538,3843,165,3,37776.85,10673.09,18478.34,121135.8
11539,3843,142,2,26420.51,5831.0,8461.8,55471.82
11540,3843,84,3,10857.56,2337.54,5442.33,35677.47
11541,3844,158,2,36880.83,2939.12,12748.06,83570.6
11542,3844,193,3,16913.96,4891.97,8252.98,54102.89
11543,3844,72,4,12573.73,2287.69,8641.3,56648.53
11544,3844,184,3,11705.83,1242.79,6097.45,39972.15
11545,3845,64,2,1034.97,241.09,329.19,2158.04
11546,3845,93,1,17083.66,480.8,2988.51,19591.37
11547,3845,238,2,19991.97,3240.17,6613.88,43357.65
11548,3845,231,2,3326.96,700.41,1071.63,7025.14
11549,3845,222,1,28533.87,3247.75,4551.5,29837.62
11550,3846,87,4,21959.44,1417.71,15555.61,101975.66
11551,3847,50,1,45675.94,1471.5,7956.8,52161.24
11552,3848,234,3,10605.83,3365.9,5121.29,33572.88
11553,3848,23,2,3383.79,199.88,1182.19,7749.89
11554,3849,214,1,25781.44,157.14,4612.37,30236.67
11555,3849,42,2,27736.92,471.53,9900.42,64902.73
11556,3849,125,3,28195.42,2891.86,14704.99,96399.39
11557,3849,32,1,25348.23,1313.72,4326.21,28360.72
11558,3850,83,1,34264.79,544.12,6069.72,39790.39
11559,3850,17,4,25819.56,3956.16,17877.97,117200.05
11560,3850,103,3,20030.13,6591.6,9629.78,63128.57
11561,3850,90,2,18461.71,2137.77,6261.42,41047.07
11562,3851,113,4,2640.7,1011.04,1719.32,11271.08
11563,3851,206,1,37695.53,28.21,6780.12,44447.44
11564,3851,193,3,16913.96,1650.67,8836.42,57927.63
11565,3851,136,3,34274.09,691.06,18383.62,120514.83
11566,3852,221,3,32207.06,9639.03,15656.79,102638.94
11567,3852,168,2,41017.08,9544.13,13048.21,85538.24
11568,3852,30,2,7051.18,727.96,2407.39,15781.79
11569,3852,48,4,2802.25,207.91,1980.2,12981.29
11570,3852,50,2,45675.94,5409.33,15469.66,101412.21
11571,3853,231,4,3326.96,1321.15,2157.6,14144.29
11572,3853,102,1,34567.4,1003.57,6041.49,39605.32
11573,3854,165,3,37776.85,4559.12,19578.86,128350.29
11574,3854,111,2,43082.21,7645.6,14133.39,92652.21
11575,3854,6,3,9654.29,1993.86,4854.42,31823.43
11576,3854,12,2,13880.48,3261.85,4409.84,28908.95
11577,3855,113,2,2640.7,263.97,903.14,5920.57
11578,3855,157,2,10083.83,337.36,3569.45,23399.75
11579,3855,179,3,40060.15,4850.35,20759.42,136089.52
11580,3855,144,3,33892.0,5435.12,17323.36,113564.24
11581,3855,226,3,41253.01,13085.67,19921.2,130594.56
11582,3856,99,2,21866.86,1394.11,7621.13,49960.74
11583,3856,7,1,1179.48,100.43,194.23,1273.28
11584,3856,60,4,24754.89,10422.75,15947.43,104544.24
11585,3856,107,1,19641.45,2146.62,3149.07,20643.9
11586,3857,137,3,31709.73,7602.03,15754.89,103282.05
11587,3857,8,2,28733.56,1226.88,10123.24,66363.48
11588,3858,150,1,3654.09,346.7,595.33,3902.72
11589,3858,70,2,30937.09,4718.65,10288.0,67443.53
11590,3858,107,4,19641.45,5200.2,13205.81,86571.41
11591,3859,177,1,37809.52,1991.22,6447.29,42265.59
11592,3859,212,1,8937.81,454.31,1527.03,10010.53
11593,3859,151,1,39931.59,666.88,7067.65,46332.36
11594,3859,65,4,41109.17,16886.53,26559.03,174109.18
11595,3860,150,3,3654.09,626.11,1860.51,12196.67
11596,3860,229,4,33676.3,7891.5,22826.47,149640.17
11597,3860,180,4,4766.01,1866.37,3095.58,20293.25
11598,3860,113,1,2640.7,310.46,419.44,2749.68
11599,3860,18,1,16802.96,1563.21,2743.15,17982.9
11600,3861,204,1,3813.54,298.11,632.78,4148.21
11601,3861,166,4,33767.83,10742.61,22379.17,146707.88
11602,3861,114,1,23667.1,1145.99,4053.8,26574.91
11603,3862,17,3,25819.56,617.74,13831.37,90672.31
11604,3862,37,2,36875.04,4441.83,12475.48,81783.73
11605,3862,217,1,8518.31,178.91,1501.09,9840.49
11606,3863,134,2,29515.74,2991.06,10087.28,66127.7
11607,3863,89,1,4268.91,310.96,712.43,4670.38
11608,3863,227,1,19776.73,1522.09,3285.84,21540.48
11609,3863,32,3,25348.23,6696.32,12482.71,81831.08
11610,3864,239,4,26635.98,12204.84,16981.03,111320.11
11611,3864,202,2,22486.45,3294.33,7502.14,49180.71
11612,3865,134,3,29515.74,717.12,15809.42,103639.52
11613,3865,129,2,3101.06,711.83,988.25,6478.54
11614,3865,240,2,39567.79,3561.77,13603.29,89177.1
11615,3866,132,2,15074.48,2257.12,5020.53,32912.37
11616,3866,18,2,16802.96,437.45,5970.32,39138.79
11617,3866,185,2,189.21,24.71,63.67,417.38
11618,3866,131,3,41590.84,2451.31,22017.82,144339.03
11619,3867,93,3,17083.66,2971.32,8690.34,56970.0
11620,3868,197,2,13368.44,250.77,4767.5,31253.61
11621,3868,137,2,31709.73,131.67,11391.8,74679.59
11622,3868,170,1,19374.04,730.34,3355.87,21999.57
11623,3868,131,2,41590.84,5814.85,13926.03,91292.86
11624,3868,169,3,10455.18,920.25,5480.15,35925.44
11625,3869,54,3,4901.82,356.23,2582.86,16932.09
11626,3869,138,1,5484.92,288.42,935.37,6131.87
11627,3869,118,1,9547.03,301.03,1664.28,10910.28
11628,3869,179,4,40060.15,7971.48,27408.44,179677.56
11629,3869,134,3,29515.74,1897.65,15596.92,102246.49
11630,3870,16,2,37019.42,1312.9,13090.67,85816.61
11631,3870,226,2,41253.01,8056.9,13400.84,87849.96
11632,3870,200,1,28469.05,272.02,5075.47,33272.5
11633,3870,108,4,46203.27,3832.5,32576.5,213557.08
11634,3871,27,3,12821.1,2888.91,6403.39,41977.78
11635,3871,209,1,10731.59,585.46,1826.3,11972.43
11636,3871,148,2,32803.6,583.99,11704.18,76727.39
11637,3871,119,1,36904.39,1908.03,6299.34,41295.7
11638,3871,227,3,19776.73,4578.03,9855.39,64607.55
11639,3872,112,4,24992.69,991.04,17816.35,116796.07
11640,3872,175,1,27514.3,1500.96,4682.4,30695.74
11641,3873,25,4,27064.69,7671.3,18105.74,118693.2
11642,3873,215,1,34726.43,3682.63,5587.88,36631.68
11643,3873,19,2,37198.47,5820.91,12343.69,80919.72
11644,3873,139,1,4824.95,293.58,815.65,5347.02
11645,3874,232,3,11511.84,1710.33,5908.53,38733.72
11646,3874,149,4,16854.36,3244.27,11551.17,75724.34
11647,3875,24,1,4300.49,436.97,695.43,4558.95
11648,3876,229,3,33676.3,5849.97,17132.21,112311.14
11649,3876,30,1,7051.18,161.54,1240.14,8129.78
11650,3876,156,1,36965.82,2897.31,6132.33,40200.84
11651,3876,87,4,21959.44,8558.96,14270.18,93548.98
11652,3877,205,3,26777.33,5903.97,13397.04,87825.06
11653,3877,183,2,17183.22,498.89,6096.16,39963.71
11654,3877,8,1,28733.56,2406.2,4738.92,31066.28
11655,3877,102,1,34567.4,2748.77,5727.35,37545.98
11656,3877,49,1,43844.62,159.6,7863.3,51548.32
11657,3878,25,1,27064.69,0.33,4871.58,31935.94
11658,3878,56,3,36444.51,11916.58,17535.05,114952.0
11659,3878,176,1,43250.55,2359.35,7360.42,48251.62
11660,3878,22,1,9607.6,65.33,1717.61,11259.88
11661,3879,122,4,24991.82,2708.4,17506.6,114765.48
11662,3879,156,3,36965.82,4288.05,19189.69,125799.1
11663,3879,93,3,17083.66,4463.56,8421.74,55209.16
11664,3879,234,4,10605.83,2783.85,7135.1,46774.57
11665,3879,236,1,18050.29,1342.68,3007.37,19714.98
11666,3880,120,3,26697.64,4597.99,13589.09,89084.02
11667,3880,200,1,28469.05,1770.08,4805.81,31504.78
11668,3881,135,3,25713.49,6412.61,12731.01,83458.87
11669,3881,48,3,2802.25,400.02,1441.21,9447.94
11670,3881,106,3,12366.02,4285.17,5906.32,38719.21
11671,3881,17,4,25819.56,4344.36,17808.1,116741.98
11672,3882,80,3,9554.15,1528.77,4884.06,32017.74
11673,3882,218,1,20584.33,675.38,3583.61,23492.56
11674,3882,47,1,34112.86,720.17,6010.68,39403.37
11675,3882,122,3,24991.82,3146.27,12929.25,84758.44
11676,3883,3,3,33432.15,6635.41,16858.99,110520.03
11677,3883,17,4,25819.56,10149.47,16763.18,109891.95
11678,3883,171,4,32844.1,8297.98,22154.12,145232.54
11679,3884,49,2,43844.62,2887.24,15264.36,100066.36
11680,3884,215,2,34726.43,1569.55,12219.0,80102.31
11681,3884,208,1,7922.32,129.63,1402.68,9195.37
11682,3884,186,3,24680.72,1728.7,13016.42,85329.88
11683,3884,221,4,32207.06,1626.02,22896.4,150098.62
11684,3885,30,2,7051.18,1138.52,2333.49,15297.33
11685,3885,80,1,9554.15,70.77,1707.01,11190.39
11686,3885,170,3,19374.04,282.25,10411.18,68251.05
11687,3886,76,3,44895.56,13223.96,21863.29,143326.01
11688,3886,145,1,17725.61,12.95,3188.28,20900.94
11689,3887,148,3,32803.6,8520.45,16180.26,106070.61
11690,3887,221,4,32207.06,7161.94,21899.93,143566.23
11691,3887,156,2,36965.82,5394.52,12336.68,80873.8
11692,3887,58,4,43014.0,5635.46,29955.7,196376.24
11693,3888,216,2,4678.54,543.19,1586.5,10400.39
11694,3888,142,1,26420.51,2264.13,4348.15,28504.53
11695,3888,45,1,3684.98,178.81,631.11,4137.28
11696,3888,19,3,37198.47,12717.16,17798.08,116676.33
11697,3889,49,4,43844.62,4059.39,30837.44,202156.53
11698,3889,174,1,40361.15,413.74,7190.53,47137.94
11699,3889,94,2,35740.44,3137.78,12301.76,80644.86
11700,3889,132,2,15074.48,1134.22,5222.65,34237.39
11701,3890,233,1,21896.66,2294.71,3528.35,23130.3
11702,3890,138,3,5484.92,1840.65,2630.54,17244.65
11703,3891,160,1,7458.41,634.09,1228.38,8052.7
11704,3891,182,4,26624.12,48.88,19160.57,125608.17
11705,3892,239,1,26635.98,1642.13,4498.89,29492.74
11706,3892,222,4,28533.87,1401.79,20292.06,133025.75
11707,3892,211,4,18681.33,8326.75,11951.74,78350.31
11708,3892,12,1,13880.48,900.64,2336.37,15316.21
11709,3892,195,3,42664.46,8554.31,21499.03,140938.1
11710,3893,127,1,3238.17,180.99,550.29,3607.47
11711,3893,83,2,34264.79,7965.82,10901.48,71465.24
11712,3894,215,2,34726.43,3227.71,11920.53,78145.68
11713,3894,44,1,43728.99,3369.9,7264.64,47623.73
11714,3895,122,2,24991.82,5942.37,7927.43,51968.7
11715,3896,18,1,16802.96,1527.78,2749.53,18024.71
11716,3896,98,1,20903.98,1087.58,3566.95,23383.35
11717,3896,45,2,3684.98,359.95,1261.8,8271.81
11718,3896,103,3,20030.13,4186.48,10062.7,65966.61
11719,3896,126,1,14629.39,95.38,2616.12,17150.13
11720,3897,22,3,9607.6,426.57,5111.32,33507.55
11721,3897,208,4,7922.32,3382.91,5095.15,33401.52
11722,3898,213,2,20525.1,2729.76,6897.68,45218.12
11723,3898,65,3,41109.17,2138.88,21813.95,143002.58
11724,3899,139,1,4824.95,74.14,855.15,5605.96
11725,3899,90,4,18461.71,938.18,13123.56,86032.22
11726,3899,237,4,17135.78,4214.38,11579.17,75907.91
11727,3900,117,3,27023.51,5120.7,13670.97,89620.8
11728,3900,124,2,10290.63,1875.42,3367.05,22072.89
11729,3900,26,4,15276.03,4067.84,10266.53,67302.81
11730,3900,233,1,21896.66,2555.55,3481.4,22822.51
11731,3900,180,2,4766.01,786.28,1574.23,10319.97
11732,3901,55,3,21783.95,1245.14,11539.21,75645.92
11733,3901,108,3,46203.27,1125.75,24747.13,162231.19
11734,3901,129,2,3101.06,526.24,1021.66,6697.54
11735,3901,232,4,11511.84,367.75,8222.33,53901.94
11736,3901,210,1,33886.56,2389.86,5669.41,37166.11
11737,3902,49,2,43844.62,10275.85,13934.41,91347.8
11738,3902,156,4,36965.82,12692.71,24330.7,159501.27
11739,3902,146,4,269.14,29.49,188.47,1235.54
11740,3903,114,3,23667.1,7876.18,11362.52,74487.64
11741,3903,55,2,21783.95,1779.13,7521.98,49310.75
11742,3903,8,2,28733.56,3350.09,9741.07,63858.1
11743,3903,23,3,3383.79,291.57,1774.76,11634.56
11744,3904,124,3,10290.63,1932.84,5209.03,34148.08
11745,3904,136,1,34274.09,2635.67,5694.92,37333.34
11746,3904,183,4,17183.22,2069.74,11999.37,78662.51
11747,3905,234,2,10605.83,1560.13,3537.28,23188.81
11748,3905,200,4,28469.05,1961.42,20144.66,132059.44
11749,3905,12,3,13880.48,1666.73,7195.45,47170.16
11750,3905,186,2,24680.72,5814.68,7838.42,51385.18
11751,3906,4,4,35689.14,10734.87,23763.9,155785.59
11752,3906,103,3,20030.13,4951.03,9925.08,65064.44
11753,3906,142,2,26420.51,4068.21,8779.11,57551.92
11754,3906,19,2,37198.47,6090.21,12295.21,80601.94
11755,3906,15,2,37893.41,3910.3,12937.77,84814.29
11756,3907,54,4,4901.82,23.69,3525.05,23108.64
11757,3907,40,2,11047.42,1277.27,3747.16,24564.73
11758,3907,48,3,2802.25,905.78,1350.17,8851.14
11759,3908,209,3,10731.59,2769.43,5296.56,34721.9
11760,3908,86,4,41540.1,16903.8,26866.19,176122.79
11761,3908,153,1,6055.61,579.42,985.71,6461.9
11762,3908,192,2,13341.13,2407.44,4369.47,28644.29
11763,3909,116,4,3361.81,799.04,2276.68,14924.88
11764,3909,79,3,15130.34,3667.8,7510.18,49233.4
11765,3909,28,3,29031.11,7581.82,14312.07,93823.58
11766,3909,96,4,17662.28,5950.11,11645.82,76344.83
11767,3910,79,2,15130.34,3142.9,4881.2,31998.98
11768,3910,148,2,32803.6,754.64,11673.46,76526.02
11769,3910,97,1,11972.84,819.09,2007.67,13161.42
11770,3911,191,1,30208.27,2582.24,4972.69,32598.72
11771,3911,83,4,34264.79,827.39,24521.72,160753.49
11772,3911,21,2,27939.78,4750.44,9203.24,60332.36
11773,3912,97,3,11972.84,3881.07,5766.74,37804.19
11774,3912,35,1,13199.49,1409.72,2122.16,13911.93
11775,3912,78,1,5073.66,516.99,820.2,5376.87
11776,3912,59,1,13506.51,870.67,2274.45,14910.29
11777,3913,169,1,10455.18,868.21,1725.65,11312.62
11778,3913,212,2,8937.81,1755.11,2901.69,19022.2
11779,3914,183,4,17183.22,3535.59,11735.51,76932.8
11780,3914,131,1,41590.84,3385.3,6877.0,45082.54
11781,3915,230,1,26170.26,797.52,4567.09,29939.83
11782,3915,155,1,37465.45,2281.67,6333.08,41516.86
11783,3916,151,2,39931.59,8854.89,12781.49,83789.78
11784,3917,59,2,13506.51,2332.41,4442.51,29123.12
11785,3917,86,3,41540.1,1783.77,22110.58,144947.11
11786,3917,55,4,21783.95,4334.09,14904.31,97706.02
11787,3918,1,3,25243.55,7227.88,12330.5,80833.27
11788,3918,182,1,26624.12,223.22,4752.16,31153.06
11789,3918,39,1,39677.48,3404.97,6529.05,42801.56
11790,3918,132,2,15074.48,104.24,5408.05,35452.77
11791,3918,141,3,29486.44,358.06,15858.23,103959.49
11792,3919,238,1,19991.97,1548.86,3319.76,21762.87
11793,3919,177,1,37809.52,4052.29,6076.3,39833.53
11794,3919,115,3,7640.14,2523.25,3671.49,24068.66
11795,3919,172,2,1060.63,222.31,341.81,2240.76
11796,3920,238,3,19991.97,1124.37,10593.28,69444.82
11797,3920,160,1,7458.41,300.21,1288.48,8446.68
11798,3920,178,1,39619.34,4609.78,6301.72,41311.28
11799,3921,209,1,10731.59,135.85,1907.23,12502.97
11800,3921,197,2,13368.44,670.21,4692.0,30758.67
11801,3922,95,3,8312.81,2260.52,4082.02,26759.93
11802,3922,69,4,3290.31,519.99,2275.42,14916.67
11803,3922,236,2,18050.29,3710.78,5830.16,38219.96
11804,3923,73,2,17456.78,2604.79,5815.58,38124.35
11805,3923,221,1,32207.06,2746.33,5302.93,34763.66
11806,3923,50,1,45675.94,3870.68,7524.95,49330.21
11807,3924,24,1,4300.49,4.35,773.31,5069.45
11808,3924,50,1,45675.94,1115.94,8020.8,52580.8
11809,3924,98,3,20903.98,4723.06,10438.0,68426.88
11810,3924,84,2,10857.56,323.33,3850.52,25242.31
11811,3925,120,4,26697.64,11861.54,17087.22,112016.24
11812,3925,217,3,8518.31,1110.45,4400.01,28844.49
11813,3925,176,3,43250.55,6005.96,22274.22,146019.91
11814,3925,84,2,10857.56,1498.91,3638.92,23855.13
11815,3926,204,1,3813.54,265.22,638.7,4187.02
11816,3926,96,1,17662.28,1276.64,2949.42,19335.06
11817,3926,159,1,18286.08,1286.83,3059.86,20059.11
11818,3926,213,1,20525.1,882.41,3535.68,23178.37
11819,3926,179,1,40060.15,4100.37,6472.76,42432.54
11820,3927,15,2,37893.41,882.16,13482.84,88387.5
11821,3928,71,4,21062.02,9349.63,13481.72,88380.17
11822,3928,106,4,12366.02,3944.36,8193.55,53713.27
11823,3929,14,4,3800.37,1196.23,2520.94,16526.19
11824,3929,160,4,7458.41,1773.83,5050.77,33110.58
11825,3929,170,2,19374.04,1319.49,6737.15,44165.74
11826,3929,17,3,25819.56,3265.16,13354.83,87548.35
11827,3929,2,3,11408.11,3467.04,5536.31,36293.6
11828,3930,170,1,19374.04,122.88,3465.21,22716.37
11829,3931,239,3,26635.98,8031.37,12937.78,84814.35
11830,3931,166,3,33767.83,2970.08,17700.01,116033.42
11831,3932,145,2,17725.61,2158.09,5992.76,39285.89
11832,3932,160,2,7458.41,672.73,2563.94,16808.03
11833,3933,69,4,3290.31,558.69,2268.46,14871.01
11834,3933,203,1,32452.38,1680.3,5538.97,36311.05
11835,3933,26,3,15276.03,1163.05,8039.71,52704.75
11836,3933,167,2,31659.13,6321.56,10259.41,67256.11
11837,3934,99,2,21866.86,2393.58,7441.23,48781.37
11838,3934,219,3,11772.86,1722.36,6047.32,39643.54
11839,3935,229,2,33676.3,2250.87,11718.31,76820.04
11840,3935,175,1,27514.3,301.63,4898.28,32110.95
11841,3936,204,1,3813.54,47.68,677.85,4443.71
11842,3936,75,2,8532.47,209.28,3034.02,19889.68
11843,3936,41,2,23389.54,4599.09,7592.4,49772.39
11844,3936,202,2,22486.45,2265.71,7687.29,50394.48
11845,3937,26,1,15276.03,1462.18,2486.49,16300.34
11846,3937,60,4,24754.89,9147.99,16176.88,106048.45
11847,3937,24,4,4300.49,401.48,3024.09,19824.57
11848,3938,78,4,5073.66,87.8,3637.23,23844.07
11849,3938,81,4,3286.08,399.97,2293.98,15038.33
11850,3938,64,2,1034.97,33.96,366.48,2402.46
11851,3938,120,4,26697.64,2670.55,18741.6,122861.61
11852,3939,21,2,27939.78,3628.21,9405.24,61656.59
11853,3939,77,1,19293.34,721.55,3342.92,21914.71
11854,3939,68,3,3827.59,78.14,2052.83,13457.46
11855,3939,34,2,9115.19,1043.17,3093.7,20280.91
11856,3939,189,3,28066.42,1037.08,14969.19,98131.37
11857,3940,128,2,48190.05,11274.95,15318.93,100424.08
11858,3940,19,1,37198.47,2099.37,6317.84,41416.94
11859,3941,131,3,41590.84,4838.18,21588.18,141522.52
11860,3941,215,1,34726.43,3157.49,5682.41,37251.35
11861,3941,49,1,43844.62,4766.39,7034.08,46112.31
11862,3941,34,4,9115.19,1898.43,6221.22,40783.55
11863,3942,189,4,28066.42,564.47,20106.22,131807.43
11864,3942,109,4,25465.9,1770.57,18016.75,118109.78
11865,3943,16,1,37019.42,1411.5,6409.43,42017.35
11866,3944,77,2,19293.34,2047.82,6576.99,43115.85
11867,3944,150,3,3654.09,834.4,1823.02,11950.89
11868,3944,48,3,2802.25,881.13,1354.61,8880.23
11869,3944,57,2,20483.4,2476.01,6928.34,45419.13
11870,3945,182,2,26624.12,966.47,9410.72,61692.49
11871,3945,231,3,3326.96,238.63,1753.61,11495.86
11872,3946,74,3,24770.89,1086.41,13180.73,86406.99
11873,3946,141,3,29486.44,9668.33,14182.38,92973.37
11874,3946,66,4,12279.53,791.92,8698.72,57024.92
11875,3946,62,1,34302.26,1328.96,5935.19,38908.49
11876,3947,26,1,15276.03,402.79,2677.18,17550.42
11877,3947,188,3,14567.29,2473.9,7421.03,48649.0
11878,3947,231,3,3326.96,327.58,1737.59,11390.89
11879,3947,217,3,8518.31,2409.15,4166.24,27312.02
11880,3947,163,3,1240.08,94.45,652.64,4278.43
11881,3948,38,1,28086.65,3031.05,4510.01,29565.61
11882,3948,189,1,28066.42,2879.94,4533.57,29720.05
11883,3949,117,1,27023.51,479.95,4777.84,31321.4
11884,3949,53,2,12091.35,634.04,4238.76,27787.42
11885,3949,216,1,4678.54,80.55,827.64,5425.63
11886,3949,174,3,40361.15,13542.09,19357.44,126898.8
11887,3949,26,2,15276.03,2394.11,5068.43,33226.38
11888,3950,123,3,9421.34,1773.46,4768.3,31258.86
11889,3950,20,1,38320.28,1259.85,6670.88,43731.31
11890,3950,231,2,3326.96,696.64,1072.31,7029.59
11891,3950,3,1,33432.15,229.72,5976.44,39178.87
11892,3950,92,4,39462.15,7749.03,27017.92,177117.49
11893,3951,198,2,112.51,10.4,38.63,253.25
11894,3951,62,4,34302.26,9434.65,22999.39,150773.78
11895,3952,135,2,25713.49,927.38,9089.93,59589.53
11896,3952,93,4,17083.66,4929.88,11412.86,74817.62
11897,3952,14,4,3800.37,336.98,2675.61,17540.11
11898,3952,120,1,26697.64,2783.45,4304.55,28218.74
11899,3952,231,4,3326.96,264.5,2347.8,15391.14
11900,3953,107,2,19641.45,1602.99,6782.38,44462.29
11901,3953,38,1,28086.65,1641.0,4760.22,31205.87
11902,3953,116,1,3361.81,54.58,595.3,3902.53
11903,3953,229,1,33676.3,50.52,6052.64,39678.42
11904,3954,132,2,15074.48,3191.47,4852.35,31809.84
11905,3954,83,4,34264.79,8454.37,23148.86,151753.65
11906,3954,152,3,37157.0,6755.98,18848.7,123563.72
11907,3955,178,1,39619.34,3213.0,6553.14,42959.48
11908,3955,104,4,15989.17,6825.69,10283.58,67414.57
11909,3955,113,2,2640.7,280.29,900.2,5901.31
11910,3955,117,4,27023.51,12156.01,17268.85,113206.88
11911,3956,148,3,32803.6,9753.82,15958.26,104615.24
11912,3956,65,1,41109.17,919.04,7234.22,47424.35
11913,3956,176,3,43250.55,7522.45,22001.26,144230.46
11914,3956,104,2,15989.17,3673.82,5094.81,33399.33
11915,3956,190,2,14801.53,2272.97,4919.42,32249.51
11916,3957,37,2,36875.04,3508.58,12643.47,82884.97
11917,3957,160,3,7458.41,196.65,3992.14,26170.72
11918,3957,95,4,8312.81,3170.66,5414.5,35495.08
11919,3957,174,4,40361.15,18064.33,25808.45,169188.72
11920,3958,149,1,16854.36,1185.46,2820.4,18489.3
11921,3958,211,2,18681.33,745.14,6591.15,43208.67
11922,3958,135,4,25713.49,7385.88,17184.25,112652.33
11923,3958,236,3,18050.29,1899.91,9405.17,61656.13
11924,3958,235,1,28131.22,1606.22,4774.5,31299.5
11925,3959,83,3,34264.79,347.65,18440.41,120887.13
11926,3959,36,1,10167.03,926.2,1663.35,10904.18
11927,3959,235,2,28131.22,342.88,10065.52,65985.08
11928,3960,121,4,18719.38,504.12,13387.21,87760.61
11929,3960,133,2,38037.94,8776.46,12113.9,79413.32
11930,3961,181,2,30664.66,3760.04,10362.47,67931.75
11931,3961,222,3,28533.87,5390.54,14437.99,94649.06
11932,3962,136,2,34274.09,6052.2,11249.28,73745.26
11933,3962,134,1,29515.74,3302.89,4718.31,30931.16
11934,3962,61,4,33657.04,11830.46,22103.59,144901.29
11935,3962,62,3,34302.26,79.24,18508.96,121336.5
11936,3962,101,1,46156.61,3808.76,7622.61,49970.46
11937,3963,165,2,37776.85,763.95,13462.15,88251.9
11938,3963,177,1,37809.52,4019.25,6082.25,39872.52
11939,3963,89,3,4268.91,251.06,2260.02,14815.69
11940,3963,19,4,37198.47,7999.96,25342.91,166136.83
11941,3963,217,2,8518.31,1591.82,2780.06,18224.86
11942,3964,100,1,46774.34,5042.42,7511.75,49243.67
11943,3964,215,4,34726.43,9142.82,23357.32,153120.22
11944,3964,20,1,38320.28,789.99,6755.45,44285.74
11945,3965,142,1,26420.51,1297.72,4522.1,29644.89
11946,3965,131,2,41590.84,4816.98,14105.65,92470.35
11947,3965,34,3,9115.19,2050.61,4553.09,29848.05
11948,3965,57,3,20483.4,7044.56,9793.02,64198.66
11949,3965,229,1,33676.3,2108.59,5682.19,37249.9
11950,3966,29,4,7930.98,683.76,5587.23,36627.39
11951,3966,103,1,20030.13,83.65,3590.37,23536.85
11952,3967,31,3,44553.38,15614.35,21248.24,139294.03
11953,3967,186,2,24680.72,310.4,8829.19,57880.23
11954,3967,157,3,10083.83,1187.8,5231.46,34295.15
11955,3968,94,4,35740.44,11092.51,23736.47,155605.72
11956,3969,14,2,3800.37,571.47,1265.27,8294.54
11957,3969,128,1,48190.05,4860.81,7799.26,51128.5
11958,3970,166,1,33767.83,3422.31,5462.19,35807.71
11959,3970,207,2,27779.78,1258.86,9774.13,64074.83
11960,3970,126,1,14629.39,1202.12,2416.91,15844.18
11961,3971,104,1,15989.17,1889.97,2537.86,16637.06
11962,3971,62,3,34302.26,11176.6,16511.43,108241.61
11963,3971,229,2,33676.3,5875.11,11065.95,72543.44
11964,3972,19,1,37198.47,753.16,6560.16,43005.47
11965,3972,120,2,26697.64,1572.3,9328.14,61151.12
11966,3972,229,2,33676.3,2227.82,11722.46,76847.24
11967,3972,126,3,14629.39,1351.27,7656.64,50193.54
11968,3973,46,3,5015.71,1721.37,2398.64,15724.4
11969,3973,205,4,26777.33,5336.01,18319.2,120092.51
11970,3973,29,4,7930.98,1288.99,5478.29,35913.22
11971,3973,187,1,33639.08,1928.54,5707.9,37418.44
11972,3974,17,2,25819.56,510.73,9203.11,60331.5
11973,3974,73,1,17456.78,790.27,2999.97,19666.48
11974,3975,129,1,3101.06,254.13,512.45,3359.38
11975,3975,48,3,2802.25,763.18,1375.84,9019.41
11976,3975,2,2,11408.11,2153.78,3719.24,24381.68
11977,3976,1,4,25243.55,7367.67,16849.18,110455.71
11978,3976,160,2,7458.41,1439.09,2425.99,15903.72
11979,3976,39,2,39677.48,5953.67,13212.23,86613.52
11980,3976,56,2,36444.51,6585.29,11934.67,78238.4
11981,3977,53,2,12091.35,1027.51,4167.93,27323.12
11982,3977,222,1,28533.87,1699.19,4830.24,31664.92
11983,3977,77,1,19293.34,444.87,3392.72,22241.19
11984,3978,144,2,33892.0,7003.55,10940.48,71720.93
11985,3978,148,4,32803.6,1940.05,23269.38,152543.73
11986,3978,159,1,18286.08,1666.61,2991.5,19610.97
11987,3979,99,1,21866.86,1548.84,3657.24,23975.26
11988,3979,32,1,25348.23,1293.11,4329.92,28385.04
11989,3980,121,3,18719.38,3850.51,9415.37,61723.0
11990,3980,113,2,2640.7,66.41,938.7,6153.69
11991,3980,131,2,41590.84,7204.8,13675.84,89652.72
11992,3980,7,2,1179.48,196.88,389.17,2551.25
11993,3980,50,3,45675.94,8941.89,23055.47,151141.4
11994,3981,22,3,9607.6,1156.46,4979.94,32646.28
11995,3981,126,3,14629.39,2747.4,7405.34,48546.11
11996,3981,114,4,23667.1,2870.91,16523.55,108321.04
11997,3981,28,2,29031.11,1052.52,10261.75,67271.45
11998,3982,236,4,18050.29,16.9,12993.17,85177.43
11999,3982,137,2,31709.73,5352.53,10452.05,68518.98
12000,3982,153,2,6055.61,563.82,2078.53,13625.93
12001,3983,65,1,41109.17,3974.55,6684.23,43818.85
12002,3983,6,3,9654.29,505.0,5122.42,33580.29
12003,3984,114,2,23667.1,1617.24,8229.05,53946.01
12004,3984,62,4,34302.26,1621.87,24405.69,159992.86
12005,3984,190,2,14801.53,1213.51,5110.12,33499.67
12006,3984,53,4,12091.35,4453.0,7904.23,51816.63
12007,3984,178,2,39619.34,5843.74,13211.09,86606.03
12008,3985,95,1,8312.81,455.91,1414.24,9271.14
12009,3985,165,3,37776.85,3112.53,19839.24,130057.26
12010,3985,222,1,28533.87,3119.67,4574.56,29988.76
12011,3985,137,3,31709.73,7165.8,15833.41,103796.8
12012,3985,65,2,41109.17,2724.55,14308.88,93802.67
12013,3986,24,3,4300.49,1107.94,2122.84,13916.37
12014,3987,96,2,17662.28,147.46,6331.88,41508.98
12015,3987,122,1,24991.82,2160.18,4109.7,26941.34
12016,3987,117,2,27023.51,2691.63,9243.97,60599.36
12017,3988,216,2,4678.54,35.71,1677.85,10999.22
12018,3988,140,4,12249.39,2875.57,8301.96,54423.95
12019,3989,229,1,33676.3,1496.19,5792.42,37972.53
12020,3990,103,2,20030.13,2387.61,6781.08,44453.73
12021,3990,46,3,5015.71,1728.74,2397.31,15715.7
12022,3990,14,3,3800.37,621.47,1940.34,12719.98
12023,3990,105,1,18322.11,1814.79,2971.32,19478.64
12024,3991,60,2,24754.89,5312.81,7955.45,52152.42
12025,3991,152,3,37157.0,1780.23,19744.34,129435.11
12026,3992,32,1,25348.23,110.29,4542.83,29780.77
12027,3992,29,3,7930.98,1197.39,4067.2,26662.75
12028,3992,42,3,27736.92,6853.83,13744.25,90101.18
12029,3992,215,3,34726.43,11705.11,16645.35,109119.53
12030,3992,219,1,11772.86,1059.01,1928.49,12642.34
12031,3993,41,1,23389.54,1334.35,3969.93,26025.12
12032,3993,227,3,19776.73,4314.46,9902.83,64918.56
12033,3993,170,2,19374.04,1056.57,6784.47,44475.98
12034,3993,116,2,3361.81,230.77,1168.71,7661.56
12035,3994,4,1,35689.14,1698.22,6118.37,40109.29
12036,3994,25,4,27064.69,6821.54,18258.7,119695.92
12037,3994,191,1,30208.27,2498.81,4987.7,32697.16
12038,3994,121,1,18719.38,1225.38,3148.92,20642.92
12039,3994,17,2,25819.56,3368.29,8688.75,56959.58
12040,3995,178,3,39619.34,790.31,21252.19,139319.9
12041,3995,177,2,37809.52,6877.52,12373.47,81114.99
12042,3995,20,3,38320.28,10404.28,18820.18,123376.74
12043,3995,35,3,13199.49,2626.2,6655.01,43627.28
12044,3996,57,2,20483.4,1605.87,7084.97,46445.9
12045,3996,34,3,9115.19,170.18,4891.57,32066.96
12046,3996,60,4,24754.89,11453.2,15761.94,103328.3
12047,3996,190,2,14801.53,2988.58,4790.61,31405.09
12048,3997,61,4,33657.04,3303.45,23638.45,154963.16
12049,3997,63,2,120.39,9.43,41.64,272.99
12050,3997,51,1,628.75,24.62,108.74,712.87
12051,3997,54,2,4901.82,720.61,1634.95,10717.98
12052,3997,115,3,7640.14,1563.6,3844.23,25201.05
12053,3998,88,3,33071.07,4802.33,16993.96,111404.84
12054,3998,106,2,12366.02,2509.76,4000.01,26222.29
12055,3998,125,2,28195.42,3130.39,9586.88,62847.33
12056,3999,123,1,9421.34,1094.97,1498.75,9825.12
12057,3999,16,1,37019.42,2682.2,6180.7,40517.92
12058,3999,76,3,44895.56,14603.98,21614.89,141697.59
12059,3999,214,3,25781.44,4110.85,13182.02,86415.49
12060,3999,36,2,10167.03,477.3,3574.22,23430.98
12061,4000,201,1,18244.99,436.16,3205.59,21014.42
12062,4000,11,4,36727.76,7577.89,25079.97,164413.12
12063,4000,30,1,7051.18,775.4,1129.64,7405.42
12064,4000,63,1,120.39,8.47,20.15,132.07
12065,4001,56,1,36444.51,3199.92,5984.03,39228.62
12066,4001,26,4,15276.03,5451.99,10017.38,65669.51
12067,4001,6,2,9654.29,2204.13,3078.8,20183.25
12068,4001,130,2,12728.22,2506.4,4131.01,27081.05
12069,4002,33,1,39008.3,547.11,6923.01,45384.2
12070,4002,35,4,13199.49,3904.29,8800.86,57694.53
12071,4003,204,3,3813.54,1351.04,1816.12,11905.7
12072,4003,79,4,15130.34,1158.18,10685.37,70048.55
12073,4003,21,3,27939.78,892.4,14926.85,97853.79
12074,4003,177,4,37809.52,10116.6,25401.87,166523.35
12075,4003,193,3,16913.96,2133.23,8749.56,57358.21
12076,4004,3,3,33432.15,5980.44,16976.88,111292.89
12077,4004,94,3,35740.44,7334.7,17979.59,117866.21
12078,4004,57,2,20483.4,204.5,7337.21,48099.51
12079,4005,223,2,39924.82,5651.09,13355.74,87554.29
12080,4006,217,2,8518.31,1256.99,2840.33,18619.96
12081,4006,64,2,1034.97,78.73,358.42,2349.63
12082,4006,188,1,14567.29,770.41,2483.44,16280.32
12083,4007,116,4,3361.81,1380.34,2172.04,14238.94
12084,4007,61,2,33657.04,5900.7,11054.41,72467.79
12085,4008,17,2,25819.56,2102.03,8916.68,58453.77
12086,4008,50,1,45675.94,4310.78,7445.73,48810.89
12087,4008,194,1,5562.52,19.47,997.75,6540.8
12088,4008,141,3,29486.44,1628.14,15629.61,102460.79
12089,4008,214,3,25781.44,115.48,13901.19,91130.03
12090,4009,226,3,41253.01,7031.11,21011.03,137738.95
12091,4009,167,4,31659.13,1392.83,22543.86,147787.55
12092,4010,141,3,29486.44,1819.45,15595.18,102235.05
12093,4010,78,4,5073.66,1731.18,3341.42,21904.88
12094,4010,57,1,20483.4,270.89,3638.25,23850.76
12095,4010,22,4,9607.6,1406.55,6664.29,43688.14
12096,4010,226,3,41253.01,5064.1,21365.09,140060.02
12097,4011,138,3,5484.92,1286.7,2730.25,17898.31
12098,4011,192,2,13341.13,501.01,4712.62,30893.87
12099,4011,104,3,15989.17,782.47,8493.31,55678.35
12100,4011,203,1,32452.38,2499.29,5391.56,35344.65
12101,4012,13,4,40458.84,9371.6,27443.48,179907.24
12102,4012,20,3,38320.28,4638.07,19858.1,130180.87
12103,4012,52,2,30086.26,1016.59,10648.07,69804.0
12104,4013,58,3,43014.0,10240.7,21384.23,140185.53
12105,4013,41,3,23389.54,1850.01,12297.35,80615.96
12106,4013,99,1,21866.86,330.42,3876.56,25413.0
12107,4013,156,1,36965.82,3277.02,6063.98,39752.78
12108,4013,77,2,19293.34,124.85,6923.13,45384.96
12109,4014,228,2,11203.89,34.57,4027.18,26400.39
12110,4014,134,2,29515.74,3237.74,10042.87,65836.61
12111,4014,196,4,40456.71,11962.97,26975.5,176839.37
12112,4014,109,3,25465.9,5100.11,12833.57,84131.16
12113,4015,3,1,33432.15,1869.89,5681.21,37243.47
12114,4015,31,3,44553.38,4454.57,23257.0,152462.57
12115,4015,115,3,7640.14,89.06,4109.64,26941.0
12116,4015,91,1,33075.34,3953.21,5241.98,34364.11
12117,4015,16,1,37019.42,1588.94,6377.49,41807.97
12118,4016,5,2,16705.9,2270.21,5605.49,36747.08
12119,4017,104,3,15989.17,5031.33,7728.51,50664.69
12120,4017,87,3,21959.44,7078.85,10583.9,69383.37
12121,4017,160,3,7458.41,2372.89,3600.42,23602.76
12122,4017,86,2,41540.1,8001.91,13514.09,88592.38
12123,4018,143,4,23230.7,191.05,16691.72,109423.47
12124,4018,34,3,9115.19,1377.82,4674.19,30641.94
12125,4018,151,1,39931.59,3891.27,6487.26,42527.58
12126,4019,196,3,40456.71,13015.36,19503.86,127858.63
12127,4019,101,4,46156.61,9320.15,31555.13,206861.42
12128,4019,60,2,24754.89,3733.59,8239.71,54015.9
12129,4020,181,3,30664.66,10575.94,14655.25,96073.29
12130,4020,44,4,43728.99,7426.58,30148.09,197637.47
12131,4021,19,1,37198.47,4450.12,5894.7,38643.05
12132,4021,49,4,43844.62,13468.84,29143.74,191053.38
12133,4021,203,3,32452.38,10183.99,15691.17,102864.32
12134,4022,61,4,33657.04,14421.14,21637.26,141844.28
12135,4022,174,1,40361.15,3183.56,6691.97,43869.56
12136,4023,8,2,28733.56,421.55,10268.2,67313.77
12137,4023,15,1,37893.41,138.68,6795.85,44550.58
12138,4023,163,3,1240.08,48.77,660.86,4332.33
12139,4023,91,1,33075.34,3212.93,5375.23,35237.64
12140,4024,50,4,45675.94,4506.43,32075.52,210272.85
12141,4024,171,4,32844.1,11527.01,21572.89,141422.28
12142,4024,164,2,15908.19,444.11,5647.01,37019.28
12143,4024,124,3,10290.63,2639.7,5081.79,33313.98
12144,4025,102,1,34567.4,1821.03,5894.35,38640.72
12145,4025,155,3,37465.45,12881.98,17912.59,117426.96
12146,4026,14,4,3800.37,546.18,2637.95,17293.25
12147,4026,147,3,26528.08,6702.07,13118.79,86000.96
12148,4026,226,4,41253.01,15288.58,26950.22,176673.68
12149,4026,138,2,5484.92,652.68,1857.09,12174.25
12150,4026,27,1,12821.1,1367.91,2061.57,13514.76
12151,4027,198,3,112.51,38.0,53.92,353.45
12152,4027,41,1,23389.54,1100.56,4012.02,26301.0
12153,4027,144,2,33892.0,3991.82,11482.59,75274.77
12154,4027,97,1,11972.84,350.51,2092.02,13714.35
12155,4028,168,2,41017.08,4250.89,14000.99,91784.26
12156,4028,67,3,41997.34,6810.62,21452.65,140634.05
12157,4028,149,4,16854.36,4269.07,11366.71,74515.08
12158,4028,6,4,9654.29,684.44,6827.89,44760.61
12159,4029,70,4,30937.09,11191.18,20260.29,132817.47
12160,4029,3,3,33432.15,6210.55,16935.46,111021.36
12161,4029,96,1,17662.28,1866.83,2843.18,18638.63
12162,4030,226,4,41253.01,12128.2,27519.09,180402.93
12163,4030,233,2,21896.66,749.16,7747.95,50792.11
12164,4030,6,3,9654.29,705.1,5086.4,33344.17
12165,4030,204,4,3813.54,454.77,2663.89,17463.28
12166,4030,214,2,25781.44,1230.07,9059.91,59392.72
12167,4031,210,1,33886.56,3580.48,5455.09,35761.17
12168,4031,234,3,10605.83,3052.99,5177.61,33942.11
12169,4031,155,3,37465.45,2336.06,19810.85,129871.14
12170,4031,63,1,120.39,13.58,19.23,126.04
12171,4032,174,3,40361.15,2700.84,21308.87,139691.48
12172,4032,138,3,5484.92,402.51,2889.41,18941.66
12173,4032,126,3,14629.39,3083.62,7344.82,48149.37
12174,4033,225,3,36716.34,3366.26,19220.9,126003.66
12175,4033,235,2,28131.22,43.22,10119.46,66338.68
12176,4034,3,4,33432.15,7868.65,22654.79,148514.74
12177,4034,18,2,16802.96,2223.07,5648.91,37031.76
12178,4034,153,4,6055.61,921.32,4194.2,27495.32
12179,4034,58,4,43014.0,8344.7,29468.03,193179.33
12180,4035,213,1,20525.1,1128.11,3491.46,22888.45
12181,4035,32,1,25348.23,1241.82,4339.15,28445.56
12182,4035,6,3,9654.29,1125.05,5010.81,32848.63
12183,4035,119,1,36904.39,761.59,6505.7,42648.5
12184,4036,12,1,13880.48,1525.38,2223.92,14579.02
12185,4036,39,4,39677.48,6824.24,27339.42,179225.1
12186,4037,59,3,13506.51,2253.91,6887.81,45153.43
12187,4037,197,4,13368.44,5355.83,8661.23,56779.16
12188,4037,76,4,44895.56,16093.6,29427.96,192916.6
12189,4038,215,3,34726.43,11986.06,16594.78,108788.01
12190,4039,15,3,37893.41,12482.43,18215.6,119413.4
12191,4039,65,1,41109.17,1952.96,7048.12,46204.33
12192,4039,159,2,18286.08,1531.45,6307.33,41348.04
12193,4040,117,1,27023.51,2043.7,4496.37,29476.18
12194,4040,172,4,1060.63,73.2,750.48,4919.8
12195,4041,143,3,23230.7,6587.07,11358.91,74463.94
12196,4041,61,1,33657.04,609.73,5948.52,38995.83
12197,4042,59,3,13506.51,3614.73,6642.86,43547.66
12198,4043,19,1,37198.47,1717.84,6386.51,41867.14
12199,4044,238,1,19991.97,277.33,3548.64,23263.28
12200,4044,119,3,36904.39,7060.58,18657.47,122310.06
12201,4044,107,3,19641.45,4130.29,9862.93,64656.99
12202,4045,213,1,20525.1,878.0,3536.48,23183.58
12203,4046,180,4,4766.01,1739.72,3118.38,20442.7
12204,4046,202,4,22486.45,3126.3,15627.51,102447.01
12205,4046,26,2,15276.03,892.63,5338.7,34998.13
12206,4046,158,2,36880.83,4034.31,12550.92,82278.27
12207,4047,11,4,36727.76,7819.81,25036.42,164127.65
12208,4048,24,3,4300.49,742.91,2188.54,14347.1
12209,4048,43,1,16510.19,347.49,2909.29,19071.99
12210,4048,124,2,10290.63,141.05,3679.24,24119.45
12211,4049,117,4,27023.51,6467.38,18292.8,119919.46
12212,4049,213,1,20525.1,25.82,3689.87,24189.15
12213,4049,92,4,39462.15,6701.55,27206.47,178353.52
12214,4049,88,4,33071.07,687.81,23687.36,155283.83
12215,4049,80,1,9554.15,1139.82,1514.58,9928.91
12216,4050,101,2,46156.61,5968.82,15541.99,101886.39
12217,4051,193,2,16913.96,3511.33,5456.99,35773.58
12218,4051,239,4,26635.98,12461.67,16934.81,111017.06
12219,4051,173,1,15522.12,84.36,2778.8,18216.56
12220,4052,22,2,9607.6,2003.67,3098.08,20309.61
12221,4052,154,3,14680.42,4286.65,7155.83,46910.44
12222,4052,99,3,21866.86,2069.2,11435.65,74967.03
12223,4053,198,2,112.51,15.43,37.73,247.32
12224,4054,29,1,7930.98,443.38,1347.77,8835.37
12225,4054,156,4,36965.82,4165.3,25865.64,169563.62
12226,4054,89,2,4268.91,474.25,1451.44,9515.01
12227,4055,180,3,4766.01,657.17,2455.35,16096.21
12228,4055,52,1,30086.26,2637.89,4940.71,32389.08
12229,4055,120,3,26697.64,7101.9,13138.38,86129.4
12230,4055,177,4,37809.52,7921.31,25797.02,169113.79
12231,4056,192,1,13341.13,200.07,2365.39,15506.45
12232,4056,69,3,3290.31,1098.77,1578.99,10351.15
12233,4056,222,1,28533.87,1731.42,4824.44,31626.89
12234,4056,236,2,18050.29,2865.42,5982.33,39217.49
12235,4057,83,3,34264.79,7843.9,17091.08,112041.55
12236,4057,149,1,16854.36,1407.0,2780.52,18227.88
12237,4058,102,4,34567.4,597.69,24780.94,162452.85
12238,4058,212,2,8937.81,785.44,3076.23,20166.41
12239,4058,5,1,16705.9,1864.38,2671.47,17512.99
12240,4058,112,1,24992.69,2624.05,4026.36,26395.0
12241,4059,156,3,36965.82,12130.52,17778.05,116544.99
12242,4060,111,2,43082.21,4133.59,14765.55,96796.38
12243,4060,126,3,14629.39,3616.9,7248.83,47520.1
12244,4061,6,2,9654.29,2018.79,3112.16,20401.95
12245,4061,217,2,8518.31,363.6,3001.14,19674.16
12246,4062,33,3,39008.3,12739.13,18771.44,123057.21
12247,4062,170,1,19374.04,1409.12,3233.69,21198.61
12248,4062,116,3,3361.81,652.38,1697.95,11131.0
12249,4062,63,2,120.39,9.25,41.68,273.21
12250,4062,58,4,43014.0,12087.65,28794.3,188762.65
12251,4063,224,2,31527.62,4471.37,10545.1,69128.97
12252,4063,191,4,30208.27,4019.73,21026.4,137839.75
12253,4063,109,4,25465.9,5172.2,17404.45,114095.85
12254,4063,229,2,33676.3,4055.59,11393.46,74690.47
12255,4063,97,1,11972.84,250.56,2110.01,13832.29
12256,4064,6,2,9654.29,165.26,3445.8,22589.12
12257,4064,160,1,7458.41,410.15,1268.69,8316.95
12258,4064,207,2,27779.78,4602.76,9172.22,60129.02
12259,4064,227,2,19776.73,1849.02,6786.8,44491.24
12260,4065,171,4,32844.1,5537.9,22650.93,148489.43
12261,4065,168,1,41017.08,3387.79,6773.27,44402.56
12262,4065,231,3,3326.96,188.96,1762.55,11554.47
12263,4066,117,2,27023.51,862.55,9573.2,62757.67
12264,4066,183,2,17183.22,1857.66,5851.58,38360.36
12265,4066,20,1,38320.28,2664.17,6418.1,42074.21
12266,4066,58,2,43014.0,1079.87,15290.66,100238.79
12267,4067,174,2,40361.15,5599.79,13522.05,88644.56
12268,4067,218,3,20584.33,4153.54,10367.9,67967.35
12269,4067,59,2,13506.51,2243.77,4458.47,29227.72
12270,4068,79,2,15130.34,2311.11,5030.92,32980.49
12271,4068,167,3,31659.13,3801.05,16411.74,107588.08
12272,4068,202,1,22486.45,666.15,3927.65,25747.95
12273,4068,137,1,31709.73,2910.03,5183.95,33983.65
12274,4068,157,4,10083.83,2254.33,6854.58,44935.57
12275,4069,161,3,41588.13,5921.55,21391.71,140234.55
12276,4069,205,2,26777.33,721.14,9510.03,62343.55
12277,4069,8,4,28733.56,11607.0,18598.9,121926.14
12278,4069,99,4,21866.86,1455.87,15482.08,101493.65
12279,4070,128,3,48190.05,15984.62,23145.4,151730.93
12280,4070,39,2,39677.48,5218.94,13344.48,87480.5
12281,4070,124,4,10290.63,2713.71,6920.79,45369.6
12282,4070,199,4,19178.46,6513.12,12636.13,82836.85
12283,4071,187,2,33639.08,877.21,11952.17,78353.12
12284,4072,183,2,17183.22,2803.78,5681.28,37243.94
12285,4072,78,1,5073.66,200.59,877.15,5750.22
12286,4073,100,2,46774.34,6974.42,15583.37,102157.63
12287,4073,91,1,33075.34,1485.35,5686.2,37276.19
12288,4073,226,1,41253.01,3954.91,6713.66,44011.76
12289,4074,212,3,8937.81,350.75,4763.28,31225.96
12290,4075,191,4,30208.27,2079.06,21375.72,140129.74
12291,4075,121,1,18719.38,938.21,3200.61,20981.78
12292,4075,44,4,43728.99,7367.63,30158.7,197707.03
12293,4075,102,2,34567.4,7034.01,11178.14,73278.93
12294,4075,70,3,30937.09,6388.43,15556.11,101978.95
12295,4076,149,3,16854.36,1122.87,8899.24,58339.45
12296,4076,127,4,3238.17,1543.38,2053.67,13462.97
12297,4077,228,4,11203.89,5332.39,7106.97,46590.14
12298,4077,226,1,41253.01,2843.17,6913.77,45323.61
12299,4077,126,3,14629.39,2229.72,7498.52,49156.97
12300,4077,194,3,5562.52,758.28,2867.27,18796.55
12301,4077,80,1,9554.15,901.78,1557.43,10209.8
12302,4078,213,4,20525.1,1245.23,14553.93,95409.1
12303,4078,157,2,10083.83,1674.12,3328.84,21822.38
12304,4078,78,3,5073.66,243.95,2695.87,17672.9
12305,4078,27,2,12821.1,2696.49,4130.23,27075.94
12306,4078,178,1,39619.34,3228.37,6550.37,42941.34
12307,4079,39,2,39677.48,7383.9,12954.79,84925.85
12308,4079,11,1,36727.76,1277.61,6381.03,41831.18
12309,4079,3,4,33432.15,9209.56,22413.43,146932.47
12310,4080,151,4,39931.59,16888.31,25710.85,168548.9
12311,4081,167,2,31659.13,7138.47,10112.36,66292.15
12312,4082,69,2,3290.31,694.53,1059.5,6945.59
12313,4082,194,2,5562.52,1228.13,1781.44,11678.35
12314,4082,228,3,11203.89,1228.29,5829.01,38212.39
12315,4082,36,3,10167.03,1463.14,5226.83,34264.78
12316,4083,113,1,2640.7,93.34,458.52,3005.88
12317,4084,86,2,41540.1,738.63,14821.48,97163.05
12318,4084,219,2,11772.86,427.01,4161.37,27280.08
12319,4084,19,1,37198.47,3123.29,6133.53,40208.71
12320,4085,3,1,33432.15,3708.33,5350.29,35074.11
12321,4086,165,4,37776.85,5221.24,26259.51,172145.67
12322,4087,186,2,24680.72,2977.23,8349.16,54733.37
12323,4088,20,4,38320.28,14853.58,24916.96,163344.5
12324,4088,29,3,7930.98,2315.55,3865.93,25343.32
12325,4088,217,4,8518.31,663.56,6013.74,39423.42
12326,4088,109,3,25465.9,4811.1,12885.59,84472.19
12327,4088,236,2,18050.29,3445.18,5877.97,38533.37
12328,4089,91,2,33075.34,2029.31,11541.85,75663.22
12329,4089,149,2,16854.36,3152.51,5500.12,36056.33
12330,4089,198,2,112.51,14.81,37.84,248.05
12331,4089,51,1,628.75,37.88,106.36,697.23
12332,4090,193,2,16913.96,1258.17,5862.55,38432.3
12333,4090,155,4,37465.45,7310.59,25659.22,168210.43
12334,4091,83,3,34264.79,5159.55,17574.27,115209.09
12335,4092,158,3,36880.83,12414.7,17681.0,115908.79
12336,4092,73,4,17456.78,5258.56,11622.34,76190.9
12337,4093,151,4,39931.59,5990.6,27672.44,181408.2
12338,4093,150,1,3654.09,273.77,608.46,3988.78
12339,4093,137,2,31709.73,5133.05,10491.55,68777.96
12340,4093,198,2,112.51,10.73,38.57,252.86
12341,4093,234,2,10605.83,1570.52,3535.41,23176.55
12342,4094,176,4,43250.55,10291.12,29287.99,191999.07
12343,4094,190,1,14801.53,1021.99,2480.32,16259.86
12344,4094,148,3,32803.6,3877.03,17016.08,111549.85
12345,4095,22,3,9607.6,356.63,5123.91,33590.08
12346,4095,236,2,18050.29,3980.46,5781.62,37901.74
12347,4095,131,3,41590.84,12314.71,20242.41,132700.22
12348,4096,151,1,39931.59,1560.09,6906.87,45278.37
12349,4096,180,4,4766.01,413.08,3357.17,22008.13
12350,4096,125,4,28195.42,3776.2,19620.99,128626.47
12351,4096,49,2,43844.62,1361.71,15538.96,101866.49
12352,4097,164,3,15908.19,1977.02,8234.56,53982.11
12353,4097,182,2,26624.12,1061.39,9393.63,61580.48
12354,4098,182,4,26624.12,11838.61,17038.42,111696.29
12355,4099,7,3,1179.48,312.67,580.64,3806.41
12356,4099,209,2,10731.59,598.97,3755.56,24619.77
12357,4100,114,2,23667.1,4240.52,7756.86,50850.54
12358,4100,22,2,9607.6,2134.24,3074.57,20155.53
12359,4101,117,1,27023.51,1426.8,4607.41,30204.12
12360,4101,233,3,21896.66,4248.76,11059.42,72500.64
12361,4101,45,1,3684.98,424.99,586.8,3846.79
12362,4101,96,4,17662.28,7324.52,11398.43,74723.03
12363,4101,77,2,19293.34,4313.39,6169.19,40442.48
12364,4102,194,4,5562.52,2017.93,3641.79,23873.94
12365,4103,121,3,18719.38,3377.07,9500.59,62281.66
12366,4103,41,1,23389.54,765.7,4072.29,26696.13
12367,4103,70,4,30937.09,4865.91,21398.84,140281.29
12368,4103,36,1,10167.03,883.42,1671.05,10954.66
12369,4103,119,1,36904.39,3666.34,5982.85,39220.9
12370,4104,157,3,10083.83,1996.24,5085.94,33341.19
12371,4104,230,4,26170.26,4250.62,18077.48,118507.9
12372,4104,163,3,1240.08,16.03,666.76,4370.97
12373,4105,61,1,33657.04,2574.5,5594.86,36677.4
12374,4105,37,4,36875.04,1542.05,26272.46,172230.57
12375,4105,36,1,10167.03,669.36,1709.58,11207.25
12376,4105,216,2,4678.54,1050.86,1495.12,9801.34
12377,4105,135,1,25713.49,1744.72,4314.38,28283.15
12378,4106,203,4,32452.38,12129.93,21182.33,138861.92
12379,4106,226,2,41253.01,3535.98,14214.61,93184.65
12380,4106,64,3,1034.97,127.12,536.0,3513.79
12381,4106,55,1,21783.95,1758.35,3604.61,23630.21
12382,4106,99,4,21866.86,5123.23,14821.96,97166.17
12383,4107,223,1,39924.82,2932.62,6658.6,43650.8
12384,4108,228,3,11203.89,1523.91,5775.8,37863.56
12385,4108,63,2,120.39,14.98,40.64,266.44
12386,4109,232,2,11511.84,91.66,4127.76,27059.78
12387,4109,121,3,18719.38,6588.34,8922.56,58492.36
12388,4109,128,3,48190.05,15750.45,23187.55,152007.25
12389,4109,117,4,27023.51,10776.25,17517.2,114834.99
12390,4109,125,1,28195.42,2153.06,4687.62,30729.98
12391,4110,37,1,36875.04,388.47,6567.58,43054.15
12392,4110,191,3,30208.27,8849.32,14719.59,96495.08
12393,4111,168,2,41017.08,1022.85,14582.04,95593.35
12394,4111,163,3,1240.08,325.78,611.0,4005.46
12395,4111,107,3,19641.45,5759.81,9569.62,62734.16
12396,4111,174,2,40361.15,6243.72,13406.14,87884.72
12397,4111,115,3,7640.14,1868.21,3789.4,24841.61
12398,4112,24,2,4300.49,104.77,1529.32,10025.53
12399,4112,83,1,34264.79,2341.14,5746.26,37669.91
12400,4113,191,4,30208.27,11366.83,19703.92,129170.17
12401,4113,60,1,24754.89,2293.63,4043.03,26504.29
12402,4113,84,1,10857.56,533.98,1858.24,12181.82
12403,4114,79,2,15130.34,2480.3,5000.47,32780.85
12404,4114,218,3,20584.33,2135.52,10731.14,70348.61
12405,4114,93,1,17083.66,1512.67,2802.78,18373.77
12406,4114,108,2,46203.27,4791.73,15770.67,103385.48
12407,4114,50,4,45675.94,7173.7,31595.41,207125.47
12408,4115,47,4,34112.86,2130.6,24177.75,158498.59
12409,4115,163,2,1240.08,172.12,415.45,2723.49
12410,4115,217,2,8518.31,1477.09,2800.72,18360.25
12411,4115,145,3,17725.61,4766.96,8713.78,57123.65
12412,4116,36,3,10167.03,890.12,5329.97,34940.94
12413,4116,116,4,3361.81,636.37,2305.96,15116.83
12414,4117,185,4,189.21,82.71,121.34,795.47
12415,4117,240,3,39567.79,2721.61,20876.72,136858.48
12416,4117,183,4,17183.22,193.68,12337.06,80876.26
12417,4117,77,1,19293.34,337.46,3412.06,22367.94
12418,4117,119,1,36904.39,2435.75,6204.36,40673.0
12419,4118,45,4,3684.98,221.07,2613.39,17132.24
12420,4118,48,1,2802.25,63.05,493.06,3232.26
12421,4118,176,1,43250.55,4183.78,7032.02,46098.79
12422,4118,77,3,19293.34,4387.97,9628.57,63120.62
12423,4119,152,4,37157.0,13276.53,24363.26,159714.73
12424,4120,117,2,27023.51,5273.7,8779.2,57552.52
12425,4120,87,4,21959.44,5338.01,14849.95,97349.7
12426,4120,200,4,28469.05,5595.29,19490.56,127771.47
12427,4120,223,4,39924.82,15860.92,25890.9,169729.26
12428,4120,38,1,28086.65,1724.16,4745.25,31107.74
12429,4121,129,4,3101.06,1308.91,1997.16,13092.49
12430,4121,70,2,30937.09,6884.57,9898.13,64887.74
12431,4121,33,4,39008.3,1535.94,27809.51,182306.77
12432,4121,223,1,39924.82,4669.35,6345.98,41601.45
12433,4122,29,3,7930.98,1924.58,3936.3,25804.66
12434,4122,169,3,10455.18,3219.45,5066.3,33212.39
12435,4122,186,4,24680.72,2190.49,17375.83,113908.22
12436,4122,130,2,12728.22,1555.9,4302.1,28202.64
12437,4122,203,2,32452.38,3061.12,11131.86,72975.5
12438,4123,174,4,40361.15,17068.33,25987.73,170364.0
12439,4123,124,3,10290.63,269.13,5508.5,36111.26
12440,4123,23,1,3383.79,106.7,589.88,3866.97
12441,4123,225,4,36716.34,915.54,26270.97,172220.79
12442,4124,8,4,28733.56,8288.15,19196.3,125842.39
12443,4124,230,1,26170.26,2464.23,4267.09,27973.12
12444,4124,189,1,28066.42,715.64,4923.14,32273.92
12445,4124,170,3,19374.04,3388.13,9852.12,64586.11
12446,4124,43,1,16510.19,1859.94,2637.04,17287.29
12447,4125,96,4,17662.28,8396.17,11205.53,73458.48
12448,4125,54,1,4901.82,142.54,856.67,5615.95
12449,4125,114,2,23667.1,2731.97,8028.4,52630.63
12450,4125,210,1,33886.56,1207.36,5882.26,38561.46
12451,4126,4,2,35689.14,1821.4,12520.24,82077.12
12452,4126,141,4,29486.44,10779.62,19289.91,126456.05
12453,4127,22,2,9607.6,2023.19,3094.56,20286.57
12454,4128,97,3,11972.84,3825.98,5776.66,37869.2
12455,4128,10,4,31794.64,4085.86,22156.69,145249.39
12456,4129,128,3,48190.05,12298.07,23808.97,156081.05
12457,4129,85,2,8728.6,1023.78,2958.02,19391.44
12458,4130,22,2,9607.6,587.81,3352.93,21980.32
12459,4131,63,1,120.39,14.13,19.13,125.39
12460,4131,122,1,24991.82,1801.36,4174.28,27364.74
12461,4132,136,1,34274.09,1923.83,5823.05,38173.31
12462,4133,27,3,12821.1,1109.22,6723.73,44077.81
12463,4133,110,3,6566.95,743.87,3412.26,22369.24
12464,4133,149,3,16854.36,984.41,8924.16,58502.83
12465,4133,227,4,19776.73,1267.56,14011.08,91850.44
12466,4133,71,3,21062.02,4849.36,10500.61,68837.31
12467,4134,170,1,19374.04,656.43,3369.17,22086.78
12468,4134,9,2,9902.75,2367.08,3138.92,20577.34
12469,4135,98,1,20903.98,951.99,3591.36,23543.35
12470,4135,137,1,31709.73,459.21,5625.09,36875.61
12471,4135,106,1,12366.02,596.57,2118.5,13887.95
12472,4135,171,3,32844.1,6220.44,16616.13,108927.99
12473,4135,83,4,34264.79,5819.8,23623.08,154862.44
12474,4136,174,1,40361.15,2014.83,6902.34,45248.66
12475,4136,15,1,37893.41,1616.52,6529.84,42806.73
12476,4136,173,4,15522.12,3576.69,10532.12,69043.91
12477,4136,176,2,43250.55,6638.54,14375.26,94237.82
12478,4136,193,2,16913.96,3911.73,5384.91,35301.1
12479,4137,185,2,189.21,22.43,64.08,420.07
12480,4137,156,2,36965.82,6907.0,12064.44,79089.08
12481,4138,170,1,19374.04,1340.21,3246.09,21279.92
12482,4138,135,4,25713.49,2443.03,18073.97,118484.9
12483,4138,116,1,3361.81,277.6,555.16,3639.37
12484,4138,44,1,43728.99,2267.14,7463.13,48924.98
12485,4139,121,1,18719.38,45.81,3361.24,22034.81
12486,4139,228,2,11203.89,888.25,3873.52,25393.05
12487,4139,171,4,32844.1,13816.38,21160.8,138720.82
12488,4140,170,1,19374.04,1742.8,3173.62,20804.86
12489,4140,94,4,35740.44,16172.6,22822.05,149611.21
12490,4140,4,1,35689.14,3886.72,5724.44,37526.86
12491,4141,170,2,19374.04,3004.95,6433.76,42176.89
12492,4141,68,3,3827.59,839.38,1915.81,12559.2
12493,4141,226,2,41253.01,1724.0,14540.76,95322.78
12494,4142,169,1,10455.18,273.56,1832.69,12014.31
12495,4142,163,1,1240.08,35.55,216.82,1421.35
12496,4142,234,2,10605.83,2499.48,3368.19,22080.37
12497,4142,52,4,30086.26,10600.08,19754.09,129499.05
12498,4142,64,1,1034.97,110.64,166.38,1090.71
12499,4143,163,1,1240.08,124.96,200.72,1315.84
12500,4143,185,4,189.21,82.59,121.36,795.61
12501,4143,132,1,15074.48,1460.21,2450.57,16064.84
12502,4143,27,4,12821.1,2579.85,8766.82,57471.37
12503,4143,31,4,44553.38,10275.56,30228.83,198166.79
12504,4144,90,4,18461.71,4540.16,12475.2,81781.88
12505,4144,174,2,40361.15,4413.1,13735.66,90044.86
12506,4145,55,1,21783.95,1102.05,3722.74,24404.64
12507,4145,124,3,10290.63,222.86,5516.83,36165.86
12508,4145,181,2,30664.66,7044.21,9771.32,64056.43
12509,4145,84,3,10857.56,381.17,5794.47,37985.98
12510,4146,161,2,41588.13,3505.3,14340.77,94011.73
12511,4146,61,2,33657.04,103.61,12097.88,79308.35
12512,4146,106,3,12366.02,2947.59,6147.08,40297.55
12513,4146,208,2,7922.32,1534.3,2575.86,16886.2
12514,4147,156,4,36965.82,462.26,26532.18,173933.2
12515,4147,34,2,9115.19,1321.89,3043.53,19952.02
12516,4147,225,1,36716.34,71.62,6596.05,43240.77
12517,4147,116,4,3361.81,532.99,2324.57,15238.82
12518,4147,35,1,13199.49,5.84,2374.86,15568.51
12519,4148,120,3,26697.64,6070.76,13323.99,87346.15
12520,4148,219,3,11772.86,3803.94,5672.64,37187.28
12521,4148,215,3,34726.43,7580.48,17387.79,113986.6
12522,4148,143,1,23230.7,2114.84,3800.85,24916.71
12523,4149,75,1,8532.47,217.08,1496.77,9812.16
12524,4149,77,3,19293.34,5114.9,9497.72,62262.84
12525,4149,45,2,3684.98,113.02,1306.25,8563.19
12526,4149,185,2,189.21,39.89,60.94,399.47
12527,4149,43,2,16510.19,3031.99,5397.91,35386.3
12528,4150,153,1,6055.61,422.44,1013.97,6647.14
12529,4150,51,4,628.75,193.86,417.81,2738.95
12530,4151,84,4,10857.56,3095.71,7260.22,47594.75
12531,4151,92,1,39462.15,2421.91,6667.24,43707.48
12532,4152,135,3,25713.49,2792.53,13382.63,87730.57
12533,4152,123,4,9421.34,3850.15,6090.34,39925.55
12534,4153,9,4,9902.75,1815.55,6803.18,44598.63
12535,4154,125,1,28195.42,783.33,4934.18,32346.27
12536,4154,198,1,112.51,3.7,19.59,128.4
12537,4154,67,1,41997.34,1164.15,7349.97,48183.16
12538,4154,141,4,29486.44,5129.64,20306.9,133123.02
12539,4155,151,4,39931.59,13395.29,26339.59,172670.66
12540,4155,136,3,34274.09,1995.86,18148.75,118975.16
12541,4156,138,3,5484.92,23.49,2957.63,19388.9
12542,4156,227,3,19776.73,2930.37,10151.97,66551.79
12543,4157,13,3,40458.84,9345.78,20165.53,132196.27
12544,4158,236,2,18050.29,4034.58,5771.88,37837.88
12545,4158,123,4,9421.34,67.49,6771.22,44389.09
12546,4158,212,3,8937.81,2341.22,4405.0,28877.21
12547,4158,9,3,9902.75,587.01,5241.82,34363.06
12548,4158,49,2,43844.62,7023.66,14519.8,95185.38
12549,4159,232,4,11511.84,3049.05,7739.7,50738.01
12550,4160,198,3,112.51,16.67,57.75,378.61
12551,4160,48,3,2802.25,671.37,1392.37,9127.75
12552,4160,110,4,6566.95,404.44,4655.4,30518.76
12553,4160,86,2,41540.1,3369.84,14347.86,94058.22
12554,4161,238,4,19991.97,411.59,14320.13,93876.42
12555,4161,153,3,6055.61,1262.38,3042.8,19947.25
12556,4161,175,3,27514.3,9154.64,13209.89,86598.15
12557,4161,48,3,2802.25,381.2,1444.6,9470.15
12558,4162,128,1,48190.05,2441.73,8234.7,53983.02
12559,4162,188,4,14567.29,2148.91,10101.65,66221.9
12560,4162,175,1,27514.3,2257.09,4546.3,29803.51
12561,4163,194,4,5562.52,2516.49,3552.05,23285.64
12562,4163,17,1,25819.56,2760.15,4150.69,27210.1
12563,4163,28,2,29031.11,5410.28,9477.35,62129.29
12564,4163,7,2,1179.48,268.04,376.37,2467.29
12565,4164,73,3,17456.78,3400.23,8814.62,57784.73
12566,4165,184,4,11705.83,5569.74,7425.64,48679.22
12567,4165,45,1,3684.98,187.71,629.51,4126.78
12568,4165,37,1,36875.04,1104.75,6438.65,42208.94
12569,4166,106,2,12366.02,628.84,4338.58,28441.78
12570,4166,111,4,43082.21,9988.18,29221.32,191561.98
12571,4166,114,4,23667.1,8172.77,15569.21,102064.84
12572,4166,133,4,38037.94,12929.51,25060.0,164282.25
12573,4166,218,3,20584.33,5075.06,10202.03,66879.96
12574,4167,86,4,41540.1,18458.82,26586.28,174287.86
12575,4167,151,1,39931.59,3689.86,6523.51,42765.24
12576,4167,186,4,24680.72,8237.06,16287.45,106773.27
12577,4168,162,3,38305.79,13110.33,18325.27,120132.31
12578,4168,138,2,5484.92,932.71,1806.68,11843.81
12579,4168,215,4,34726.43,12024.0,22838.71,149720.43
12580,4168,117,2,27023.51,5410.89,8754.5,57390.63
12581,4169,103,1,20030.13,1161.29,3396.39,22265.23
12582,4169,79,4,15130.34,968.77,10719.47,70272.06
12583,4170,228,2,11203.89,1992.57,3674.74,24089.95
12584,4170,83,3,34264.79,1099.09,18305.15,120000.43
12585,4170,182,2,26624.12,5887.93,8524.86,55885.17
12586,4170,158,2,36880.83,2475.73,12831.47,84117.4
12587,4170,105,1,18322.11,1595.18,3010.85,19737.78
12588,4171,88,3,33071.07,11400.16,15806.35,103619.4
12589,4171,218,3,20584.33,5453.46,10133.92,66433.45
12590,4172,15,4,37893.41,17223.62,24183.0,158533.02
12591,4173,93,3,17083.66,4624.38,8392.79,55019.39
12592,4174,64,2,1034.97,109.92,352.8,2312.82
12593,4174,91,4,33075.34,171.76,23783.33,155912.93
12594,4174,213,4,20525.1,6374.45,13630.67,89356.62
12595,4174,221,1,32207.06,1062.98,5605.93,36750.01
12596,4174,227,4,19776.73,3759.96,13562.45,88909.41
12597,4175,80,2,9554.15,519.81,3345.93,21934.42
12598,4175,45,1,3684.98,437.53,584.54,3831.99
12599,4176,10,3,31794.64,1861.19,16834.09,110356.82
12600,4177,124,2,10290.63,2075.77,3330.99,21836.48
12601,4178,70,1,30937.09,343.45,5506.86,36100.5
12602,4178,51,4,628.75,37.03,446.03,2924.0
12603,4178,24,4,4300.49,1488.56,2828.41,18541.81
12604,4178,90,3,18461.71,5939.49,8900.22,58345.86
12605,4178,44,4,43728.99,14590.41,28858.6,189184.15
12606,4179,166,3,33767.83,4566.74,17412.61,114149.36
12607,4179,5,4,16705.9,42.2,12020.65,78802.05
12608,4179,73,4,17456.78,7797.64,11165.31,73194.79
12609,4180,162,1,38305.79,3725.17,6224.51,40805.13
12610,4180,206,1,37695.53,3688.08,6121.34,40128.79
12611,4180,18,2,16802.96,3690.54,5384.77,35300.15
12612,4180,136,4,34274.09,3839.99,23986.15,157242.52
12613,4180,121,3,18719.38,1287.94,9876.64,64746.84
12614,4181,185,3,189.21,32.7,96.29,631.22
12615,4181,203,2,32452.38,6986.49,10425.29,68343.56
12616,4181,74,1,24770.89,829.66,4309.42,28250.65
12617,4181,82,4,10944.45,3189.21,7305.95,47894.54
12618,4182,104,1,15989.17,1866.51,2542.08,16664.74
12619,4183,66,2,12279.53,2238.75,4017.66,26337.97
12620,4183,73,3,17456.78,3023.98,8882.34,58228.7
12621,4183,217,4,8518.31,3448.86,5512.39,36136.77
12622,4183,2,1,11408.11,398.36,1981.75,12991.5
12623,4184,56,1,36444.51,3571.99,5917.05,38789.57
12624,4184,89,3,4268.91,164.25,2275.65,14918.13
12625,4184,126,3,14629.39,1398.46,7648.15,50137.86
12626,4184,72,3,12573.73,4351.34,6006.57,39376.42
12627,4185,38,4,28086.65,2772.13,19723.4,129297.87
12628,4185,101,1,46156.61,5485.43,7320.81,47991.99
12629,4185,59,4,13506.51,4954.54,8832.87,57904.37
12630,4186,28,3,29031.11,9857.34,13902.48,91138.47
12631,4186,1,3,25243.55,253.91,13585.81,89062.55
12632,4187,221,4,32207.06,9215.88,21530.22,141142.58
12633,4188,14,1,3800.37,53.16,674.5,4421.71
12634,4188,12,2,13880.48,389.78,4926.81,32297.99
12635,4189,215,3,34726.43,11302.63,16717.8,109594.46
12636,4189,165,1,37776.85,2850.52,6286.74,41213.07
12637,4189,57,4,20483.4,6236.86,13625.41,89322.15
12638,4189,172,1,1060.63,78.05,176.86,1159.44
12639,4189,99,1,21866.86,579.69,3831.69,25118.86
12640,4190,62,2,34302.26,3773.29,11669.62,76500.85
12641,4190,96,3,17662.28,4318.21,8760.35,57428.98
12642,4191,8,4,28733.56,2091.39,20311.71,133154.56
12643,4191,167,4,31659.13,9372.18,21107.58,138371.92
12644,4191,17,3,25819.56,8044.67,12494.52,81908.53
12645,4192,121,3,18719.38,5507.07,9117.19,59768.26
12646,4192,32,2,25348.23,3668.18,8465.09,55493.37
12647,4192,49,2,43844.62,15.92,15781.2,103454.52
12648,4192,219,1,11772.86,553.54,2019.48,13238.8
12649,4192,3,4,33432.15,3413.68,23456.69,153771.61
12650,4193,195,1,42664.46,2209.35,7281.92,47737.03
12651,4193,200,1,28469.05,1938.01,4775.59,31306.63
12652,4193,63,4,120.39,53.05,77.13,505.64
12653,4193,103,1,20030.13,5.79,3604.38,23628.72
12654,4193,120,1,26697.64,2600.83,4337.43,28434.24
12655,4194,235,3,28131.22,7024.37,13926.47,91295.76
12656,4194,2,2,11408.11,1015.39,3924.15,25724.98
12657,4194,3,2,33432.15,2427.07,11598.7,76035.93
12658,4195,189,4,28066.42,12750.95,17912.65,117427.38
12659,4196,200,4,28469.05,9282.44,18826.88,123420.64
12660,4196,92,1,39462.15,4572.14,6280.2,41170.21
12661,4197,195,4,42664.46,1059.69,30527.67,200125.82
12662,4197,212,2,8937.81,703.72,3090.94,20262.84
12663,4197,152,1,37157.0,1150.98,6481.08,42487.1
12664,4197,49,1,43844.62,362.81,7826.73,51308.54
12665,4198,184,3,11705.83,3436.76,5702.53,37383.26
12666,4198,48,3,2802.25,897.59,1351.65,8860.81
12667,4199,162,2,38305.79,5120.28,12868.43,84359.73
12668,4199,20,3,38320.28,1964.18,20339.4,133336.06
12669,4199,41,2,23389.54,4910.07,7536.42,49405.43
12670,4200,35,1,13199.49,62.83,2364.6,15501.26
12671,4200,26,4,15276.03,1642.87,10703.02,70164.27
12672,4200,175,1,27514.3,252.22,4907.17,32169.25
12673,4201,204,3,3813.54,699.84,1933.34,12674.12
12674,4202,134,3,29515.74,9573.53,14215.26,93188.95
12675,4202,143,2,23230.7,3311.77,7766.93,50916.56
12676,4202,94,2,35740.44,5194.32,11931.58,78218.14
12677,4202,226,3,41253.01,2498.82,21826.84,143087.05
12678,4202,235,4,28131.22,101.08,20236.28,132660.08
12679,4203,69,2,3290.31,665.35,1064.75,6980.02
12680,4204,121,1,18719.38,555.48,3269.5,21433.4
12681,4205,121,4,18719.38,8777.74,11897.96,77997.74
12682,4205,235,4,28131.22,3820.48,19566.79,128271.19
12683,4206,219,1,11772.86,766.67,1981.11,12987.3
12684,4206,5,3,16705.9,1740.65,8707.87,57084.92
12685,4206,92,1,39462.15,289.04,7051.16,46224.27
12686,4206,39,2,39677.48,3257.49,13697.54,89795.01
12687,4206,148,3,32803.6,10970.01,15739.34,103180.13
12688,4207,41,1,23389.54,2684.74,3726.86,24431.66
12689,4207,222,4,28533.87,10404.77,18671.53,122402.24
12690,4208,200,1,28469.05,1426.42,4867.67,31910.3
12691,4208,204,4,3813.54,994.15,2566.8,16826.81
12692,4208,1,3,25243.55,6037.02,12544.85,82238.48
12693,4209,98,1,20903.98,53.03,3753.17,24604.12
12694,4209,91,1,33075.34,3228.22,5372.48,35219.6
12695,4209,130,3,12728.22,1836.08,6542.74,42891.32
12696,4209,236,3,18050.29,3493.74,9118.28,59775.41
12697,4209,82,1,10944.45,740.57,1836.7,12040.58
12698,4210,176,1,43250.55,413.08,7710.74,50548.21
12699,4210,82,1,10944.45,574.79,1866.54,12236.2
12700,4211,3,4,33432.15,2943.86,23541.25,154325.99
12701,4212,206,1,37695.53,4423.69,5988.93,39260.77
12702,4212,140,2,12249.39,585.67,4304.36,28217.47
12703,4212,166,2,33767.83,3312.79,11560.12,75782.99
12704,4213,108,4,46203.27,1134.98,33062.06,216740.16
12705,4214,64,3,1034.97,220.8,519.14,3403.25
12706,4214,19,2,37198.47,1242.98,13167.71,86321.67
12707,4214,188,1,14567.29,900.96,2459.94,16126.27
12708,4214,25,4,27064.69,10270.83,17637.83,115625.76
12709,4214,41,1,23389.54,1212.05,3991.95,26169.44
12710,4215,22,2,9607.6,603.21,3350.16,21962.15
12711,4215,56,3,36444.51,7946.38,18249.69,119636.84
12712,4215,126,3,14629.39,1183.62,7686.82,50391.37
12713,4215,4,3,35689.14,9170.37,17621.47,115518.52
12714,4216,220,1,21280.0,1745.83,3516.15,23050.32
12715,4217,15,3,37893.41,10896.77,18501.02,121284.48
12716,4217,148,4,32803.6,9657.95,21880.16,143436.61
12717,4218,163,2,1240.08,234.62,404.2,2649.74
12718,4218,171,1,32844.1,585.03,5806.63,38065.7
12719,4219,203,1,32452.38,804.5,5696.62,37344.5
12720,4219,42,4,27736.92,6849.61,18737.65,122835.72
12721,4219,143,4,23230.7,10362.94,14860.77,97420.63
12722,4220,29,4,7930.98,659.07,5591.67,36656.52
12723,4220,31,3,44553.38,12740.58,21765.52,142685.08
12724,4221,159,3,18286.08,1185.36,9661.12,63334.0
12725,4221,101,4,46156.61,6441.64,32073.26,210258.06
12726,4221,211,4,18681.33,6847.66,12217.98,80095.64
12727,4221,45,1,3684.98,210.02,625.49,4100.45
12728,4221,156,2,36965.82,2587.11,12842.02,84186.55
12729,4222,103,1,20030.13,1404.12,3352.68,21978.69
12730,4223,65,3,41109.17,3910.12,21495.13,140912.52
12731,4224,15,4,37893.41,14537.71,24666.47,161702.4
12732,4224,168,4,41017.08,1453.1,29270.74,191885.96
12733,4224,158,1,36880.83,3833.76,5948.47,38995.54
12734,4225,156,1,36965.82,678.2,6531.77,42819.39
12735,4225,208,1,7922.32,868.43,1269.7,8323.59
12736,4225,4,1,35689.14,1599.75,6136.09,40225.48
12737,4225,107,4,19641.45,8488.69,12613.88,82690.99
12738,4225,24,4,4300.49,1775.92,2776.69,18202.73
12739,4226,188,3,14567.29,4735.94,7013.87,45979.8
12740,4226,72,1,12573.73,679.87,2140.89,14034.75
12741,4226,78,3,5073.66,559.94,2638.99,17300.03
12742,4227,120,1,26697.64,2763.04,4308.23,28242.83
12743,4227,126,2,14629.39,1120.44,5064.9,33203.24
12744,4227,93,1,17083.66,1019.3,2891.58,18955.94
12745,4227,175,3,27514.3,1436.62,14599.13,95705.41
12746,4227,230,1,26170.26,507.09,4619.37,30282.54
12747,4228,48,2,2802.25,164.27,979.24,6419.47
12748,4228,239,1,26635.98,2424.64,4358.04,28569.38
12749,4228,62,2,34302.26,5249.57,11403.89,74758.84
12750,4229,75,1,8532.47,706.04,1408.76,9235.19
12751,4229,50,3,45675.94,6749.69,23450.06,153728.19
12752,4229,4,1,35689.14,2598.05,5956.4,39047.49
12753,4229,225,2,36716.34,6306.56,12082.7,79208.82
12754,4229,124,1,10290.63,801.62,1708.02,11197.03
12755,4230,190,3,14801.53,3717.41,7323.69,48010.87
12756,4230,10,2,31794.64,5579.61,10441.74,68451.41
12757,4230,233,1,21896.66,1785.92,3619.93,23730.67
12758,4230,206,2,37695.53,802.81,13425.89,88014.14
12759,4231,92,2,39462.15,8968.53,12592.04,82547.81
12760,4231,137,1,31709.73,2692.73,5223.06,34240.06
12761,4231,34,1,9115.19,551.14,1541.53,10105.58
12762,4231,104,2,15989.17,132.05,5732.33,37578.62
12763,4232,2,3,11408.11,3105.03,5601.47,36720.77
12764,4232,188,3,14567.29,1953.38,7514.73,49263.22
12765,4232,91,3,33075.34,9987.09,16063.01,105301.94
12766,4233,229,1,33676.3,2459.31,5619.06,36836.05
12767,4233,18,1,16802.96,1630.57,2731.03,17903.42
12768,4233,42,1,27736.92,1558.9,4712.04,30890.06
12769,4233,130,1,12728.22,122.38,2269.05,14874.89
12770,4233,225,2,36716.34,7378.31,11889.79,77944.16
12771,4234,113,2,2640.7,50.83,941.5,6172.07
12772,4234,210,4,33886.56,7958.12,22965.86,150553.98
12773,4234,102,3,34567.4,12364.04,16440.87,107779.03
12774,4234,112,3,24992.69,2794.56,12993.03,85176.54
12775,4234,32,3,25348.23,7648.44,12311.32,80707.57
12776,4235,137,2,31709.73,7042.15,10147.92,66525.23
12777,4235,20,1,38320.28,2325.61,6479.04,42473.71
12778,4235,56,1,36444.51,3426.59,5943.23,38961.15
12779,4236,84,4,10857.56,1373.84,7570.15,49626.55
12780,4236,43,4,16510.19,856.69,11733.13,76917.2
12781,4237,237,4,17135.78,2558.75,11877.19,77861.56
12782,4237,186,3,24680.72,3161.54,12758.51,83639.13
12783,4237,96,3,17662.28,2040.85,9170.28,60116.27
12784,4237,37,2,36875.04,594.82,13167.95,86323.21
12785,4238,66,2,12279.53,1194.71,4205.58,27569.93
12786,4238,116,2,3361.81,157.4,1181.92,7748.14
12787,4238,48,1,2802.25,303.55,449.77,2948.47
12788,4238,147,1,26528.08,1907.02,4431.79,29052.85
12789,4238,150,1,3654.09,30.45,652.26,4275.9
12790,4239,90,3,18461.71,5176.0,9037.64,59246.77
12791,4240,31,3,44553.38,8136.27,22594.3,148118.17
12792,4240,144,1,33892.0,3845.76,5408.32,35454.56
12793,4241,160,4,7458.41,3058.04,4819.61,31595.21
12794,4242,168,1,41017.08,2762.47,6885.83,45140.44
12795,4242,69,2,3290.31,91.58,1168.03,7657.07
12796,4242,134,3,29515.74,1432.7,15680.61,102795.13
12797,4242,217,4,8518.31,1766.69,5815.18,38121.73
12798,4243,125,3,28195.42,6965.07,13971.81,91593.0
12799,4244,169,1,10455.18,1040.5,1694.64,11109.32
12800,4244,157,1,10083.83,271.65,1766.19,11578.37
12801,4245,26,4,15276.03,246.13,10954.44,71812.43
12802,4246,35,4,13199.49,4613.77,8673.15,56857.34
12803,4246,31,2,44553.38,497.14,15949.73,104559.35
12804,4246,186,2,24680.72,3347.31,8282.54,54296.67
12805,4247,149,1,16854.36,1858.41,2699.27,17695.22
12806,4247,81,4,3286.08,755.07,2230.07,14619.32
12807,4248,104,3,15989.17,3155.22,8066.21,52878.5
12808,4249,231,3,3326.96,878.18,1638.49,10741.19
12809,4250,81,4,3286.08,520.35,2272.31,14896.28
12810,4250,28,2,29031.11,3438.2,9832.32,64456.34
12811,4250,45,4,3684.98,745.7,2518.96,16513.18
12812,4251,213,2,20525.1,436.55,7310.46,47924.11
12813,4251,139,2,4824.95,439.87,1657.81,10867.84
12814,4251,55,1,21783.95,1445.05,3661.0,23999.9
12815,4251,233,3,21896.66,188.28,11790.31,77292.01
12816,4252,192,4,13341.13,405.9,9532.55,62491.17
12817,4252,177,3,37809.52,4999.08,19517.31,127946.79
12818,4252,152,4,37157.0,9004.4,25132.25,164755.85
12819,4252,126,2,14629.39,1524.86,4992.11,32726.03
12820,4253,224,1,31527.62,1255.69,5448.95,35720.88
12821,4253,134,3,29515.74,872.25,15781.49,103456.46
12822,4253,164,2,15908.19,1505.58,5455.94,35766.74
12823,4253,122,4,24991.82,11046.27,16005.78,104926.79
12824,4253,3,2,33432.15,2627.72,11562.58,75799.16
12825,4254,182,3,26624.12,9252.22,12711.63,83331.77
12826,4255,120,2,26697.64,439.47,9532.05,62487.86
12827,4255,30,4,7051.18,3178.09,4504.79,29531.42
12828,4255,206,4,37695.53,6770.27,25922.13,169933.98
12829,4256,202,3,22486.45,7563.01,10781.34,70677.68
12830,4256,58,4,43014.0,16062.59,28078.81,184072.22
12831,4256,112,1,24992.69,506.19,4407.57,28894.07
12832,4256,142,2,26420.51,1464.79,9247.72,60623.95
12833,4256,157,3,10083.83,580.8,5340.72,35011.41
12834,4257,79,1,15130.34,713.73,2594.99,17011.6
12835,4257,101,1,46156.61,1754.73,7992.34,52394.22
12836,4257,16,3,37019.42,5805.66,18945.47,124198.07
12837,4257,116,2,3361.81,638.82,1095.26,7180.06
12838,4257,74,4,24770.89,8949.5,16224.13,106358.19
12839,4258,69,2,3290.31,253.03,1138.97,7466.56
12840,4258,203,3,32452.38,4595.91,16697.02,109458.25
12841,4259,141,2,29486.44,3593.5,9968.29,65347.67
12842,4259,201,3,18244.99,3877.17,9154.4,60012.2
12843,4259,183,3,17183.22,135.96,9254.47,60668.17
12844,4259,93,3,17083.66,4558.18,8404.7,55097.5
12845,4260,128,1,48190.05,1717.46,8365.07,54837.66
12846,4260,118,1,9547.03,1086.43,1522.91,9983.51
12847,4261,122,2,24991.82,2591.41,8530.6,55922.83
12848,4262,100,3,46774.34,15142.27,22532.53,147713.28
12849,4263,84,3,10857.56,522.25,5769.08,37819.51
12850,4263,65,1,41109.17,3209.52,6821.94,44721.59
12851,4263,162,1,38305.79,4423.43,6098.82,39981.18
12852,4263,144,3,33892.0,7034.47,17035.48,111677.01
12853,4263,167,3,31659.13,8965.25,15482.19,101494.33
12854,4264,38,1,28086.65,341.3,4994.16,32739.51
12855,4264,113,4,2640.7,32.95,1895.37,12425.22
12856,4264,108,4,46203.27,13786.81,30784.73,201811.0
12857,4265,163,4,1240.08,437.26,814.15,5337.21
12858,4265,61,1,33657.04,3604.6,5409.44,35461.88
12859,4265,98,2,20903.98,2046.8,7157.01,46918.17
12860,4265,59,4,13506.51,1191.88,9510.15,62344.31
12861,4265,155,4,37465.45,12823.05,24666.97,161705.72
12862,4266,43,3,16510.19,3192.06,8340.93,54679.44
12863,4266,102,3,34567.4,140.48,18641.11,122202.83
12864,4266,122,4,24991.82,4975.24,17098.57,112090.61
12865,4266,32,1,25348.23,1543.16,4284.91,28089.98
12866,4266,48,2,2802.25,545.26,910.66,5969.9
12867,4267,118,4,9547.03,3614.98,6223.17,40796.31
12868,4267,181,4,30664.66,7596.21,20711.24,135773.67
12869,4267,66,4,12279.53,1590.1,8555.04,56083.06
12870,4267,16,2,37019.42,2781.57,12826.31,84083.58
12871,4267,163,3,1240.08,432.14,591.86,3879.96
12872,4268,16,4,37019.42,7497.33,25304.46,165884.81
12873,4268,2,4,11408.11,1988.22,7855.96,51500.18
12874,4268,33,1,39008.3,3314.39,6424.9,42118.81
12875,4268,46,4,5015.71,2163.8,3221.83,21120.87
12876,4268,4,3,35689.14,8838.2,17681.26,115910.48
12877,4269,229,2,33676.3,4410.74,11329.53,74271.39
12878,4270,223,3,39924.82,6863.9,20323.9,133234.46
12879,4270,157,2,10083.83,2274.22,3220.82,21114.26
12880,4270,208,1,7922.32,363.89,1360.52,8918.95
12881,4270,107,1,19641.45,445.0,3455.36,22651.81
12882,4271,160,3,7458.41,1405.58,3774.54,24744.19
12883,4271,129,1,3101.06,170.63,527.48,3457.91
12884,4272,31,2,44553.38,3289.68,15447.07,101264.15
12885,4272,221,1,32207.06,2461.7,5354.16,35099.52
12886,4272,90,2,18461.71,2682.23,6163.41,40404.6
12887,4272,201,1,18244.99,1370.41,3037.42,19912.0
12888,4272,54,1,4901.82,309.72,826.58,5418.68
12889,4273,157,4,10083.83,257.51,7214.01,47291.82
12890,4273,205,4,26777.33,7039.82,18012.51,118082.01
12891,4274,230,2,26170.26,199.04,9385.47,61526.95
12892,4274,131,3,41590.84,1083.63,22264.0,145952.89
12893,4275,48,2,2802.25,109.77,989.05,6483.78
12894,4275,16,1,37019.42,440.08,6584.28,43163.62
12895,4276,195,2,42664.46,9615.93,13628.34,89341.33
12896,4276,179,2,40060.15,2498.88,13971.86,91593.28
12897,4276,79,4,15130.34,3547.88,10255.23,67228.71
12898,4277,26,3,15276.03,2907.86,7725.64,50645.87
12899,4277,223,2,39924.82,4018.4,13649.62,89480.86
12900,4277,73,1,17456.78,1837.82,2811.41,18430.37
12901,4277,18,4,16802.96,5628.9,11084.93,72667.87
12902,4277,30,2,7051.18,447.38,2457.9,16112.88
12903,4278,145,2,17725.61,796.15,6237.91,40892.98
12904,4278,96,1,17662.28,1076.15,2985.5,19571.63
12905,4279,107,1,19641.45,1553.59,3255.81,21343.67
12906,4279,189,3,28066.42,3109.41,14596.17,95686.02
12907,4279,232,1,11511.84,396.73,2000.72,13115.83
12908,4279,179,2,40060.15,6246.71,13297.25,87170.84
12909,4279,141,2,29486.44,1553.92,10335.41,67754.37
12910,4280,78,4,5073.66,746.74,3518.62,23066.52
12911,4280,226,4,41253.01,18805.63,26317.15,172523.56
12912,4281,59,4,13506.51,351.71,9661.38,63335.71
12913,4282,144,4,33892.0,8235.21,22919.9,150252.69
12914,4283,158,2,36880.83,3853.64,12583.44,82491.46
12915,4283,197,2,13368.44,1832.2,4482.84,29387.52
12916,4284,42,3,27736.92,5395.77,14006.7,91821.69
12917,4284,32,1,25348.23,360.76,4497.74,29485.21
12918,4284,16,3,37019.42,12419.3,17755.01,116393.97
12919,4285,51,2,628.75,32.47,220.51,1445.54
12920,4285,176,3,43250.55,10825.81,21406.65,140332.49
12921,4285,169,2,10455.18,1867.66,3427.69,22470.39
12922,4285,74,2,24770.89,2899.08,8395.69,55038.39
12923,4286,236,1,18050.29,1893.46,2908.23,19065.06
12924,4286,86,2,41540.1,6478.21,13788.36,90390.35
12925,4286,215,1,34726.43,1715.93,5941.89,38952.39
12926,4286,180,1,4766.01,422.66,781.8,5125.15
12927,4286,229,1,33676.3,920.61,5896.02,38651.71
12928,4287,6,2,9654.29,1952.69,3124.06,20479.95
12929,4287,112,1,24992.69,323.33,4440.48,29109.84
12930,4287,157,2,10083.83,169.24,3599.72,23598.14
12931,4287,10,1,31794.64,647.11,5606.56,36754.09
12932,4287,71,4,21062.02,1482.53,14897.8,97663.35
12933,4288,200,1,28469.05,1161.34,4915.39,32223.1
12934,4288,108,1,46203.27,3355.71,7712.56,50560.12
12935,4288,188,3,14567.29,4945.42,6976.16,45732.61
12936,4288,75,3,8532.47,1185.18,4394.2,28806.43
12937,4289,154,1,14680.42,456.61,2560.29,16784.1
12938,4289,57,2,20483.4,2971.81,6839.1,44834.09
12939,4290,63,4,120.39,47.73,78.09,511.92
12940,4290,71,2,21062.02,3905.6,6879.32,45097.76
12941,4290,229,4,33676.3,2688.52,23763.0,155779.68
12942,4290,183,3,17183.22,5178.02,8346.9,54718.54
12943,4291,220,1,21280.0,1389.59,3580.27,23470.68
12944,4291,192,2,13341.13,2162.52,4413.55,28933.29
12945,4291,239,1,26635.98,747.16,4659.99,30548.81
12946,4291,51,3,628.75,118.84,318.13,2085.54
12947,4292,182,4,26624.12,8553.07,17629.81,115573.22
12948,4292,69,4,3290.31,667.23,2248.92,14742.93
12949,4292,231,1,3326.96,196.42,563.5,3694.04
12950,4292,224,4,31527.62,11251.37,20674.64,135533.75
12951,4293,84,3,10857.56,1010.43,5681.2,37243.45
12952,4293,189,3,28066.42,5927.02,14089.0,92361.24
12953,4293,86,1,41540.1,155.53,7449.22,48833.79
12954,4293,112,3,24992.69,5550.58,12496.95,81924.44
12955,4294,58,3,43014.0,14921.94,20541.61,134661.67
12956,4294,201,3,18244.99,2520.2,9398.66,61613.43
12957,4294,80,2,9554.15,53.55,3429.86,22484.61
12958,4294,52,1,30086.26,1367.83,5169.32,33887.75
12959,4294,99,3,21866.86,4324.83,11029.64,72305.39
12960,4295,80,3,9554.15,229.11,5118.0,33551.34
12961,4295,105,4,18322.11,826.87,13043.08,85504.65
12962,4295,218,2,20584.33,3430.63,6792.85,44530.88
12963,4296,148,3,32803.6,9518.92,16000.54,104892.42
12964,4296,169,3,10455.18,1234.37,5423.61,35554.78
12965,4296,33,1,39008.3,2224.93,6621.01,43404.38
12966,4297,149,1,16854.36,2005.16,2672.86,17522.06
12967,4297,176,1,43250.55,336.36,7724.55,50638.74
12968,4297,71,3,21062.02,3286.17,10781.98,70681.87
12969,4297,69,4,3290.31,748.74,2234.25,14646.75
12970,4298,214,4,25781.44,7206.65,17265.44,113184.55
12971,4298,30,2,7051.18,1176.28,2326.69,15252.77
12972,4299,159,2,18286.08,3744.54,5908.97,38736.59
12973,4299,111,4,43082.21,2589.96,30553.0,200291.88
12974,4299,228,2,11203.89,1948.83,3682.61,24141.56
12975,4300,118,1,9547.03,1140.06,1513.25,9920.22
12976,4300,82,1,10944.45,101.57,1951.72,12794.6
12977,4300,136,3,34274.09,3785.03,17826.7,116863.94
12978,4301,179,1,40060.15,3384.23,6601.67,43277.59
12979,4301,139,2,4824.95,929.38,1569.69,10290.21
12980,4301,69,2,3290.31,132.73,1160.62,7608.51
12981,4301,131,4,41590.84,17002.01,26885.04,176246.39
12982,4301,210,1,33886.56,1796.62,5776.19,37866.13
12983,4302,96,1,17662.28,1267.85,2951.0,19345.43
12984,4302,171,1,32844.1,3100.97,5353.76,35096.89
12985,4303,103,1,20030.13,216.57,3566.44,23380.0
12986,4303,227,3,19776.73,2037.29,10312.72,67605.62
12987,4304,142,1,26420.51,2279.83,4345.32,28486.0
12988,4304,49,1,43844.62,3702.24,7225.63,47368.01
12989,4304,168,3,41017.08,11369.98,20102.63,131783.89
12990,4305,170,3,19374.04,3889.0,9761.96,63995.08
12991,4305,191,4,30208.27,10110.82,19930.01,130652.27
12992,4306,160,2,7458.41,218.58,2645.68,17343.92
12993,4307,233,2,21896.66,5124.6,6960.37,45629.09
12994,4308,29,4,7930.98,2480.81,5263.76,34506.87
12995,4308,195,3,42664.46,14975.72,20343.18,133360.84
12996,4308,193,3,16913.96,5498.0,8143.9,53387.78
12997,4308,93,2,17083.66,396.73,6078.71,39849.3
12998,4308,223,4,39924.82,18121.14,25484.07,167062.21
12999,4309,195,1,42664.46,2825.19,7171.07,47010.34
13000,4309,63,1,120.39,7.93,20.24,132.7
13001,4309,131,3,41590.84,13771.97,19980.1,130980.65
13002,4309,105,2,18322.11,3897.6,5894.39,38641.01
13003,4310,51,2,628.75,1.67,226.05,1481.88
13004,4310,153,3,6055.61,1779.19,2949.78,19337.42
13005,4310,115,1,7640.14,2.83,1374.72,9012.03
13006,4311,146,2,269.14,39.93,89.7,588.05
13007,4311,126,4,14629.39,3256.95,9946.91,65207.52
13008,4311,208,1,7922.32,423.76,1349.74,8848.3
13009,4312,181,2,30664.66,4644.69,10203.23,66887.86
13010,4313,51,4,628.75,217.52,413.55,2711.03
13011,4313,177,3,37809.52,4337.02,19636.48,128728.02
13012,4314,219,2,11772.86,228.27,4197.14,27514.59
13013,4315,163,3,1240.08,97.22,652.14,4275.16
13014,4315,125,4,28195.42,9791.51,18538.23,121528.4
13015,4315,37,1,36875.04,2642.99,6161.77,40393.82
13016,4315,72,4,12573.73,4211.53,8295.01,54378.4
13017,4315,177,4,37809.52,10569.33,25320.38,165989.13
13018,4316,18,1,16802.96,831.22,2874.91,18846.65
13019,4316,161,3,41588.13,2995.32,21918.43,143687.5
13020,4316,221,3,32207.06,6667.04,16191.75,106145.89
13021,4316,16,3,37019.42,9741.87,18236.95,119553.34
13022,4317,168,2,41017.08,2679.35,14283.87,93638.68
13023,4317,96,3,17662.28,4065.95,8805.76,57726.65
13024,4318,236,4,18050.29,5701.25,11969.98,78469.89
13025,4318,105,2,18322.11,3979.98,5879.56,38543.8
13026,4318,32,2,25348.23,1630.82,8831.82,57897.46
13027,4318,161,4,41588.13,13735.27,27471.1,180088.35
13028,4318,81,2,3286.08,748.67,1048.23,6871.72
13029,4319,97,2,11972.84,2389.84,3880.05,25435.89
13030,4319,146,1,269.14,10.34,46.58,305.38
13031,4319,185,4,189.21,36.58,129.65,849.91
13032,4319,157,2,10083.83,1789.5,3308.07,21686.23
13033,4320,229,1,33676.3,3322.6,5463.67,35817.37
13034,4320,50,4,45675.94,8666.42,31326.72,205364.06
13035,4320,40,1,11047.42,642.1,1872.96,12278.28
13036,4320,87,2,21959.44,4436.99,7106.74,46588.63
13037,4320,94,2,35740.44,5195.05,11931.45,78217.28
13038,4321,34,4,9115.19,1001.29,6382.7,41842.17
13039,4321,151,4,39931.59,6816.7,27523.74,180433.4
13040,4322,80,1,9554.15,1017.61,1536.58,10073.12
13041,4322,231,4,3326.96,6.45,2394.25,15695.64
13042,4323,97,1,11972.84,390.38,2084.84,13667.3
13043,4323,77,2,19293.34,200.59,6909.5,45295.59
13044,4323,6,4,9654.29,3713.22,6282.71,41186.65
13045,4323,68,3,3827.59,680.17,1944.47,12747.07
13046,4323,120,4,26697.64,2416.46,18787.34,123161.44
13047,4324,78,3,5073.66,459.19,2657.12,17418.91
13048,4324,31,2,44553.38,1301.5,15804.95,103610.21
13049,4324,84,4,10857.56,4223.67,7057.18,46263.75
13050,4324,63,1,120.39,9.34,19.99,131.04
13051,4324,169,3,10455.18,2832.33,5135.98,33669.19
13052,4325,233,2,21896.66,911.93,7718.65,50600.04
13053,4325,159,2,18286.08,1205.77,6365.95,41732.34
13054,4325,222,3,28533.87,6520.39,14234.62,93315.84
13055,4326,105,2,18322.11,3870.75,5899.22,38672.69
13056,4327,29,4,7930.98,1610.23,5420.46,35534.15
13057,4327,51,1,628.75,65.0,101.47,665.22
13058,4327,54,2,4901.82,936.09,1596.16,10463.71
13059,4327,35,1,13199.49,1563.16,2094.54,13730.87
13060,4327,39,4,39677.48,15233.4,25825.77,169302.29
13061,4328,190,4,14801.53,2866.95,10141.05,66480.22
13062,4328,17,2,25819.56,5296.91,8341.6,54683.81
13063,4328,36,1,10167.03,394.02,1759.14,11532.15
13064,4329,97,3,11972.84,99.47,6447.43,42266.48
13065,4329,52,4,30086.26,3359.29,21057.43,138043.18
13066,4329,215,1,34726.43,2281.71,5840.05,38284.77
13067,4330,172,3,1060.63,380.25,504.3,3305.94
13068,4330,178,2,39619.34,9483.33,12555.96,82311.31
13069,4330,66,2,12279.53,2682.0,3937.87,25814.93
13070,4330,164,3,15908.19,3890.71,7890.09,51723.95
13071,4330,12,2,13880.48,3282.16,4406.18,28884.98
13072,4331,63,1,120.39,2.32,21.25,139.32
13073,4331,56,3,36444.51,6546.95,18501.58,121288.16
13074,4331,188,1,14567.29,1160.6,2413.2,15819.89
13075,4332,208,4,7922.32,1959.05,5351.44,35081.67
13076,4332,124,2,10290.63,983.61,3527.58,23125.23
13077,4332,203,3,32452.38,8356.49,16020.12,105020.77
13078,4332,141,1,29486.44,521.67,5213.66,34178.43
13079,4333,58,4,43014.0,247.81,30925.47,202733.66
13080,4333,205,3,26777.33,3246.81,13875.33,90960.51
13081,4333,223,3,39924.82,5886.28,20499.87,134388.05
13082,4333,238,3,19991.97,747.96,10661.03,69888.98
13083,4334,20,3,38320.28,1723.76,20382.67,133619.75
13084,4334,79,2,15130.34,564.38,5345.33,35041.63
13085,4334,81,3,3286.08,913.44,1610.06,10554.86
13086,4334,6,1,9654.29,309.63,1682.04,11026.7
13087,4335,188,1,14567.29,733.6,2490.06,16323.75
13088,4335,44,3,43728.99,7934.74,22185.4,145437.63
13089,4335,172,1,1060.63,82.58,176.05,1154.1
13090,4336,126,3,14629.39,3733.63,7227.82,47382.36
13091,4336,201,3,18244.99,2091.47,9475.83,62119.33
13092,4336,37,3,36875.04,11141.56,17907.04,117390.6
13093,4336,103,2,20030.13,1395.81,6959.6,45624.05
13094,4336,49,4,43844.62,11726.64,29457.33,193109.17
13095,4337,13,1,40458.84,587.8,7176.79,47047.83
13096,4337,95,1,8312.81,382.52,1427.45,9357.74
13097,4338,225,1,36716.34,2573.48,6145.71,40288.57
13098,4338,127,1,3238.17,51.54,573.59,3760.22
13099,4338,111,4,43082.21,8308.39,29523.68,193544.13
13100,4338,190,4,14801.53,3171.6,10086.21,66120.73
13101,4339,49,1,43844.62,481.91,7805.29,51168.0
13102,4339,218,2,20584.33,3995.47,6691.17,43864.36
13103,4339,99,2,21866.86,1759.6,7555.34,49529.46
13104,4339,98,2,20903.98,4929.09,6638.2,43517.07
13105,4339,114,2,23667.1,5522.46,7526.11,49337.85
13106,4340,227,4,19776.73,3227.3,13658.33,89537.95
13107,4340,169,2,10455.18,2473.66,3318.61,21755.31
13108,4341,37,1,36875.04,4315.27,5860.76,38420.53
13109,4341,221,3,32207.06,5518.76,16398.44,107500.86
13110,4341,6,4,9654.29,4515.37,6138.32,40240.11
13111,4341,121,3,18719.38,2018.0,9745.23,63885.37
13112,4342,27,2,12821.1,2922.47,4089.55,26809.28
13113,4343,147,2,26528.08,4584.14,8724.96,57196.98
13114,4343,103,1,20030.13,954.86,3433.55,22508.82
13115,4343,117,3,27023.51,4480.73,13786.16,90375.96
13116,4343,177,1,37809.52,3229.17,6224.46,40804.81
13117,4344,83,3,34264.79,6035.48,17416.6,114175.49
13118,4345,143,2,23230.7,2016.25,8000.13,52445.28
13119,4345,121,4,18719.38,7480.33,12131.49,79528.68
13120,4346,168,3,41017.08,6961.53,20896.15,136985.86
13121,4346,152,4,37157.0,12296.72,24539.63,160870.91
13122,4346,16,3,37019.42,11714.33,17881.91,117225.84
13123,4346,159,1,18286.08,927.57,3124.53,20483.04
13124,4346,81,4,3286.08,769.68,2227.44,14602.08
13125,4347,143,1,23230.7,710.04,4053.72,26574.38
13126,4348,1,1,25243.55,1262.63,4316.57,28297.49
13127,4349,195,1,42664.46,161.35,7650.56,50153.67
13128,4349,94,4,35740.44,10922.29,23767.1,155806.57
13129,4349,57,3,20483.4,646.32,10944.7,71748.58
13130,4350,16,3,37019.42,3212.02,19412.32,127258.56
13131,4350,156,1,36965.82,531.27,6558.22,42992.77
13132,4351,226,2,41253.01,7178.99,13558.87,88885.9
13133,4352,99,3,21866.86,1028.99,11622.89,76194.48
13134,4352,19,1,37198.47,1709.88,6387.95,41876.54
13135,4352,211,3,18681.33,3604.88,9439.04,61878.15
13136,4352,134,4,29515.74,7113.03,19970.99,130920.92
13137,4352,146,1,269.14,27.11,43.57,285.6
13138,4353,81,2,3286.08,639.11,1067.95,7001.0
13139,4354,199,1,19178.46,1386.32,3202.59,20994.73
13140,4354,30,3,7051.18,1041.05,3620.25,23732.74
13141,4354,101,2,46156.61,2100.48,16238.29,106451.03
13142,4354,213,1,20525.1,1874.29,3357.15,22007.96
13143,4355,54,2,4901.82,986.94,1587.01,10403.71
13144,4356,138,3,5484.92,1750.97,2646.68,17350.47
13145,4356,71,4,21062.02,4135.62,14420.24,94532.7
13146,4356,178,1,39619.34,2023.58,6767.24,44363.0
13147,4357,235,2,28131.22,733.12,9995.28,65524.6
13148,4358,78,4,5073.66,389.05,3583.01,23488.6
13149,4358,185,2,189.21,16.35,65.17,427.24
13150,4358,235,1,28131.22,988.36,4885.71,32028.57
13151,4358,22,3,9607.6,77.07,5174.23,33919.96
13152,4359,63,1,120.39,0.19,21.64,141.84
13153,4359,223,1,39924.82,2883.7,6667.4,43708.52
13154,4359,150,1,3654.09,196.53,622.36,4079.92
13155,4359,175,2,27514.3,3747.07,9230.68,60512.21
13156,4360,116,4,3361.81,1348.76,2177.73,14276.21
13157,4361,174,3,40361.15,7923.0,20368.88,133529.33
13158,4362,73,4,17456.78,2434.28,12130.71,79523.55
13159,4362,161,2,41588.13,3237.66,14388.95,94327.55
13160,4362,213,4,20525.1,5847.3,13725.56,89978.66
13161,4362,211,2,18681.33,42.91,6717.55,44037.3
13162,4362,54,2,4901.82,122.69,1742.57,11423.52
13163,4363,18,2,16802.96,2214.28,5650.5,37042.14
13164,4364,26,3,15276.03,1055.95,8058.99,52831.13
13165,4364,17,1,25819.56,876.29,4489.79,29433.06
13166,4364,153,3,6055.61,846.05,3117.74,20438.52
13167,4364,224,4,31527.62,8439.62,21180.75,138851.61
13168,4365,75,4,8532.47,2456.02,5701.29,37375.15
13169,4365,224,3,31527.62,5840.09,15973.7,104716.47
13170,4365,79,2,15130.34,1219.8,5227.36,34268.24
13171,4366,220,4,21280.0,4674.82,14480.13,94925.31
13172,4367,14,2,3800.37,179.98,1335.74,8756.5
13173,4368,216,3,4678.54,1442.15,2266.82,14860.29
13174,4369,130,2,12728.22,2167.55,4192.0,27480.89
13175,4370,184,1,11705.83,619.84,1995.48,13081.47
13176,4371,45,2,3684.98,104.15,1307.85,8573.66
13177,4371,132,4,15074.48,3137.55,10288.87,67449.24
13178,4371,151,4,39931.59,15293.58,25997.9,170430.68
13179,4371,173,2,15522.12,3615.01,4937.26,32366.49
13180,4371,174,2,40361.15,2534.43,14073.82,92261.69
13181,4372,85,1,8728.6,69.86,1558.57,10217.31
13182,4373,137,1,31709.73,2655.18,5229.82,34284.37
13183,4373,199,3,19178.46,149.62,10329.44,67715.2
13184,4373,104,4,15989.17,3306.47,10917.04,71567.25
13185,4373,18,1,16802.96,466.59,2940.55,19276.92
13186,4374,203,2,32452.38,5162.42,10753.62,70495.96
13187,4374,73,3,17456.78,271.76,9377.74,61476.32
13188,4374,97,4,11972.84,1496.68,8351.04,54745.72
13189,4374,39,4,39677.48,3196.71,27992.38,183505.59
13190,4375,4,4,35689.14,8685.84,24132.73,158203.45
13191,4375,20,3,38320.28,7798.18,19289.28,126451.94
13192,4376,118,1,9547.03,289.41,1666.37,10923.99
13193,4377,114,1,23667.1,2074.58,3886.65,25479.17
13194,4377,52,1,30086.26,450.99,5334.35,34969.62
13195,4377,232,4,11511.84,2130.48,7905.04,51821.92
13196,4377,178,2,39619.34,4184.5,13509.75,88563.93
13197,4378,103,1,20030.13,12.07,3603.25,23621.31
13198,4378,155,2,37465.45,2681.92,13004.82,85253.8
13199,4378,223,1,39924.82,277.02,7136.6,46784.4
13200,4379,80,1,9554.15,496.87,1630.31,10687.59
13201,4379,185,1,189.21,1.93,33.71,220.99
13202,4379,34,4,9115.19,3396.57,5951.55,39015.74
13203,4379,37,1,36875.04,4152.95,5889.98,38612.07
13204,4380,16,4,37019.42,11898.86,24512.19,160691.01
13205,4380,100,2,46774.34,2930.72,16311.23,106929.19
13206,4380,228,1,11203.89,661.74,1897.59,12439.74
13207,4380,62,2,34302.26,5047.67,11440.23,74997.08
13208,4380,159,1,18286.08,477.63,3205.52,21013.97
13209,4381,72,2,12573.73,282.36,4475.72,29340.82
13210,4381,171,1,32844.1,3834.31,5221.76,34231.55
13211,4382,226,1,41253.01,3193.44,6850.72,44910.29
13212,4382,213,3,20525.1,6807.5,9858.2,64626.0
13213,4382,120,3,26697.64,8777.53,12836.77,84152.16
13214,4383,75,2,8532.47,356.01,3007.61,19716.54
13215,4383,182,4,26624.12,6574.32,17985.99,117908.15
13216,4383,56,1,36444.51,3573.18,5916.84,38788.17
13217,4384,104,4,15989.17,1233.02,11290.26,74013.92
13218,4385,56,3,36444.51,10622.86,17767.92,116478.59
13219,4385,132,2,15074.48,1044.32,5238.84,34343.48
13220,4385,96,2,17662.28,1532.09,6082.64,39875.11
13221,4385,17,4,25819.56,11017.72,16606.89,108867.41
13222,4386,114,3,23667.1,3129.23,12216.97,80089.04
13223,4387,23,1,3383.79,2.14,608.7,3990.35
13224,4387,59,2,13506.51,961.96,4689.19,30740.25
13225,4387,208,4,7922.32,3040.44,5156.79,33805.63
13226,4388,94,4,35740.44,10183.85,23900.02,156677.93
13227,4389,10,1,31794.64,2445.46,5282.85,34632.03
13228,4389,116,3,3361.81,557.7,1714.99,11242.72
13229,4389,235,3,28131.22,1585.48,14905.47,97713.65
13230,4390,27,2,12821.1,700.36,4489.53,29431.37
13231,4391,72,3,12573.73,3103.93,6231.11,40848.37
13232,4391,28,2,29031.11,968.89,10276.8,67370.13
13233,4392,180,3,4766.01,1588.61,2287.7,14997.12
13234,4393,7,1,1179.48,42.64,204.63,1341.47
13235,4394,68,1,3827.59,425.45,612.39,4014.53
13236,4394,126,3,14629.39,3160.64,7330.96,48058.49
13237,4394,186,3,24680.72,1537.07,13050.92,85556.01
13238,4395,8,3,28733.56,852.57,15362.66,100710.77
13239,4395,13,4,40458.84,6329.08,27991.13,183497.41
13240,4395,115,4,7640.14,97.14,5483.42,35946.84
13241,4395,102,1,34567.4,1444.7,5962.09,39084.79
13242,4396,114,2,23667.1,148.72,8493.39,55678.87
13243,4396,135,3,25713.49,2905.7,13362.26,87597.03
13244,4396,162,4,38305.79,14297.4,25006.64,163932.4
13245,4396,86,3,41540.1,9639.77,20696.5,135677.03
13246,4397,51,1,628.75,72.41,100.14,656.48
13247,4397,82,3,10944.45,353.82,5846.32,38325.85
13248,4398,136,1,34274.09,1397.31,5917.82,38794.6
13249,4398,95,4,8312.81,27.52,5980.27,39203.99
13250,4398,45,2,3684.98,129.37,1303.31,8543.9
13251,4398,234,1,10605.83,733.43,1777.03,11649.43
13252,4398,239,3,26635.98,3849.0,13690.61,89749.55
13253,4399,198,4,112.51,34.44,74.81,490.41
13254,4399,135,1,25713.49,2490.52,4180.13,27403.1
13255,4400,6,2,9654.29,1499.18,3205.69,21015.09
13256,4401,11,2,36727.76,567.02,13119.93,86008.43
13257,4402,48,4,2802.25,478.28,1931.53,12662.25
13258,4402,5,1,16705.9,910.28,2843.21,18638.83
13259,4403,24,4,4300.49,2058.67,2725.79,17869.08
13260,4403,23,1,3383.79,277.95,559.05,3664.89
13261,4403,213,4,20525.1,1466.79,14514.05,95147.66
13262,4403,177,4,37809.52,4410.45,26428.97,173256.6
13263,4403,170,3,19374.04,2598.89,9994.18,65517.41
13264,4404,134,3,29515.74,1751.9,15623.16,102418.48
13265,4405,97,3,11972.84,2060.85,6094.38,39952.05
13266,4406,119,1,36904.39,1165.38,6433.02,42172.03
13267,4406,129,4,3101.06,760.84,2095.81,13739.21
13268,4406,187,2,33639.08,2641.3,11634.63,76271.49
13269,4406,210,4,33886.56,14442.97,21798.59,142901.86
13270,4406,104,2,15989.17,2661.49,5277.03,34593.88
13271,4407,104,4,15989.17,3551.66,10872.9,71277.92
13272,4407,146,2,269.14,52.1,87.51,573.69
13273,4408,232,4,11511.84,5040.39,7381.25,48388.22
13274,4408,17,2,25819.56,403.88,9222.34,60457.58
13275,4408,68,2,3827.59,908.36,1214.43,7961.25
13276,4409,176,3,43250.55,10348.68,21492.53,140895.5
13277,4409,64,4,1034.97,380.57,676.68,4435.99
13278,4409,12,3,13880.48,1314.02,7258.94,47586.36
13279,4410,127,3,3238.17,202.18,1712.22,11224.55
13280,4411,26,4,15276.03,4809.3,10133.07,66427.89
13281,4411,214,2,25781.44,1857.61,8946.95,58652.22
13282,4411,227,1,19776.73,1455.5,3297.82,21619.05
13283,4411,199,3,19178.46,3569.46,9713.87,63679.79
13284,4412,94,3,35740.44,3934.94,18591.55,121877.93
13285,4412,210,1,33886.56,2193.97,5704.67,37397.26
13286,4412,228,3,11203.89,2550.21,5591.06,36652.52
13287,4412,11,1,36727.76,3257.71,6024.61,39494.66
13288,4412,13,4,40458.84,705.1,29003.45,190133.71
13289,4413,135,3,25713.49,6667.6,12685.12,83157.99
13290,4413,103,3,20030.13,3932.39,10108.44,66266.44
13291,4413,22,4,9607.6,2777.17,6417.58,42070.81
13292,4414,139,3,4824.95,124.1,2583.13,16933.88
13293,4414,182,4,26624.12,210.32,19131.51,125417.67
13294,4415,130,2,12728.22,2782.39,4081.33,26755.38
13295,4416,122,4,24991.82,10769.45,16055.61,105253.44
13296,4417,1,1,25243.55,1960.93,4190.87,27473.49
13297,4417,89,1,4268.91,451.76,687.09,4504.24
13298,4418,16,1,37019.42,2732.1,6171.72,40459.04
13299,4418,31,1,44553.38,4230.87,7258.05,47580.56
13300,4419,39,4,39677.48,4254.48,27801.98,182257.42
13301,4419,105,3,18322.11,2303.15,9479.37,62142.55
13302,4420,206,3,37695.53,11499.27,18285.72,119873.04
13303,4420,38,2,28086.65,847.84,9958.58,65284.04
13304,4420,165,2,37776.85,567.53,13497.51,88483.68
13305,4421,88,2,33071.07,1206.52,11688.41,76624.03
13306,4421,146,4,269.14,119.97,172.19,1128.78
13307,4422,79,4,15130.34,6645.84,9697.59,63573.11
13308,4422,80,4,9554.15,697.7,6753.4,44272.3
13309,4422,22,3,9607.6,2421.36,4752.26,31153.7
13310,4422,164,3,15908.19,3889.97,7890.23,51724.83
13311,4423,108,1,46203.27,2737.82,7823.78,51289.23
13312,4423,187,3,33639.08,4548.39,17346.39,113715.24
13313,4424,85,1,8728.6,665.01,1451.45,9515.04
13314,4424,169,3,10455.18,3292.11,5053.22,33126.65
13315,4424,8,1,28733.56,41.5,5164.57,33856.63
13316,4425,164,2,15908.19,2012.86,5364.63,35168.15
13317,4426,24,4,4300.49,59.11,3085.71,20228.56
13318,4427,84,2,10857.56,2271.51,3499.85,22943.46
13319,4427,193,2,16913.96,1825.86,5760.37,37762.43
13320,4428,167,3,31659.13,41.54,17088.45,112024.3
13321,4428,169,1,10455.18,917.21,1716.83,11254.8
13322,4428,72,3,12573.73,2534.02,6333.69,41520.86
13323,4429,49,4,43844.62,21009.94,27786.34,182154.88
13324,4429,3,2,33432.15,5272.62,11086.5,72678.18
13325,4429,130,3,12728.22,519.91,6779.65,44444.4
13326,4429,61,2,33657.04,1562.39,11835.3,77586.99
13327,4430,140,2,12249.39,1082.32,4214.96,27631.42
13328,4430,189,3,28066.42,5994.08,14076.93,92282.11
13329,4430,107,4,19641.45,114.78,14121.18,92572.2
13330,4430,74,3,24770.89,7698.82,11990.49,78604.34
13331,4430,152,3,37157.0,4834.27,19194.61,125831.34
13332,4431,199,3,19178.46,6235.5,9233.98,60533.86
13333,4432,41,4,23389.54,4225.54,16079.87,105412.49
13334,4432,113,1,2640.7,147.59,448.76,2941.87
13335,4432,91,1,33075.34,180.1,5921.14,38816.38
13336,4432,149,3,16854.36,739.73,8968.2,58791.55
13337,4432,133,2,38037.94,994.8,13514.59,88595.67
13338,4433,68,4,3827.59,311.91,2699.72,17698.17
13339,4433,92,4,39462.15,14907.44,25729.41,168670.57
13340,4434,28,3,29031.11,8813.33,14090.4,92370.4
13341,4435,13,3,40458.84,4559.86,21027.0,137843.66
13342,4435,178,1,39619.34,1584.81,6846.22,44880.75
13343,4435,118,3,9547.03,1589.81,4869.23,31920.51
13344,4436,1,1,25243.55,743.35,4410.04,28910.24
13345,4436,231,2,3326.96,684.72,1074.46,7043.66
13346,4437,205,4,26777.33,11284.2,17248.52,113073.64
13347,4437,216,2,4678.54,476.26,1598.55,10479.37
13348,4437,141,1,29486.44,2539.35,4850.48,31797.57
13349,4438,188,1,14567.29,516.91,2529.07,16579.45
13350,4438,140,4,12249.39,3698.68,8153.8,53452.68
13351,4438,48,4,2802.25,1175.55,1806.02,11839.47
13352,4439,30,2,7051.18,1159.76,2329.67,15272.27
13353,4439,125,2,28195.42,2725.55,9659.75,63325.04
13354,4440,74,2,24770.89,1175.35,8705.96,57072.39
13355,4440,157,2,10083.83,314.47,3573.57,23426.76
13356,4440,63,4,120.39,49.15,77.83,510.24
13357,4440,23,3,3383.79,1193.59,1612.4,10570.18
13358,4440,116,1,3361.81,187.03,571.46,3746.24
13359,4441,147,2,26528.08,3200.44,8974.03,58829.75
13360,4441,55,4,21783.95,7773.67,14285.18,93647.31
13361,4441,220,3,21280.0,7321.15,10173.39,66692.24
13362,4441,204,2,3813.54,816.18,1225.96,8036.86
13363,4442,213,2,20525.1,3501.26,6758.81,44307.75
13364,4442,2,3,11408.11,1428.72,5903.21,38698.82
13365,4442,91,2,33075.34,6791.68,10684.62,70043.62
13366,4442,11,4,36727.76,14292.79,23871.28,156489.53
13367,4442,144,3,33892.0,150.86,18274.53,119799.67
13368,4443,110,4,6566.95,1171.04,4517.42,29614.18
13369,4443,18,3,16802.96,5131.33,8149.96,53427.51
13370,4444,110,1,6566.95,170.27,1151.4,7548.08
13371,4444,193,2,16913.96,845.83,5936.78,38918.87
13372,4445,108,1,46203.27,5349.99,7353.59,48206.87
13373,4445,167,4,31659.13,12352.17,20571.18,134855.53
13374,4445,176,4,43250.55,8912.3,29536.18,193626.08
13375,4445,169,4,10455.18,4661.37,6688.68,43848.03
13376,4446,27,2,12821.1,2215.8,4216.75,27643.15
13377,4446,60,2,24754.89,522.99,8817.62,57804.41
13378,4446,166,3,33767.83,1421.34,17978.79,117860.94
13379,4446,95,4,8312.81,2932.37,5457.4,35776.27
13380,4447,168,2,41017.08,3712.43,14097.91,92419.64
13381,4448,99,3,21866.86,189.76,11773.95,77184.77
13382,4448,184,4,11705.83,1760.6,8111.29,53174.01
13383,4448,84,1,10857.56,741.11,1820.96,11937.41
13384,4449,94,3,35740.44,3941.39,18590.39,121870.32
13385,4449,190,3,14801.53,2399.67,7560.89,49565.81
13386,4449,193,3,16913.96,5241.81,8190.01,53690.08
13387,4449,17,1,25819.56,2127.5,4264.57,27956.63
13388,4449,21,4,27939.78,12300.2,17902.61,117361.53
13389,4450,144,2,33892.0,3426.6,11584.33,75941.73
13390,4450,6,2,9654.29,1319.82,3237.98,21226.74
13391,4450,168,3,41017.08,11440.78,20089.88,131700.34
13392,4450,59,1,13506.51,1319.68,2193.63,14380.46
13393,4450,181,4,30664.66,8744.14,20504.61,134419.11
13394,4451,134,4,29515.74,5590.6,20245.02,132717.38
13395,4452,211,4,18681.33,3807.61,12765.19,83682.9
13396,4452,133,3,38037.94,3337.5,19939.74,130716.06
13397,4453,159,4,18286.08,1388.9,12915.98,84671.4
13398,4453,230,3,26170.26,4903.65,13249.28,86856.41
13399,4453,28,2,29031.11,4431.01,9653.62,63284.83
13400,4453,169,3,10455.18,1298.0,5412.16,35479.7
13401,4454,61,1,33657.04,1049.85,5869.29,38476.48
13402,4454,13,1,40458.84,2567.03,6820.53,44712.34
13403,4454,130,2,12728.22,2232.46,4180.32,27404.3
13404,4454,209,2,10731.59,2184.99,3470.07,22748.26
13405,4455,237,2,17135.78,3867.65,5472.7,35876.61
13406,4455,235,1,28131.22,3289.35,4471.54,29313.41
13407,4455,216,1,4678.54,14.8,839.47,5503.21
13408,4455,107,3,19641.45,3851.27,9913.15,64986.23
13409,4456,65,1,41109.17,3929.67,6692.31,43871.81
13410,4456,5,4,16705.9,3254.72,11442.4,75011.28
13411,4457,7,1,1179.48,42.41,204.67,1341.74
13412,4458,49,1,43844.62,4889.76,7011.87,45966.73
13413,4458,173,1,15522.12,353.74,2730.31,17898.69
13414,4458,236,4,18050.29,7604.79,11627.35,76223.72
13415,4459,180,4,4766.01,280.82,3380.98,22164.2
13416,4459,89,4,4268.91,977.95,2897.58,18995.27
13417,4459,171,2,32844.1,6803.47,10599.25,69483.98
13418,4460,51,3,628.75,102.95,320.99,2104.29
13419,4460,66,4,12279.53,820.63,8693.55,56991.04
13420,4460,93,1,17083.66,1028.87,2889.86,18944.65
13421,4461,185,2,189.21,38.63,61.16,400.95
13422,4461,137,3,31709.73,198.84,17087.46,112017.81
13423,4461,154,3,14680.42,2926.13,7400.72,48515.85
13424,4461,212,1,8937.81,808.49,1463.28,9592.6
13425,4462,180,1,4766.01,424.13,781.54,5123.42
13426,4462,122,1,24991.82,1079.82,4304.16,28216.16
13427,4462,102,2,34567.4,6754.51,11228.45,73608.74
13428,4463,124,1,10290.63,394.17,1781.36,11677.82
13429,4463,143,4,23230.7,9117.36,15084.98,98890.42
13430,4463,176,1,43250.55,2544.13,7327.16,48033.58
13431,4463,15,4,37893.41,10296.25,25429.93,166707.32
13432,4464,115,4,7640.14,3299.79,4906.94,32167.71
13433,4464,154,3,14680.42,3018.23,7384.15,48407.18
13434,4464,29,1,7930.98,269.65,1379.04,9040.37
13435,4465,163,1,1240.08,113.51,202.78,1329.35
13436,4465,131,2,41590.84,4876.6,14094.91,92399.99
13437,4465,165,2,37776.85,8160.78,12130.73,79523.65
13438,4466,39,2,39677.48,223.18,14243.72,93375.5
13439,4466,206,1,37695.53,1972.67,6430.11,42152.97
13440,4466,124,2,10290.63,1504.61,3433.8,22510.45
13441,4466,56,3,36444.51,2201.83,19283.71,126415.41
13442,4466,118,1,9547.03,600.12,1610.44,10557.35
13443,4467,4,4,35689.14,16911.08,22652.19,148497.67
13444,4467,220,2,21280.0,1368.98,7414.38,48605.4
13445,4467,135,2,25713.49,3453.16,8635.29,56609.11
13446,4467,182,2,26624.12,4042.84,8856.97,58062.37
13447,4468,216,1,4678.54,463.68,758.67,4973.53
13448,4468,46,4,5015.71,1631.44,3317.65,21749.05
13449,4468,217,2,8518.31,136.77,3041.97,19941.82
13450,4468,82,2,10944.45,926.01,3773.32,24736.21
13451,4468,127,1,3238.17,310.99,526.89,3454.07
13452,4469,114,1,23667.1,626.54,4147.3,27187.86
13453,4469,138,1,5484.92,534.79,891.02,5841.15
13454,4469,198,3,112.51,9.71,59.01,386.83
13455,4469,98,4,20903.98,5375.28,14083.32,92323.96
13456,4469,168,2,41017.08,7912.12,13341.97,87464.01
13457,4470,141,2,29486.44,199.42,10579.22,69352.68
13458,4470,54,3,4901.82,668.67,2526.62,16563.41
13459,4470,3,3,33432.15,981.17,17876.75,117192.03
13460,4470,14,4,3800.37,1000.35,2556.2,16757.33
13461,4471,189,2,28066.42,6714.36,8895.33,58313.81
13462,4471,54,1,4901.82,587.16,776.64,5091.3
13463,4471,235,2,28131.22,4530.35,9311.78,61043.87
13464,4471,176,1,43250.55,3870.07,7088.49,46468.97
13465,4471,175,2,27514.3,5986.02,8827.66,57870.24
13466,4472,219,4,11772.86,3971.18,7761.65,50881.91
13467,4473,152,2,37157.0,522.63,13282.45,87073.82
13468,4474,141,3,29486.44,5079.4,15008.39,98388.31
13469,4474,176,1,43250.55,535.26,7688.75,50404.04
13470,4474,209,4,10731.59,2433.55,7288.71,47781.52
13471,4474,189,4,28066.42,4693.0,19363.08,126935.76
13472,4474,212,4,8937.81,2802.39,5930.79,38879.64
13473,4475,36,4,10167.03,3513.33,6687.86,43842.65
13474,4475,165,2,37776.85,5104.28,12680.9,83130.32
13475,4476,117,3,27023.51,654.26,14474.93,94891.2
13476,4476,240,2,39567.79,5176.72,13312.59,87271.45
13477,4477,12,2,13880.48,434.2,4918.82,32245.58
13478,4477,175,1,27514.3,2781.13,4451.97,29185.14
13479,4477,137,3,31709.73,5638.05,16108.41,105599.55
13480,4478,72,3,12573.73,448.02,6709.17,43982.34
13481,4478,131,2,41590.84,6395.99,13821.42,90607.11
13482,4478,136,2,34274.09,2899.95,11816.68,77464.91
13483,4478,46,4,5015.71,354.14,3547.57,23256.27
13484,4479,188,2,14567.29,1635.16,4949.9,32449.32
13485,4479,71,2,21062.02,251.06,7537.14,49410.12
13486,4480,119,3,36904.39,8798.75,18344.6,120259.02
13487,4481,105,2,18322.11,2756.29,6099.83,39987.76
13488,4481,71,3,21062.02,483.7,11286.42,73988.78
13489,4482,163,4,1240.08,219.27,853.39,5594.44
13490,4482,11,1,36727.76,1599.06,6323.17,41451.87
13491,4482,18,4,16802.96,2119.03,11716.71,76809.52
13492,4482,101,4,46156.61,21423.52,29376.53,192579.45
13493,4482,184,2,11705.83,682.19,4091.3,26820.77
13494,4483,162,3,38305.79,11015.15,18702.4,122604.62
13495,4483,111,1,43082.21,1123.6,7552.55,49511.16
13496,4483,233,3,21896.66,150.73,11797.06,77336.31
13497,4484,90,4,18461.71,297.64,13238.86,86788.06
13498,4484,10,1,31794.64,1734.24,5410.87,35471.27
13499,4484,160,3,7458.41,2354.06,3603.81,23624.98
13500,4484,205,3,26777.33,3937.78,13750.96,90145.17
13501,4485,151,1,39931.59,2913.74,6663.21,43681.06
13502,4485,160,3,7458.41,1857.75,3693.15,24210.63
13503,4486,18,2,16802.96,4009.1,5327.43,34924.25
13504,4486,45,4,3684.98,208.11,2615.73,17147.54
13505,4486,63,2,120.39,26.99,38.48,252.27
13506,4486,106,4,12366.02,4245.29,8139.38,53358.17
13507,4487,223,1,39924.82,2629.87,6713.09,44008.04
13508,4487,137,1,31709.73,1565.71,5425.92,35569.94
13509,4487,187,4,33639.08,10569.6,22317.61,146304.33
13510,4487,13,2,40458.84,2592.39,14098.55,92423.84
13511,4488,116,3,3361.81,159.41,1786.68,11712.7
13512,4488,208,4,7922.32,3338.01,5103.23,33454.5
13513,4489,113,3,2640.7,837.25,1275.27,8360.12
13514,4489,217,4,8518.31,3318.08,5535.93,36291.09
13515,4490,148,1,32803.6,3865.02,5208.94,34147.52
13516,4490,228,3,11203.89,3616.06,5399.21,35394.82
13517,4490,60,1,24754.89,2622.41,3983.85,26116.33
13518,4490,216,4,4678.54,1548.79,3089.77,20255.14
13519,4490,97,1,11972.84,85.58,2139.71,14026.97
13520,4491,193,2,16913.96,957.18,5916.73,38787.47
13521,4491,84,3,10857.56,270.06,5814.47,38117.09
13522,4492,19,1,37198.47,2821.92,6187.78,40564.33
13523,4492,106,2,12366.02,441.53,4372.29,28662.8
13524,4493,39,2,39677.48,8710.65,12715.98,83360.29
13525,4493,145,2,17725.61,2828.97,5872.01,38494.26
13526,4494,37,3,36875.04,111.06,19892.53,130406.59
13527,4495,12,2,13880.48,834.97,4846.68,31772.67
13528,4495,6,4,9654.29,2822.75,6442.99,42237.4
13529,4495,103,2,20030.13,2845.43,6698.67,43913.5
13530,4495,69,2,3290.31,366.1,1118.61,7333.13
13531,4496,215,2,34726.43,6448.71,11340.75,74344.9
13532,4497,222,3,28533.87,2196.8,15012.87,98417.68
13533,4497,189,2,28066.42,4702.59,9257.44,60687.69
13534,4498,139,1,4824.95,529.16,773.24,5069.03
13535,4498,69,3,3290.31,493.25,1687.98,11065.66
13536,4498,193,2,16913.96,578.83,5984.84,39233.93
13537,4498,157,1,10083.83,497.75,1725.49,11311.57
13538,4499,116,1,3361.81,157.49,576.78,3781.1
13539,4499,156,3,36965.82,12926.15,17634.84,115606.15
13540,4500,70,2,30937.09,1732.44,10825.51,70967.25
13541,4500,31,4,44553.38,20031.41,28472.78,186654.89
13542,4500,56,1,36444.51,1822.99,6231.87,40853.39
13543,4501,181,3,30664.66,6790.45,15336.64,100540.17
13544,4501,163,3,1240.08,64.65,658.01,4313.6
13545,4502,106,4,12366.02,1197.52,8687.98,56954.54
13546,4502,175,1,27514.3,2129.57,4569.25,29953.98
13547,4503,87,2,21959.44,4304.08,7130.66,46745.46
13548,4503,75,1,8532.47,723.46,1405.62,9214.63
13549,4503,184,4,11705.83,4326.42,7649.44,50146.34
13550,4503,11,4,36727.76,10312.57,24587.72,161186.19
13551,4503,7,1,1179.48,22.24,208.3,1365.54
13552,4504,198,2,112.51,14.03,37.98,248.97
13553,4505,29,1,7930.98,532.13,1331.79,8730.64
13554,4506,216,1,4678.54,187.66,808.36,5299.24
13555,4506,236,3,18050.29,682.96,9624.22,63092.13
13556,4506,136,2,34274.09,3499.71,11708.72,76757.19
13557,4506,124,3,10290.63,3616.26,4906.01,32161.64
13558,4506,131,1,41590.84,4356.01,6702.27,43937.1
13559,4507,95,4,8312.81,197.07,5949.75,39003.92
13560,4507,235,4,28131.22,12842.49,17942.83,117625.22
13561,4507,57,1,20483.4,779.98,3546.62,23250.04
13562,4508,59,4,13506.51,2135.32,9340.33,61231.05
13563,4508,121,3,18719.38,5326.42,9149.71,59981.43
13564,4508,17,4,25819.56,2657.48,18111.74,118732.5
13565,4508,179,3,40060.15,12173.52,19441.25,127448.18
13566,4508,96,3,17662.28,5871.37,8480.78,55596.25
13567,4509,48,1,2802.25,281.63,453.71,2974.33
13568,4509,230,1,26170.26,45.69,4702.42,30826.99
13569,4510,155,4,37465.45,13080.0,24620.72,161402.52
13570,4511,28,2,29031.11,6449.67,9290.26,60902.81
13571,4511,232,1,11511.84,695.56,1946.93,12763.21
13572,4511,236,1,18050.29,803.57,3104.41,20351.13
13573,4512,195,2,42664.46,9597.5,13631.66,89363.08
13574,4512,208,3,7922.32,2719.6,3788.52,24835.88
13575,4512,228,1,11203.89,487.1,1929.02,12645.81
13576,4512,32,3,25348.23,4029.76,12962.69,84977.62
13577,4512,193,2,16913.96,2302.26,5674.62,37200.28
13578,4513,146,3,269.14,79.85,130.96,858.53
13579,4513,28,2,29031.11,3847.33,9758.68,63973.57
13580,4513,184,4,11705.83,2173.91,8036.89,52686.3
13581,4513,89,3,4268.91,996.44,2125.85,13936.14
13582,4513,169,1,10455.18,654.69,1764.09,11564.58
13583,4514,37,3,36875.04,8808.04,18327.07,120144.15
13584,4514,67,1,41997.34,2334.08,7139.39,46802.65
13585,4514,60,2,24754.89,4173.15,8160.59,53497.22
13586,4514,163,3,1240.08,252.19,624.25,4092.3
13587,4515,69,4,3290.31,373.34,2301.82,15089.72
13588,4515,200,2,28469.05,592.88,10142.14,66487.36
13589,4515,162,2,38305.79,4077.97,13056.05,85589.66
13590,4516,143,3,23230.7,2484.96,12097.29,79304.43
13591,4517,99,4,21866.86,5230.43,14802.66,97039.67
13592,4517,176,3,43250.55,3397.61,22743.73,149097.77
13593,4517,222,2,28533.87,5665.36,9252.43,60654.81
13594,4517,41,3,23389.54,6904.41,11387.56,74651.77
13595,4517,134,2,29515.74,2268.98,10217.25,66979.75
13596,4518,186,1,24680.72,2586.21,3977.01,26071.52
13597,4518,83,1,34264.79,3225.93,5586.99,36625.85
13598,4518,226,2,41253.01,5981.05,13774.49,90299.46
13599,4519,186,4,24680.72,11574.49,15686.71,102835.1
13600,4519,130,1,12728.22,687.42,2167.34,14208.14
13601,4519,86,2,41540.1,7676.22,13572.72,88976.7
13602,4520,27,3,12821.1,2085.62,6547.98,42925.66
13603,4520,77,4,19293.34,6021.91,12807.26,83958.71
13604,4521,146,3,269.14,94.09,128.4,841.73
13605,4522,171,2,32844.1,2794.64,11320.84,74214.4
13606,4522,87,4,21959.44,1240.99,15587.42,102184.19
13607,4522,233,3,21896.66,327.36,11765.27,77127.89
13608,4523,221,2,32207.06,115.3,11573.79,75872.61
13609,4524,16,1,37019.42,914.0,6498.98,42604.4
13610,4524,64,1,1034.97,10.98,184.32,1208.31
13611,4524,161,3,41588.13,9570.14,20734.96,135929.21
13612,4524,119,4,36904.39,1365.0,26325.46,172578.02
13613,4525,143,4,23230.7,6907.0,15482.84,101498.64
13614,4525,180,1,4766.01,435.31,779.53,5110.23
13615,4526,146,3,269.14,17.47,142.19,932.14
13616,4526,208,3,7922.32,1898.69,3936.29,25804.56
13617,4526,28,1,29031.11,354.42,5161.8,33838.49
13618,4526,85,1,8728.6,352.66,1507.67,9883.61
13619,4526,46,4,5015.71,617.07,3500.24,22946.01
13620,4527,79,3,15130.34,4226.95,7409.53,48573.6
13621,4528,137,2,31709.73,507.56,11324.14,74236.04
13622,4528,192,3,13341.13,2844.97,6692.12,43870.54
13623,4528,132,2,15074.48,2492.75,4978.12,32634.33
13624,4528,176,4,43250.55,10286.24,29288.87,192004.83
13625,4528,234,3,10605.83,3480.05,5100.74,33438.18
13626,4529,98,2,20903.98,4368.07,6739.18,44179.07
13627,4530,39,1,39677.48,3593.99,6495.03,42578.52
13628,4530,4,2,35689.14,5674.11,11826.75,77530.92
13629,4531,130,1,12728.22,168.28,2260.79,14820.73
13630,4531,64,1,1034.97,4.12,185.55,1216.4
13631,4532,180,2,4766.01,453.69,1634.1,10712.43
13632,4532,229,2,33676.3,2578.66,11659.31,76433.25
13633,4533,14,3,3800.37,1132.14,1848.41,12117.38
13634,4533,226,3,41253.01,27.0,22271.77,146003.8
13635,4534,56,1,36444.51,1715.32,6251.25,40980.44
13636,4535,10,3,31794.64,7338.5,15848.18,103893.6
13637,4535,64,4,1034.97,400.1,673.16,4412.94
13638,4535,131,4,41590.84,7675.13,28563.88,187252.11
13639,4535,173,1,15522.12,436.36,2715.44,17801.2
13640,4535,124,2,10290.63,1374.24,3457.26,22664.28
13641,4536,24,2,4300.49,749.92,1413.19,9264.25
13642,4536,79,1,15130.34,629.69,2610.12,17110.77
13643,4536,45,2,3684.98,533.66,1230.53,8066.83
13644,4536,125,3,28195.42,2894.03,14704.6,96396.83
13645,4537,66,4,12279.53,3782.78,8160.36,53495.7
13646,4537,38,4,28086.65,11135.21,18218.05,119429.44
13647,4537,82,2,10944.45,2012.43,3577.76,23454.23
13648,4537,236,4,18050.29,6449.25,11835.34,77587.25
13649,4537,217,4,8518.31,582.7,6028.3,39518.84
13650,4538,91,3,33075.34,4256.09,17094.59,112064.52
13651,4539,80,3,9554.15,740.64,5025.93,32947.74
13652,4539,105,4,18322.11,2481.12,12745.32,83552.64
13653,4539,153,2,6055.61,68.66,2167.66,14210.22
13654,4540,182,1,26624.12,2050.94,4423.17,28996.35
13655,4540,159,2,18286.08,1779.63,6262.66,41055.19
13656,4540,214,3,25781.44,820.02,13774.37,90298.67
13657,4540,1,1,25243.55,2559.67,4083.1,26766.98
13658,4540,229,4,33676.3,2746.1,23752.64,155711.74
13659,4541,189,1,28066.42,2665.49,4572.17,29973.1
13660,4541,87,4,21959.44,3734.31,15138.62,99242.07
13661,4541,226,2,41253.01,2165.56,14461.28,94801.74
13662,4541,125,3,28195.42,5135.59,14301.12,93751.79
13663,4542,76,2,44895.56,1293.96,15929.49,104426.65
13664,4542,127,2,3238.17,261.51,1118.67,7333.5
13665,4542,67,2,41997.34,4572.55,14295.98,93718.11
13666,4542,184,1,11705.83,413.38,2032.64,13325.09
13667,4542,201,4,18244.99,6878.4,11898.28,77999.84
13668,4543,195,1,42664.46,2463.02,7236.26,47437.7
13669,4543,122,2,24991.82,694.03,8872.13,58161.74
13670,4543,240,4,39567.79,15450.55,25707.71,168528.32
13671,4544,198,1,112.51,8.68,18.69,122.52
13672,4544,215,4,34726.43,5005.89,24101.97,158001.8
13673,4545,160,4,7458.41,3338.52,4769.12,31264.24
13674,4546,200,1,28469.05,3081.16,4569.82,29957.71
13675,4547,135,3,25713.49,6398.4,12733.57,83475.64
13676,4547,176,2,43250.55,8981.06,13953.61,91473.65
13677,4547,83,4,34264.79,15808.3,21825.15,143076.01
13678,4547,148,4,32803.6,3644.03,22962.67,150533.04
13679,4547,17,1,25819.56,2099.73,4269.57,27989.4
13680,4548,197,3,13368.44,596.61,7111.57,46620.28
13681,4548,25,1,27064.69,1993.18,4512.87,29584.38
13682,4549,117,4,27023.51,4057.36,18726.6,122763.28
13683,4550,76,4,44895.56,10694.82,30399.74,199287.16
13684,4551,93,4,17083.66,7644.2,10924.28,71614.72
13685,4551,148,1,32803.6,983.93,5727.54,37547.21
13686,4551,114,2,23667.1,364.97,8454.46,55423.69
13687,4551,173,4,15522.12,410.06,11102.12,72780.54
13688,4551,139,3,4824.95,1009.05,2423.84,15889.64
13689,4552,211,2,18681.33,1754.68,6409.44,42017.42
13690,4552,117,3,27023.51,5104.66,13673.86,89639.73
13691,4552,172,2,1060.63,169.75,351.27,2302.78
13692,4552,145,3,17725.61,6090.55,8475.53,55561.81
13693,4552,51,3,628.75,166.96,309.47,2028.76
13694,4553,80,2,9554.15,2023.17,3075.32,20160.45
13695,4554,228,3,11203.89,98.62,6032.35,39545.4
13696,4554,152,4,37157.0,11801.48,24628.77,161455.29
13697,4554,226,3,41253.01,668.46,22156.3,145246.87
13698,4554,151,1,39931.59,2075.79,6814.04,44669.84
13699,4554,198,4,112.51,49.12,72.17,473.09
13700,4555,172,3,1060.63,194.06,537.81,3525.64
13701,4555,220,3,21280.0,3644.31,10835.22,71030.91
13702,4556,195,2,42664.46,9351.29,13675.97,89653.6
13703,4556,50,1,45675.94,2936.5,7693.1,50432.54
13704,4556,105,4,18322.11,1243.13,12968.16,85013.47
13705,4556,179,4,40060.15,336.11,28782.81,188687.3
13706,4556,37,4,36875.04,7611.71,25179.92,165068.37
13707,4557,217,1,8518.31,815.74,1386.46,9089.03
13708,4557,187,2,33639.08,3907.08,11406.79,74777.87
13709,4558,183,2,17183.22,1587.86,5900.14,38678.72
13710,4559,95,1,8312.81,792.42,1353.67,8874.06
13711,4559,105,2,18322.11,2561.95,6134.81,40217.08
13712,4559,188,4,14567.29,173.97,10457.13,68552.32
13713,4559,10,3,31794.64,6758.68,15952.54,104577.78
13714,4560,123,4,9421.34,1778.8,6463.18,42369.74
13715,4561,151,3,39931.59,5408.35,20589.56,134975.98
13716,4562,194,2,5562.52,835.11,1852.19,12142.12
13717,4562,204,2,3813.54,276.87,1323.04,8673.25
13718,4562,110,3,6566.95,2206.45,3148.99,20643.39
13719,4563,213,3,20525.1,7088.01,9807.71,64295.0
13720,4563,148,2,32803.6,6042.79,10721.59,70286.0
13721,4564,15,4,37893.41,5719.07,26253.82,172108.39
13722,4564,89,2,4268.91,466.32,1452.87,9524.37
13723,4565,147,4,26528.08,5824.55,18051.8,118339.57
13724,4566,199,2,19178.46,2437.27,6465.54,42385.19
13725,4566,214,4,25781.44,6292.23,17430.04,114263.57
13726,4567,28,2,29031.11,3016.31,9908.26,64954.17
13727,4567,92,2,39462.15,4790.88,13344.02,87477.44
13728,4567,229,1,33676.3,3939.54,5352.62,35089.38
13729,4567,220,1,21280.0,60.03,3819.59,25039.56
13730,4567,25,2,27064.69,5487.09,8755.61,57397.9
13731,4568,91,3,33075.34,752.46,17725.24,116198.8
13732,4568,201,2,18244.99,2320.65,6150.48,40319.81
13733,4568,199,2,19178.46,821.07,6756.45,44292.3
13734,4569,140,1,12249.39,904.66,2042.05,13386.78
13735,4569,208,1,7922.32,389.29,1355.95,8888.98
13736,4569,20,1,38320.28,3329.75,6298.3,41288.83
13737,4569,30,1,7051.18,605.65,1160.2,7605.73
13738,4569,194,2,5562.52,678.89,1880.31,12326.46
13739,4570,201,1,18244.99,742.26,3150.49,20653.22
13740,4571,15,1,37893.41,1493.0,6552.07,42952.48
13741,4571,16,2,37019.42,149.03,13300.17,87189.98
13742,4571,226,4,41253.01,17338.31,26581.27,174255.0
13743,4571,224,4,31527.62,6761.41,21482.83,140831.9
13744,4571,118,1,9547.03,633.23,1604.48,10518.28
13745,4572,104,3,15989.17,4221.99,7874.19,51619.71
13746,4572,14,2,3800.37,812.21,1221.94,8010.47
13747,4573,212,1,8937.81,760.19,1471.97,9649.59
13748,4573,107,2,19641.45,2642.88,6595.2,43235.22
13749,4573,141,1,29486.44,1085.95,5112.09,33512.58
13750,4573,43,4,16510.19,4891.05,11006.95,72156.66
13751,4573,102,3,34567.4,6917.61,17421.23,114205.82
13752,4574,99,2,21866.86,4337.77,7091.27,46487.22
13753,4574,101,3,46156.61,5444.98,23944.47,156969.32
13754,4574,11,2,36727.76,4896.43,12340.64,80899.73
13755,4574,9,3,9902.75,2418.83,4912.1,32201.52
13756,4575,115,2,7640.14,456.68,2668.25,17491.85
13757,4575,214,1,25781.44,179.98,4608.26,30209.72
13758,4575,219,1,11772.86,1006.06,1938.02,12704.82
13759,4575,236,3,18050.29,6013.01,8664.81,56802.67
13760,4576,58,1,43014.0,1939.21,7393.46,48468.25
13761,4576,6,3,9654.29,1740.52,4900.02,32122.37
13762,4576,215,1,34726.43,87.53,6235.0,40873.9
13763,4576,140,3,12249.39,89.81,6598.5,43256.86
13764,4577,220,3,21280.0,4071.96,10758.25,70526.29
13765,4578,144,2,33892.0,2359.63,11776.39,77200.76
13766,4578,92,3,39462.15,7464.93,19965.87,130887.39
13767,4578,205,2,26777.33,916.91,9474.8,62112.55
13768,4579,99,2,21866.86,3023.22,7327.89,48038.39
13769,4579,44,4,43728.99,15029.14,28779.63,188666.45
13770,4580,222,2,28533.87,2305.34,9857.23,64619.63
13771,4580,228,4,11203.89,2764.97,7569.11,49619.7
13772,4580,82,4,10944.45,4934.46,6991.8,45835.14
13773,4581,201,2,18244.99,189.66,6534.06,42834.38
13774,4581,37,3,36875.04,4050.7,19183.4,125757.82
13775,4581,204,2,3813.54,428.21,1295.8,8494.67
13776,4581,149,2,16854.36,4019.9,5343.99,35032.81
13777,4582,159,1,18286.08,132.49,3267.65,21421.24
13778,4582,86,4,41540.1,10416.6,28033.88,183777.68
13779,4582,237,1,17135.78,1563.83,2802.95,18374.9
13780,4582,207,1,27779.78,2683.27,4517.37,29613.88
13781,4583,91,3,33075.34,9360.5,16175.79,106041.31
13782,4583,139,4,4824.95,1777.08,3154.09,20676.81
13783,4584,196,4,40456.71,11076.28,27135.1,177885.66
13784,4584,166,1,33767.83,2847.87,5565.59,36485.55
13785,4585,200,3,28469.05,1861.55,15038.21,98583.81
13786,4585,24,1,4300.49,157.09,745.81,4889.21
13787,4585,56,1,36444.51,1385.15,6310.68,41370.04
13788,4585,121,4,18719.38,204.27,13441.18,88114.43
13789,4585,179,3,40060.15,1909.19,21288.83,139560.09
13790,4586,104,1,15989.17,46.83,2869.62,18811.96
13791,4586,31,3,44553.38,13312.62,21662.55,142010.07
13792,4587,52,3,30086.26,674.87,16125.1,105709.01
13793,4587,76,2,44895.56,8780.34,14581.94,95592.72
13794,4587,4,4,35689.14,15962.64,22822.91,149616.83
13795,4588,44,3,43728.99,11856.69,21479.45,140809.73
13796,4588,57,4,20483.4,1234.54,14525.83,95224.89
13797,4588,81,3,3286.08,431.83,1696.75,11123.16
13798,4589,84,3,10857.56,40.72,5855.75,38387.71
13799,4590,116,2,3361.81,284.78,1158.99,7597.83
13800,4590,41,3,23389.54,6029.96,11544.96,75683.62
13801,4590,94,3,35740.44,5845.28,18247.69,119623.73
13802,4590,185,4,189.21,18.81,132.85,870.88
13803,4590,76,3,44895.56,13124.28,21881.23,143443.63
13804,4591,41,4,23389.54,8704.38,15273.68,100127.46
13805,4591,153,2,6055.61,787.38,2038.29,13362.13
13806,4591,235,4,28131.22,1071.09,20061.68,131515.47
13807,4591,97,2,11972.84,2528.58,3855.08,25272.18
13808,4592,221,3,32207.06,1334.95,17151.52,112437.75
13809,4592,57,2,20483.4,4064.85,6642.35,43544.3
13810,4592,205,1,26777.33,340.35,4758.66,31195.64
13811,4593,154,4,14680.42,3628.13,9916.84,65010.39
13812,4593,138,4,5484.92,1121.75,3747.23,24565.16
13813,4594,206,1,37695.53,2712.91,6296.87,41279.49
13814,4594,208,3,7922.32,549.36,4179.17,27396.77
13815,4594,23,4,3383.79,52.68,2426.85,15909.33
13816,4594,47,3,34112.86,5151.7,17493.64,114680.52
13817,4594,44,1,43728.99,1404.84,7618.35,49942.5
13818,4595,67,1,41997.34,70.46,7546.84,49473.72
13819,4595,78,4,5073.66,34.59,3646.81,23906.86
13820,4595,36,1,10167.03,1160.62,1621.15,10627.56
13821,4595,166,2,33767.83,5131.88,11232.68,73636.46
13822,4595,17,1,25819.56,710.5,4519.63,29628.69
13823,4596,66,1,12279.53,996.83,2030.89,13313.59
13824,4597,37,3,36875.04,510.89,19820.56,129934.79
13825,4597,133,1,38037.94,4336.64,6066.23,39767.53
13826,4598,130,3,12728.22,502.24,6782.84,44465.26
13827,4598,16,2,37019.42,929.13,13159.75,86269.46
13828,4598,86,2,41540.1,9028.94,13329.23,87380.49
13829,4599,27,2,12821.1,1878.44,4277.48,28041.24
13830,4599,86,1,41540.1,3402.42,6864.78,45002.46
13831,4600,197,1,13368.44,1242.38,2182.69,14308.75
13832,4600,129,4,3101.06,913.99,2068.24,13558.49
13833,4600,238,1,19991.97,483.65,3511.5,23019.82
13834,4601,27,1,12821.1,1291.97,2075.24,13604.37
13835,4601,199,1,19178.46,1057.24,3261.82,21383.04
13836,4601,56,3,36444.51,3717.27,19010.93,124627.19
13837,4601,180,3,4766.01,1505.16,2302.72,15095.59
13838,4601,1,1,25243.55,1632.94,4249.91,27860.52
13839,4602,213,3,20525.1,1572.5,10800.5,70803.3
13840,4603,97,1,11972.84,1217.48,1935.96,12691.32
13841,4603,124,4,10290.63,3981.7,6692.55,43873.37
13842,4603,2,4,11408.11,2636.11,7739.34,50735.67
13843,4603,48,2,2802.25,267.6,960.64,6297.54
13844,4603,84,3,10857.56,2787.17,5361.39,35146.9
13845,4604,152,4,37157.0,14226.9,24192.2,158593.3
13846,4604,75,1,8532.47,1022.43,1351.81,8861.85
13847,4604,17,3,25819.56,3453.16,13320.99,87326.51
13848,4604,105,3,18322.11,2738.05,9401.09,61629.37
13849,4604,209,4,10731.59,3626.75,7073.93,46373.54
13850,4605,153,3,6055.61,452.09,3188.65,20903.39
13851,4605,230,1,26170.26,3024.9,4166.16,27311.52
13852,4605,24,3,4300.49,223.83,2281.98,14959.62
13853,4605,23,3,3383.79,169.11,1796.81,11779.07
13854,4606,158,1,36880.83,225.08,6598.03,43253.78
13855,4606,202,4,22486.45,6018.89,15106.84,99033.75
13856,4606,147,1,26528.08,1274.19,4545.7,29799.59
13857,4606,209,1,10731.59,336.73,1871.07,12265.93
13858,4607,225,2,36716.34,2687.45,12734.14,83479.37
13859,4607,211,1,18681.33,534.4,3266.45,21413.38
13860,4607,124,1,10290.63,89.72,1836.16,12037.07
13861,4607,11,3,36727.76,6408.73,18679.42,122453.97
13862,4607,54,4,4901.82,127.66,3506.33,22985.95
13863,4608,89,3,4268.91,1414.35,2050.63,13443.01
13864,4608,97,2,11972.84,70.57,4297.52,28172.63
13865,4608,4,2,35689.14,8394.14,11337.15,74321.29
13866,4609,96,1,17662.28,494.03,3090.28,20258.53
13867,4609,116,2,3361.81,617.05,1099.18,7205.75
13868,4610,153,4,6055.61,2644.95,3883.95,25461.44
13869,4611,146,4,269.14,55.99,183.7,1204.27
13870,4611,98,4,20903.98,7066.25,13778.94,90328.61
13871,4611,13,4,40458.84,7964.03,27696.84,181568.17
13872,4612,57,4,20483.4,3352.03,14144.68,92726.25
13873,4612,68,3,3827.59,1152.73,1859.41,12189.45
13874,4612,135,1,25713.49,76.69,4614.62,30251.42
13875,4612,84,2,10857.56,385.58,3839.32,25168.86
13876,4612,76,4,44895.56,13709.64,29857.07,195729.67
13877,4613,210,1,33886.56,3046.34,5551.24,36391.46
13878,4613,184,3,11705.83,2628.91,5847.94,38336.52
13879,4614,211,3,18681.33,2140.33,9702.66,63606.32
13880,4614,144,1,33892.0,1735.68,5788.14,37944.46
13881,4614,59,1,13506.51,1128.48,2228.05,14606.08
13882,4614,229,4,33676.3,5590.82,23240.59,152354.97
13883,4615,158,2,36880.83,3354.12,12673.36,83080.9
13884,4615,198,3,112.51,20.69,57.03,373.87
13885,4616,185,3,189.21,37.25,95.47,625.85
13886,4617,206,3,37695.53,1236.1,20133.09,131983.58
13887,4617,130,4,12728.22,3524.06,8529.99,55918.81
13888,4618,153,1,6055.61,461.36,1006.96,6601.21
13889,4618,157,1,10083.83,1087.41,1619.36,10615.78
13890,4619,169,4,10455.18,528.72,7432.56,48724.56
13891,4620,3,4,33432.15,3245.06,23487.04,153970.58
13892,4620,17,4,25819.56,4881.43,17711.43,116108.24
13893,4621,211,2,18681.33,3637.15,6070.59,39796.1
13894,4621,92,2,39462.15,1230.0,13984.97,91679.27
13895,4621,98,3,20903.98,1565.71,11006.32,72152.55
13896,4621,140,3,12249.39,3598.43,5966.95,39116.69
13897,4621,70,1,30937.09,968.96,5394.26,35362.39
13898,4622,84,1,10857.56,461.67,1871.26,12267.15
13899,4622,230,1,26170.26,137.72,4685.86,30718.4
13900,4623,198,1,112.51,2.3,19.84,130.05
13901,4624,120,1,26697.64,3054.25,4255.81,27899.2
13902,4625,39,1,39677.48,685.21,7018.61,46010.88
13903,4625,131,1,41590.84,3042.45,6938.71,45487.1
13904,4625,78,2,5073.66,595.61,1719.31,11271.02
13905,4625,122,3,24991.82,773.1,13356.42,87558.78
13906,4626,89,4,4268.91,1579.93,2789.23,18284.94
13907,4626,169,1,10455.18,303.53,1827.3,11978.95
13908,4626,159,3,18286.08,862.32,9719.27,63715.19
13909,4627,117,1,27023.51,2636.63,4389.64,28776.52
13910,4627,171,1,32844.1,2171.85,5521.01,36193.26
13911,4627,8,3,28733.56,7147.27,14229.61,93283.02
13912,4627,9,4,9902.75,864.08,6974.45,45721.37
13913,4628,63,2,120.39,19.58,39.82,261.02
13914,4628,93,4,17083.66,6445.44,11140.06,73029.26
13915,4628,78,1,5073.66,451.57,831.98,5454.07
13916,4628,9,4,9902.75,114.38,7109.39,46606.01
13917,4628,95,3,8312.81,1186.17,4275.41,28027.67
13918,4629,3,1,33432.15,1340.37,5776.52,37868.3
13919,4629,206,2,37695.53,4514.59,12757.76,83634.23
13920,4629,148,3,32803.6,37.02,17707.28,116081.06
13921,4630,222,2,28533.87,2250.75,9867.06,64684.05
13922,4630,197,3,13368.44,1175.78,7007.32,45936.86
13923,4631,40,3,11047.42,371.14,5898.8,38669.92
13924,4631,16,3,37019.42,3938.21,19281.61,126401.66
13925,4631,147,4,26528.08,9064.04,17468.69,114516.97
13926,4632,120,1,26697.64,2557.96,4345.14,28484.82
13927,4632,48,2,2802.25,555.44,908.83,5957.89
13928,4632,115,1,7640.14,98.71,1357.46,8898.89
13929,4632,50,1,45675.94,2795.41,7718.5,50599.03
13930,4632,197,2,13368.44,2130.73,4429.11,29035.26
13931,4633,156,2,36965.82,8183.81,11834.61,77582.44
13932,4633,12,1,13880.48,1097.4,2300.95,15084.03
13933,4634,113,1,2640.7,15.36,472.56,3097.9
13934,4634,97,2,11972.84,2274.07,3900.89,25572.5
13935,4635,61,1,33657.04,1486.19,5790.75,37961.6
13936,4635,39,4,39677.48,14312.3,25991.57,170389.19
13937,4635,75,1,8532.47,357.85,1471.43,9646.05
13938,4635,108,2,46203.27,7679.57,15250.85,99977.82
13939,4636,222,4,28533.87,10547.46,18645.84,122233.86
13940,4636,44,2,43728.99,2935.14,15214.11,99736.95
13941,4636,85,3,8728.6,2061.06,4342.45,28467.19
13942,4636,198,3,112.51,26.29,56.02,367.26
13943,4636,17,2,25819.56,2325.73,8876.41,58189.8
13944,4637,194,2,5562.52,735.33,1870.15,12259.86
13945,4637,34,4,9115.19,3640.52,5907.64,38727.88
13946,4638,78,3,5073.66,999.66,2559.84,16781.16
13947,4639,209,2,10731.59,1287.77,3631.57,23806.98
13948,4639,239,2,26635.98,3197.98,9013.32,59087.3
13949,4639,48,4,2802.25,206.51,1980.45,12982.94
13950,4639,211,2,18681.33,1237.66,6502.5,42627.5
13951,4640,203,4,32452.38,15495.29,20576.56,134890.79
13952,4640,181,2,30664.66,4695.39,10194.11,66828.04
13953,4640,68,2,3827.59,309.09,1322.3,8668.39
13954,4640,74,3,24770.89,5094.34,12459.3,81677.63
13955,4640,62,3,34302.26,9852.38,16749.79,109804.19
13956,4641,142,3,26420.51,9077.99,12633.04,82816.58
13957,4641,127,2,3238.17,727.6,1034.77,6783.51
13958,4641,112,1,24992.69,1518.86,4225.29,27699.12
13959,4641,198,4,112.51,5.04,80.1,525.1
13960,4641,226,4,41253.01,2906.82,29178.94,191284.16
13961,4642,191,3,30208.27,9089.28,14676.4,96211.93
13962,4642,219,4,11772.86,3806.99,7791.2,51075.65
13963,4642,206,3,37695.53,11451.62,18294.29,119929.26
13964,4643,127,4,3238.17,1005.78,2150.44,14097.34
13965,4644,118,2,9547.03,670.37,3316.26,21739.95
13966,4644,188,3,14567.29,4324.82,7087.87,46464.92
13967,4645,43,3,16510.19,3455.04,8293.6,54369.13
13968,4645,112,3,24992.69,2005.42,13135.08,86107.73
13969,4645,83,1,34264.79,1513.74,5895.19,38646.24
13970,4646,70,3,30937.09,7418.43,15370.71,100763.55
13971,4646,153,2,6055.61,204.38,2143.23,14050.07
13972,4646,32,3,25348.23,613.62,13577.59,89008.66
13973,4647,98,3,20903.98,2645.99,10811.87,70877.82
13974,4648,145,3,17725.61,3537.88,8935.01,58573.96
13975,4648,31,1,44553.38,320.19,7961.97,52195.16
13976,4648,208,4,7922.32,3564.41,5062.48,33187.35
13977,4648,96,1,17662.28,1112.94,2978.88,19528.22
13978,4648,120,1,26697.64,2770.84,4306.82,28233.62
13979,4649,200,4,28469.05,3676.51,19835.94,130035.63
13980,4649,61,4,33657.04,15798.54,21389.33,140218.95
13981,4649,80,3,9554.15,1572.77,4876.14,31965.82
13982,4649,34,2,9115.19,359.36,3216.78,21087.8
13983,4649,216,1,4678.54,208.07,804.68,5275.15
13984,4650,81,2,3286.08,27.22,1178.09,7723.03
13985,4650,206,2,37695.53,308.82,13514.8,88597.04
13986,4650,233,4,21896.66,603.46,15656.97,102640.15
13987,4650,186,2,24680.72,4931.24,7997.44,52427.64
13988,4650,239,2,26635.98,4785.19,8727.62,57214.39
13989,4651,131,4,41590.84,8199.5,28469.49,186633.35
13990,4651,207,1,27779.78,1236.73,4777.75,31320.8
13991,4651,88,3,33071.07,5597.57,16850.82,110466.46
13992,4652,136,1,34274.09,2556.79,5709.11,37426.41
13993,4652,198,1,112.51,4.64,19.42,127.29
13994,4652,161,3,41588.13,6192.95,21342.86,139914.3
13995,4652,167,3,31659.13,10478.49,15209.8,99708.7
13996,4652,171,1,32844.1,2768.59,5413.59,35489.1
13997,4653,99,1,21866.86,2372.27,3509.03,23003.62
13998,4653,209,3,10731.59,3331.42,5195.4,34058.75
13999,4653,140,4,12249.39,138.96,8794.55,57653.15
14000,4653,36,3,10167.03,1008.74,5308.62,34800.97
14001,4654,68,4,3827.59,1028.19,2570.79,16852.96
14002,4654,64,3,1034.97,201.82,522.56,3425.65
14003,4654,183,1,17183.22,912.95,2928.65,19198.92
14004,4654,205,1,26777.33,769.98,4681.32,30688.67
14005,4655,79,1,15130.34,674.47,2602.06,17057.93
14006,4655,179,1,40060.15,4612.1,6380.65,41828.7
14007,4655,190,4,14801.53,917.66,10491.92,68780.38
14008,4656,37,3,36875.04,6768.96,18694.11,122550.27
14009,4657,165,3,37776.85,603.55,20290.86,133017.86
14010,4657,42,2,27736.92,6324.12,8846.95,57996.67
14011,4658,36,2,10167.03,1194.7,3445.08,22584.44
14012,4658,133,2,38037.94,6539.06,12516.63,82053.45
14013,4658,199,1,19178.46,297.48,3398.58,22279.56
14014,4658,178,2,39619.34,7297.29,12949.45,84890.84
14015,4659,222,1,28533.87,2714.04,4647.57,30467.4
14016,4659,177,1,37809.52,225.25,6765.17,44349.44
14017,4659,232,3,11511.84,4060.02,5485.59,35961.09
14018,4659,55,3,21783.95,1148.84,11556.54,75759.55
14019,4659,200,3,28469.05,398.63,15301.53,100310.05
14020,4660,145,4,17725.61,5282.61,11811.57,77431.4
14021,4660,77,4,19293.34,6477.12,12725.32,83421.56
14022,4660,114,1,23667.1,236.54,4217.5,27648.06
14023,4661,48,4,2802.25,300.23,1963.58,12872.35
14024,4661,112,1,24992.69,1538.29,4221.79,27676.19
14025,4662,134,3,29515.74,916.49,15773.53,103404.26
14026,4662,164,4,15908.19,6780.99,10233.32,67085.09
14027,4662,78,4,5073.66,542.92,3555.31,23307.03
14028,4663,69,4,3290.31,1558.64,2088.47,13691.07
14029,4663,202,2,22486.45,4169.45,7344.62,48148.07
14030,4663,29,1,7930.98,834.07,1277.44,8374.35
14031,4664,41,1,23389.54,2601.65,3741.82,24529.71
14032,4664,116,3,3361.81,361.66,1750.28,11474.05
14033,4665,136,2,34274.09,241.13,12295.27,80602.32
14034,4665,152,4,37157.0,10871.65,24796.14,162552.49
14035,4665,162,1,38305.79,2966.71,6361.03,41700.11
14036,4666,107,3,19641.45,935.75,10437.95,68426.55
14037,4666,50,3,45675.94,11247.85,22640.39,148420.36
14038,4666,79,2,15130.34,2210.56,5049.02,33099.14
14039,4666,161,3,41588.13,13002.31,20117.17,131879.25
14040,4667,191,4,30208.27,7433.56,20411.91,133811.43
14041,4667,124,3,10290.63,2855.96,5042.87,33058.8
14042,4668,224,1,31527.62,42.57,5667.31,37152.36
14043,4668,185,1,189.21,19.65,30.52,200.08
14044,4668,142,3,26420.51,9257.78,12600.67,82604.42
14045,4668,215,2,34726.43,5038.95,11594.5,76008.41
14046,4669,43,1,16510.19,597.36,2864.31,18777.14
14047,4670,118,1,9547.03,149.84,1691.49,11088.68
14048,4670,172,1,1060.63,74.46,177.51,1163.68
14049,4670,35,3,13199.49,2774.09,6628.39,43452.77
14050,4670,90,1,18461.71,1404.07,3070.38,20128.02
14051,4671,230,3,26170.26,9259.51,12465.23,81716.5
14052,4671,49,1,43844.62,3600.47,7243.95,47488.1
14053,4671,201,1,18244.99,1123.11,3081.94,20203.82
14054,4672,120,3,26697.64,4155.77,13668.69,89605.84
14055,4673,205,3,26777.33,8734.1,12887.62,84485.51
14056,4673,90,1,18461.71,1627.08,3030.23,19864.86
14057,4673,161,4,41588.13,10981.21,27966.84,183338.15
14058,4673,93,3,17083.66,5605.22,8216.24,53862.0
14059,4673,231,4,3326.96,627.49,2282.46,14962.81
14060,4674,179,4,40060.15,4468.94,28038.9,183810.56
14061,4674,54,2,4901.82,1129.26,1561.39,10235.77
14062,4675,110,2,6566.95,748.08,2229.45,14615.27
14063,4675,6,1,9654.29,990.66,1559.45,10223.08
14064,4675,188,3,14567.29,818.31,7719.04,50602.6
14065,4675,170,2,19374.04,4388.37,6184.75,40544.46
14066,4675,181,4,30664.66,9361.55,20393.48,133690.57
14067,4676,171,4,32844.1,11448.7,21586.99,141514.69
14068,4676,132,4,15074.48,3678.82,10191.44,66810.54
14069,4676,144,2,33892.0,6239.91,11077.94,72622.03
14070,4676,168,3,41017.08,134.37,22125.04,145041.91
14071,4677,112,2,24992.69,1909.92,8653.58,56729.04
14072,4677,108,4,46203.27,10875.34,31308.79,205246.53
14073,4678,87,2,21959.44,822.89,7757.28,50853.27
14074,4678,146,2,269.14,60.58,85.99,563.69
14075,4678,90,3,18461.71,3971.31,9254.49,60668.31
14076,4679,201,2,18244.99,717.83,6438.99,42211.14
14077,4679,146,1,269.14,1.6,48.16,315.7
14078,4679,124,1,10290.63,689.06,1728.28,11329.85
14079,4679,202,4,22486.45,89.19,16174.19,106030.8
14080,4680,26,1,15276.03,424.47,2673.28,17524.84
14081,4680,191,1,30208.27,2039.74,5070.34,33238.87
14082,4680,57,1,20483.4,469.92,3602.43,23615.91
14083,4680,33,4,39008.3,5166.08,27156.08,178023.2
14084,4680,229,4,33676.3,13924.75,21740.48,142520.93
14085,4681,237,4,17135.78,4964.45,11444.16,75022.83
14086,4682,13,2,40458.84,2098.67,14187.42,93006.43
14087,4683,127,1,3238.17,342.1,521.29,3417.36
14088,4684,171,1,32844.1,3113.63,5351.48,35081.95
14089,4684,203,4,32452.38,8249.82,21880.75,143440.45
14090,4685,27,1,12821.1,963.58,2134.35,13991.87
14091,4686,81,3,3286.08,899.7,1612.54,10571.08
14092,4686,63,3,120.39,29.57,59.69,391.29
14093,4686,83,2,34264.79,6121.61,11233.43,73641.4
14094,4686,51,4,628.75,111.73,432.59,2835.86
14095,4687,46,2,5015.71,367.53,1739.5,11403.39
14096,4687,99,1,21866.86,705.63,3809.02,24970.25
14097,4687,203,3,32452.38,10001.89,15723.94,103079.19
14098,4687,212,4,8937.81,491.07,6346.83,41607.0
14099,4687,80,3,9554.15,2859.84,4644.47,30447.08
14100,4688,62,1,34302.26,3996.82,5454.98,35760.42
14101,4688,167,4,31659.13,14175.92,20242.91,132703.51
14102,4688,4,2,35689.14,2553.1,12388.53,81213.71
14103,4688,22,4,9607.6,597.35,6809.95,44643.0
14104,4688,110,1,6566.95,52.03,1172.69,7687.61
14105,4689,199,1,19178.46,2059.07,3081.49,20200.88
14106,4689,195,1,42664.46,432.15,7601.82,49834.13
14107,4690,91,1,33075.34,3346.25,5351.24,35080.33
14108,4690,115,3,7640.14,673.79,4004.39,26251.02
14109,4690,189,1,28066.42,492.1,4963.38,32537.7
14110,4691,3,2,33432.15,5781.45,10994.91,72077.76
14111,4691,72,2,12573.73,387.81,4456.74,29216.39
14112,4691,235,2,28131.22,6658.66,8928.68,58532.46
14113,4692,120,4,26697.64,3795.78,18539.06,121533.84
14114,4692,156,4,36965.82,4421.26,25819.56,169261.58
14115,4692,177,2,37809.52,6455.69,12449.4,81612.75
14116,4692,105,1,18322.11,444.97,3217.89,21095.03
14117,4692,122,3,24991.82,3738.66,12822.62,84059.42
14118,4693,95,2,8312.81,1489.46,2724.51,17860.67
14119,4693,26,4,15276.03,3425.49,10382.15,68060.78
14120,4693,112,2,24992.69,3676.16,8335.66,54644.88
14121,4694,102,4,34567.4,10380.97,23019.95,150908.58
14122,4694,65,2,41109.17,555.69,14699.28,96361.93
14123,4694,141,3,29486.44,7724.92,14532.19,95266.59
14124,4695,71,4,21062.02,812.64,15018.38,98453.82
14125,4695,137,3,31709.73,2399.85,16691.28,109420.62
14126,4695,174,1,40361.15,933.1,7097.05,46525.1
14127,4695,52,4,30086.26,2747.52,21167.55,138765.07
14128,4696,27,2,12821.1,372.72,4548.51,29817.99
14129,4696,203,2,32452.38,3580.08,11038.44,72363.12
14130,4697,166,4,33767.83,12936.17,21984.33,144119.48
14131,4697,27,3,12821.1,4605.43,6094.42,39952.29
14132,4698,215,1,34726.43,1377.06,6002.89,39352.26
14133,4699,194,2,5562.52,308.31,1947.01,12763.74
14134,4699,39,2,39677.48,6658.5,13085.36,85781.82
14135,4699,144,2,33892.0,486.1,12113.62,79411.52
14136,4700,186,1,24680.72,659.81,4323.76,28344.67
14137,4700,46,2,5015.71,855.8,1651.61,10827.23
14138,4700,39,4,39677.48,17575.15,25404.26,166539.03
14139,4701,14,2,3800.37,792.39,1225.5,8033.85
14140,4701,157,3,10083.83,1794.22,5122.31,33579.58
14141,4701,148,3,32803.6,7318.76,16396.57,107488.61
14142,4701,202,2,22486.45,1631.1,7801.52,51143.32
14143,4702,19,1,37198.47,3121.37,6133.88,40210.98
14144,4702,113,4,2640.7,94.26,1884.34,12352.88
14145,4702,117,3,27023.51,7959.26,13160.03,86271.3
14146,4703,111,1,43082.21,2283.8,7343.71,48142.12
14147,4703,172,4,1060.63,282.85,712.74,4672.41
14148,4704,146,4,269.14,47.14,185.3,1214.72
14149,4704,112,2,24992.69,4871.49,8120.5,53234.39
14150,4704,65,1,41109.17,1620.67,7107.93,46596.43
14151,4705,73,4,17456.78,5751.19,11533.67,75609.6
14152,4705,55,2,21783.95,21.31,7838.39,51384.98
14153,4705,153,4,6055.61,2689.01,3876.02,25409.45
14154,4705,233,1,21896.66,738.89,3808.4,24966.17
14155,4706,213,2,20525.1,3985.16,6671.71,43736.75
14156,4707,185,1,189.21,14.07,31.53,206.67
14157,4708,131,1,41590.84,4317.74,6709.16,43982.26
14158,4708,156,1,36965.82,3767.4,5975.72,39174.14
14159,4708,28,3,29031.11,7654.73,14298.95,93737.55
14160,4709,60,4,24754.89,22.66,17819.44,116816.34
14161,4709,154,3,14680.42,3241.38,7343.98,48143.86
14162,4710,18,2,16802.96,603.39,5940.46,38942.99
14163,4710,205,4,26777.33,4389.96,18489.48,121208.84
14164,4710,207,2,27779.78,2113.26,9620.33,63066.63
14165,4710,150,4,3654.09,1521.5,2357.07,15451.93
14166,4711,174,4,40361.15,14220.93,26500.26,173723.93
14167,4711,128,2,48190.05,3890.18,16648.19,109138.11
14168,4711,236,2,18050.29,433.7,6420.04,42086.92
14169,4711,182,4,26624.12,1154.62,18961.53,124303.39
14170,4711,201,1,18244.99,909.62,3120.37,20455.74
14171,4712,178,3,39619.34,11637.86,19299.63,126519.79
14172,4712,150,1,3654.09,142.85,632.02,4143.26
14173,4712,76,2,44895.56,9338.69,14481.44,94933.87
14174,4713,196,1,40456.71,3449.18,6661.36,43668.89
14175,4714,175,3,27514.3,4453.55,14056.08,92145.43
14176,4714,5,2,16705.9,1978.63,5657.97,37091.14
14177,4714,90,2,18461.71,3854.91,5952.33,39020.84
14178,4714,229,4,33676.3,6880.34,23008.47,150833.33
14179,4714,159,3,18286.08,5048.39,8965.77,58775.62
14180,4715,149,4,16854.36,5973.05,11059.99,72504.38
14181,4715,69,1,3290.31,305.96,537.18,3521.53
14182,4716,145,4,17725.61,3568.66,12120.08,79453.86
14183,4716,161,3,41588.13,898.93,22295.78,146161.24
14184,4716,205,2,26777.33,3425.7,9023.21,59152.17
14185,4717,93,4,17083.66,4359.24,11515.57,75490.97
14186,4717,12,2,13880.48,2833.65,4486.92,29414.23
14187,4717,214,3,25781.44,3577.45,13278.04,87044.91
14188,4717,70,4,30937.09,1556.69,21994.5,144186.17
14189,4717,230,2,26170.26,4762.74,8564.0,56141.78
14190,4718,97,3,11972.84,2150.88,6078.18,39845.82
14191,4719,124,2,10290.63,2350.18,3281.59,21512.67
14192,4720,190,3,14801.53,247.35,7948.3,52105.54
14193,4720,3,1,33432.15,3124.68,5455.34,35762.81
14194,4721,209,4,10731.59,1737.57,7413.98,48602.77
14195,4722,197,2,13368.44,2491.09,4364.24,28610.03
14196,4722,180,4,4766.01,306.29,3376.39,22134.14
14197,4722,152,4,37157.0,10333.77,24892.96,163187.19
14198,4722,65,2,41109.17,1553.34,14519.7,95184.7
14199,4723,161,3,41588.13,12194.71,20262.54,132832.22
14200,4723,10,1,31794.64,2135.71,5338.61,34997.54
14201,4723,131,2,41590.84,4313.61,14196.25,93064.32
14202,4723,135,1,25713.49,2849.67,4115.49,26979.31
14203,4724,109,1,25465.9,2319.62,4166.33,27312.61
14204,4724,53,3,12091.35,1477.73,6263.34,41059.66
14205,4724,55,3,21783.95,6522.77,10589.23,69418.31
14206,4725,108,1,46203.27,1844.82,7984.52,52342.97
14207,4725,182,4,26624.12,1243.5,18945.54,124198.52
14208,4725,76,4,44895.56,2539.12,31867.76,208910.88
14209,4725,127,1,3238.17,169.68,552.33,3620.82
14210,4726,169,4,10455.18,2665.17,7048.0,46203.55
14211,4726,168,2,41017.08,4855.1,13892.23,91071.29
14212,4727,232,4,11511.84,443.45,8208.7,53812.61
14213,4727,182,1,26624.12,2767.22,4294.24,28151.14
14214,4727,19,2,37198.47,1276.53,13161.67,86282.08
14215,4728,214,1,25781.44,1856.39,4306.51,28231.56
14216,4728,10,3,31794.64,10595.54,15261.91,100050.29
14217,4728,6,4,9654.29,1171.02,6740.31,44186.45
14218,4728,12,3,13880.48,152.7,7467.97,48956.71
14219,4728,196,2,40456.71,2467.77,14120.22,92565.87
14220,4729,16,4,37019.42,10733.77,24721.9,162065.81
14221,4729,45,4,3684.98,1425.45,2396.6,15711.07
14222,4729,47,2,34112.86,6093.87,11183.73,73315.58
14223,4730,131,3,41590.84,2894.22,21938.09,143816.39
14224,4730,39,4,39677.48,16327.35,25628.86,168011.43
14225,4730,205,1,26777.33,236.51,4777.35,31318.17
14226,4730,56,2,36444.51,5527.76,12125.03,79486.29
14227,4730,145,1,17725.61,1180.27,2978.16,19523.5
14228,4731,43,4,16510.19,6252.91,10761.81,70549.66
14229,4731,176,1,43250.55,2843.54,7273.26,47680.27
14230,4731,5,1,16705.9,1537.0,2730.4,17899.3
14231,4731,67,1,41997.34,629.96,7446.13,48813.51
14232,4732,46,3,5015.71,1268.15,2480.22,16259.2
14233,4732,17,3,25819.56,3395.71,13331.33,87394.3
14234,4733,143,1,23230.7,769.43,4043.03,26504.3
14235,4733,218,1,20584.33,1996.17,3345.87,21934.03
14236,4733,125,3,28195.42,1226.86,15004.69,98364.09
14237,4733,197,4,13368.44,3746.02,8950.99,58678.73
14238,4734,74,4,24770.89,2978.47,17298.92,113404.01
14239,4734,213,1,20525.1,1108.58,3494.97,22911.49
14240,4735,240,2,39567.79,1711.24,13936.38,91360.72
14241,4735,61,2,33657.04,976.22,11940.81,78278.67
14242,4735,159,1,18286.08,303.01,3236.95,21220.02
14243,4735,43,3,16510.19,5524.98,7921.01,51926.6
14244,4735,238,2,19991.97,1291.68,6964.61,45656.87
14245,4736,33,2,39008.3,3100.1,13484.97,88401.47
14246,4736,226,1,41253.01,2173.99,7034.22,46113.24
14247,4737,58,4,43014.0,261.5,30923.01,202717.51
14248,4737,34,4,9115.19,3946.17,5852.63,38367.22
14249,4737,7,1,1179.48,117.54,191.15,1253.09
14250,4737,56,4,36444.51,660.09,26121.23,171239.18
14251,4738,171,2,32844.1,934.85,11655.6,76408.95
14252,4738,120,3,26697.64,1156.55,14208.55,93144.92
14253,4738,112,2,24992.69,4045.26,8269.22,54209.34
14254,4738,174,2,40361.15,5978.5,13453.88,88197.68
14255,4739,211,1,18681.33,110.74,3342.71,21913.3
14256,4740,99,3,21866.86,3387.91,11198.28,73410.95
14257,4740,137,1,31709.73,3018.68,5164.39,33855.44
14258,4741,71,3,21062.02,81.02,11358.91,74463.95
14259,4742,176,4,43250.55,3068.71,30588.03,200521.52
14260,4742,92,2,39462.15,4518.23,13393.09,87799.16
14261,4743,87,2,21959.44,492.14,7816.81,51243.55
14262,4743,212,4,8937.81,31.34,6429.58,42149.48
14263,4743,139,4,4824.95,1760.64,3157.05,20696.21
14264,4744,225,2,36716.34,5248.99,12273.06,80456.75
14265,4744,101,4,46156.61,7715.8,31843.92,208754.56
14266,4745,236,4,18050.29,3504.21,12365.45,81062.4
14267,4745,16,3,37019.42,6832.02,18760.72,122986.96
14268,4745,36,2,10167.03,1470.78,3395.39,22258.67
14269,4745,184,4,11705.83,870.01,8271.6,54224.91
14270,4745,84,1,10857.56,988.29,1776.47,11645.74
14271,4746,83,3,34264.79,8060.48,17052.1,111785.99
14272,4746,176,2,43250.55,6207.24,14452.89,94746.75
14273,4746,95,3,8312.81,1036.56,4302.34,28204.21
14274,4746,232,3,11511.84,1435.15,5958.07,39058.44
14275,4746,24,2,4300.49,852.72,1394.69,9142.95
14276,4747,15,3,37893.41,4732.27,19610.63,128558.59
14277,4748,79,4,15130.34,5018.88,9990.45,65492.93
14278,4748,42,2,27736.92,3383.21,9376.31,61466.94
14279,4749,92,4,39462.15,18349.81,25109.78,164608.57
14280,4749,178,2,39619.34,3321.45,13665.1,89582.33
14281,4749,194,4,5562.52,326.96,3946.16,25869.28
14282,4750,120,4,26697.64,12354.93,16998.41,111434.04
14283,4750,2,3,11408.11,2389.61,5730.25,37564.97
14284,4750,124,2,10290.63,6.29,3703.49,24278.46
14285,4751,21,4,27939.78,369.46,20050.14,131439.8
14286,4751,106,1,12366.02,1463.04,1962.54,12865.52
14287,4752,56,4,36444.51,10571.36,24337.2,159543.88
14288,4752,53,1,12091.35,310.01,2120.64,13901.98
14289,4753,224,2,31527.62,1103.06,11151.39,73103.57
14290,4753,233,1,21896.66,243.08,3897.64,25551.22
14291,4754,42,4,27736.92,639.96,19855.39,130163.11
14292,4754,13,2,40458.84,986.4,14387.63,94318.91
14293,4754,139,1,4824.95,530.72,772.96,5067.19
14294,4755,138,2,5484.92,174.53,1943.16,12738.47
14295,4755,41,1,23389.54,1255.56,3984.12,26118.1
14296,4755,66,3,12279.53,3697.9,5965.32,39106.01
14297,4755,140,3,12249.39,3010.82,6072.72,39810.07
14298,4755,154,4,14680.42,5079.95,9655.51,63297.24
14299,4756,174,1,40361.15,3847.96,6572.37,43085.56
14300,4756,133,1,38037.94,4534.33,6030.65,39534.26
14301,4756,191,4,30208.27,4413.45,20955.53,137375.16
14302,4757,207,3,27779.78,3826.01,14312.4,93825.73
14303,4757,54,3,4901.82,818.07,2499.73,16387.12
14304,4757,233,3,21896.66,2893.73,11303.32,74099.57
14305,4757,73,4,17456.78,2647.56,12092.32,79271.88
14306,4757,72,3,12573.73,1421.44,6533.95,42833.7
14307,4758,82,4,10944.45,4749.84,7025.03,46052.99
14308,4758,28,1,29031.11,3020.32,4681.94,30692.73
14309,4759,234,3,10605.83,132.13,5703.36,37388.72
14310,4759,135,3,25713.49,7552.38,12525.86,82113.95
14311,4760,92,1,39462.15,1511.36,6831.14,44781.93
14312,4761,237,2,17135.78,3033.77,5622.8,36860.59
14313,4761,198,1,112.51,1.27,20.02,131.26
14314,4761,130,1,12728.22,1271.37,2062.23,13519.08
14315,4761,18,2,16802.96,3883.58,5350.02,35072.36
14316,4762,155,4,37465.45,6377.78,25827.12,169311.14
14317,4762,157,2,10083.83,1626.39,3337.43,21878.7
14318,4762,229,3,33676.3,6355.24,17041.26,111714.92
14319,4763,204,4,3813.54,1734.11,2433.61,15953.66
14320,4763,61,2,33657.04,1676.28,11814.8,77452.6
14321,4763,212,3,8937.81,1461.3,4563.38,29915.51
14322,4763,12,3,13880.48,361.31,7430.42,48710.55
14323,4764,80,2,9554.15,1540.83,3162.14,20729.61
14324,4764,134,1,29515.74,2975.47,4777.25,31317.52
14325,4764,37,3,36875.04,11404.16,17859.77,117080.73
14326,4764,229,1,33676.3,2664.13,5582.19,36594.36
14327,4764,183,1,17183.22,1716.16,2784.07,18251.13
14328,4765,162,4,38305.79,6399.13,26428.33,173252.36
14329,4766,220,2,21280.0,960.67,7487.88,49087.21
14330,4766,148,4,32803.6,12997.41,21279.06,139496.05
14331,4767,196,4,40456.71,10961.57,27155.75,178021.02
14332,4767,238,3,19991.97,266.78,10747.64,70456.77
14333,4767,144,2,33892.0,7139.95,10915.93,71559.98
14334,4767,139,2,4824.95,89.62,1720.85,11281.13
14335,4767,14,2,3800.37,394.23,1297.17,8503.68
14336,4768,151,2,39931.59,3515.16,13742.64,90090.66
14337,4768,111,4,43082.21,12405.58,28786.19,188709.45
14338,4768,63,1,120.39,6.03,20.58,134.94
14339,4769,9,1,9902.75,438.58,1703.55,11167.72
14340,4769,132,1,15074.48,125.2,2690.87,17640.15
14341,4770,190,3,14801.53,4290.34,7220.56,47334.81
14342,4770,29,2,7930.98,569.59,2752.63,18045.0
14343,4770,28,2,29031.11,1748.99,10136.38,66449.61
14344,4770,220,3,21280.0,519.16,11397.75,74718.59
14345,4770,205,3,26777.33,7100.47,13181.67,86413.19
14346,4771,50,3,45675.94,7160.74,23376.07,153243.15
14347,4771,209,4,10731.59,623.22,7614.57,49917.71
14348,4771,131,1,41590.84,4192.22,6731.75,44130.37
14349,4771,118,2,9547.03,2263.51,3029.5,19860.05
14350,4772,176,4,43250.55,7331.55,29820.72,195491.37
14351,4772,29,2,7930.98,968.47,2680.83,17574.32
14352,4772,158,4,36880.83,3505.78,25923.16,169940.7
14353,4773,47,4,34112.86,15899.95,21699.27,142250.76
14354,4773,120,4,26697.64,7087.3,17946.59,117649.85
14355,4773,92,2,39462.15,1591.22,13919.95,91253.03
14356,4773,113,4,2640.7,573.98,1797.99,11786.81
14357,4774,116,1,3361.81,24.56,600.7,3937.95
14358,4774,44,3,43728.99,1023.02,23429.51,153593.46
14359,4775,196,2,40456.71,6709.06,13356.78,87561.14
14360,4775,185,3,189.21,3.64,101.52,665.51
14361,4775,38,1,28086.65,1032.09,4869.82,31924.38
14362,4775,113,1,2640.7,153.5,447.7,2934.9
14363,4775,60,1,24754.89,1831.75,4126.17,27049.31
14364,4776,51,3,628.75,167.14,309.44,2028.55
14365,4776,76,2,44895.56,6702.64,14955.93,98044.41
14366,4777,55,1,21783.95,2095.14,3543.99,23232.8
14367,4777,172,4,1060.63,496.33,674.31,4420.5
14368,4777,4,2,35689.14,6894.04,11607.16,76091.4
14369,4778,223,4,39924.82,1070.88,28553.11,187181.51
14370,4778,73,3,17456.78,1602.28,9138.25,59906.31
14371,4778,162,1,38305.79,208.77,6857.46,44954.48
14372,4778,140,4,12249.39,4359.97,8034.77,52672.36
14373,4779,180,2,4766.01,225.24,1675.22,10982.0
14374,4779,146,2,269.14,57.49,86.54,567.33
14375,4779,133,3,38037.94,2824.06,20032.16,131321.92
14376,4779,42,2,27736.92,3448.19,9364.62,61390.27
14377,4779,204,2,3813.54,709.74,1245.12,8162.46
14378,4780,44,3,43728.99,15652.83,20796.15,136330.29
14379,4780,102,1,34567.4,2431.53,5784.46,37920.33
14380,4780,164,1,15908.19,873.81,2706.19,17740.57
14381,4780,74,4,24770.89,1508.8,17563.46,115138.22
14382,4781,47,2,34112.86,3995.99,11561.35,75791.08
14383,4782,185,4,189.21,59.1,125.59,823.33
14384,4782,226,1,41253.01,1719.75,7115.99,46649.25
14385,4782,95,4,8312.81,2561.62,5524.13,36213.75
14386,4782,227,2,19776.73,2164.09,6730.09,44119.46
14387,4782,58,1,43014.0,4897.06,6861.05,44977.99
14388,4783,55,4,21783.95,8986.67,14066.84,92215.97
14389,4783,49,1,43844.62,2225.13,7491.51,49111.0
14390,4784,226,4,41253.01,15211.57,26964.08,176764.55
14391,4785,33,4,39008.3,6692.12,26881.39,176222.47
14392,4785,148,2,32803.6,818.59,11661.95,76450.56
14393,4786,133,1,38037.94,726.88,6715.99,44027.05
14394,4787,218,1,20584.33,2086.0,3329.7,21828.03
14395,4787,55,1,21783.95,2445.57,3480.91,22819.29
14396,4787,107,3,19641.45,3634.45,9952.18,65242.08
14397,4788,221,2,32207.06,5046.78,10686.12,70053.46
14398,4788,12,2,13880.48,35.35,4990.61,32716.22
14399,4788,175,4,27514.3,8283.81,18319.21,120092.6
14400,4788,150,2,3654.09,319.38,1257.98,8246.78
14401,4788,63,4,120.39,12.3,84.47,553.73
14402,4789,157,2,10083.83,1909.52,3286.47,21544.61
14403,4789,18,1,16802.96,33.97,3018.42,19787.41
14404,4789,92,1,39462.15,1114.94,6902.5,45249.71
14405,4789,140,4,12249.39,2539.97,8362.37,54819.96
14406,4790,117,4,27023.51,10096.07,17639.63,115637.6
14407,4790,153,2,6055.61,102.39,2161.59,14170.42
14408,4790,157,3,10083.83,3221.36,4865.42,31895.55
14409,4790,199,2,19178.46,1868.27,6567.96,43056.61
14410,4791,94,3,35740.44,11286.55,17268.26,113203.03
14411,4791,122,2,24991.82,1334.26,8756.89,57406.27
14412,4792,56,1,36444.51,349.76,6497.05,42591.8
14413,4792,148,4,32803.6,11497.5,21549.04,141265.94
14414,4792,158,4,36880.83,3300.42,25960.12,170183.02
14415,4792,172,1,1060.63,12.28,188.7,1237.05
14416,4792,238,2,19991.97,2347.58,6774.54,44410.9
14417,4793,156,2,36965.82,1770.98,12988.92,85149.58
14418,4793,225,3,36716.34,2014.24,19464.26,127599.04
14419,4793,120,1,26697.64,1644.93,4509.49,29562.2
14420,4793,169,4,10455.18,4807.85,6662.32,43675.19
14421,4794,233,1,21896.66,262.92,3894.07,25527.81
14422,4794,135,1,25713.49,2956.28,4096.3,26853.51
14423,4795,147,2,26528.08,5286.35,8598.57,56368.38
14424,4795,115,3,7640.14,1612.87,3835.36,25142.91
14425,4796,41,2,23389.54,4691.75,7575.72,49663.05
14426,4796,199,1,19178.46,944.11,3282.18,21516.53
14427,4796,19,3,37198.47,10925.18,18120.64,118790.87
14428,4796,60,1,24754.89,2227.99,4054.84,26581.74
14429,4796,39,1,39677.48,1555.39,6861.98,44984.07
14430,4797,212,1,8937.81,751.22,1473.59,9660.18
14431,4797,146,1,269.14,6.12,47.34,310.36
14432,4797,36,2,10167.03,1595.26,3372.98,22111.78
14433,4798,211,2,18681.33,564.57,6623.66,43421.75
14434,4798,75,4,8532.47,1389.45,5893.28,38633.71
14435,4799,93,1,17083.66,438.84,2996.07,19640.89
14436,4799,108,2,46203.27,4421.6,15837.29,103822.23
14437,4799,152,3,37157.0,3742.49,19391.13,127119.64
14438,4800,108,2,46203.27,1716.12,16324.28,107014.7
14439,4800,76,2,44895.56,2125.09,15779.89,103445.92
14440,4800,163,4,1240.08,32.6,886.99,5814.71
14441,4801,185,2,189.21,21.52,64.24,421.14
14442,4801,3,4,33432.15,12239.99,21867.95,143356.56
14443,4801,70,1,30937.09,3513.16,4936.31,32360.24
14444,4801,196,3,40456.71,2915.54,21321.83,139776.42
14445,4802,141,1,29486.44,3303.48,4712.93,30895.89
14446,4802,42,1,27736.92,2186.17,4599.14,30149.89
14447,4802,124,3,10290.63,537.27,5460.23,35794.85
14448,4802,106,4,12366.02,1499.85,8633.56,56597.79
14449,4803,34,1,9115.19,765.46,1502.95,9852.68
14450,4803,94,1,35740.44,1856.02,6099.2,39983.62
14451,4803,31,4,44553.38,11957.79,29926.03,196181.76
14452,4804,227,4,19776.73,1401.65,13986.95,91692.22
14453,4804,21,4,27939.78,8225.78,18636.0,122169.34
14454,4805,16,2,37019.42,4895.36,12445.83,81589.31
14455,4805,64,2,1034.97,219.19,333.13,2183.88
14456,4805,203,2,32452.38,2267.78,11274.66,73911.64
14457,4806,26,3,15276.03,1742.95,7935.33,52020.47
14458,4806,178,3,39619.34,12193.49,19199.62,125864.15
14459,4806,74,1,24770.89,2400.4,4026.69,26397.18
14460,4806,208,4,7922.32,2919.45,5178.57,33948.4
14461,4807,232,4,11511.84,4975.03,7393.02,48465.35
14462,4807,93,3,17083.66,5971.42,8150.32,53429.88
14463,4807,164,4,15908.19,1407.22,11200.6,73426.14
14464,4807,108,1,46203.27,2809.06,7810.96,51205.17
14465,4807,79,3,15130.34,1502.11,7900.0,51788.91
14466,4808,79,4,15130.34,4201.87,10137.51,66457.0
14467,4808,196,4,40456.71,14433.91,26530.73,173923.66
14468,4808,202,4,22486.45,5838.52,15139.31,99246.59
14469,4808,221,2,32207.06,3969.26,10880.07,71324.93
14470,4809,113,4,2640.7,944.41,1731.31,11349.7
14471,4809,180,2,4766.01,1020.13,1532.14,10044.03
14472,4809,218,3,20584.33,4125.16,10373.01,68000.84
14473,4810,108,3,46203.27,7789.35,23547.68,154368.14
14474,4810,37,4,36875.04,14408.46,23956.51,157048.21
14475,4810,183,1,17183.22,1184.39,2879.79,18878.62
14476,4810,104,2,15989.17,2727.93,5265.07,34515.48
14477,4810,201,4,18244.99,7003.16,11875.82,77852.62
14478,4811,59,1,13506.51,1001.1,2250.97,14756.38
14479,4811,177,1,37809.52,730.59,6674.21,43753.14
14480,4812,235,3,28131.22,1.07,15190.67,99583.26
14481,4812,77,1,19293.34,1429.1,3215.56,21079.8
14482,4812,218,2,20584.33,2311.45,6994.3,45851.51
14483,4813,103,4,20030.13,9081.84,12786.96,83825.64
14484,4813,229,1,33676.3,1288.2,5829.86,38217.96
14485,4813,151,1,39931.59,2690.51,6703.39,43944.47
14486,4814,74,3,24770.89,8284.94,11884.99,77912.72
14487,4814,101,3,46156.61,6356.96,23780.32,155893.19
14488,4814,52,2,30086.26,1046.85,10642.62,69768.29
14489,4814,149,1,16854.36,1908.22,2690.31,17636.45
14490,4814,231,1,3326.96,372.17,531.86,3486.65
14491,4815,147,1,26528.08,1608.62,4485.5,29404.96
14492,4816,96,3,17662.28,3287.57,8945.87,58645.14
14493,4817,120,3,26697.64,7753.34,13021.12,85360.7
14494,4817,42,1,27736.92,2143.38,4606.84,30200.38
14495,4818,49,2,43844.62,5659.71,14765.32,96794.85
14496,4818,223,1,39924.82,1575.76,6902.83,45251.89
14497,4818,28,2,29031.11,3931.44,9743.54,63874.32
14498,4818,59,3,13506.51,3043.15,6745.75,44222.13
14499,4819,49,4,43844.62,11795.52,29444.93,193027.89
14500,4819,217,4,8518.31,2168.58,5742.84,37647.5
14501,4820,152,4,37157.0,8270.35,25264.38,165622.03
14502,4820,23,1,3383.79,218.94,569.67,3734.52
14503,4821,32,2,25348.23,1746.17,8811.05,57761.34
14504,4821,28,1,29031.11,2130.38,4842.13,31742.86
14505,4822,145,1,17725.61,224.31,3150.23,20651.53
14506,4822,83,3,34264.79,2802.39,17998.56,117990.54
14507,4822,127,4,3238.17,389.1,2261.44,14825.02
14508,4822,5,2,16705.9,289.87,5961.95,39083.88
14509,4822,73,4,17456.78,7320.89,11251.12,73757.35
14510,4823,194,1,5562.52,451.45,919.99,6031.06
14511,4824,240,1,39567.79,790.55,6979.9,45757.14
14512,4824,61,1,33657.04,1293.83,5825.38,38188.59
14513,4824,139,2,4824.95,1006.56,1555.8,10199.14
14514,4824,207,2,27779.78,4603.82,9172.03,60127.77
14515,4825,101,1,46156.61,4790.6,7445.88,48811.89
14516,4826,57,4,20483.4,2876.3,14230.31,93287.61
14517,4826,10,3,31794.64,1519.23,16895.64,110760.33
14518,4826,1,2,25243.55,1812.93,8761.35,57435.52
14519,4826,159,2,18286.08,3948.71,5872.22,38495.67
14520,4827,181,3,30664.66,4499.78,15748.96,103243.16
14521,4827,221,2,32207.06,7302.09,10280.17,67392.2
14522,4827,216,1,4678.54,57.72,831.75,5452.57
14523,4828,134,1,29515.74,2485.69,4865.41,31895.46
14524,4828,226,3,41253.01,13479.03,19850.4,130130.4
14525,4828,201,2,18244.99,4078.17,5834.13,38245.94
14526,4829,106,2,12366.02,2796.86,3948.33,25883.51
14527,4829,224,2,31527.62,2370.91,10923.18,71607.51
14528,4830,193,1,16913.96,1542.08,2766.94,18138.82
14529,4830,212,1,8937.81,418.75,1533.43,10052.49
14530,4830,14,3,3800.37,638.69,1937.24,12699.66
14531,4831,18,1,16802.96,1716.45,2715.57,17802.08
14532,4832,96,3,17662.28,736.89,9404.99,61654.94
14533,4832,190,1,14801.53,1157.74,2455.88,16099.67
14534,4832,101,2,46156.61,6447.18,15455.89,101321.93
14535,4833,45,1,3684.98,377.14,595.41,3903.25
14536,4833,25,3,27064.69,4021.44,13891.07,91063.7
14537,4834,125,4,28195.42,7225.16,19000.17,124556.69
14538,4834,172,2,1060.63,92.69,365.14,2393.71
14539,4834,16,3,37019.42,3627.25,19337.58,126768.59
14540,4835,161,3,41588.13,81.31,22442.95,147126.03
14541,4835,202,1,22486.45,1291.57,3815.08,25009.96
14542,4835,93,1,17083.66,1263.89,2847.56,18667.33
14543,4835,180,2,4766.01,4.34,1714.98,11242.66
14544,4836,28,4,29031.11,11151.09,18895.2,123868.55
14545,4836,217,2,8518.31,1475.67,2800.97,18361.92
14546,4836,59,3,13506.51,3988.27,6575.63,43106.89
14547,4837,154,1,14680.42,864.79,2486.81,16302.44
14548,4838,141,3,29486.44,3619.27,15271.21,100111.26
14549,4838,140,1,12249.39,48.48,2196.16,14397.07
14550,4838,118,4,9547.03,624.5,6761.45,44325.07
14551,4838,152,1,37157.0,1889.73,6348.11,41615.38
14552,4839,34,2,9115.19,1485.25,3014.12,19759.25
14553,4839,216,1,4678.54,434.72,763.89,5007.71
14554,4839,91,1,33075.34,337.05,5892.89,38631.18
14555,4839,2,4,11408.11,256.1,8167.74,53544.08
14556,4839,141,4,29486.44,5676.73,20208.43,132477.46
14557,4840,37,1,36875.04,3803.68,5952.84,39024.2
14558,4840,105,3,18322.11,1719.93,9584.35,62830.75
14559,4841,111,2,43082.21,9888.86,13729.6,90005.16
14560,4841,240,3,39567.79,6875.13,20129.08,131957.32
14561,4841,130,4,12728.22,851.07,9011.13,59072.94
14562,4841,43,3,16510.19,2574.02,8452.18,55408.73
14563,4841,124,3,10290.63,2304.45,5142.14,33709.58
14564,4842,8,2,28733.56,3519.16,9710.63,63658.59
14565,4842,97,2,11972.84,1116.66,4109.22,26938.24
14566,4842,124,2,10290.63,2461.43,3261.57,21381.4
14567,4843,36,4,10167.03,3451.59,6698.98,43915.51
14568,4843,234,1,10605.83,175.48,1877.46,12307.81
14569,4843,167,4,31659.13,3869.77,22098.01,144864.76
14570,4843,175,2,27514.3,3558.81,9264.56,60734.35
14571,4844,157,2,10083.83,150.35,3603.12,23620.43
14572,4844,179,3,40060.15,10316.8,19775.46,129639.11
14573,4844,204,2,3813.54,180.8,1340.33,8786.61
14574,4844,25,1,27064.69,1456.81,4609.42,30217.3
14575,4844,36,3,10167.03,2136.09,5105.7,33470.7
14576,4845,117,3,27023.51,9072.04,12959.73,84958.22
14577,4845,226,2,41253.01,6525.86,13676.43,89656.59
14578,4845,27,3,12821.1,419.74,6847.84,44891.4
14579,4846,65,2,41109.17,8283.11,13308.34,87243.57
14580,4846,118,2,9547.03,519.87,3343.35,21917.54
14581,4846,116,2,3361.81,302.94,1155.72,7576.4
14582,4846,38,3,28086.65,9623.47,13434.57,88071.05
14583,4846,164,3,15908.19,3680.69,7927.9,51971.78
14584,4847,152,4,37157.0,17062.85,23681.73,155246.88
14585,4847,96,1,17662.28,2046.01,2810.93,18427.2
14586,4848,162,4,38305.79,618.59,27468.82,180073.39
14587,4849,104,3,15989.17,1501.94,8363.8,54829.37
14588,4849,61,3,33657.04,6033.65,17088.74,112026.21
14589,4850,161,3,41588.13,6922.97,21211.46,139052.88
14590,4850,169,3,10455.18,2193.69,5250.93,34422.78
14591,4850,190,4,14801.53,4899.7,9775.16,64081.58
14592,4850,70,1,30937.09,3079.13,5014.43,32872.39
14593,4850,180,2,4766.01,390.72,1645.43,10786.73
14594,4851,234,3,10605.83,3036.76,5180.53,33961.26
14595,4852,145,4,17725.61,5479.57,11776.12,77198.99
14596,4852,13,2,40458.84,935.65,14396.77,94378.8
14597,4852,105,1,18322.11,1766.95,2979.93,19535.09
14598,4852,173,4,15522.12,7038.33,9909.03,64959.18
14599,4853,35,2,13199.49,895.9,4590.55,30093.63
14600,4854,10,1,31794.64,3739.19,5049.98,33105.43
14601,4854,149,3,16854.36,5894.73,8040.3,52708.65
14602,4855,78,1,5073.66,336.96,852.61,5589.31
14603,4855,234,3,10605.83,1212.32,5508.93,36114.1
14604,4856,69,1,3290.31,273.69,542.99,3559.61
14605,4857,176,2,43250.55,7559.11,14209.56,93151.55
14606,4857,118,4,9547.03,3744.38,6199.87,40643.61
14607,4858,91,1,33075.34,2351.2,5530.35,36254.49
14608,4858,198,3,112.51,22.44,56.72,371.81
14609,4858,66,2,12279.53,480.06,4334.22,28413.22
14610,4858,47,3,34112.86,92.1,18404.37,120650.85
14611,4859,199,3,19178.46,6140.42,9251.09,60646.05
14612,4859,37,3,36875.04,8175.88,18440.86,120890.1
14613,4859,172,1,1060.63,51.6,181.63,1190.66
14614,4859,155,3,37465.45,7059.0,18960.72,124298.07
14615,4860,135,1,25713.49,1069.2,4435.97,29080.26
14616,4860,216,3,4678.54,1419.33,2270.93,14887.22
14617,4860,232,2,11511.84,1776.4,3824.51,25071.79
14618,4860,98,3,20903.98,4552.61,10468.68,68628.01
14619,4861,67,1,41997.34,42.04,7551.95,49507.25
14620,4861,69,1,3290.31,368.25,525.97,3448.03
14621,4862,54,1,4901.82,277.17,832.44,5457.09
14622,4862,173,4,15522.12,2145.95,10789.66,70732.19
14623,4863,146,1,269.14,4.75,47.59,311.98
14624,4863,162,3,38305.79,12489.44,18437.03,120864.96
14625,4863,214,2,25781.44,4304.04,8506.59,55765.43
14626,4864,107,2,19641.45,633.43,6956.9,45606.37
14627,4864,210,1,33886.56,1531.12,5823.98,38179.42
14628,4864,76,4,44895.56,5536.4,31328.25,205374.09
14629,4865,209,3,10731.59,1997.91,5435.43,35632.29
14630,4865,129,1,3101.06,371.59,491.3,3220.77
14631,4865,237,4,17135.78,3366.25,11731.84,76908.71
14632,4865,215,3,34726.43,1839.09,18421.24,120761.44
14633,4865,176,3,43250.55,15230.24,20613.85,135135.26
14634,4866,65,1,41109.17,4534.04,6583.52,43158.65
14635,4867,128,2,48190.05,4779.47,16488.11,108088.74
14636,4867,48,4,2802.25,518.11,1924.36,12615.25
14637,4868,60,1,24754.89,2705.37,3968.91,26018.43
14638,4868,167,4,31659.13,9155.0,21146.67,138628.19
14639,4868,108,4,46203.27,10644.6,31350.33,205518.81
14640,4869,201,4,18244.99,7120.33,11854.73,77714.36
14641,4869,207,3,27779.78,1742.4,14687.45,96284.39
14642,4869,75,3,8532.47,2850.21,4094.5,26841.7
14643,4870,88,3,33071.07,8508.17,16326.91,107031.95
14644,4870,40,4,11047.42,1715.22,7645.4,50119.86
14645,4870,126,2,14629.39,1860.91,4931.62,32329.49
14646,4870,58,1,43014.0,3947.66,7031.94,46098.28
14647,4871,162,1,38305.79,1474.46,6629.64,43460.97
14648,4871,128,2,48190.05,10297.88,15494.8,101577.02
14649,4871,182,4,26624.12,11365.51,17123.57,112254.54
14650,4871,220,3,21280.0,4392.31,10700.58,70148.27
14651,4872,13,1,40458.84,826.13,7133.89,46766.6
14652,4872,199,2,19178.46,3549.06,6265.41,41073.27
14653,4872,9,1,9902.75,284.16,1731.35,11349.94
14654,4872,204,2,3813.54,700.39,1246.8,8173.49
14655,4872,206,3,37695.53,13396.01,17944.3,117634.88
14656,4873,36,2,10167.03,644.04,3544.2,23234.22
14657,4873,225,1,36716.34,799.29,6465.07,42382.12
14658,4873,96,1,17662.28,255.58,3133.21,20539.91
14659,4873,235,1,28131.22,1351.69,4820.32,31599.85
14660,4873,34,2,9115.19,1934.94,2933.18,19228.62
14661,4874,209,1,10731.59,1123.14,1729.52,11337.97
14662,4874,153,1,6055.61,155.53,1062.01,6962.09
14663,4874,42,2,27736.92,3212.21,9407.09,61668.72
14664,4875,183,1,17183.22,1081.19,2898.37,19000.4
14665,4875,190,4,14801.53,5986.26,9579.57,62799.43
14666,4875,119,3,36904.39,5952.52,18856.92,123617.57
14667,4875,22,2,9607.6,2122.11,3076.76,20169.85
14668,4876,27,3,12821.1,3102.73,6364.9,41725.47
14669,4876,183,4,17183.22,6231.69,11250.21,73751.4
14670,4876,121,4,18719.38,8078.24,12023.87,78823.15
14671,4876,135,1,25713.49,1968.38,4274.12,28019.23
14672,4876,149,1,16854.36,1281.95,2803.03,18375.44
14673,4877,236,4,18050.29,6397.66,11844.63,77648.13
14674,4878,25,1,27064.69,2291.82,4459.12,29231.99
14675,4879,37,4,36875.04,12951.49,24218.76,158767.43
14676,4880,173,3,15522.12,610.65,8272.03,54227.74
14677,4880,119,4,36904.39,8429.77,25053.8,164241.59
14678,4880,140,4,12249.39,4009.38,8097.87,53086.05
14679,4880,167,1,31659.13,1922.87,5352.53,35088.79
14680,4881,43,2,16510.19,1212.46,5725.43,37533.35
14681,4881,193,4,16913.96,6988.44,10920.13,71587.53
14682,4881,199,1,19178.46,1594.31,3165.15,20749.3
14683,4881,64,1,1034.97,108.87,166.7,1092.8
14684,4882,29,3,7930.98,1292.68,4050.05,26550.31
14685,4882,239,4,26635.98,996.47,18998.54,124545.99
14686,4882,32,2,25348.23,3204.54,8548.55,56040.47
14687,4883,100,4,46774.34,2030.64,33312.01,218378.73
14688,4883,153,4,6055.61,1551.75,4080.72,26751.41
14689,4883,140,3,12249.39,293.49,6561.84,43016.52
14690,4884,204,1,3813.54,163.9,656.94,4306.58
14691,4884,224,1,31527.62,1054.42,5485.18,35958.38
14692,4885,174,4,40361.15,4103.51,28321.4,185662.49
14693,4886,87,2,21959.44,4008.25,7183.91,47094.54
14694,4886,179,1,40060.15,3593.47,6564.0,43030.68
14695,4886,133,1,38037.94,3582.99,6201.89,40656.84
14696,4886,145,3,17725.61,3874.72,8874.38,58176.49
14697,4886,20,4,38320.28,2636.98,27115.95,177760.09
14698,4887,17,4,25819.56,1429.09,18332.85,120182.0
14699,4887,102,2,34567.4,4922.34,11558.24,75770.7
14700,4887,240,1,39567.79,4522.27,6308.19,41353.71
14701,4888,202,2,22486.45,4459.56,7292.4,47805.74
14702,4888,71,2,21062.02,1565.98,7300.45,47858.51
14703,4889,204,2,3813.54,912.55,1208.62,7923.15
14704,4889,205,1,26777.33,50.97,4810.74,31537.1
14705,4889,107,4,19641.45,1798.89,13818.04,90584.95
14706,4890,20,2,38320.28,3223.36,13215.1,86632.3
14707,4890,148,2,32803.6,352.26,11745.89,77000.83
14708,4890,96,4,17662.28,3812.87,12030.52,78866.77
14709,4890,216,2,4678.54,923.42,1518.06,9951.72
14710,4891,210,3,33886.56,6262.75,17171.45,112568.38
14711,4891,236,4,18050.29,2512.64,12543.93,82232.45
14712,4891,212,2,8937.81,780.18,3077.18,20172.62
14713,4891,132,1,15074.48,1465.33,2449.65,16058.8
14714,4892,214,1,25781.44,2777.2,4140.76,27145.0
14715,4892,229,2,33676.3,2264.25,11715.9,76804.25
14716,4892,58,4,43014.0,20626.45,27257.32,178686.87
14717,4892,114,1,23667.1,2380.48,3831.59,25118.21
14718,4892,200,1,28469.05,162.54,5095.17,33401.68
14719,4893,232,3,11511.84,3456.23,5594.27,36673.56
14720,4893,156,3,36965.82,2300.72,19547.41,128144.15
14721,4893,120,4,26697.64,8548.19,17683.63,115926.0
14722,4893,166,4,33767.83,14985.08,21615.52,141701.76
14723,4894,115,2,7640.14,162.57,2721.19,17838.9
14724,4894,131,1,41590.84,4082.73,6751.46,44259.57
14725,4895,145,2,17725.61,2390.42,5950.94,39011.74
14726,4895,65,4,41109.17,14646.44,26962.24,176752.48
14727,4895,225,3,36716.34,11035.01,17840.52,116954.53
14728,4895,213,3,20525.1,4891.17,10203.14,66887.27
14729,4895,58,2,43014.0,4581.61,14660.35,96106.74
14730,4896,133,1,38037.94,124.31,6824.45,44738.08
14731,4896,232,2,11511.84,2012.12,3782.08,24793.64
14732,4896,122,4,24991.82,6059.08,16903.48,110811.68
14733,4896,214,2,25781.44,3831.0,8591.74,56323.62
14734,4896,179,3,40060.15,9356.68,19948.28,130772.05
14735,4897,97,3,11972.84,636.87,6350.7,41632.35
14736,4897,61,3,33657.04,7848.72,16762.03,109884.43
14737,4897,37,2,36875.04,7896.9,11853.57,77706.75
14738,4898,159,1,18286.08,1308.96,3055.88,20033.0
14739,4898,220,4,21280.0,2398.93,14889.79,97610.86
14740,4898,191,2,30208.27,1465.24,10611.23,69562.53
14741,4899,99,2,21866.86,2181.09,7479.47,49032.1
14742,4899,62,3,34302.26,7113.33,17242.82,113036.27
14743,4899,168,3,41017.08,5505.66,21158.2,138703.78
14744,4899,202,3,22486.45,7223.45,10842.46,71078.36
14745,4899,66,1,12279.53,118.04,2189.07,14350.56
14746,4900,183,3,17183.22,4290.64,8506.62,55765.64
14747,4900,187,4,33639.08,3428.01,23603.1,154731.41
14748,4900,120,4,26697.64,3418.05,18607.05,121979.56
14749,4900,68,3,3827.59,828.13,1917.84,12572.48
14750,4900,186,4,24680.72,3335.06,17169.81,112557.63
14751,4901,8,4,28733.56,7833.74,19278.09,126378.59
14752,4902,25,2,27064.69,1198.98,9527.47,62457.87
14753,4902,4,2,35689.14,891.2,12687.67,83174.75
14754,4902,154,3,14680.42,705.44,7800.45,51136.27
14755,4903,86,2,41540.1,2452.09,14513.06,95141.17
14756,4903,35,2,13199.49,1718.38,4442.51,29123.11
14757,4904,41,2,23389.54,4684.7,7576.99,49671.37
14758,4905,239,2,26635.98,4540.81,8771.61,57502.76
14759,4905,133,1,38037.94,2940.18,6317.6,41415.36
14760,4905,52,1,30086.26,1649.48,5118.62,33555.4
14761,4905,92,3,39462.15,2255.47,20903.58,137034.56
14762,4906,27,2,12821.1,1842.72,4283.91,28083.39
14763,4906,108,1,46203.27,2239.18,7913.54,51877.63
14764,4906,82,3,10944.45,3680.21,5247.57,34400.71
14765,4906,13,1,40458.84,1701.61,6976.3,45733.53
14766,4906,145,4,17725.61,8472.5,11237.39,73667.33
14767,4907,238,4,19991.97,2553.07,13934.67,91349.48
14768,4907,198,3,112.51,24.24,56.39,369.68
14769,4907,109,3,25465.9,2754.6,13255.76,86898.86
14770,4907,164,4,15908.19,3152.8,10886.39,71366.35
14771,4907,120,1,26697.64,1872.64,4468.5,29293.5
14772,4908,176,3,43250.55,8487.83,21827.49,143091.31
14773,4908,36,1,10167.03,1034.27,1643.9,10776.66
14774,4909,166,4,33767.83,1706.65,24005.64,157370.31
14775,4909,99,1,21866.86,302.08,3881.66,25446.44
14776,4910,13,2,40458.84,7003.64,13304.53,87218.57
14777,4910,40,3,11047.42,2971.52,5430.73,35601.47
14778,4910,43,4,16510.19,2089.67,11511.2,75462.29
14779,4910,195,3,42664.46,11654.36,20941.02,137280.04
14780,4910,160,1,7458.41,586.71,1236.91,8108.61
14781,4911,61,1,33657.04,327.26,5999.36,39329.14
14782,4911,62,2,34302.26,3914.85,11644.14,76333.81
14783,4911,213,1,20525.1,386.57,3624.94,23763.47
14784,4911,90,3,18461.71,1098.64,9771.57,64058.06
14785,4911,192,3,13341.13,2706.43,6717.05,44034.01
14786,4912,20,3,38320.28,6640.51,19497.66,127817.99
14787,4913,183,1,17183.22,1867.74,2756.79,18072.27
14788,4914,110,2,6566.95,342.48,2302.46,15093.88
14789,4914,119,1,36904.39,336.41,6582.24,43150.22
14790,4914,29,4,7930.98,3700.98,5044.13,33067.07
14791,4915,104,4,15989.17,3468.38,10887.89,71376.19
14792,4915,61,2,33657.04,4743.71,11262.67,73833.04
14793,4915,44,3,43728.99,8081.8,22158.93,145264.1
14794,4915,190,2,14801.53,1847.64,4995.98,32751.4
14795,4916,152,2,37157.0,6925.03,12130.01,79518.98
14796,4916,106,2,12366.02,1556.54,4171.59,27347.09
14797,4916,130,2,12728.22,672.21,4461.16,29245.39
14798,4917,54,3,4901.82,696.53,2521.61,16530.54
14799,4917,82,1,10944.45,621.53,1858.13,12181.05
14800,4918,98,4,20903.98,5081.31,14136.23,92670.84
14801,4919,227,4,19776.73,6884.57,13000.02,85222.37
14802,4919,108,2,46203.27,2164.07,16243.64,106486.11
14803,4919,54,3,4901.82,134.27,2622.81,17194.0
14804,4919,138,1,5484.92,436.41,908.73,5957.24
14805,4920,107,1,19641.45,513.9,3442.96,22570.51
14806,4920,171,4,32844.1,11058.47,21657.23,141975.16
14807,4920,108,2,46203.27,7535.99,15276.7,100147.25
14808,4921,74,3,24770.89,1043.67,13188.42,86457.42
14809,4921,229,3,33676.3,8003.51,16744.57,109769.96
14810,4921,104,4,15989.17,2375.38,11084.63,72665.93
14811,4921,50,1,45675.94,3574.41,7578.28,49679.81
14812,4921,39,2,39677.48,4440.87,13484.54,88398.63
14813,4922,33,1,39008.3,1993.54,6662.66,43677.42
14814,4922,190,4,14801.53,1932.13,10309.32,67583.31
14815,4922,195,4,42664.46,5640.67,29703.09,194720.26
14816,4922,78,3,5073.66,1427.17,2482.89,16276.7
14817,4923,216,1,4678.54,306.56,786.96,5158.94
14818,4924,110,3,6566.95,54.86,3536.28,23182.27
14819,4924,64,1,1034.97,91.28,169.86,1113.55
14820,4924,65,2,41109.17,3061.68,14248.2,93404.86
14821,4924,169,2,10455.18,1639.34,3468.78,22739.8
14822,4924,227,2,19776.73,2911.67,6595.52,43237.31
14823,4925,184,2,11705.83,2043.11,3846.34,25214.89
14824,4925,157,1,10083.83,902.26,1652.68,10834.25
14825,4926,9,1,9902.75,1087.49,1586.75,10402.01
14826,4926,92,2,39462.15,8707.54,12639.02,82855.78
14827,4926,96,1,17662.28,1926.03,2832.52,18568.77
14828,4926,170,1,19374.04,1801.14,3163.12,20736.02
14829,4927,2,2,11408.11,732.43,3975.08,26058.87
14830,4927,87,4,21959.44,3747.9,15136.17,99226.03
14831,4927,223,4,39924.82,4820.19,27878.24,182757.33
14832,4927,232,3,11511.84,317.91,6159.17,40376.78
14833,4927,218,1,20584.33,1558.93,3424.57,22449.97
14834,4928,45,1,3684.98,201.38,627.05,4110.65
14835,4928,213,1,20525.1,677.14,3572.63,23420.59
14836,4929,49,4,43844.62,1571.72,31285.22,205091.98
14837,4929,184,1,11705.83,699.9,1981.07,12987.0
14838,4929,89,2,4268.91,614.86,1426.13,9349.09
14839,4930,229,3,33676.3,5267.66,17237.02,112998.26
14840,4930,88,4,33071.07,2731.42,23319.51,152872.37
14841,4930,175,1,27514.3,872.7,4795.49,31437.09
14842,4931,42,4,27736.92,891.3,19810.15,129866.53
14843,4931,56,2,36444.51,8668.16,11559.75,75780.61
14844,4931,13,4,40458.84,17654.1,25952.63,170133.89
14845,4931,143,3,23230.7,2300.09,12130.56,79522.57
14846,4932,173,2,15522.12,753.44,5452.34,35743.14
14847,4932,60,2,24754.89,1982.01,8555.0,56082.77
14848,4933,202,2,22486.45,3455.82,7473.07,48990.15
14849,4933,40,3,11047.42,3634.51,5311.39,34819.14
14850,4933,136,3,34274.09,2449.27,18067.14,118440.14
14851,4933,121,2,18719.38,3347.58,6136.41,40227.59
14852,4933,71,1,21062.02,2409.41,3357.47,22010.08
14853,4934,224,4,31527.62,9496.08,20990.59,137604.99
14854,4934,71,4,21062.02,2277.65,14754.68,96725.11
14855,4934,126,4,14629.39,918.31,10367.86,67967.11
14856,4934,110,4,6566.95,600.73,4620.07,30287.14
14857,4934,161,2,41588.13,1811.75,14645.61,96010.12
14858,4935,104,1,15989.17,511.08,2786.06,18264.15
14859,4935,233,2,21896.66,4327.18,7103.91,46570.05
14860,4936,14,1,3800.37,275.13,634.54,4159.78
14861,4936,157,3,10083.83,2276.33,5035.53,33010.69
14862,4936,190,1,14801.53,1753.83,2348.59,15396.29
14863,4937,211,1,18681.33,1316.33,3125.7,20490.7
14864,4937,155,2,37465.45,3598.18,12839.89,84172.61
14865,4937,156,3,36965.82,8205.86,18484.49,121176.09
14866,4937,183,2,17183.22,2281.25,5775.33,37860.52
14867,4937,50,2,45675.94,9642.13,14707.75,96417.5
14868,4938,124,2,10290.63,1827.86,3375.61,22129.01
14869,4938,56,1,36444.51,611.63,6449.92,42282.8
14870,4938,218,4,20584.33,662.61,14701.45,96376.16
14871,4938,147,4,26528.08,2385.53,18670.82,122397.61
14872,4939,138,2,5484.92,175.46,1942.99,12737.37
14873,4940,94,3,35740.44,5192.68,18365.16,120393.8
14874,4940,8,1,28733.56,2446.85,4731.61,31018.32
14875,4940,220,2,21280.0,1289.09,7428.76,48699.67
14876,4940,194,1,5562.52,187.07,967.58,6343.03
14877,4941,128,3,48190.05,17303.99,22907.91,150174.07
14878,4941,215,1,34726.43,4104.51,5511.95,36133.87
14879,4941,111,4,43082.21,16090.83,28122.84,184360.85
14880,4941,21,4,27939.78,12320.0,17899.04,117338.16
14881,4942,178,4,39619.34,16542.46,25548.28,167483.18
14882,4942,231,2,3326.96,453.06,1116.15,7317.01
14883,4942,140,2,12249.39,1345.81,4167.53,27320.5
14884,4942,51,4,628.75,145.01,426.6,2796.59
14885,4942,177,1,37809.52,863.77,6650.23,43595.98
14886,4943,49,4,43844.62,16682.74,28565.23,187260.97
14887,4943,135,2,25713.49,3604.16,8608.11,56430.93
14888,4943,59,1,13506.51,1496.59,2161.79,14171.71
14889,4944,53,4,12091.35,5048.81,7796.99,51113.58
14890,4944,86,3,41540.1,4183.18,21678.68,142115.8
14891,4944,201,1,18244.99,6.68,3282.9,21521.21
14892,4944,89,2,4268.91,836.35,1386.26,9087.73
14893,4944,67,3,41997.34,9186.5,21024.99,137830.51
14894,4945,117,2,27023.51,3199.37,9152.58,60000.23
14895,4945,217,2,8518.31,1405.72,2813.56,18444.46
14896,4945,2,2,11408.11,2632.79,3633.02,23816.45
14897,4946,51,1,628.75,48.71,104.41,684.45
14898,4947,107,3,19641.45,4025.52,9881.79,64780.62
14899,4947,231,2,3326.96,410.16,1123.88,7367.64
14900,4948,140,4,12249.39,2254.52,8413.75,55156.79
14901,4948,31,2,44553.38,9479.48,14332.91,93960.19
14902,4949,194,1,5562.52,242.95,957.52,6277.09
14903,4949,139,4,4824.95,1369.48,3227.46,21157.78
14904,4949,15,4,37893.41,3746.85,26608.82,174435.61
14905,4950,100,1,46774.34,3916.75,7714.37,50571.96
14906,4950,44,1,43728.99,487.67,7783.44,51024.76
14907,4950,69,1,3290.31,281.0,541.68,3550.99
14908,4950,182,2,26624.12,4610.16,8754.85,57392.93
14909,4950,54,4,4901.82,788.78,3387.33,22205.83
14910,4951,87,3,21959.44,5579.67,10853.76,71152.41
14911,4951,26,2,15276.03,737.45,5366.63,35181.24
14912,4951,142,1,26420.51,972.62,4580.62,30028.51
14913,4951,239,1,26635.98,44.59,4786.45,31377.84
14914,4952,2,2,11408.11,567.31,4004.8,26253.71
14915,4952,195,4,42664.46,14556.18,28098.3,184199.96
14916,4952,239,3,26635.98,3385.27,13774.08,90296.75
14917,4952,33,1,39008.3,4425.49,6224.91,40807.72
14918,4953,142,3,26420.51,1521.46,13993.21,91733.28
14919,4953,225,1,36716.34,1592.44,6322.3,41446.2
14920,4953,172,3,1060.63,380.05,504.33,3306.17
14921,4953,100,2,46774.34,8821.36,15250.92,99978.24
14922,4953,119,4,36904.39,13764.68,24093.52,157946.4
14923,4954,121,1,18719.38,1599.96,3081.5,20200.92
14924,4954,203,3,32452.38,727.6,17393.32,114022.86
14925,4954,43,2,16510.19,2645.94,5467.4,35841.84
14926,4954,145,4,17725.61,7160.02,11473.64,75216.06
14927,4954,207,1,27779.78,1798.62,4676.61,30657.77
14928,4955,239,3,26635.98,2715.71,13894.6,91086.83
14929,4955,109,4,25465.9,7193.85,17040.56,111710.31
14930,4955,161,2,41588.13,7683.27,13588.74,89081.73
14931,4955,217,4,8518.31,3886.34,5433.64,35620.54
14932,4956,167,2,31659.13,2421.0,10961.51,71858.77
14933,4956,174,4,40361.15,17821.89,25852.09,169474.8
14934,4956,43,2,16510.19,2500.51,5493.58,36013.45
14935,4956,224,4,31527.62,8449.99,21178.89,138839.38
14936,4957,40,1,11047.42,258.96,1941.92,12730.38
14937,4957,14,2,3800.37,1.88,1367.79,8966.65
14938,4957,198,4,112.51,41.59,73.52,481.97
14939,4958,29,4,7930.98,1889.36,5370.22,35204.78
14940,4958,46,1,5015.71,374.38,835.44,5476.77
14941,4958,124,1,10290.63,121.25,1830.49,11999.87
14942,4958,214,3,25781.44,6040.57,12834.67,84138.42
14943,4959,44,3,43728.99,10396.37,21742.31,142532.91
14944,4959,114,4,23667.1,3816.13,16353.41,107205.68
14945,4959,36,3,10167.03,633.01,5376.25,35244.33
14946,4959,232,2,11511.84,1767.54,3826.11,25082.25
14947,4959,101,2,46156.61,5420.4,15640.71,102533.53
14948,4960,142,3,26420.51,8923.86,12660.78,82998.45
14949,4961,97,1,11972.84,623.57,2042.87,13392.14
14950,4961,166,3,33767.83,9320.02,16557.02,108540.49
14951,4961,224,1,31527.62,3652.27,5017.56,32892.91
14952,4961,34,2,9115.19,973.69,3106.2,20362.89
14953,4961,198,1,112.51,6.89,19.01,124.63
14954,4962,226,2,41253.01,9449.45,13150.18,86206.75
14955,4962,46,1,5015.71,210.89,864.87,5669.69
14956,4962,110,3,6566.95,967.18,3372.06,22105.73
14957,4962,142,1,26420.51,1838.79,4424.71,29006.43
14958,4963,17,3,25819.56,2807.41,13437.23,88088.5
14959,4963,237,2,17135.78,3513.09,5536.52,36294.99
14960,4963,167,4,31659.13,1002.93,22614.05,148247.64
14961,4963,91,1,33075.34,1941.27,5604.13,36738.2
14962,4964,176,4,43250.55,14931.18,28452.78,186523.8
14963,4964,166,4,33767.83,9557.3,22592.52,148106.54
14964,4965,55,4,21783.95,2740.14,15191.22,99586.88
14965,4965,196,3,40456.71,7504.73,20495.77,134361.17
14966,4965,218,3,20584.33,3880.85,10416.99,68289.13
14967,4966,149,1,16854.36,604.67,2924.94,19174.63
14968,4966,53,4,12091.35,1038.61,8518.82,55845.61
14969,4966,145,1,17725.61,1190.51,2976.32,19511.42
14970,4966,2,1,11408.11,847.67,1900.88,12461.32
14971,4967,186,2,24680.72,5616.05,7874.17,51619.56
14972,4967,202,1,22486.45,1132.76,3843.66,25197.35
14973,4967,178,3,39619.34,1783.92,21073.34,138147.44
14974,4967,60,4,24754.89,8787.85,16241.71,106473.42
14975,4968,16,4,37019.42,8597.28,25106.47,164586.87
14976,4968,36,3,10167.03,886.79,5330.57,34944.87
14977,4968,194,3,5562.52,1451.89,2742.42,17978.09
14978,4969,18,1,16802.96,1330.71,2785.01,18257.26
14979,4970,17,4,25819.56,4517.34,17776.96,116537.86
14980,4970,170,4,19374.04,1869.55,13612.79,89239.4
14981,4970,195,3,42664.46,12977.58,20702.84,135718.64
14982,4971,84,2,10857.56,1594.8,3621.66,23741.98
14983,4971,187,1,33639.08,1380.68,5806.51,38064.91
14984,4972,8,2,28733.56,6607.37,9154.75,60014.5
14985,4972,204,3,3813.54,975.55,1883.71,12348.78
14986,4972,75,1,8532.47,1020.77,1352.11,8863.81
14987,4972,1,4,25243.55,10931.81,16207.63,106250.02
14988,4973,85,2,8728.6,1852.44,2808.86,18413.62
14989,4974,113,3,2640.7,190.74,1391.64,9123.0
14990,4974,171,3,32844.1,9742.41,15982.18,104772.07
14991,4975,104,2,15989.17,3481.97,5129.35,33625.72
14992,4975,54,2,4901.82,948.52,1593.92,10449.04
14993,4976,128,2,48190.05,8173.97,15877.1,104083.23
14994,4977,124,4,10290.63,4869.6,6532.73,42825.65
14995,4977,54,4,4901.82,1212.59,3311.04,21705.73
14996,4977,211,2,18681.33,1704.45,6418.48,42076.69
14997,4977,76,4,44895.56,12966.65,29990.81,196606.4
14998,4977,192,3,13341.13,1090.37,7007.94,45940.96
14999,4978,48,1,2802.25,187.18,470.71,3085.78
15000,4978,64,4,1034.97,72.24,732.18,4799.82
15001,4978,15,4,37893.41,1096.71,27085.85,177562.78
15002,4979,158,4,36880.83,4291.25,25781.77,169013.84
15003,4979,1,4,25243.55,9716.84,16426.32,107683.68
15004,4979,47,4,34112.86,9484.51,22854.05,149820.98
15005,4979,64,4,1034.97,302.07,690.81,4528.62
15006,4979,104,4,15989.17,4230.43,10750.73,70476.98
15007,4980,63,4,120.39,49.58,77.76,509.74
15008,4980,34,1,9115.19,168.45,1610.41,10557.15
15009,4980,39,2,39677.48,2323.67,13865.63,90896.92
15010,4980,235,4,28131.22,12716.79,17965.46,117773.55
15011,4980,24,2,4300.49,28.88,1542.98,10115.08
15012,4981,162,1,38305.79,1606.33,6605.9,43305.36
15013,4982,217,3,8518.31,876.13,4442.18,29120.98
15014,4983,178,4,39619.34,6389.74,27375.77,179463.39
15015,4983,102,3,34567.4,4017.1,17943.32,117628.42
15016,4984,211,4,18681.33,2116.12,13069.66,85678.86
15017,4984,68,4,3827.59,115.83,2735.02,17929.55
15018,4984,134,2,29515.74,1281.97,10394.91,68144.42
15019,4985,80,2,9554.15,2050.15,3070.47,20128.62
15020,4985,210,4,33886.56,6742.76,23184.63,151988.11
15021,4985,235,1,28131.22,586.22,4958.1,32503.1
15022,4985,222,2,28533.87,6275.68,9142.57,59934.63
15023,4985,84,3,10857.56,835.8,5712.64,37449.52
15024,4986,132,3,15074.48,2953.17,7608.65,49878.92
15025,4986,29,2,7930.98,1141.26,2649.73,17370.43
15026,4986,226,4,41253.01,17469.68,26557.62,174099.98
15027,4987,58,2,43014.0,3297.8,14891.44,97621.64
15028,4987,234,4,10605.83,2260.46,7229.31,47392.17
15029,4987,233,1,21896.66,1149.46,3734.5,24481.7
15030,4987,125,3,28195.42,3686.51,14561.95,95461.7
15031,4988,42,4,27736.92,11311.8,17934.46,117570.34
15032,4988,183,4,17183.22,3619.96,11720.33,76833.25
15033,4988,88,4,33071.07,2850.21,23298.13,152732.2
15034,4989,132,1,15074.48,995.21,2534.27,16613.54
15035,4989,156,3,36965.82,4300.13,19187.52,125784.85
15036,4989,209,3,10731.59,877.65,5637.08,36954.2
15037,4990,154,3,14680.42,823.7,7779.16,50996.72
15038,4990,233,1,21896.66,1312.94,3705.07,24288.79
15039,4990,106,1,12366.02,716.0,2097.0,13747.02
15040,4990,162,4,38305.79,1267.63,27352.0,179307.53
15041,4990,165,1,37776.85,1544.44,6521.83,42754.24
15042,4991,152,3,37157.0,13134.79,17700.52,116036.73
15043,4991,24,2,4300.49,270.77,1499.44,9829.65
15044,4991,108,4,46203.27,10255.61,31420.34,205977.81
15045,4992,196,2,40456.71,7820.02,13156.81,86250.21
15046,4993,165,1,37776.85,1884.18,6460.68,42353.35
15047,4993,166,3,33767.83,6021.93,17150.68,112432.24
15048,4993,11,3,36727.76,3272.4,19243.96,126154.84
15049,4993,93,3,17083.66,193.37,9190.37,60247.98
15050,4993,37,1,36875.04,789.07,6495.47,42581.44
15051,4994,122,3,24991.82,2229.7,13094.24,85840.0
15052,4994,112,1,24992.69,334.15,4438.54,29097.08
15053,4995,212,4,8937.81,33.82,6429.14,42146.56
15054,4995,164,3,15908.19,3027.69,8045.44,52742.32
15055,4996,27,4,12821.1,5577.53,8227.24,53934.11
15056,4996,156,4,36965.82,13156.97,24247.14,158953.45
15057,4996,218,1,20584.33,1779.22,3384.92,22190.03
15058,4996,202,4,22486.45,7585.05,14824.93,97185.68
15059,4997,102,3,34567.4,7130.85,17382.84,113954.19
15060,4997,43,3,16510.19,3713.9,8247.0,54063.67
15061,4997,152,1,37157.0,1811.37,6362.21,41707.84
15062,4997,114,1,23667.1,1371.75,4013.16,26308.51
15063,4998,152,1,37157.0,496.4,6598.91,43259.51
15064,4999,151,1,39931.59,962.93,7014.36,45983.02
15065,5000,239,2,26635.98,391.56,9518.47,62398.87
15066,5000,207,4,27779.78,5037.38,19094.71,125176.45
15067,5000,77,3,19293.34,2390.12,9988.18,65478.08
15068,5001,240,2,39567.79,1370.1,13997.79,91763.27
15069,5001,109,2,25465.9,1308.59,8932.18,58555.39
