movement_id,store_id,product_id,movement_type,quantity,reference_type,reference_id,created_at
1,3,180,PURCHASE,28,OPENING_STOCK,,2026-04-01 09:00:00
2,1,133,PURCHASE,64,OPENING_STOCK,,2026-04-01 09:00:00
3,4,112,PURCHASE,62,OPENING_STOCK,,2026-04-01 09:00:00
4,2,130,PURCHASE,44,OPENING_STOCK,,2026-04-01 09:00:00
5,2,41,PURCHASE,33,OPENING_STOCK,,2026-04-01 09:00:00
6,5,100,PURCHASE,76,OPENING_STOCK,,2026-04-01 09:00:00
7,1,27,PURCHASE,69,OPENING_STOCK,,2026-04-01 09:00:00
8,3,168,PURCHASE,68,OPENING_STOCK,,2026-04-01 09:00:00
9,2,138,PURCHASE,44,OPENING_STOCK,,2026-04-01 09:00:00
10,4,17,PURCHASE,68,OPENING_STOCK,,2026-04-01 09:00:00
11,4,153,PURCHASE,58,OPENING_STOCK,,2026-04-01 09:00:00
12,1,219,PURCHASE,41,OPENING_STOCK,,2026-04-01 09:00:00
13,4,86,PURCHASE,53,OPENING_STOCK,,2026-04-01 09:00:00
14,5,214,PURCHASE,22,OPENING_STOCK,,2026-04-01 09:00:00
15,2,40,PURCHASE,20,OPENING_STOCK,,2026-04-01 09:00:00
16,4,63,PURCHASE,20,OPENING_STOCK,,2026-04-01 09:00:00
17,1,50,PURCHASE,61,OPENING_STOCK,,2026-04-01 09:00:00
18,1,9,PURCHASE,75,OPENING_STOCK,,2026-04-01 09:00:00
19,4,94,PURCHASE,36,OPENING_STOCK,,2026-04-01 09:00:00
20,5,208,PURCHASE,55,OPENING_STOCK,,2026-04-01 09:00:00
21,4,197,PURCHASE,62,OPENING_STOCK,,2026-04-01 09:00:00
22,2,58,PURCHASE,58,OPENING_STOCK,,2026-04-01 09:00:00
23,2,121,PURCHASE,73,OPENING_STOCK,,2026-04-01 09:00:00
24,5,35,PURCHASE,25,OPENING_STOCK,,2026-04-01 09:00:00
25,3,125,PURCHASE,46,OPENING_STOCK,,2026-04-01 09:00:00
26,5,193,PURCHASE,55,OPENING_STOCK,,2026-04-01 09:00:00
27,5,228,PURCHASE,74,OPENING_STOCK,,2026-04-01 09:00:00
28,3,198,PURCHASE,42,OPENING_STOCK,,2026-04-01 09:00:00
29,4,165,PURCHASE,55,OPENING_STOCK,,2026-04-01 09:00:00
30,1,83,PURCHASE,62,OPENING_STOCK,,2026-04-01 09:00:00
31,4,26,PURCHASE,64,OPENING_STOCK,,2026-04-01 09:00:00
32,2,191,PURCHASE,39,OPENING_STOCK,,2026-04-01 09:00:00
33,3,179,PURCHASE,24,OPENING_STOCK,,2026-04-01 09:00:00
34,1,22,PURCHASE,80,OPENING_STOCK,,2026-04-01 09:00:00
35,1,86,PURCHASE,46,OPENING_STOCK,,2026-04-01 09:00:00
36,4,95,PURCHASE,42,OPENING_STOCK,,2026-04-01 09:00:00
37,2,98,PURCHASE,76,OPENING_STOCK,,2026-04-01 09:00:00
38,1,65,PURCHASE,61,OPENING_STOCK,,2026-04-01 09:00:00
39,2,125,PURCHASE,78,OPENING_STOCK,,2026-04-01 09:00:00
40,3,72,PURCHASE,27,OPENING_STOCK,,2026-04-01 09:00:00
41,1,217,PURCHASE,25,OPENING_STOCK,,2026-04-01 09:00:00
42,3,99,PURCHASE,47,OPENING_STOCK,,2026-04-01 09:00:00
43,4,146,PURCHASE,79,OPENING_STOCK,,2026-04-01 09:00:00
44,1,42,PURCHASE,75,OPENING_STOCK,,2026-04-01 09:00:00
45,4,127,PURCHASE,62,OPENING_STOCK,,2026-04-01 09:00:00
46,4,148,PURCHASE,32,OPENING_STOCK,,2026-04-01 09:00:00
47,3,154,PURCHASE,59,OPENING_STOCK,,2026-04-01 09:00:00
48,1,203,PURCHASE,67,OPENING_STOCK,,2026-04-01 09:00:00
49,5,111,PURCHASE,59,OPENING_STOCK,,2026-04-01 09:00:00
50,1,57,PURCHASE,32,OPENING_STOCK,,2026-04-01 09:00:00
51,2,90,PURCHASE,26,OPENING_STOCK,,2026-04-01 09:00:00
52,2,170,PURCHASE,56,OPENING_STOCK,,2026-04-01 09:00:00
53,4,171,PURCHASE,49,OPENING_STOCK,,2026-04-01 09:00:00
54,4,40,PURCHASE,35,OPENING_STOCK,,2026-04-01 09:00:00
55,5,98,PURCHASE,79,OPENING_STOCK,,2026-04-01 09:00:00
56,2,12,PURCHASE,67,OPENING_STOCK,,2026-04-01 09:00:00
57,1,216,PURCHASE,34,OPENING_STOCK,,2026-04-01 09:00:00
58,3,108,PURCHASE,23,OPENING_STOCK,,2026-04-01 09:00:00
59,4,78,PURCHASE,75,OPENING_STOCK,,2026-04-01 09:00:00
60,2,76,PURCHASE,62,OPENING_STOCK,,2026-04-01 09:00:00
61,4,103,PURCHASE,65,OPENING_STOCK,,2026-04-01 09:00:00
62,1,116,PURCHASE,62,OPENING_STOCK,,2026-04-01 09:00:00
63,2,180,PURCHASE,52,OPENING_STOCK,,2026-04-01 09:00:00
64,2,166,PURCHASE,45,OPENING_STOCK,,2026-04-01 09:00:00
65,2,239,PURCHASE,52,OPENING_STOCK,,2026-04-01 09:00:00
66,4,150,PURCHASE,59,OPENING_STOCK,,2026-04-01 09:00:00
67,5,48,PURCHASE,35,OPENING_STOCK,,2026-04-01 09:00:00
68,5,138,PURCHASE,59,OPENING_STOCK,,2026-04-01 09:00:00
69,3,20,PURCHASE,50,OPENING_STOCK,,2026-04-01 09:00:00
70,4,136,PURCHASE,51,OPENING_STOCK,,2026-04-01 09:00:00
71,3,27,PURCHASE,48,OPENING_STOCK,,2026-04-01 09:00:00
72,4,79,PURCHASE,64,OPENING_STOCK,,2026-04-01 09:00:00
73,2,5,PURCHASE,23,OPENING_STOCK,,2026-04-01 09:00:00
74,2,155,PURCHASE,39,OPENING_STOCK,,2026-04-01 09:00:00
75,2,172,PURCHASE,72,OPENING_STOCK,,2026-04-01 09:00:00
76,1,153,PURCHASE,31,OPENING_STOCK,,2026-04-01 09:00:00
77,5,233,PURCHASE,42,OPENING_STOCK,,2026-04-01 09:00:00
78,3,54,PURCHASE,65,OPENING_STOCK,,2026-04-01 09:00:00
79,1,101,PURCHASE,76,OPENING_STOCK,,2026-04-01 09:00:00
80,3,91,PURCHASE,78,OPENING_STOCK,,2026-04-01 09:00:00
81,5,159,PURCHASE,61,OPENING_STOCK,,2026-04-01 09:00:00
82,2,151,PURCHASE,27,OPENING_STOCK,,2026-04-01 09:00:00
83,1,238,PURCHASE,56,OPENING_STOCK,,2026-04-01 09:00:00
84,2,160,PURCHASE,57,OPENING_STOCK,,2026-04-01 09:00:00
85,5,61,PURCHASE,41,OPENING_STOCK,,2026-04-01 09:00:00
86,2,22,PURCHASE,31,OPENING_STOCK,,2026-04-01 09:00:00
87,4,130,PURCHASE,57,OPENING_STOCK,,2026-04-01 09:00:00
88,1,192,PURCHASE,23,OPENING_STOCK,,2026-04-01 09:00:00
89,5,206,PURCHASE,35,OPENING_STOCK,,2026-04-01 09:00:00
90,4,232,PURCHASE,21,OPENING_STOCK,,2026-04-01 09:00:00
91,4,38,PURCHASE,46,OPENING_STOCK,,2026-04-01 09:00:00
92,3,81,PURCHASE,75,OPENING_STOCK,,2026-04-01 09:00:00
93,5,162,PURCHASE,58,OPENING_STOCK,,2026-04-01 09:00:00
94,1,180,PURCHASE,77,OPENING_STOCK,,2026-04-01 09:00:00
95,4,156,PURCHASE,43,OPENING_STOCK,,2026-04-01 09:00:00
96,2,77,PURCHASE,46,OPENING_STOCK,,2026-04-01 09:00:00
97,2,69,PURCHASE,59,OPENING_STOCK,,2026-04-01 09:00:00
98,5,195,PURCHASE,38,OPENING_STOCK,,2026-04-01 09:00:00
99,4,110,PURCHASE,64,OPENING_STOCK,,2026-04-01 09:00:00
100,5,166,PURCHASE,43,OPENING_STOCK,,2026-04-01 09:00:00
101,3,2,PURCHASE,58,OPENING_STOCK,,2026-04-01 09:00:00
102,1,4,PURCHASE,51,OPENING_STOCK,,2026-04-01 09:00:00
103,3,182,PURCHASE,39,OPENING_STOCK,,2026-04-01 09:00:00
104,1,119,PURCHASE,72,OPENING_STOCK,,2026-04-01 09:00:00
105,2,60,PURCHASE,61,OPENING_STOCK,,2026-04-01 09:00:00
106,4,172,PURCHASE,79,OPENING_STOCK,,2026-04-01 09:00:00
107,3,74,PURCHASE,27,OPENING_STOCK,,2026-04-01 09:00:00
108,5,68,PURCHASE,39,OPENING_STOCK,,2026-04-01 09:00:00
109,2,122,PURCHASE,40,OPENING_STOCK,,2026-04-01 09:00:00
110,5,73,PURCHASE,26,OPENING_STOCK,,2026-04-01 09:00:00
111,2,87,PURCHASE,53,OPENING_STOCK,,2026-04-01 09:00:00
112,2,204,PURCHASE,51,OPENING_STOCK,,2026-04-01 09:00:00
113,3,128,PURCHASE,33,OPENING_STOCK,,2026-04-01 09:00:00
114,1,78,PURCHASE,45,OPENING_STOCK,,2026-04-01 09:00:00
115,2,89,PURCHASE,43,OPENING_STOCK,,2026-04-01 09:00:00
116,1,131,PURCHASE,26,OPENING_STOCK,,2026-04-01 09:00:00
117,5,142,PURCHASE,73,OPENING_STOCK,,2026-04-01 09:00:00
118,4,196,PURCHASE,43,OPENING_STOCK,,2026-04-01 09:00:00
119,3,225,PURCHASE,75,OPENING_STOCK,,2026-04-01 09:00:00
120,1,211,PURCHASE,52,OPENING_STOCK,,2026-04-01 09:00:00
121,4,22,PURCHASE,42,OPENING_STOCK,,2026-04-01 09:00:00
122,4,126,PURCHASE,71,OPENING_STOCK,,2026-04-01 09:00:00
123,4,68,PURCHASE,38,OPENING_STOCK,,2026-04-01 09:00:00
124,3,100,PURCHASE,78,OPENING_STOCK,,2026-04-01 09:00:00
125,1,179,PURCHASE,35,OPENING_STOCK,,2026-04-01 09:00:00
126,4,96,PURCHASE,38,OPENING_STOCK,,2026-04-01 09:00:00
127,2,51,PURCHASE,41,OPENING_STOCK,,2026-04-01 09:00:00
128,4,50,PURCHASE,57,OPENING_STOCK,,2026-04-01 09:00:00
129,4,19,PURCHASE,31,OPENING_STOCK,,2026-04-01 09:00:00
130,2,11,PURCHASE,20,OPENING_STOCK,,2026-04-01 09:00:00
131,2,116,PURCHASE,29,OPENING_STOCK,,2026-04-01 09:00:00
132,2,187,PURCHASE,77,OPENING_STOCK,,2026-04-01 09:00:00
133,2,105,PURCHASE,65,OPENING_STOCK,,2026-04-01 09:00:00
134,1,70,PURCHASE,75,OPENING_STOCK,,2026-04-01 09:00:00
135,4,216,PURCHASE,26,OPENING_STOCK,,2026-04-01 09:00:00
136,3,120,PURCHASE,35,OPENING_STOCK,,2026-04-01 09:00:00
137,3,112,PURCHASE,38,OPENING_STOCK,,2026-04-01 09:00:00
138,5,180,PURCHASE,76,OPENING_STOCK,,2026-04-01 09:00:00
139,2,176,PURCHASE,55,OPENING_STOCK,,2026-04-01 09:00:00
140,3,33,PURCHASE,29,OPENING_STOCK,,2026-04-01 09:00:00
141,2,37,PURCHASE,23,OPENING_STOCK,,2026-04-01 09:00:00
142,5,165,PURCHASE,31,OPENING_STOCK,,2026-04-01 09:00:00
143,2,228,PURCHASE,37,OPENING_STOCK,,2026-04-01 09:00:00
144,4,152,PURCHASE,46,OPENING_STOCK,,2026-04-01 09:00:00
145,3,217,PURCHASE,33,OPENING_STOCK,,2026-04-01 09:00:00
146,2,71,PURCHASE,32,OPENING_STOCK,,2026-04-01 09:00:00
147,2,226,PURCHASE,52,OPENING_STOCK,,2026-04-01 09:00:00
148,5,8,PURCHASE,76,OPENING_STOCK,,2026-04-01 09:00:00
149,1,71,PURCHASE,35,OPENING_STOCK,,2026-04-01 09:00:00
150,5,99,PURCHASE,31,OPENING_STOCK,,2026-04-01 09:00:00
151,5,224,PURCHASE,52,OPENING_STOCK,,2026-04-01 09:00:00
152,5,168,PURCHASE,23,OPENING_STOCK,,2026-04-01 09:00:00
153,2,88,PURCHASE,31,OPENING_STOCK,,2026-04-01 09:00:00
154,3,76,PURCHASE,55,OPENING_STOCK,,2026-04-01 09:00:00
155,2,9,PURCHASE,60,OPENING_STOCK,,2026-04-01 09:00:00
156,4,222,PURCHASE,49,OPENING_STOCK,,2026-04-01 09:00:00
157,2,153,PURCHASE,63,OPENING_STOCK,,2026-04-01 09:00:00
158,5,62,PURCHASE,33,OPENING_STOCK,,2026-04-01 09:00:00
159,2,237,PURCHASE,40,OPENING_STOCK,,2026-04-01 09:00:00
160,3,216,PURCHASE,34,OPENING_STOCK,,2026-04-01 09:00:00
161,5,39,PURCHASE,61,OPENING_STOCK,,2026-04-01 09:00:00
162,2,48,PURCHASE,58,OPENING_STOCK,,2026-04-01 09:00:00
163,4,72,PURCHASE,36,OPENING_STOCK,,2026-04-01 09:00:00
164,2,162,PURCHASE,27,OPENING_STOCK,,2026-04-01 09:00:00
165,5,18,PURCHASE,26,OPENING_STOCK,,2026-04-01 09:00:00
166,4,7,PURCHASE,48,OPENING_STOCK,,2026-04-01 09:00:00
167,3,80,PURCHASE,35,OPENING_STOCK,,2026-04-01 09:00:00
168,1,32,PURCHASE,68,OPENING_STOCK,,2026-04-01 09:00:00
169,4,46,PURCHASE,48,OPENING_STOCK,,2026-04-01 09:00:00
170,5,40,PURCHASE,73,OPENING_STOCK,,2026-04-01 09:00:00
171,1,190,PURCHASE,24,OPENING_STOCK,,2026-04-01 09:00:00
172,4,205,PURCHASE,49,OPENING_STOCK,,2026-04-01 09:00:00
173,4,27,PURCHASE,54,OPENING_STOCK,,2026-04-01 09:00:00
174,2,67,PURCHASE,39,OPENING_STOCK,,2026-04-01 09:00:00
175,5,41,PURCHASE,43,OPENING_STOCK,,2026-04-01 09:00:00
176,2,52,PURCHASE,53,OPENING_STOCK,,2026-04-01 09:00:00
177,5,173,PURCHASE,51,OPENING_STOCK,,2026-04-01 09:00:00
178,1,28,PURCHASE,74,OPENING_STOCK,,2026-04-01 09:00:00
179,5,64,PURCHASE,41,OPENING_STOCK,,2026-04-01 09:00:00
180,1,155,PURCHASE,55,OPENING_STOCK,,2026-04-01 09:00:00
181,5,238,PURCHASE,44,OPENING_STOCK,,2026-04-01 09:00:00
182,3,53,PURCHASE,61,OPENING_STOCK,,2026-04-01 09:00:00
183,3,201,PURCHASE,31,OPENING_STOCK,,2026-04-01 09:00:00
184,1,55,PURCHASE,74,OPENING_STOCK,,2026-04-01 09:00:00
185,4,31,PURCHASE,80,OPENING_STOCK,,2026-04-01 09:00:00
186,5,59,PURCHASE,55,OPENING_STOCK,,2026-04-01 09:00:00
187,3,132,PURCHASE,40,OPENING_STOCK,,2026-04-01 09:00:00
188,2,72,PURCHASE,50,OPENING_STOCK,,2026-04-01 09:00:00
189,2,68,PURCHASE,37,OPENING_STOCK,,2026-04-01 09:00:00
190,4,115,PURCHASE,32,OPENING_STOCK,,2026-04-01 09:00:00
191,1,56,PURCHASE,33,OPENING_STOCK,,2026-04-01 09:00:00
192,2,192,PURCHASE,26,OPENING_STOCK,,2026-04-01 09:00:00
193,5,81,PURCHASE,70,OPENING_STOCK,,2026-04-01 09:00:00
194,4,9,PURCHASE,27,OPENING_STOCK,,2026-04-01 09:00:00
195,1,35,PURCHASE,46,OPENING_STOCK,,2026-04-01 09:00:00
196,2,235,PURCHASE,37,OPENING_STOCK,,2026-04-01 09:00:00
197,5,137,PURCHASE,48,OPENING_STOCK,,2026-04-01 09:00:00
198,1,82,PURCHASE,54,OPENING_STOCK,,2026-04-01 09:00:00
199,4,219,PURCHASE,57,OPENING_STOCK,,2026-04-01 09:00:00
200,4,85,PURCHASE,45,OPENING_STOCK,,2026-04-01 09:00:00
201,5,88,PURCHASE,80,OPENING_STOCK,,2026-04-01 09:00:00
202,4,81,PURCHASE,24,OPENING_STOCK,,2026-04-01 09:00:00
203,2,115,PURCHASE,23,OPENING_STOCK,,2026-04-01 09:00:00
204,3,158,PURCHASE,41,OPENING_STOCK,,2026-04-01 09:00:00
205,5,128,PURCHASE,32,OPENING_STOCK,,2026-04-01 09:00:00
206,5,219,PURCHASE,66,OPENING_STOCK,,2026-04-01 09:00:00
207,3,142,PURCHASE,47,OPENING_STOCK,,2026-04-01 09:00:00
208,5,117,PURCHASE,75,OPENING_STOCK,,2026-04-01 09:00:00
209,1,115,PURCHASE,21,OPENING_STOCK,,2026-04-01 09:00:00
210,5,97,PURCHASE,73,OPENING_STOCK,,2026-04-01 09:00:00
211,1,201,PURCHASE,67,OPENING_STOCK,,2026-04-01 09:00:00
212,4,37,PURCHASE,51,OPENING_STOCK,,2026-04-01 09:00:00
213,5,1,PURCHASE,38,OPENING_STOCK,,2026-04-01 09:00:00
214,2,124,PURCHASE,65,OPENING_STOCK,,2026-04-01 09:00:00
215,5,232,PURCHASE,32,OPENING_STOCK,,2026-04-01 09:00:00
216,1,157,PURCHASE,78,OPENING_STOCK,,2026-04-01 09:00:00
217,5,83,PURCHASE,35,OPENING_STOCK,,2026-04-01 09:00:00
218,1,44,PURCHASE,56,OPENING_STOCK,,2026-04-01 09:00:00
219,1,149,PURCHASE,54,OPENING_STOCK,,2026-04-01 09:00:00
220,2,64,PURCHASE,57,OPENING_STOCK,,2026-04-01 09:00:00
221,1,107,PURCHASE,67,OPENING_STOCK,,2026-04-01 09:00:00
222,5,63,PURCHASE,56,OPENING_STOCK,,2026-04-01 09:00:00
223,4,5,PURCHASE,75,OPENING_STOCK,,2026-04-01 09:00:00
224,5,80,PURCHASE,54,OPENING_STOCK,,2026-04-01 09:00:00
225,2,158,PURCHASE,67,OPENING_STOCK,,2026-04-01 09:00:00
226,4,157,PURCHASE,22,OPENING_STOCK,,2026-04-01 09:00:00
227,1,127,PURCHASE,59,OPENING_STOCK,,2026-04-01 09:00:00
228,4,87,PURCHASE,20,OPENING_STOCK,,2026-04-01 09:00:00
229,4,182,PURCHASE,49,OPENING_STOCK,,2026-04-01 09:00:00
230,4,137,PURCHASE,42,OPENING_STOCK,,2026-04-01 09:00:00
231,3,131,PURCHASE,23,OPENING_STOCK,,2026-04-01 09:00:00
232,2,142,PURCHASE,39,OPENING_STOCK,,2026-04-01 09:00:00
233,3,226,PURCHASE,69,OPENING_STOCK,,2026-04-01 09:00:00
234,5,229,PURCHASE,35,OPENING_STOCK,,2026-04-01 09:00:00
235,1,18,PURCHASE,66,OPENING_STOCK,,2026-04-01 09:00:00
236,3,156,PURCHASE,34,OPENING_STOCK,,2026-04-01 09:00:00
237,5,46,PURCHASE,26,OPENING_STOCK,,2026-04-01 09:00:00
238,3,141,PURCHASE,43,OPENING_STOCK,,2026-04-01 09:00:00
239,1,124,PURCHASE,67,OPENING_STOCK,,2026-04-01 09:00:00
240,2,238,PURCHASE,56,OPENING_STOCK,,2026-04-01 09:00:00
241,3,157,PURCHASE,80,OPENING_STOCK,,2026-04-01 09:00:00
242,5,51,PURCHASE,74,OPENING_STOCK,,2026-04-01 09:00:00
243,1,161,PURCHASE,56,OPENING_STOCK,,2026-04-01 09:00:00
244,1,177,PURCHASE,59,OPENING_STOCK,,2026-04-01 09:00:00
245,4,45,PURCHASE,55,OPENING_STOCK,,2026-04-01 09:00:00
246,3,40,PURCHASE,78,OPENING_STOCK,,2026-04-01 09:00:00
247,1,237,PURCHASE,75,OPENING_STOCK,,2026-04-01 09:00:00
248,1,181,PURCHASE,61,OPENING_STOCK,,2026-04-01 09:00:00
249,1,141,PURCHASE,52,OPENING_STOCK,,2026-04-01 09:00:00
250,1,139,PURCHASE,70,OPENING_STOCK,,2026-04-01 09:00:00
251,4,83,PURCHASE,50,OPENING_STOCK,,2026-04-01 09:00:00
252,2,43,PURCHASE,20,OPENING_STOCK,,2026-04-01 09:00:00
253,4,1,PURCHASE,37,OPENING_STOCK,,2026-04-01 09:00:00
254,2,29,PURCHASE,45,OPENING_STOCK,,2026-04-01 09:00:00
255,5,236,PURCHASE,28,OPENING_STOCK,,2026-04-01 09:00:00
256,2,147,PURCHASE,77,OPENING_STOCK,,2026-04-01 09:00:00
257,4,129,PURCHASE,54,OPENING_STOCK,,2026-04-01 09:00:00
258,5,133,PURCHASE,24,OPENING_STOCK,,2026-04-01 09:00:00
259,3,208,PURCHASE,41,OPENING_STOCK,,2026-04-01 09:00:00
260,3,58,PURCHASE,58,OPENING_STOCK,,2026-04-01 09:00:00
261,1,63,PURCHASE,35,OPENING_STOCK,,2026-04-01 09:00:00
262,4,228,PURCHASE,33,OPENING_STOCK,,2026-04-01 09:00:00
263,5,37,PURCHASE,69,OPENING_STOCK,,2026-04-01 09:00:00
264,1,120,PURCHASE,75,OPENING_STOCK,,2026-04-01 09:00:00
265,5,231,PURCHASE,44,OPENING_STOCK,,2026-04-01 09:00:00
266,2,85,PURCHASE,52,OPENING_STOCK,,2026-04-01 09:00:00
267,5,52,PURCHASE,52,OPENING_STOCK,,2026-04-01 09:00:00
268,2,93,PURCHASE,67,OPENING_STOCK,,2026-04-01 09:00:00
269,3,215,PURCHASE,67,OPENING_STOCK,,2026-04-01 09:00:00
270,3,238,PURCHASE,64,OPENING_STOCK,,2026-04-01 09:00:00
271,1,111,PURCHASE,34,OPENING_STOCK,,2026-04-01 09:00:00
272,5,57,PURCHASE,22,OPENING_STOCK,,2026-04-01 09:00:00
273,2,165,PURCHASE,27,OPENING_STOCK,,2026-04-01 09:00:00
274,3,115,PURCHASE,62,OPENING_STOCK,,2026-04-01 09:00:00
275,2,17,PURCHASE,26,OPENING_STOCK,,2026-04-01 09:00:00
276,5,205,PURCHASE,66,OPENING_STOCK,,2026-04-01 09:00:00
277,1,66,PURCHASE,66,OPENING_STOCK,,2026-04-01 09:00:00
278,5,12,PURCHASE,80,OPENING_STOCK,,2026-04-01 09:00:00
279,1,154,PURCHASE,46,OPENING_STOCK,,2026-04-01 09:00:00
280,3,239,PURCHASE,67,OPENING_STOCK,,2026-04-01 09:00:00
281,1,11,PURCHASE,20,OPENING_STOCK,,2026-04-01 09:00:00
282,1,137,PURCHASE,80,OPENING_STOCK,,2026-04-01 09:00:00
283,4,52,PURCHASE,46,OPENING_STOCK,,2026-04-01 09:00:00
284,1,34,PURCHASE,37,OPENING_STOCK,,2026-04-01 09:00:00
285,3,184,PURCHASE,25,OPENING_STOCK,,2026-04-01 09:00:00
286,4,80,PURCHASE,44,OPENING_STOCK,,2026-04-01 09:00:00
287,2,193,PURCHASE,75,OPENING_STOCK,,2026-04-01 09:00:00
288,4,73,PURCHASE,44,OPENING_STOCK,,2026-04-01 09:00:00
289,3,164,PURCHASE,52,OPENING_STOCK,,2026-04-01 09:00:00
290,4,3,PURCHASE,70,OPENING_STOCK,,2026-04-01 09:00:00
291,2,59,PURCHASE,25,OPENING_STOCK,,2026-04-01 09:00:00
292,4,226,PURCHASE,62,OPENING_STOCK,,2026-04-01 09:00:00
293,4,206,PURCHASE,66,OPENING_STOCK,,2026-04-01 09:00:00
294,4,6,PURCHASE,35,OPENING_STOCK,,2026-04-01 09:00:00
295,1,175,PURCHASE,41,OPENING_STOCK,,2026-04-01 09:00:00
296,2,127,PURCHASE,66,OPENING_STOCK,,2026-04-01 09:00:00
297,2,136,PURCHASE,66,OPENING_STOCK,,2026-04-01 09:00:00
298,4,142,PURCHASE,51,OPENING_STOCK,,2026-04-01 09:00:00
299,1,104,PURCHASE,63,OPENING_STOCK,,2026-04-01 09:00:00
300,1,204,PURCHASE,47,OPENING_STOCK,,2026-04-01 09:00:00
301,3,87,PURCHASE,79,OPENING_STOCK,,2026-04-01 09:00:00
302,4,133,PURCHASE,35,OPENING_STOCK,,2026-04-01 09:00:00
303,2,168,PURCHASE,71,OPENING_STOCK,,2026-04-01 09:00:00
304,3,139,PURCHASE,24,OPENING_STOCK,,2026-04-01 09:00:00
305,4,236,PURCHASE,27,OPENING_STOCK,,2026-04-01 09:00:00
306,4,183,PURCHASE,56,OPENING_STOCK,,2026-04-01 09:00:00
307,3,150,PURCHASE,69,OPENING_STOCK,,2026-04-01 09:00:00
308,1,125,PURCHASE,48,OPENING_STOCK,,2026-04-01 09:00:00
309,5,240,PURCHASE,70,OPENING_STOCK,,2026-04-01 09:00:00
310,5,234,PURCHASE,57,OPENING_STOCK,,2026-04-01 09:00:00
311,2,74,PURCHASE,30,OPENING_STOCK,,2026-04-01 09:00:00
312,5,85,PURCHASE,66,OPENING_STOCK,,2026-04-01 09:00:00
313,3,133,PURCHASE,79,OPENING_STOCK,,2026-04-01 09:00:00
314,4,120,PURCHASE,27,OPENING_STOCK,,2026-04-01 09:00:00
315,3,136,PURCHASE,52,OPENING_STOCK,,2026-04-01 09:00:00
316,1,16,PURCHASE,35,OPENING_STOCK,,2026-04-01 09:00:00
317,4,47,PURCHASE,73,OPENING_STOCK,,2026-04-01 09:00:00
318,1,36,PURCHASE,25,OPENING_STOCK,,2026-04-01 09:00:00
319,4,200,PURCHASE,64,OPENING_STOCK,,2026-04-01 09:00:00
320,3,202,PURCHASE,46,OPENING_STOCK,,2026-04-01 09:00:00
321,1,147,PURCHASE,22,OPENING_STOCK,,2026-04-01 09:00:00
322,5,217,PURCHASE,52,OPENING_STOCK,,2026-04-01 09:00:00
323,1,69,PURCHASE,54,OPENING_STOCK,,2026-04-01 09:00:00
324,3,233,PURCHASE,49,OPENING_STOCK,,2026-04-01 09:00:00
325,2,161,PURCHASE,39,OPENING_STOCK,,2026-04-01 09:00:00
326,2,201,PURCHASE,43,OPENING_STOCK,,2026-04-01 09:00:00
327,4,48,PURCHASE,71,OPENING_STOCK,,2026-04-01 09:00:00
328,2,8,PURCHASE,35,OPENING_STOCK,,2026-04-01 09:00:00
329,3,214,PURCHASE,42,OPENING_STOCK,,2026-04-01 09:00:00
330,2,102,PURCHASE,25,OPENING_STOCK,,2026-04-01 09:00:00
331,4,202,PURCHASE,53,OPENING_STOCK,,2026-04-01 09:00:00
332,1,162,PURCHASE,66,OPENING_STOCK,,2026-04-01 09:00:00
333,5,26,PURCHASE,48,OPENING_STOCK,,2026-04-01 09:00:00
334,1,215,PURCHASE,55,OPENING_STOCK,,2026-04-01 09:00:00
335,5,77,PURCHASE,47,OPENING_STOCK,,2026-04-01 09:00:00
336,1,142,PURCHASE,33,OPENING_STOCK,,2026-04-01 09:00:00
337,4,231,PURCHASE,53,OPENING_STOCK,,2026-04-01 09:00:00
338,5,82,PURCHASE,41,OPENING_STOCK,,2026-04-01 09:00:00
339,1,126,PURCHASE,80,OPENING_STOCK,,2026-04-01 09:00:00
340,2,95,PURCHASE,54,OPENING_STOCK,,2026-04-01 09:00:00
341,2,178,PURCHASE,38,OPENING_STOCK,,2026-04-01 09:00:00
342,3,174,PURCHASE,68,OPENING_STOCK,,2026-04-01 09:00:00
343,2,157,PURCHASE,49,OPENING_STOCK,,2026-04-01 09:00:00
344,3,26,PURCHASE,49,OPENING_STOCK,,2026-04-01 09:00:00
345,2,19,PURCHASE,65,OPENING_STOCK,,2026-04-01 09:00:00
346,1,12,PURCHASE,28,OPENING_STOCK,,2026-04-01 09:00:00
347,3,17,PURCHASE,68,OPENING_STOCK,,2026-04-01 09:00:00
348,3,140,PURCHASE,76,OPENING_STOCK,,2026-04-01 09:00:00
349,3,123,PURCHASE,63,OPENING_STOCK,,2026-04-01 09:00:00
350,3,47,PURCHASE,45,OPENING_STOCK,,2026-04-01 09:00:00
351,1,109,PURCHASE,48,OPENING_STOCK,,2026-04-01 09:00:00
352,5,3,PURCHASE,57,OPENING_STOCK,,2026-04-01 09:00:00
353,1,52,PURCHASE,42,OPENING_STOCK,,2026-04-01 09:00:00
354,1,169,PURCHASE,74,OPENING_STOCK,,2026-04-01 09:00:00
355,5,209,PURCHASE,22,OPENING_STOCK,,2026-04-01 09:00:00
356,5,13,PURCHASE,33,OPENING_STOCK,,2026-04-01 09:00:00
357,1,121,PURCHASE,40,OPENING_STOCK,,2026-04-01 09:00:00
358,3,236,PURCHASE,79,OPENING_STOCK,,2026-04-01 09:00:00
359,5,216,PURCHASE,42,OPENING_STOCK,,2026-04-01 09:00:00
360,4,166,PURCHASE,79,OPENING_STOCK,,2026-04-01 09:00:00
361,1,38,PURCHASE,52,OPENING_STOCK,,2026-04-01 09:00:00
362,4,204,PURCHASE,55,OPENING_STOCK,,2026-04-01 09:00:00
363,5,178,PURCHASE,59,OPENING_STOCK,,2026-04-01 09:00:00
364,4,35,PURCHASE,22,OPENING_STOCK,,2026-04-01 09:00:00
365,5,230,PURCHASE,61,OPENING_STOCK,,2026-04-01 09:00:00
366,1,224,PURCHASE,41,OPENING_STOCK,,2026-04-01 09:00:00
367,3,126,PURCHASE,33,OPENING_STOCK,,2026-04-01 09:00:00
368,2,112,PURCHASE,32,OPENING_STOCK,,2026-04-01 09:00:00
369,5,135,PURCHASE,30,OPENING_STOCK,,2026-04-01 09:00:00
370,2,2,PURCHASE,40,OPENING_STOCK,,2026-04-01 09:00:00
371,3,43,PURCHASE,41,OPENING_STOCK,,2026-04-01 09:00:00
372,3,56,PURCHASE,51,OPENING_STOCK,,2026-04-01 09:00:00
373,5,109,PURCHASE,42,OPENING_STOCK,,2026-04-01 09:00:00
374,5,114,PURCHASE,58,OPENING_STOCK,,2026-04-01 09:00:00
375,2,184,PURCHASE,50,OPENING_STOCK,,2026-04-01 09:00:00
376,4,128,PURCHASE,62,OPENING_STOCK,,2026-04-01 09:00:00
377,3,32,PURCHASE,39,OPENING_STOCK,,2026-04-01 09:00:00
378,4,104,PURCHASE,68,OPENING_STOCK,,2026-04-01 09:00:00
379,1,48,PURCHASE,54,OPENING_STOCK,,2026-04-01 09:00:00
380,5,220,PURCHASE,74,OPENING_STOCK,,2026-04-01 09:00:00
381,3,163,PURCHASE,62,OPENING_STOCK,,2026-04-01 09:00:00
382,4,53,PURCHASE,72,OPENING_STOCK,,2026-04-01 09:00:00
383,3,220,PURCHASE,54,OPENING_STOCK,,2026-04-01 09:00:00
384,2,110,PURCHASE,51,OPENING_STOCK,,2026-04-01 09:00:00
385,4,140,PURCHASE,72,OPENING_STOCK,,2026-04-01 09:00:00
386,5,179,PURCHASE,45,OPENING_STOCK,,2026-04-01 09:00:00
387,4,44,PURCHASE,58,OPENING_STOCK,,2026-04-01 09:00:00
388,5,156,PURCHASE,48,OPENING_STOCK,,2026-04-01 09:00:00
389,2,36,PURCHASE,77,OPENING_STOCK,,2026-04-01 09:00:00
390,1,112,PURCHASE,22,OPENING_STOCK,,2026-04-01 09:00:00
391,5,95,PURCHASE,39,OPENING_STOCK,,2026-04-01 09:00:00
392,2,211,PURCHASE,31,OPENING_STOCK,,2026-04-01 09:00:00
393,2,61,PURCHASE,31,OPENING_STOCK,,2026-04-01 09:00:00
394,2,216,PURCHASE,71,OPENING_STOCK,,2026-04-01 09:00:00
395,1,89,PURCHASE,22,OPENING_STOCK,,2026-04-01 09:00:00
396,3,162,PURCHASE,30,OPENING_STOCK,,2026-04-01 09:00:00
397,5,112,PURCHASE,39,OPENING_STOCK,,2026-04-01 09:00:00
398,3,69,PURCHASE,37,OPENING_STOCK,,2026-04-01 09:00:00
399,5,141,PURCHASE,70,OPENING_STOCK,,2026-04-01 09:00:00
400,2,117,PURCHASE,41,OPENING_STOCK,,2026-04-01 09:00:00
401,5,106,PURCHASE,62,OPENING_STOCK,,2026-04-01 09:00:00
402,2,78,PURCHASE,53,OPENING_STOCK,,2026-04-01 09:00:00
403,4,192,PURCHASE,59,OPENING_STOCK,,2026-04-01 09:00:00
404,3,205,PURCHASE,23,OPENING_STOCK,,2026-04-01 09:00:00
405,4,125,PURCHASE,30,OPENING_STOCK,,2026-04-01 09:00:00
406,3,29,PURCHASE,65,OPENING_STOCK,,2026-04-01 09:00:00
407,3,194,PURCHASE,34,OPENING_STOCK,,2026-04-01 09:00:00
408,4,71,PURCHASE,65,OPENING_STOCK,,2026-04-01 09:00:00
409,2,63,PURCHASE,80,OPENING_STOCK,,2026-04-01 09:00:00
410,1,64,PURCHASE,51,OPENING_STOCK,,2026-04-01 09:00:00
411,2,120,PURCHASE,69,OPENING_STOCK,,2026-04-01 09:00:00
412,3,127,PURCHASE,22,OPENING_STOCK,,2026-04-01 09:00:00
413,1,193,PURCHASE,65,OPENING_STOCK,,2026-04-01 09:00:00
414,3,219,PURCHASE,77,OPENING_STOCK,,2026-04-01 09:00:00
415,3,188,PURCHASE,28,OPENING_STOCK,,2026-04-01 09:00:00
416,4,116,PURCHASE,80,OPENING_STOCK,,2026-04-01 09:00:00
417,3,1,PURCHASE,78,OPENING_STOCK,,2026-04-01 09:00:00
418,4,105,PURCHASE,37,OPENING_STOCK,,2026-04-01 09:00:00
419,4,173,PURCHASE,21,OPENING_STOCK,,2026-04-01 09:00:00
420,2,7,PURCHASE,29,OPENING_STOCK,,2026-04-01 09:00:00
421,1,1,PURCHASE,36,OPENING_STOCK,,2026-04-01 09:00:00
422,5,190,PURCHASE,61,OPENING_STOCK,,2026-04-01 09:00:00
423,5,107,PURCHASE,27,OPENING_STOCK,,2026-04-01 09:00:00
424,3,48,PURCHASE,74,OPENING_STOCK,,2026-04-01 09:00:00
425,4,65,PURCHASE,52,OPENING_STOCK,,2026-04-01 09:00:00
426,3,71,PURCHASE,50,OPENING_STOCK,,2026-04-01 09:00:00
427,4,211,PURCHASE,56,OPENING_STOCK,,2026-04-01 09:00:00
428,3,11,PURCHASE,54,OPENING_STOCK,,2026-04-01 09:00:00
429,5,191,PURCHASE,50,OPENING_STOCK,,2026-04-01 09:00:00
430,1,206,PURCHASE,52,OPENING_STOCK,,2026-04-01 09:00:00
431,2,220,PURCHASE,40,OPENING_STOCK,,2026-04-01 09:00:00
432,1,123,PURCHASE,57,OPENING_STOCK,,2026-04-01 09:00:00
433,4,82,PURCHASE,79,OPENING_STOCK,,2026-04-01 09:00:00
434,1,191,PURCHASE,73,OPENING_STOCK,,2026-04-01 09:00:00
435,5,147,PURCHASE,29,OPENING_STOCK,,2026-04-01 09:00:00
436,4,207,PURCHASE,77,OPENING_STOCK,,2026-04-01 09:00:00
437,1,187,PURCHASE,76,OPENING_STOCK,,2026-04-01 09:00:00
438,1,228,PURCHASE,53,OPENING_STOCK,,2026-04-01 09:00:00
439,4,191,PURCHASE,64,OPENING_STOCK,,2026-04-01 09:00:00
440,1,200,PURCHASE,66,OPENING_STOCK,,2026-04-01 09:00:00
441,3,203,PURCHASE,78,OPENING_STOCK,,2026-04-01 09:00:00
442,1,234,PURCHASE,63,OPENING_STOCK,,2026-04-01 09:00:00
443,5,132,PURCHASE,44,OPENING_STOCK,,2026-04-01 09:00:00
444,3,59,PURCHASE,55,OPENING_STOCK,,2026-04-01 09:00:00
445,2,197,PURCHASE,76,OPENING_STOCK,,2026-04-01 09:00:00
446,2,80,PURCHASE,47,OPENING_STOCK,,2026-04-01 09:00:00
447,4,186,PURCHASE,51,OPENING_STOCK,,2026-04-01 09:00:00
448,1,150,PURCHASE,69,OPENING_STOCK,,2026-04-01 09:00:00
449,2,62,PURCHASE,63,OPENING_STOCK,,2026-04-01 09:00:00
450,1,87,PURCHASE,27,OPENING_STOCK,,2026-04-01 09:00:00
451,1,222,PURCHASE,36,OPENING_STOCK,,2026-04-01 09:00:00
452,3,68,PURCHASE,79,OPENING_STOCK,,2026-04-01 09:00:00
453,4,239,PURCHASE,56,OPENING_STOCK,,2026-04-01 09:00:00
454,5,187,PURCHASE,25,OPENING_STOCK,,2026-04-01 09:00:00
455,1,77,PURCHASE,76,OPENING_STOCK,,2026-04-01 09:00:00
456,5,139,PURCHASE,47,OPENING_STOCK,,2026-04-01 09:00:00
457,3,148,PURCHASE,57,OPENING_STOCK,,2026-04-01 09:00:00
458,3,90,PURCHASE,45,OPENING_STOCK,,2026-04-01 09:00:00
459,5,66,PURCHASE,55,OPENING_STOCK,,2026-04-01 09:00:00
460,3,114,PURCHASE,80,OPENING_STOCK,,2026-04-01 09:00:00
461,1,3,PURCHASE,64,OPENING_STOCK,,2026-04-01 09:00:00
462,1,158,PURCHASE,74,OPENING_STOCK,,2026-04-01 09:00:00
463,4,49,PURCHASE,20,OPENING_STOCK,,2026-04-01 09:00:00
464,3,206,PURCHASE,25,OPENING_STOCK,,2026-04-01 09:00:00
465,4,145,PURCHASE,43,OPENING_STOCK,,2026-04-01 09:00:00
466,3,153,PURCHASE,61,OPENING_STOCK,,2026-04-01 09:00:00
467,2,54,PURCHASE,61,OPENING_STOCK,,2026-04-01 09:00:00
468,1,170,PURCHASE,56,OPENING_STOCK,,2026-04-01 09:00:00
469,3,105,PURCHASE,55,OPENING_STOCK,,2026-04-01 09:00:00
470,1,194,PURCHASE,55,OPENING_STOCK,,2026-04-01 09:00:00
471,4,59,PURCHASE,40,OPENING_STOCK,,2026-04-01 09:00:00
472,3,15,PURCHASE,26,OPENING_STOCK,,2026-04-01 09:00:00
473,4,134,PURCHASE,20,OPENING_STOCK,,2026-04-01 09:00:00
474,3,118,PURCHASE,24,OPENING_STOCK,,2026-04-01 09:00:00
475,1,96,PURCHASE,60,OPENING_STOCK,,2026-04-01 09:00:00
476,4,109,PURCHASE,26,OPENING_STOCK,,2026-04-01 09:00:00
477,4,20,PURCHASE,54,OPENING_STOCK,,2026-04-01 09:00:00
478,1,84,PURCHASE,68,OPENING_STOCK,,2026-04-01 09:00:00
479,1,102,PURCHASE,37,OPENING_STOCK,,2026-04-01 09:00:00
480,1,156,PURCHASE,63,OPENING_STOCK,,2026-04-01 09:00:00
481,2,132,PURCHASE,29,OPENING_STOCK,,2026-04-01 09:00:00
482,4,179,PURCHASE,43,OPENING_STOCK,,2026-04-01 09:00:00
483,1,144,PURCHASE,60,OPENING_STOCK,,2026-04-01 09:00:00
484,4,208,PURCHASE,31,OPENING_STOCK,,2026-04-01 09:00:00
485,2,16,PURCHASE,47,OPENING_STOCK,,2026-04-01 09:00:00
486,4,177,PURCHASE,37,OPENING_STOCK,,2026-04-01 09:00:00
487,1,103,PURCHASE,21,OPENING_STOCK,,2026-04-01 09:00:00
488,1,99,PURCHASE,40,OPENING_STOCK,,2026-04-01 09:00:00
489,2,10,PURCHASE,73,OPENING_STOCK,,2026-04-01 09:00:00
490,2,50,PURCHASE,24,OPENING_STOCK,,2026-04-01 09:00:00
491,1,143,PURCHASE,51,OPENING_STOCK,,2026-04-01 09:00:00
492,3,152,PURCHASE,59,OPENING_STOCK,,2026-04-01 09:00:00
493,1,92,PURCHASE,41,OPENING_STOCK,,2026-04-01 09:00:00
494,3,160,PURCHASE,53,OPENING_STOCK,,2026-04-01 09:00:00
495,4,162,PURCHASE,56,OPENING_STOCK,,2026-04-01 09:00:00
496,4,185,PURCHASE,28,OPENING_STOCK,,2026-04-01 09:00:00
497,4,139,PURCHASE,24,OPENING_STOCK,,2026-04-01 09:00:00
498,3,211,PURCHASE,59,OPENING_STOCK,,2026-04-01 09:00:00
499,1,97,PURCHASE,26,OPENING_STOCK,,2026-04-01 09:00:00
500,2,42,PURCHASE,60,OPENING_STOCK,,2026-04-01 09:00:00
501,3,36,PURCHASE,50,OPENING_STOCK,,2026-04-01 09:00:00
502,5,201,PURCHASE,43,OPENING_STOCK,,2026-04-01 09:00:00
503,1,98,PURCHASE,57,OPENING_STOCK,,2026-04-01 09:00:00
504,3,85,PURCHASE,42,OPENING_STOCK,,2026-04-01 09:00:00
505,5,92,PURCHASE,29,OPENING_STOCK,,2026-04-01 09:00:00
506,3,23,PURCHASE,78,OPENING_STOCK,,2026-04-01 09:00:00
507,3,52,PURCHASE,26,OPENING_STOCK,,2026-04-01 09:00:00
508,5,91,PURCHASE,38,OPENING_STOCK,,2026-04-01 09:00:00
509,5,207,PURCHASE,78,OPENING_STOCK,,2026-04-01 09:00:00
510,3,102,PURCHASE,45,OPENING_STOCK,,2026-04-01 09:00:00
511,5,24,PURCHASE,29,OPENING_STOCK,,2026-04-01 09:00:00
512,1,164,PURCHASE,72,OPENING_STOCK,,2026-04-01 09:00:00
513,5,87,PURCHASE,23,OPENING_STOCK,,2026-04-01 09:00:00
514,5,67,PURCHASE,58,OPENING_STOCK,,2026-04-01 09:00:00
515,1,54,PURCHASE,51,OPENING_STOCK,,2026-04-01 09:00:00
516,2,175,PURCHASE,73,OPENING_STOCK,,2026-04-01 09:00:00
517,3,62,PURCHASE,41,OPENING_STOCK,,2026-04-01 09:00:00
518,2,97,PURCHASE,60,OPENING_STOCK,,2026-04-01 09:00:00
519,1,209,PURCHASE,68,OPENING_STOCK,,2026-04-01 09:00:00
520,3,199,PURCHASE,58,OPENING_STOCK,,2026-04-01 09:00:00
521,5,227,PURCHASE,26,OPENING_STOCK,,2026-04-01 09:00:00
522,3,21,PURCHASE,77,OPENING_STOCK,,2026-04-01 09:00:00
523,1,197,PURCHASE,70,OPENING_STOCK,,2026-04-01 09:00:00
524,4,15,PURCHASE,80,OPENING_STOCK,,2026-04-01 09:00:00
525,5,126,PURCHASE,48,OPENING_STOCK,,2026-04-01 09:00:00
526,5,74,PURCHASE,73,OPENING_STOCK,,2026-04-01 09:00:00
527,4,107,PURCHASE,50,OPENING_STOCK,,2026-04-01 09:00:00
528,1,208,PURCHASE,46,OPENING_STOCK,,2026-04-01 09:00:00
529,4,34,PURCHASE,73,OPENING_STOCK,,2026-04-01 09:00:00
530,4,155,PURCHASE,76,OPENING_STOCK,,2026-04-01 09:00:00
531,1,186,PURCHASE,46,OPENING_STOCK,,2026-04-01 09:00:00
532,3,171,PURCHASE,39,OPENING_STOCK,,2026-04-01 09:00:00
533,1,202,PURCHASE,78,OPENING_STOCK,,2026-04-01 09:00:00
534,5,127,PURCHASE,64,OPENING_STOCK,,2026-04-01 09:00:00
535,5,130,PURCHASE,22,OPENING_STOCK,,2026-04-01 09:00:00
536,5,23,PURCHASE,23,OPENING_STOCK,,2026-04-01 09:00:00
537,4,23,PURCHASE,48,OPENING_STOCK,,2026-04-01 09:00:00
538,2,208,PURCHASE,28,OPENING_STOCK,,2026-04-01 09:00:00
539,4,41,PURCHASE,21,OPENING_STOCK,,2026-04-01 09:00:00
540,2,55,PURCHASE,33,OPENING_STOCK,,2026-04-01 09:00:00
541,1,94,PURCHASE,30,OPENING_STOCK,,2026-04-01 09:00:00
542,2,126,PURCHASE,65,OPENING_STOCK,,2026-04-01 09:00:00
543,3,35,PURCHASE,68,OPENING_STOCK,,2026-04-01 09:00:00
544,5,78,PURCHASE,29,OPENING_STOCK,,2026-04-01 09:00:00
545,2,149,PURCHASE,41,OPENING_STOCK,,2026-04-01 09:00:00
546,3,63,PURCHASE,70,OPENING_STOCK,,2026-04-01 09:00:00
547,2,70,PURCHASE,69,OPENING_STOCK,,2026-04-01 09:00:00
548,3,96,PURCHASE,72,OPENING_STOCK,,2026-04-01 09:00:00
549,1,80,PURCHASE,54,OPENING_STOCK,,2026-04-01 09:00:00
550,3,193,PURCHASE,74,OPENING_STOCK,,2026-04-01 09:00:00
551,2,35,PURCHASE,65,OPENING_STOCK,,2026-04-01 09:00:00
552,2,150,PURCHASE,43,OPENING_STOCK,,2026-04-01 09:00:00
553,1,138,PURCHASE,71,OPENING_STOCK,,2026-04-01 09:00:00
554,2,83,PURCHASE,73,OPENING_STOCK,,2026-04-01 09:00:00
555,1,182,PURCHASE,48,OPENING_STOCK,,2026-04-01 09:00:00
556,5,103,PURCHASE,77,OPENING_STOCK,,2026-04-01 09:00:00
557,5,239,PURCHASE,29,OPENING_STOCK,,2026-04-01 09:00:00
558,2,179,PURCHASE,65,OPENING_STOCK,,2026-04-01 09:00:00
559,3,224,PURCHASE,54,OPENING_STOCK,,2026-04-01 09:00:00
560,5,188,PURCHASE,30,OPENING_STOCK,,2026-04-01 09:00:00
561,1,199,PURCHASE,52,OPENING_STOCK,,2026-04-01 09:00:00
562,4,10,PURCHASE,40,OPENING_STOCK,,2026-04-01 09:00:00
563,1,151,PURCHASE,61,OPENING_STOCK,,2026-04-01 09:00:00
564,5,120,PURCHASE,59,OPENING_STOCK,,2026-04-01 09:00:00
565,2,25,PURCHASE,51,OPENING_STOCK,,2026-04-01 09:00:00
566,5,145,PURCHASE,26,OPENING_STOCK,,2026-04-01 09:00:00
567,5,122,PURCHASE,29,OPENING_STOCK,,2026-04-01 09:00:00
568,4,240,PURCHASE,27,OPENING_STOCK,,2026-04-01 09:00:00
569,5,204,PURCHASE,41,OPENING_STOCK,,2026-04-01 09:00:00
570,3,86,PURCHASE,50,OPENING_STOCK,,2026-04-01 09:00:00
571,4,209,PURCHASE,53,OPENING_STOCK,,2026-04-01 09:00:00
572,4,108,PURCHASE,42,OPENING_STOCK,,2026-04-01 09:00:00
573,5,44,PURCHASE,43,OPENING_STOCK,,2026-04-01 09:00:00
574,5,140,PURCHASE,23,OPENING_STOCK,,2026-04-01 09:00:00
575,5,215,PURCHASE,60,OPENING_STOCK,,2026-04-01 09:00:00
576,1,183,PURCHASE,39,OPENING_STOCK,,2026-04-01 09:00:00
577,3,34,PURCHASE,53,OPENING_STOCK,,2026-04-01 09:00:00
578,5,222,PURCHASE,45,OPENING_STOCK,,2026-04-01 09:00:00
579,2,159,PURCHASE,55,OPENING_STOCK,,2026-04-01 09:00:00
580,5,172,PURCHASE,23,OPENING_STOCK,,2026-04-01 09:00:00
581,3,228,PURCHASE,38,OPENING_STOCK,,2026-04-01 09:00:00
582,1,47,PURCHASE,68,OPENING_STOCK,,2026-04-01 09:00:00
583,1,132,PURCHASE,59,OPENING_STOCK,,2026-04-01 09:00:00
584,2,49,PURCHASE,54,OPENING_STOCK,,2026-04-01 09:00:00
585,3,155,PURCHASE,49,OPENING_STOCK,,2026-04-01 09:00:00
586,4,89,PURCHASE,72,OPENING_STOCK,,2026-04-01 09:00:00
587,3,189,PURCHASE,68,OPENING_STOCK,,2026-04-01 09:00:00
588,3,151,PURCHASE,65,OPENING_STOCK,,2026-04-01 09:00:00
589,2,123,PURCHASE,41,OPENING_STOCK,,2026-04-01 09:00:00
590,2,137,PURCHASE,21,OPENING_STOCK,,2026-04-01 09:00:00
591,1,159,PURCHASE,58,OPENING_STOCK,,2026-04-01 09:00:00
592,4,144,PURCHASE,70,OPENING_STOCK,,2026-04-01 09:00:00
593,4,61,PURCHASE,38,OPENING_STOCK,,2026-04-01 09:00:00
594,2,46,PURCHASE,28,OPENING_STOCK,,2026-04-01 09:00:00
595,1,232,PURCHASE,64,OPENING_STOCK,,2026-04-01 09:00:00
596,5,116,PURCHASE,26,OPENING_STOCK,,2026-04-01 09:00:00
597,4,170,PURCHASE,44,OPENING_STOCK,,2026-04-01 09:00:00
598,4,132,PURCHASE,64,OPENING_STOCK,,2026-04-01 09:00:00
599,2,18,PURCHASE,57,OPENING_STOCK,,2026-04-01 09:00:00
600,2,200,PURCHASE,78,OPENING_STOCK,,2026-04-01 09:00:00
601,5,189,PURCHASE,31,OPENING_STOCK,,2026-04-01 09:00:00
602,5,226,PURCHASE,24,OPENING_STOCK,,2026-04-01 09:00:00
603,3,92,PURCHASE,49,OPENING_STOCK,,2026-04-01 09:00:00
604,2,28,PURCHASE,50,OPENING_STOCK,,2026-04-01 09:00:00
605,2,30,PURCHASE,79,OPENING_STOCK,,2026-04-01 09:00:00
606,2,146,PURCHASE,44,OPENING_STOCK,,2026-04-01 09:00:00
607,1,122,PURCHASE,48,OPENING_STOCK,,2026-04-01 09:00:00
608,4,238,PURCHASE,72,OPENING_STOCK,,2026-04-01 09:00:00
609,5,108,PURCHASE,58,OPENING_STOCK,,2026-04-01 09:00:00
610,2,154,PURCHASE,48,OPENING_STOCK,,2026-04-01 09:00:00
611,4,154,PURCHASE,51,OPENING_STOCK,,2026-04-01 09:00:00
612,2,21,PURCHASE,25,OPENING_STOCK,,2026-04-01 09:00:00
613,4,16,PURCHASE,78,OPENING_STOCK,,2026-04-01 09:00:00
614,4,77,PURCHASE,50,OPENING_STOCK,,2026-04-01 09:00:00
615,2,109,PURCHASE,41,OPENING_STOCK,,2026-04-01 09:00:00
616,3,129,PURCHASE,58,OPENING_STOCK,,2026-04-01 09:00:00
617,1,174,PURCHASE,80,OPENING_STOCK,,2026-04-01 09:00:00
618,3,137,PURCHASE,70,OPENING_STOCK,,2026-04-01 09:00:00
619,2,73,PURCHASE,78,OPENING_STOCK,,2026-04-01 09:00:00
620,1,23,PURCHASE,35,OPENING_STOCK,,2026-04-01 09:00:00
621,2,215,PURCHASE,22,OPENING_STOCK,,2026-04-01 09:00:00
622,4,97,PURCHASE,73,OPENING_STOCK,,2026-04-01 09:00:00
623,2,113,PURCHASE,63,OPENING_STOCK,,2026-04-01 09:00:00
624,1,51,PURCHASE,21,OPENING_STOCK,,2026-04-01 09:00:00
625,4,75,PURCHASE,44,OPENING_STOCK,,2026-04-01 09:00:00
626,2,53,PURCHASE,27,OPENING_STOCK,,2026-04-01 09:00:00
627,5,71,PURCHASE,60,OPENING_STOCK,,2026-04-01 09:00:00
628,5,94,PURCHASE,49,OPENING_STOCK,,2026-04-01 09:00:00
629,2,57,PURCHASE,51,OPENING_STOCK,,2026-04-01 09:00:00
630,2,114,PURCHASE,54,OPENING_STOCK,,2026-04-01 09:00:00
631,1,76,PURCHASE,61,OPENING_STOCK,,2026-04-01 09:00:00
632,4,138,PURCHASE,59,OPENING_STOCK,,2026-04-01 09:00:00
633,4,106,PURCHASE,73,OPENING_STOCK,,2026-04-01 09:00:00
634,1,13,PURCHASE,37,OPENING_STOCK,,2026-04-01 09:00:00
635,3,209,PURCHASE,39,OPENING_STOCK,,2026-04-01 09:00:00
636,2,45,PURCHASE,36,OPENING_STOCK,,2026-04-01 09:00:00
637,5,176,PURCHASE,43,OPENING_STOCK,,2026-04-01 09:00:00
638,5,202,PURCHASE,76,OPENING_STOCK,,2026-04-01 09:00:00
639,3,200,PURCHASE,74,OPENING_STOCK,,2026-04-01 09:00:00
640,2,26,PURCHASE,25,OPENING_STOCK,,2026-04-01 09:00:00
641,3,16,PURCHASE,62,OPENING_STOCK,,2026-04-01 09:00:00
642,4,99,PURCHASE,75,OPENING_STOCK,,2026-04-01 09:00:00
643,3,30,PURCHASE,73,OPENING_STOCK,,2026-04-01 09:00:00
644,3,149,PURCHASE,61,OPENING_STOCK,,2026-04-01 09:00:00
645,5,79,PURCHASE,50,OPENING_STOCK,,2026-04-01 09:00:00
646,5,192,PURCHASE,69,OPENING_STOCK,,2026-04-01 09:00:00
647,1,231,PURCHASE,80,OPENING_STOCK,,2026-04-01 09:00:00
648,4,113,PURCHASE,22,OPENING_STOCK,,2026-04-01 09:00:00
649,4,147,PURCHASE,34,OPENING_STOCK,,2026-04-01 09:00:00
650,5,146,PURCHASE,23,OPENING_STOCK,,2026-04-01 09:00:00
651,2,218,PURCHASE,32,OPENING_STOCK,,2026-04-01 09:00:00
652,3,138,PURCHASE,44,OPENING_STOCK,,2026-04-01 09:00:00
653,2,212,PURCHASE,66,OPENING_STOCK,,2026-04-01 09:00:00
654,4,124,PURCHASE,65,OPENING_STOCK,,2026-04-01 09:00:00
655,3,172,PURCHASE,52,OPENING_STOCK,,2026-04-01 09:00:00
656,3,167,PURCHASE,51,OPENING_STOCK,,2026-04-01 09:00:00
657,3,77,PURCHASE,34,OPENING_STOCK,,2026-04-01 09:00:00
658,5,144,PURCHASE,72,OPENING_STOCK,,2026-04-01 09:00:00
659,5,136,PURCHASE,35,OPENING_STOCK,,2026-04-01 09:00:00
660,1,85,PURCHASE,72,OPENING_STOCK,,2026-04-01 09:00:00
661,3,41,PURCHASE,58,OPENING_STOCK,,2026-04-01 09:00:00
662,1,105,PURCHASE,24,OPENING_STOCK,,2026-04-01 09:00:00
663,3,213,PURCHASE,26,OPENING_STOCK,,2026-04-01 09:00:00
664,2,39,PURCHASE,41,OPENING_STOCK,,2026-04-01 09:00:00
665,2,101,PURCHASE,55,OPENING_STOCK,,2026-04-01 09:00:00
666,5,161,PURCHASE,69,OPENING_STOCK,,2026-04-01 09:00:00
667,1,134,PURCHASE,36,OPENING_STOCK,,2026-04-01 09:00:00
668,1,88,PURCHASE,33,OPENING_STOCK,,2026-04-01 09:00:00
669,1,5,PURCHASE,75,OPENING_STOCK,,2026-04-01 09:00:00
670,5,93,PURCHASE,65,OPENING_STOCK,,2026-04-01 09:00:00
671,4,212,PURCHASE,22,OPENING_STOCK,,2026-04-01 09:00:00
672,5,96,PURCHASE,27,OPENING_STOCK,,2026-04-01 09:00:00
673,3,6,PURCHASE,34,OPENING_STOCK,,2026-04-01 09:00:00
674,4,93,PURCHASE,78,OPENING_STOCK,,2026-04-01 09:00:00
675,5,25,PURCHASE,24,OPENING_STOCK,,2026-04-01 09:00:00
676,2,108,PURCHASE,35,OPENING_STOCK,,2026-04-01 09:00:00
677,3,196,PURCHASE,37,OPENING_STOCK,,2026-04-01 09:00:00
678,4,225,PURCHASE,55,OPENING_STOCK,,2026-04-01 09:00:00
679,5,101,PURCHASE,50,OPENING_STOCK,,2026-04-01 09:00:00
680,3,231,PURCHASE,76,OPENING_STOCK,,2026-04-01 09:00:00
681,1,188,PURCHASE,38,OPENING_STOCK,,2026-04-01 09:00:00
682,4,168,PURCHASE,31,OPENING_STOCK,,2026-04-01 09:00:00
683,5,10,PURCHASE,28,OPENING_STOCK,,2026-04-01 09:00:00
684,2,236,PURCHASE,51,OPENING_STOCK,,2026-04-01 09:00:00
685,1,218,PURCHASE,37,OPENING_STOCK,,2026-04-01 09:00:00
686,4,175,PURCHASE,69,OPENING_STOCK,,2026-04-01 09:00:00
687,3,50,PURCHASE,57,OPENING_STOCK,,2026-04-01 09:00:00
688,1,62,PURCHASE,77,OPENING_STOCK,,2026-04-01 09:00:00
689,1,129,PURCHASE,58,OPENING_STOCK,,2026-04-01 09:00:00
690,4,111,PURCHASE,72,OPENING_STOCK,,2026-04-01 09:00:00
691,5,148,PURCHASE,33,OPENING_STOCK,,2026-04-01 09:00:00
692,2,139,PURCHASE,40,OPENING_STOCK,,2026-04-01 09:00:00
693,5,27,PURCHASE,29,OPENING_STOCK,,2026-04-01 09:00:00
694,3,178,PURCHASE,39,OPENING_STOCK,,2026-04-01 09:00:00
695,5,47,PURCHASE,65,OPENING_STOCK,,2026-04-01 09:00:00
696,5,164,PURCHASE,27,OPENING_STOCK,,2026-04-01 09:00:00
697,5,153,PURCHASE,38,OPENING_STOCK,,2026-04-01 09:00:00
698,5,121,PURCHASE,34,OPENING_STOCK,,2026-04-01 09:00:00
699,5,225,PURCHASE,57,OPENING_STOCK,,2026-04-01 09:00:00
700,2,31,PURCHASE,53,OPENING_STOCK,,2026-04-01 09:00:00
701,3,204,SALE,-3,SALE,2503,2026-05-08 17:19:00
702,5,76,SALE,-4,SALE,522,2026-08-08 20:41:00
703,1,154,SALE,-3,SALE,1496,2026-09-12 12:07:00
704,4,124,SALE,-4,SALE,4977,2026-04-21 13:05:00
705,1,113,SALE,-1,SALE,1858,2026-09-21 11:13:00
706,3,190,SALE,-4,SALE,3587,2026-07-31 13:50:00
707,1,58,SALE,-1,SALE,4576,2026-04-28 11:00:00
708,4,180,SALE,-3,SALE,3356,2026-05-05 17:40:00
709,1,36,SALE,-1,SALE,831,2026-08-20 09:48:00
710,4,128,SALE,-4,SALE,969,2026-06-14 13:55:00
711,4,238,SALE,-3,SALE,1877,2026-07-29 09:18:00
712,4,53,SALE,-2,SALE,3949,2026-07-01 10:48:00
713,5,229,SALE,-2,SALE,789,2026-04-19 17:59:00
714,1,60,SALE,-1,SALE,2614,2026-07-30 16:39:00
715,2,118,SALE,-1,SALE,2625,2026-04-01 17:06:00
716,2,129,SALE,-4,SALE,4406,2026-06-18 10:52:00
717,5,123,SALE,-2,SALE,860,2026-04-13 14:58:00
718,2,42,SALE,-3,SALE,506,2026-05-07 19:02:00
719,5,28,SALE,-1,SALE,859,2026-04-02 19:23:00
720,5,26,SALE,-3,SALE,1355,2026-08-25 18:16:00
721,5,95,SALE,-1,SALE,2328,2026-07-17 17:48:00
722,4,56,SALE,-1,SALE,3071,2026-06-08 16:38:00
723,5,34,SALE,-3,SALE,3685,2026-08-28 13:57:00
724,3,56,SALE,-1,SALE,3555,2026-06-18 15:58:00
725,3,132,SALE,-4,SALE,1278,2026-09-10 19:06:00
726,5,219,SALE,-4,SALE,4642,2026-04-28 17:11:00
727,4,10,SALE,-3,SALE,2195,2026-06-04 16:05:00
728,2,220,SALE,-1,SALE,1947,2026-07-06 14:41:00
729,2,13,SALE,-3,SALE,48,2026-04-11 17:24:00
730,4,53,SALE,-2,SALE,3051,2026-09-05 09:48:00
731,2,150,SALE,-4,SALE,557,2026-04-17 14:39:00
732,4,222,SALE,-2,SALE,2840,2026-09-26 18:58:00
733,4,133,SALE,-2,SALE,418,2026-05-21 19:56:00
734,2,48,SALE,-1,SALE,2551,2026-08-17 09:56:00
735,2,57,SALE,-1,SALE,1717,2026-06-27 15:27:00
736,3,40,SALE,-4,SALE,2518,2026-07-28 09:00:00
737,3,73,SALE,-2,SALE,3219,2026-07-04 13:42:00
738,2,37,SALE,-3,SALE,4494,2026-09-25 14:10:00
739,3,211,SALE,-3,SALE,3437,2026-08-03 14:26:00
740,4,44,SALE,-4,SALE,686,2026-04-17 11:30:00
741,2,172,SALE,-3,SALE,508,2026-08-03 17:29:00
742,2,86,SALE,-1,SALE,723,2026-09-19 12:52:00
743,4,31,SALE,-3,SALE,2940,2026-07-25 09:57:00
744,2,56,SALE,-1,SALE,4792,2026-04-27 13:09:00
745,4,121,SALE,-1,SALE,2831,2026-04-12 09:25:00
746,4,156,SALE,-2,SALE,2908,2026-07-09 14:06:00
747,5,146,SALE,-3,SALE,3638,2026-04-10 16:26:00
748,3,89,SALE,-3,SALE,1266,2026-05-07 16:11:00
749,4,134,SALE,-1,SALE,709,2026-06-05 09:44:00
750,4,161,SALE,-3,SALE,1992,2026-04-07 15:51:00
751,4,147,SALE,-1,SALE,2885,2026-08-12 15:34:00
752,1,49,SALE,-2,SALE,3068,2026-07-31 12:32:00
753,1,222,SALE,-4,SALE,4636,2026-09-17 12:25:00
754,3,96,SALE,-1,SALE,4873,2026-06-27 16:39:00
755,2,212,SALE,-2,SALE,4197,2026-06-06 19:46:00
756,3,228,SALE,-3,SALE,2006,2026-08-23 20:20:00
757,2,229,SALE,-1,SALE,3953,2026-09-02 18:41:00
758,2,229,SALE,-2,SALE,2325,2026-09-27 18:09:00
759,2,116,SALE,-1,SALE,988,2026-07-13 13:48:00
760,3,8,SALE,-1,SALE,3820,2026-05-12 11:32:00
761,3,9,SALE,-4,SALE,752,2026-05-24 09:20:00
762,1,127,SALE,-4,SALE,1496,2026-09-12 12:07:00
763,2,81,SALE,-3,SALE,1826,2026-07-22 14:53:00
764,3,4,SALE,-4,SALE,954,2026-05-31 09:09:00
765,5,83,SALE,-3,SALE,3671,2026-06-15 19:55:00
766,4,36,SALE,-3,SALE,1517,2026-04-27 11:16:00
767,5,156,SALE,-4,SALE,4996,2026-08-01 11:58:00
768,1,88,SALE,-4,SALE,3531,2026-04-05 15:32:00
769,5,122,SALE,-3,SALE,2135,2026-04-05 10:41:00
770,3,232,SALE,-4,SALE,2118,2026-05-07 11:54:00
771,5,77,SALE,-3,SALE,2612,2026-05-09 14:16:00
772,1,238,SALE,-3,SALE,3838,2026-08-10 16:47:00
773,3,240,SALE,-2,SALE,3717,2026-05-20 20:43:00
774,1,156,SALE,-3,SALE,908,2026-05-02 15:36:00
775,3,170,SALE,-4,SALE,1510,2026-08-31 09:22:00
776,2,93,SALE,-2,SALE,2310,2026-09-10 18:50:00
777,2,198,SALE,-4,SALE,1045,2026-05-12 18:11:00
778,3,152,SALE,-3,SALE,3991,2026-07-26 10:27:00
779,2,173,SALE,-4,SALE,1604,2026-08-21 19:23:00
780,1,52,SALE,-3,SALE,380,2026-09-16 12:10:00
781,2,199,SALE,-3,SALE,4431,2026-08-23 10:28:00
782,3,170,SALE,-2,SALE,3993,2026-08-31 12:33:00
783,2,215,SALE,-1,SALE,343,2026-05-17 10:04:00
784,1,237,SALE,-2,SALE,3673,2026-07-24 09:05:00
785,3,218,SALE,-3,SALE,3661,2026-07-25 10:18:00
786,5,41,SALE,-3,SALE,4590,2026-07-14 15:10:00
787,3,59,SALE,-1,SALE,4943,2026-06-10 11:52:00
788,3,139,SALE,-1,SALE,3719,2026-08-21 12:23:00
789,2,62,SALE,-3,SALE,3962,2026-06-14 17:43:00
790,1,152,SALE,-4,SALE,2610,2026-04-09 20:39:00
791,2,226,SALE,-2,SALE,187,2026-04-10 17:21:00
792,5,133,SALE,-3,SALE,3508,2026-05-25 16:11:00
793,2,234,SALE,-4,SALE,4987,2026-09-10 12:17:00
794,2,56,SALE,-4,SALE,3746,2026-05-07 16:40:00
795,1,232,SALE,-1,SALE,1837,2026-07-12 10:24:00
796,2,99,SALE,-1,SALE,2178,2026-07-01 11:28:00
797,4,126,SALE,-3,SALE,4394,2026-04-23 16:47:00
798,2,20,SALE,-2,SALE,4890,2026-06-25 11:18:00
799,5,100,SALE,-4,SALE,3842,2026-09-28 10:27:00
800,3,79,SALE,-1,SALE,4536,2026-04-06 20:16:00
801,2,217,SALE,-2,SALE,4945,2026-06-05 19:45:00
802,4,194,SALE,-4,SALE,633,2026-06-13 16:33:00
803,3,58,SALE,-1,SALE,3306,2026-08-06 09:45:00
804,1,232,SALE,-3,SALE,2683,2026-07-05 18:05:00
805,2,75,SALE,-2,SALE,1794,2026-06-04 11:02:00
806,4,115,SALE,-1,SALE,1992,2026-04-07 15:51:00
807,1,171,SALE,-2,SALE,1518,2026-08-30 09:32:00
808,3,152,SALE,-2,SALE,3478,2026-06-18 09:26:00
809,2,133,SALE,-4,SALE,4166,2026-05-07 20:04:00
810,2,41,SALE,-1,SALE,2178,2026-07-01 11:28:00
811,5,113,SALE,-1,SALE,4775,2026-04-18 16:43:00
812,4,175,SALE,-1,SALE,815,2026-08-16 18:48:00
813,4,33,SALE,-1,SALE,171,2026-07-29 15:05:00
814,2,236,SALE,-2,SALE,1273,2026-04-13 20:43:00
815,1,151,SALE,-1,SALE,1248,2026-09-17 17:04:00
816,2,66,SALE,-4,SALE,3737,2026-07-31 19:32:00
817,5,55,SALE,-2,SALE,4705,2026-07-10 14:17:00
818,4,181,SALE,-1,SALE,3769,2026-05-16 09:46:00
819,3,65,SALE,-2,SALE,1068,2026-08-09 19:58:00
820,1,131,SALE,-3,SALE,40,2026-09-14 15:14:00
821,4,130,SALE,-4,SALE,1047,2026-09-02 11:13:00
822,4,81,SALE,-2,SALE,3482,2026-07-09 12:11:00
823,1,46,SALE,-2,SALE,2022,2026-06-08 14:30:00
824,5,22,SALE,-4,SALE,2419,2026-04-20 13:24:00
825,1,3,SALE,-1,SALE,20,2026-06-10 18:07:00
826,5,75,SALE,-1,SALE,1271,2026-05-06 14:07:00
827,2,54,SALE,-3,SALE,486,2026-06-10 09:52:00
828,3,43,SALE,-3,SALE,4645,2026-08-21 13:44:00
829,2,56,SALE,-3,SALE,1211,2026-07-15 19:18:00
830,1,138,SALE,-4,SALE,1509,2026-05-09 16:53:00
831,3,66,SALE,-4,SALE,4267,2026-04-04 20:31:00
832,1,183,SALE,-2,SALE,46,2026-09-24 16:08:00
833,3,229,SALE,-4,SALE,1293,2026-08-07 20:13:00
834,5,109,SALE,-3,SALE,360,2026-07-12 12:04:00
835,3,61,SALE,-3,SALE,4897,2026-04-28 14:54:00
836,2,19,SALE,-1,SALE,4492,2026-04-19 12:36:00
837,3,66,SALE,-3,SALE,2005,2026-05-12 12:50:00
838,5,212,SALE,-1,SALE,3735,2026-06-27 19:13:00
839,1,133,SALE,-3,SALE,3460,2026-04-29 12:21:00
840,2,210,SALE,-4,SALE,2776,2026-08-27 19:46:00
841,5,136,SALE,-1,SALE,4132,2026-04-29 15:20:00
842,3,21,SALE,-2,SALE,920,2026-04-15 11:17:00
843,1,46,SALE,-4,SALE,4526,2026-09-10 14:20:00
844,1,46,SALE,-1,SALE,238,2026-06-09 11:28:00
845,3,37,SALE,-2,SALE,4897,2026-04-28 14:54:00
846,5,214,SALE,-4,SALE,3317,2026-05-31 15:47:00
847,1,212,SALE,-2,SALE,2053,2026-09-17 18:18:00
848,2,69,SALE,-3,SALE,1532,2026-06-23 19:30:00
849,3,82,SALE,-4,SALE,897,2026-06-20 20:17:00
850,1,73,SALE,-4,SALE,4362,2026-06-04 15:42:00
851,5,156,SALE,-2,SALE,1932,2026-04-02 11:41:00
852,4,169,SALE,-3,SALE,2407,2026-05-14 11:00:00
853,3,112,SALE,-1,SALE,4661,2026-07-10 19:40:00
854,2,59,SALE,-1,SALE,3213,2026-05-15 14:21:00
855,2,121,SALE,-4,SALE,4205,2026-04-13 10:22:00
856,5,112,SALE,-2,SALE,1074,2026-08-13 17:12:00
857,3,169,SALE,-2,SALE,1557,2026-08-16 09:11:00
858,2,61,SALE,-2,SALE,4915,2026-05-03 09:53:00
859,1,193,SALE,-3,SALE,2074,2026-07-15 12:49:00
860,3,7,SALE,-3,SALE,1099,2026-06-12 14:49:00
861,2,163,SALE,-3,SALE,331,2026-04-06 19:27:00
862,3,152,SALE,-3,SALE,1239,2026-05-10 17:12:00
863,4,202,SALE,-1,SALE,4967,2026-04-12 14:25:00
864,3,219,SALE,-2,SALE,2299,2026-07-13 09:10:00
865,1,22,SALE,-2,SALE,2288,2026-07-01 18:22:00
866,1,124,SALE,-2,SALE,3900,2026-06-08 18:43:00
867,4,179,SALE,-4,SALE,3622,2026-09-18 18:27:00
868,1,5,SALE,-4,SALE,493,2026-06-15 09:39:00
869,5,26,SALE,-4,SALE,2270,2026-07-30 09:10:00
870,4,148,SALE,-4,SALE,3237,2026-07-13 14:04:00
871,4,240,SALE,-1,SALE,637,2026-06-15 14:52:00
872,5,41,SALE,-2,SALE,500,2026-09-17 13:23:00
873,3,162,SALE,-1,SALE,4778,2026-06-26 10:12:00
874,3,198,SALE,-3,SALE,296,2026-04-25 19:00:00
875,1,12,SALE,-2,SALE,4717,2026-04-24 18:59:00
876,4,110,SALE,-1,SALE,4688,2026-09-06 17:59:00
877,5,31,SALE,-2,SALE,1358,2026-07-19 16:01:00
878,2,117,SALE,-2,SALE,4945,2026-06-05 19:45:00
879,4,112,SALE,-2,SALE,1195,2026-05-02 18:47:00
880,3,39,SALE,-2,SALE,4921,2026-08-20 10:30:00
881,4,228,SALE,-3,SALE,3205,2026-06-15 16:15:00
882,5,129,SALE,-2,SALE,3077,2026-04-23 20:01:00
883,3,196,SALE,-4,SALE,4584,2026-08-25 20:56:00
884,4,112,SALE,-1,SALE,3076,2026-07-17 20:38:00
885,5,140,SALE,-2,SALE,3637,2026-08-23 15:42:00
886,2,115,SALE,-4,SALE,3053,2026-09-17 14:51:00
887,3,43,SALE,-1,SALE,2792,2026-09-28 19:11:00
888,3,224,SALE,-1,SALE,1876,2026-07-18 17:36:00
889,5,4,SALE,-4,SALE,1910,2026-06-06 12:59:00
890,1,98,SALE,-3,SALE,2785,2026-08-17 13:50:00
891,4,127,SALE,-1,SALE,994,2026-06-26 16:30:00
892,1,139,SALE,-4,SALE,4949,2026-07-18 12:59:00
893,3,240,SALE,-3,SALE,1158,2026-05-04 10:10:00
894,2,166,SALE,-3,SALE,627,2026-07-30 09:43:00
895,3,53,SALE,-1,SALE,2431,2026-07-24 20:08:00
896,5,234,SALE,-1,SALE,851,2026-04-05 15:36:00
897,1,64,SALE,-1,SALE,2615,2026-08-26 11:03:00
898,4,178,SALE,-1,SALE,2799,2026-06-12 13:16:00
899,3,113,SALE,-4,SALE,635,2026-05-07 09:57:00
900,4,192,SALE,-3,SALE,4977,2026-04-21 13:05:00
901,1,70,SALE,-1,SALE,4178,2026-04-09 19:57:00
902,5,67,SALE,-4,SALE,1989,2026-06-01 09:03:00
903,1,124,SALE,-3,SALE,4802,2026-08-29 09:39:00
904,1,41,SALE,-4,SALE,1137,2026-05-05 09:38:00
905,1,110,SALE,-1,SALE,1822,2026-05-22 09:44:00
906,5,183,SALE,-4,SALE,4988,2026-04-15 15:15:00
907,5,226,SALE,-3,SALE,1332,2026-05-25 20:19:00
908,1,62,SALE,-1,SALE,2380,2026-06-23 18:01:00
909,5,214,SALE,-3,SALE,2388,2026-04-05 17:10:00
910,2,112,SALE,-1,SALE,3550,2026-08-21 18:31:00
911,5,153,SALE,-3,SALE,1668,2026-05-02 13:51:00
912,2,66,SALE,-2,SALE,1610,2026-08-31 20:28:00
913,5,164,SALE,-1,SALE,2287,2026-09-26 15:43:00
914,4,63,SALE,-2,SALE,2903,2026-09-11 12:48:00
915,3,115,SALE,-3,SALE,4111,2026-05-15 19:11:00
916,3,4,SALE,-4,SALE,516,2026-08-09 14:26:00
917,1,130,SALE,-1,SALE,3081,2026-05-12 16:54:00
918,5,110,SALE,-1,SALE,3375,2026-07-30 10:32:00
919,5,154,SALE,-1,SALE,1226,2026-04-16 10:55:00
920,5,235,SALE,-4,SALE,1487,2026-04-18 11:19:00
921,5,132,SALE,-2,SALE,822,2026-07-10 11:56:00
922,5,216,SALE,-1,SALE,2119,2026-09-05 17:34:00
923,2,180,SALE,-1,SALE,1607,2026-08-19 18:23:00
924,3,151,SALE,-2,SALE,3488,2026-04-01 10:05:00
925,2,196,SALE,-3,SALE,2411,2026-08-19 17:48:00
926,4,78,SALE,-1,SALE,3912,2026-08-31 18:10:00
927,1,123,SALE,-1,SALE,3586,2026-09-03 20:22:00
928,3,89,SALE,-1,SALE,3488,2026-04-01 10:05:00
929,4,191,SALE,-1,SALE,3470,2026-08-06 14:15:00
930,3,151,SALE,-2,SALE,2145,2026-04-12 14:07:00
931,5,8,SALE,-3,SALE,3570,2026-07-23 14:07:00
932,3,121,SALE,-1,SALE,1164,2026-08-05 14:06:00
933,2,17,SALE,-4,SALE,627,2026-07-30 09:43:00
934,1,117,SALE,-4,SALE,3095,2026-07-16 11:40:00
935,5,107,SALE,-2,SALE,500,2026-09-17 13:23:00
936,3,32,SALE,-1,SALE,1660,2026-05-14 18:28:00
937,1,132,SALE,-2,SALE,652,2026-06-25 11:02:00
938,2,99,SALE,-4,SALE,4069,2026-08-22 20:02:00
939,4,74,SALE,-4,SALE,2213,2026-04-02 19:11:00
940,4,165,SALE,-1,SALE,3362,2026-04-21 17:34:00
941,5,86,SALE,-3,SALE,2875,2026-05-20 13:07:00
942,3,174,SALE,-1,SALE,3802,2026-06-30 16:53:00
943,5,28,SALE,-4,SALE,131,2026-09-26 18:11:00
944,3,166,SALE,-2,SALE,1327,2026-04-22 17:54:00
945,1,211,SALE,-3,SALE,26,2026-07-16 14:50:00
946,5,235,SALE,-1,SALE,2723,2026-06-19 09:43:00
947,5,189,SALE,-1,SALE,286,2026-06-16 16:18:00
948,4,221,SALE,-3,SALE,1847,2026-04-14 17:44:00
949,2,236,SALE,-3,SALE,460,2026-06-10 14:29:00
950,5,237,SALE,-3,SALE,3055,2026-05-23 09:30:00
951,2,218,SALE,-3,SALE,4166,2026-05-07 20:04:00
952,4,28,SALE,-1,SALE,778,2026-04-04 17:06:00
953,5,144,SALE,-1,SALE,4240,2026-06-15 11:10:00
954,3,100,SALE,-2,SALE,1556,2026-05-09 09:45:00
955,4,92,SALE,-2,SALE,4621,2026-09-23 14:37:00
956,4,228,SALE,-4,SALE,3094,2026-07-26 09:40:00
957,2,1,SALE,-1,SALE,4601,2026-07-01 19:42:00
958,4,240,SALE,-3,SALE,3033,2026-07-03 15:31:00
959,1,15,SALE,-2,SALE,3325,2026-08-29 16:23:00
960,5,115,SALE,-1,SALE,2682,2026-08-18 12:25:00
961,3,132,SALE,-1,SALE,4769,2026-06-14 10:15:00
962,4,60,SALE,-3,SALE,2256,2026-08-05 09:41:00
963,2,155,SALE,-3,SALE,2094,2026-04-08 10:05:00
964,4,56,SALE,-2,SALE,3313,2026-04-08 13:41:00
965,2,125,SALE,-3,SALE,257,2026-09-02 17:48:00
966,3,156,SALE,-2,SALE,29,2026-09-10 15:52:00
967,4,162,SALE,-3,SALE,4168,2026-07-20 12:13:00
968,4,29,SALE,-3,SALE,1488,2026-09-02 15:23:00
969,4,51,SALE,-2,SALE,1313,2026-08-10 12:42:00
970,4,202,SALE,-4,SALE,2032,2026-06-23 11:43:00
971,5,191,SALE,-2,SALE,2134,2026-07-18 15:40:00
972,5,151,SALE,-4,SALE,4371,2026-09-08 18:05:00
973,4,42,SALE,-2,SALE,906,2026-07-04 14:07:00
974,4,116,SALE,-2,SALE,2972,2026-05-17 11:51:00
975,3,232,SALE,-3,SALE,4746,2026-05-14 17:44:00
976,3,61,SALE,-3,SALE,4849,2026-06-20 14:41:00
977,1,103,SALE,-3,SALE,2855,2026-04-29 13:40:00
978,2,163,SALE,-4,SALE,1199,2026-08-28 14:47:00
979,3,22,SALE,-3,SALE,4095,2026-09-05 16:29:00
980,2,41,SALE,-4,SALE,425,2026-04-06 17:06:00
981,5,100,SALE,-3,SALE,3131,2026-05-19 10:25:00
982,2,13,SALE,-2,SALE,1450,2026-08-18 17:54:00
983,3,138,SALE,-1,SALE,937,2026-08-28 10:33:00
984,3,205,SALE,-1,SALE,1659,2026-06-05 16:23:00
985,2,212,SALE,-3,SALE,1077,2026-04-01 13:58:00
986,1,182,SALE,-2,SALE,2793,2026-09-18 16:36:00
987,3,83,SALE,-1,SALE,4645,2026-08-21 13:44:00
988,4,233,SALE,-1,SALE,3500,2026-08-20 14:55:00
989,4,111,SALE,-2,SALE,1093,2026-04-21 18:01:00
990,3,182,SALE,-1,SALE,2052,2026-09-17 17:40:00
991,1,60,SALE,-2,SALE,3646,2026-08-08 18:42:00
992,4,140,SALE,-3,SALE,4883,2026-06-03 17:10:00
993,4,55,SALE,-4,SALE,1001,2026-08-10 19:26:00
994,1,43,SALE,-3,SALE,4735,2026-05-31 09:36:00
995,3,68,SALE,-3,SALE,835,2026-04-23 16:33:00
996,2,17,SALE,-2,SALE,4408,2026-07-19 14:21:00
997,2,75,SALE,-3,SALE,3223,2026-07-17 11:51:00
998,2,168,SALE,-4,SALE,3815,2026-09-20 10:46:00
999,2,224,SALE,-3,SALE,4365,2026-08-15 19:45:00
1000,2,153,SALE,-3,SALE,957,2026-06-15 13:16:00
1001,2,168,SALE,-3,SALE,4450,2026-09-15 11:09:00
1002,3,48,SALE,-2,SALE,3461,2026-05-28 15:23:00
1003,1,123,SALE,-4,SALE,3009,2026-07-23 15:54:00
1004,3,93,SALE,-3,SALE,4173,2026-05-20 13:44:00
1005,4,53,SALE,-1,SALE,3347,2026-06-14 12:15:00
1006,3,170,SALE,-1,SALE,141,2026-07-19 14:22:00
1007,3,183,SALE,-3,SALE,1848,2026-09-24 19:52:00
1008,4,16,SALE,-1,SALE,3999,2026-04-10 13:51:00
1009,5,233,SALE,-2,SALE,3685,2026-08-28 13:57:00
1010,3,204,SALE,-3,SALE,3467,2026-09-20 19:21:00
1011,5,142,SALE,-3,SALE,3308,2026-04-12 10:27:00
1012,2,68,SALE,-3,SALE,4612,2026-07-13 19:52:00
1013,4,156,SALE,-3,SALE,1011,2026-07-24 14:24:00
1014,5,239,SALE,-1,SALE,1769,2026-04-10 20:54:00
1015,5,233,SALE,-4,SALE,3599,2026-04-07 20:59:00
1016,5,193,SALE,-3,SALE,3844,2026-07-26 20:19:00
1017,5,112,SALE,-4,SALE,2599,2026-07-22 17:29:00
1018,4,114,SALE,-1,SALE,415,2026-05-23 13:36:00
1019,5,159,SALE,-4,SALE,1609,2026-04-21 09:43:00
1020,4,152,SALE,-2,SALE,1536,2026-06-16 17:24:00
1021,5,180,SALE,-1,SALE,294,2026-04-14 15:26:00
1022,4,209,SALE,-3,SALE,1283,2026-08-03 18:55:00
1023,3,144,SALE,-2,SALE,3831,2026-05-01 09:23:00
1024,4,10,SALE,-4,SALE,2721,2026-07-30 09:39:00
1025,3,218,SALE,-2,SALE,266,2026-09-22 16:09:00
1026,1,117,SALE,-3,SALE,1034,2026-04-10 15:38:00
1027,3,45,SALE,-1,SALE,4165,2026-09-27 10:11:00
1028,3,160,SALE,-1,SALE,433,2026-09-25 10:34:00
1029,2,61,SALE,-2,SALE,4007,2026-06-21 11:55:00
1030,3,55,SALE,-4,SALE,746,2026-05-26 20:11:00
1031,4,152,SALE,-1,SALE,2122,2026-09-12 17:46:00
1032,3,174,SALE,-3,SALE,2438,2026-04-28 13:15:00
1033,3,214,SALE,-4,SALE,794,2026-09-02 15:44:00
1034,2,197,SALE,-2,SALE,4722,2026-05-25 15:00:00
1035,1,169,SALE,-2,SALE,2942,2026-04-02 16:07:00
1036,1,54,SALE,-4,SALE,2607,2026-07-21 11:55:00
1037,4,212,SALE,-3,SALE,2507,2026-08-27 09:40:00
1038,1,40,SALE,-3,SALE,632,2026-05-05 11:03:00
1039,4,20,SALE,-2,SALE,1178,2026-06-20 14:12:00
1040,1,68,SALE,-3,SALE,1642,2026-09-18 11:30:00
1041,4,82,SALE,-4,SALE,1163,2026-04-26 15:20:00
1042,1,234,SALE,-1,SALE,1707,2026-06-15 14:54:00
1043,5,208,SALE,-1,SALE,3571,2026-04-01 14:00:00
1044,5,209,SALE,-3,SALE,4653,2026-08-18 12:03:00
1045,3,202,SALE,-3,SALE,4899,2026-09-27 17:00:00
1046,1,150,SALE,-4,SALE,621,2026-06-05 16:29:00
1047,1,165,SALE,-1,SALE,2556,2026-09-24 15:15:00
1048,3,111,SALE,-4,SALE,2935,2026-05-22 10:43:00
1049,5,176,SALE,-4,SALE,2941,2026-07-21 19:06:00
1050,1,63,SALE,-2,SALE,245,2026-06-13 09:14:00
1051,5,162,SALE,-3,SALE,12,2026-07-23 11:44:00
1052,3,198,SALE,-3,SALE,1016,2026-07-19 15:48:00
1053,3,81,SALE,-4,SALE,3291,2026-05-27 20:41:00
1054,3,45,SALE,-3,SALE,1453,2026-07-11 17:09:00
1055,1,144,SALE,-4,SALE,2805,2026-09-02 18:17:00
1056,2,4,SALE,-2,SALE,3711,2026-04-13 16:25:00
1057,2,78,SALE,-1,SALE,3163,2026-07-23 12:39:00
1058,2,133,SALE,-2,SALE,1622,2026-04-16 16:01:00
1059,5,128,SALE,-1,SALE,3275,2026-05-04 19:15:00
1060,5,3,SALE,-2,SALE,4691,2026-08-09 11:17:00
1061,2,1,SALE,-2,SALE,2666,2026-06-10 12:58:00
1062,1,26,SALE,-4,SALE,4200,2026-08-16 15:35:00
1063,1,65,SALE,-1,SALE,697,2026-04-13 10:55:00
1064,4,189,SALE,-4,SALE,969,2026-06-14 13:55:00
1065,3,146,SALE,-2,SALE,3786,2026-09-21 10:31:00
1066,3,129,SALE,-3,SALE,1641,2026-04-16 16:57:00
1067,3,177,SALE,-4,SALE,4315,2026-05-18 11:14:00
1068,3,74,SALE,-3,SALE,4430,2026-05-16 15:14:00
1069,3,133,SALE,-1,SALE,3399,2026-08-07 14:20:00
1070,1,30,SALE,-3,SALE,177,2026-09-13 15:56:00
1071,2,179,SALE,-1,SALE,627,2026-07-30 09:43:00
1072,2,73,SALE,-1,SALE,1833,2026-06-17 14:58:00
1073,2,18,SALE,-1,SALE,4373,2026-09-07 09:41:00
1074,5,54,SALE,-4,SALE,4950,2026-08-13 10:04:00
1075,2,93,SALE,-2,SALE,2480,2026-07-26 16:24:00
1076,2,157,SALE,-2,SALE,4789,2026-09-17 20:05:00
1077,4,208,SALE,-4,SALE,2487,2026-09-04 16:44:00
1078,4,27,SALE,-4,SALE,1863,2026-05-23 13:19:00
1079,3,124,SALE,-2,SALE,4938,2026-09-12 17:52:00
1080,5,15,SALE,-1,SALE,2371,2026-08-12 19:58:00
1081,3,156,SALE,-3,SALE,2002,2026-06-15 09:32:00
1082,5,152,SALE,-4,SALE,856,2026-08-23 11:05:00
1083,1,232,SALE,-3,SALE,4659,2026-05-17 16:07:00
1084,5,206,SALE,-2,SALE,868,2026-05-12 11:36:00
1085,4,162,SALE,-2,SALE,3816,2026-05-07 15:10:00
1086,5,212,SALE,-1,SALE,1455,2026-07-04 17:14:00
1087,1,97,SALE,-3,SALE,3459,2026-08-02 11:17:00
1088,1,12,SALE,-4,SALE,2636,2026-06-15 18:33:00
1089,3,24,SALE,-4,SALE,3137,2026-06-28 18:28:00
1090,5,223,SALE,-2,SALE,1354,2026-08-21 10:40:00
1091,5,162,SALE,-2,SALE,3658,2026-08-24 16:47:00
1092,3,39,SALE,-1,SALE,3149,2026-07-21 20:24:00
1093,1,18,SALE,-2,SALE,1623,2026-07-22 19:11:00
1094,1,35,SALE,-2,SALE,1258,2026-06-28 20:51:00
1095,1,136,SALE,-3,SALE,2458,2026-04-23 15:30:00
1096,5,105,SALE,-4,SALE,4539,2026-04-04 12:54:00
1097,4,44,SALE,-4,SALE,993,2026-07-31 09:09:00
1098,1,32,SALE,-3,SALE,2987,2026-06-18 20:29:00
1099,2,234,SALE,-1,SALE,3319,2026-09-06 16:47:00
1100,5,42,SALE,-2,SALE,3849,2026-06-26 09:59:00
1101,1,185,SALE,-1,SALE,399,2026-09-21 13:54:00
1102,4,103,SALE,-2,SALE,4336,2026-06-24 14:06:00
1103,5,16,SALE,-3,SALE,4834,2026-06-29 11:23:00
1104,3,27,SALE,-2,SALE,514,2026-05-01 17:19:00
1105,2,4,SALE,-1,SALE,3148,2026-08-18 12:56:00
1106,1,133,SALE,-3,SALE,1184,2026-09-02 19:56:00
1107,3,63,SALE,-3,SALE,1383,2026-06-14 20:16:00
1108,5,1,SALE,-3,SALE,2644,2026-08-01 15:21:00
1109,1,138,SALE,-1,SALE,3869,2026-08-31 19:48:00
1110,4,122,SALE,-3,SALE,2373,2026-07-11 17:43:00
1111,2,179,SALE,-1,SALE,315,2026-09-26 20:09:00
1112,2,96,SALE,-3,SALE,590,2026-09-08 20:39:00
1113,2,99,SALE,-1,SALE,3109,2026-08-16 19:08:00
1114,1,206,SALE,-2,SALE,84,2026-09-02 11:24:00
1115,3,55,SALE,-1,SALE,2468,2026-08-09 20:01:00
1116,5,171,SALE,-4,SALE,3073,2026-08-20 11:12:00
1117,5,239,SALE,-4,SALE,2456,2026-09-24 17:34:00
1118,2,118,SALE,-4,SALE,3698,2026-07-05 20:28:00
1119,1,127,SALE,-4,SALE,312,2026-05-17 15:22:00
1120,4,40,SALE,-2,SALE,292,2026-08-03 10:48:00
1121,4,132,SALE,-4,SALE,2475,2026-04-13 17:45:00
1122,2,19,SALE,-4,SALE,2514,2026-07-26 17:34:00
1123,1,94,SALE,-4,SALE,3968,2026-09-05 11:40:00
1124,5,164,SALE,-4,SALE,938,2026-06-20 17:20:00
1125,3,53,SALE,-3,SALE,1986,2026-05-01 20:58:00
1126,2,96,SALE,-3,SALE,1604,2026-08-21 19:23:00
1127,1,91,SALE,-4,SALE,1034,2026-04-10 15:38:00
1128,4,163,SALE,-3,SALE,2578,2026-06-22 17:38:00
1129,3,218,SALE,-2,SALE,1656,2026-08-26 16:11:00
1130,5,120,SALE,-3,SALE,2524,2026-08-19 18:21:00
1131,3,177,SALE,-1,SALE,835,2026-04-23 16:33:00
1132,1,157,SALE,-4,SALE,2855,2026-04-29 13:40:00
1133,3,139,SALE,-2,SALE,913,2026-05-27 10:04:00
1134,5,105,SALE,-4,SALE,1253,2026-05-04 09:19:00
1135,5,180,SALE,-2,SALE,1097,2026-05-01 17:09:00
1136,4,73,SALE,-4,SALE,3283,2026-06-25 11:28:00
1137,3,235,SALE,-2,SALE,4357,2026-08-03 12:29:00
1138,4,206,SALE,-1,SALE,3433,2026-08-27 20:34:00
1139,5,137,SALE,-1,SALE,4135,2026-09-21 18:46:00
1140,5,133,SALE,-3,SALE,951,2026-07-15 16:15:00
1141,3,168,SALE,-2,SALE,814,2026-06-08 09:02:00
1142,5,219,SALE,-2,SALE,3709,2026-06-22 15:11:00
1143,4,150,SALE,-2,SALE,1387,2026-04-01 13:46:00
1144,5,29,SALE,-4,SALE,466,2026-09-03 10:06:00
1145,4,199,SALE,-4,SALE,337,2026-06-14 15:13:00
1146,3,152,SALE,-1,SALE,1246,2026-06-28 16:50:00
1147,1,162,SALE,-2,SALE,3708,2026-05-21 12:55:00
1148,1,31,SALE,-2,SALE,4324,2026-05-09 11:24:00
1149,5,121,SALE,-3,SALE,3753,2026-09-20 10:00:00
1150,3,5,SALE,-2,SALE,397,2026-04-22 09:17:00
1151,3,109,SALE,-3,SALE,2970,2026-04-26 11:22:00
1152,3,130,SALE,-3,SALE,3327,2026-08-23 09:23:00
1153,5,198,SALE,-4,SALE,2414,2026-06-01 09:49:00
1154,5,155,SALE,-4,SALE,3518,2026-05-25 12:57:00
1155,3,100,SALE,-3,SALE,2392,2026-04-21 15:57:00
1156,2,4,SALE,-1,SALE,4140,2026-09-17 20:22:00
1157,1,70,SALE,-3,SALE,930,2026-08-11 16:32:00
1158,5,86,SALE,-3,SALE,1119,2026-04-26 17:27:00
1159,5,163,SALE,-2,SALE,2888,2026-08-04 15:09:00
1160,5,163,SALE,-3,SALE,4514,2026-04-30 20:12:00
1161,1,204,SALE,-1,SALE,3811,2026-04-28 15:38:00
1162,4,19,SALE,-4,SALE,3551,2026-06-13 20:22:00
1163,3,65,SALE,-3,SALE,1377,2026-04-14 12:47:00
1164,4,162,SALE,-2,SALE,641,2026-08-21 17:56:00
1165,2,189,SALE,-3,SALE,691,2026-07-18 20:40:00
1166,3,140,SALE,-2,SALE,224,2026-05-01 10:23:00
1167,2,55,SALE,-1,SALE,3118,2026-06-28 19:16:00
1168,4,163,SALE,-4,SALE,1714,2026-04-06 18:45:00
1169,4,52,SALE,-4,SALE,3499,2026-06-23 14:01:00
1170,4,154,SALE,-3,SALE,4902,2026-04-01 11:00:00
1171,5,196,SALE,-4,SALE,848,2026-07-22 13:02:00
1172,2,59,SALE,-3,SALE,629,2026-07-21 13:55:00
1173,3,148,SALE,-1,SALE,1708,2026-08-26 10:42:00
1174,3,204,SALE,-2,SALE,3401,2026-08-23 17:36:00
1175,4,216,SALE,-1,SALE,2834,2026-09-05 17:57:00
1176,3,132,SALE,-1,SALE,4143,2026-09-15 12:00:00
1177,2,9,SALE,-4,SALE,3662,2026-05-11 17:35:00
1178,1,208,SALE,-3,SALE,2374,2026-09-14 13:16:00
1179,4,146,SALE,-4,SALE,4611,2026-07-04 10:20:00
1180,4,65,SALE,-2,SALE,4924,2026-08-22 16:37:00
1181,1,239,SALE,-1,SALE,631,2026-07-04 20:11:00
1182,2,185,SALE,-1,SALE,4668,2026-04-23 16:59:00
1183,2,140,SALE,-3,SALE,2609,2026-05-08 14:46:00
1184,1,66,SALE,-2,SALE,3678,2026-04-24 15:55:00
1185,1,138,SALE,-3,SALE,2448,2026-07-07 11:01:00
1186,3,199,SALE,-1,SALE,2118,2026-05-07 11:54:00
1187,2,1,SALE,-3,SALE,4186,2026-04-14 09:25:00
1188,1,215,SALE,-2,SALE,3894,2026-07-11 12:49:00
1189,3,66,SALE,-4,SALE,2233,2026-06-21 11:04:00
1190,4,71,SALE,-4,SALE,3928,2026-05-29 09:54:00
1191,4,175,SALE,-2,SALE,1763,2026-08-05 09:29:00
1192,5,229,SALE,-3,SALE,1958,2026-09-05 11:17:00
1193,1,161,SALE,-4,SALE,552,2026-08-17 12:25:00
1194,4,4,SALE,-3,SALE,2819,2026-04-19 16:19:00
1195,1,11,SALE,-4,SALE,1823,2026-08-21 16:35:00
1196,3,96,SALE,-2,SALE,3523,2026-06-10 20:21:00
1197,5,228,SALE,-2,SALE,4170,2026-04-08 16:19:00
1198,4,40,SALE,-1,SALE,4957,2026-06-29 15:20:00
1199,4,199,SALE,-1,SALE,4796,2026-05-22 12:51:00
1200,4,71,SALE,-3,SALE,1721,2026-04-23 20:09:00
1201,5,215,SALE,-2,SALE,716,2026-05-15 12:06:00
1202,4,3,SALE,-1,SALE,211,2026-09-06 15:14:00
1203,1,34,SALE,-1,SALE,4803,2026-07-31 16:32:00
1204,1,216,SALE,-1,SALE,4839,2026-05-29 17:29:00
1205,5,185,SALE,-1,SALE,3645,2026-09-16 20:45:00
1206,5,123,SALE,-1,SALE,1119,2026-04-26 17:27:00
1207,3,15,SALE,-4,SALE,4463,2026-05-21 14:19:00
1208,2,140,SALE,-4,SALE,802,2026-05-18 15:40:00
1209,2,11,SALE,-3,SALE,2690,2026-07-13 12:13:00
1210,3,73,SALE,-1,SALE,1871,2026-05-27 19:20:00
1211,5,54,SALE,-1,SALE,766,2026-04-02 18:26:00
1212,4,160,SALE,-4,SALE,2564,2026-05-20 15:03:00
1213,5,240,SALE,-4,SALE,714,2026-06-14 13:36:00
1214,3,3,SALE,-1,SALE,225,2026-09-02 11:54:00
1215,3,199,SALE,-3,SALE,2498,2026-06-25 10:15:00
1216,3,142,SALE,-4,SALE,696,2026-06-19 11:50:00
1217,3,106,SALE,-1,SALE,4990,2026-04-15 18:10:00
1218,3,53,SALE,-2,SALE,395,2026-09-07 16:17:00
1219,5,12,SALE,-3,SALE,2119,2026-09-05 17:34:00
1220,5,216,SALE,-3,SALE,634,2026-04-10 12:04:00
1221,1,85,SALE,-2,SALE,166,2026-04-20 12:49:00
1222,4,102,SALE,-2,SALE,931,2026-09-07 20:57:00
1223,2,126,SALE,-4,SALE,1923,2026-06-24 14:59:00
1224,5,65,SALE,-1,SALE,4866,2026-09-24 16:13:00
1225,4,98,SALE,-3,SALE,4621,2026-09-23 14:37:00
1226,2,207,SALE,-3,SALE,2066,2026-07-28 20:16:00
1227,2,51,SALE,-2,SALE,1686,2026-04-09 12:47:00
1228,2,82,SALE,-4,SALE,3238,2026-09-11 16:32:00
1229,4,119,SALE,-1,SALE,323,2026-04-10 13:10:00
1230,2,136,SALE,-1,SALE,654,2026-09-16 20:47:00
1231,5,198,SALE,-3,SALE,580,2026-07-25 15:49:00
1232,4,132,SALE,-2,SALE,1442,2026-05-10 15:52:00
1233,2,228,SALE,-4,SALE,625,2026-04-21 15:45:00
1234,1,130,SALE,-3,SALE,403,2026-04-12 18:15:00
1235,4,207,SALE,-4,SALE,258,2026-04-15 14:55:00
1236,3,104,SALE,-1,SALE,662,2026-07-09 15:06:00
1237,5,113,SALE,-2,SALE,2981,2026-06-05 18:54:00
1238,1,140,SALE,-3,SALE,4576,2026-04-28 11:00:00
1239,4,110,SALE,-4,SALE,1031,2026-05-29 16:07:00
1240,4,46,SALE,-4,SALE,1112,2026-07-26 18:37:00
1241,4,14,SALE,-2,SALE,834,2026-09-28 14:26:00
1242,5,231,SALE,-3,SALE,3260,2026-09-02 14:47:00
1243,4,156,SALE,-2,SALE,2940,2026-07-25 09:57:00
1244,4,160,SALE,-4,SALE,2531,2026-04-02 13:51:00
1245,2,79,SALE,-3,SALE,4807,2026-06-29 16:01:00
1246,5,106,SALE,-2,SALE,1970,2026-07-20 16:50:00
1247,3,83,SALE,-1,SALE,2171,2026-04-30 16:14:00
1248,4,87,SALE,-4,SALE,429,2026-08-05 13:26:00
1249,5,20,SALE,-2,SALE,278,2026-07-01 13:08:00
1250,3,63,SALE,-3,SALE,3691,2026-06-19 09:25:00
1251,1,154,SALE,-1,SALE,1102,2026-07-24 09:07:00
1252,3,213,SALE,-1,SALE,3523,2026-06-10 20:21:00
1253,2,47,SALE,-2,SALE,255,2026-09-28 11:12:00
1254,5,11,SALE,-1,SALE,4482,2026-04-16 11:54:00
1255,2,193,SALE,-4,SALE,1045,2026-05-12 18:11:00
1256,2,153,SALE,-2,SALE,2587,2026-08-07 11:04:00
1257,2,63,SALE,-4,SALE,620,2026-09-10 14:11:00
1258,4,214,SALE,-1,SALE,3765,2026-08-31 19:47:00
1259,2,23,SALE,-4,SALE,531,2026-08-05 20:07:00
1260,1,231,SALE,-4,SALE,4673,2026-08-30 15:41:00
1261,1,217,SALE,-3,SALE,632,2026-05-05 11:03:00
1262,2,188,SALE,-3,SALE,2824,2026-06-14 11:40:00
1263,3,68,SALE,-4,SALE,3374,2026-05-24 14:36:00
1264,2,216,SALE,-4,SALE,511,2026-05-13 19:40:00
1265,2,74,SALE,-4,SALE,1082,2026-04-26 15:22:00
1266,4,131,SALE,-1,SALE,1536,2026-06-16 17:24:00
1267,4,49,SALE,-2,SALE,916,2026-06-13 10:29:00
1268,5,169,SALE,-1,SALE,3913,2026-06-16 15:39:00
1269,5,163,SALE,-3,SALE,1406,2026-08-27 09:16:00
1270,5,214,SALE,-1,SALE,3849,2026-06-26 09:59:00
1271,5,125,SALE,-4,SALE,1635,2026-05-11 15:17:00
1272,1,160,SALE,-3,SALE,3957,2026-04-13 15:09:00
1273,2,71,SALE,-2,SALE,4290,2026-09-28 18:54:00
1274,4,190,SALE,-4,SALE,555,2026-07-15 14:29:00
1275,1,77,SALE,-1,SALE,3939,2026-05-10 10:49:00
1276,3,212,SALE,-3,SALE,4763,2026-05-19 19:06:00
1277,4,223,SALE,-1,SALE,3499,2026-06-23 14:01:00
1278,2,32,SALE,-2,SALE,4318,2026-07-16 13:53:00
1279,1,209,SALE,-1,SALE,3378,2026-04-06 11:23:00
1280,3,234,SALE,-2,SALE,4093,2026-09-18 16:24:00
1281,1,125,SALE,-1,SALE,1478,2026-04-21 20:02:00
1282,2,69,SALE,-4,SALE,1890,2026-09-20 19:38:00
1283,4,179,SALE,-4,SALE,3626,2026-09-04 12:45:00
1284,1,8,SALE,-3,SALE,3838,2026-08-10 16:47:00
1285,2,232,SALE,-3,SALE,3353,2026-05-28 16:40:00
1286,3,200,SALE,-3,SALE,3207,2026-08-15 16:51:00
1287,3,137,SALE,-4,SALE,2565,2026-09-10 13:49:00
1288,1,136,SALE,-3,SALE,1079,2026-04-02 20:02:00
1289,4,189,SALE,-4,SALE,1696,2026-09-19 15:14:00
1290,2,12,SALE,-4,SALE,1138,2026-04-13 18:45:00
1291,3,236,SALE,-4,SALE,3625,2026-08-16 16:44:00
1292,1,91,SALE,-3,SALE,3708,2026-05-21 12:55:00
1293,3,87,SALE,-2,SALE,4743,2026-09-14 17:33:00
1294,1,160,SALE,-4,SALE,2704,2026-06-01 11:07:00
1295,5,23,SALE,-2,SALE,2525,2026-08-02 12:43:00
1296,2,69,SALE,-3,SALE,4056,2026-07-31 17:52:00
1297,2,3,SALE,-1,SALE,3125,2026-07-30 11:12:00
1298,1,64,SALE,-3,SALE,220,2026-08-16 13:50:00
1299,2,222,SALE,-3,SALE,4325,2026-07-14 11:46:00
1300,4,16,SALE,-4,SALE,994,2026-06-26 16:30:00
1301,2,214,SALE,-2,SALE,366,2026-04-12 09:36:00
1302,5,143,SALE,-3,SALE,1301,2026-05-22 18:28:00
1303,1,106,SALE,-3,SALE,1623,2026-07-22 19:11:00
1304,1,238,SALE,-1,SALE,4600,2026-08-02 20:45:00
1305,3,47,SALE,-1,SALE,1201,2026-09-22 13:56:00
1306,2,24,SALE,-3,SALE,1811,2026-09-08 18:47:00
1307,1,64,SALE,-2,SALE,3701,2026-07-16 16:00:00
1308,3,20,SALE,-1,SALE,2395,2026-08-08 12:11:00
1309,3,201,SALE,-1,SALE,537,2026-09-16 17:53:00
1310,1,105,SALE,-3,SALE,4604,2026-06-28 20:08:00
1311,1,38,SALE,-3,SALE,3632,2026-05-31 15:47:00
1312,5,77,SALE,-4,SALE,215,2026-08-27 18:21:00
1313,2,79,SALE,-3,SALE,2090,2026-05-04 17:43:00
1314,1,123,SALE,-1,SALE,2285,2026-08-09 11:13:00
1315,4,223,SALE,-2,SALE,555,2026-07-15 14:29:00
1316,1,198,SALE,-3,SALE,2305,2026-09-19 17:42:00
1317,1,11,SALE,-4,SALE,3254,2026-07-14 17:31:00
1318,2,89,SALE,-1,SALE,3863,2026-06-13 15:37:00
1319,1,127,SALE,-4,SALE,177,2026-09-13 15:56:00
1320,5,234,SALE,-1,SALE,277,2026-08-26 16:44:00
1321,2,168,SALE,-2,SALE,3035,2026-06-01 13:24:00
1322,1,82,SALE,-2,SALE,2610,2026-04-09 20:39:00
1323,3,226,SALE,-3,SALE,4009,2026-04-30 20:55:00
1324,2,186,SALE,-3,SALE,2168,2026-09-09 18:34:00
1325,2,92,SALE,-4,SALE,3475,2026-06-10 15:36:00
1326,5,118,SALE,-1,SALE,4466,2026-06-16 14:57:00
1327,3,31,SALE,-3,SALE,1139,2026-08-10 10:07:00
1328,4,98,SALE,-2,SALE,821,2026-04-23 20:38:00
1329,2,141,SALE,-4,SALE,1176,2026-07-02 14:36:00
1330,1,33,SALE,-1,SALE,4922,2026-05-18 13:16:00
1331,2,144,SALE,-3,SALE,3342,2026-09-11 09:11:00
1332,4,4,SALE,-3,SALE,3432,2026-09-27 11:57:00
1333,1,75,SALE,-1,SALE,4972,2026-08-31 15:12:00
1334,2,138,SALE,-3,SALE,3564,2026-06-03 11:44:00
1335,4,134,SALE,-3,SALE,3611,2026-08-29 16:49:00
1336,4,233,SALE,-2,SALE,4030,2026-06-08 16:18:00
1337,3,69,SALE,-1,SALE,1939,2026-05-26 18:47:00
1338,1,67,SALE,-1,SALE,3538,2026-07-12 17:52:00
1339,4,229,SALE,-4,SALE,49,2026-08-07 10:11:00
1340,5,178,SALE,-3,SALE,563,2026-07-07 12:57:00
1341,3,150,SALE,-1,SALE,1158,2026-05-04 10:10:00
1342,2,75,SALE,-4,SALE,421,2026-08-04 18:26:00
1343,1,87,SALE,-2,SALE,2707,2026-08-30 11:56:00
1344,5,234,SALE,-3,SALE,2797,2026-08-28 18:16:00
1345,5,8,SALE,-2,SALE,2905,2026-08-11 13:59:00
1346,1,100,SALE,-4,SALE,311,2026-09-15 11:20:00
1347,2,192,SALE,-4,SALE,162,2026-06-30 18:42:00
1348,1,44,SALE,-1,SALE,3894,2026-07-11 12:49:00
1349,1,183,SALE,-2,SALE,1679,2026-08-12 09:33:00
1350,2,58,SALE,-4,SALE,4256,2026-07-17 10:07:00
1351,3,137,SALE,-3,SALE,1481,2026-04-14 12:55:00
1352,4,13,SALE,-2,SALE,4754,2026-07-06 11:30:00
1353,1,231,SALE,-4,SALE,910,2026-08-01 09:30:00
1354,3,51,SALE,-2,SALE,424,2026-04-13 17:13:00
1355,3,80,SALE,-3,SALE,4687,2026-04-25 11:40:00
1356,3,92,SALE,-3,SALE,1397,2026-05-21 12:05:00
1357,2,21,SALE,-1,SALE,1726,2026-08-23 19:57:00
1358,2,194,SALE,-1,SALE,3403,2026-05-27 12:08:00
1359,4,201,SALE,-4,SALE,1467,2026-08-11 11:59:00
1360,4,58,SALE,-2,SALE,551,2026-05-10 16:34:00
1361,3,100,SALE,-1,SALE,2535,2026-06-13 17:34:00
1362,2,143,SALE,-2,SALE,1937,2026-09-06 09:29:00
1363,4,163,SALE,-1,SALE,251,2026-06-29 17:45:00
1364,5,186,SALE,-1,SALE,2543,2026-07-11 17:47:00
1365,1,82,SALE,-4,SALE,4181,2026-08-04 20:03:00
1366,2,118,SALE,-3,SALE,2243,2026-07-19 10:27:00
1367,1,233,SALE,-2,SALE,1662,2026-06-26 20:40:00
1368,3,228,SALE,-1,SALE,2997,2026-05-14 16:06:00
1369,4,147,SALE,-4,SALE,611,2026-05-06 10:01:00
1370,1,130,SALE,-3,SALE,1703,2026-04-27 19:22:00
1371,1,120,SALE,-3,SALE,3880,2026-07-23 12:25:00
1372,5,153,SALE,-4,SALE,12,2026-07-23 11:44:00
1373,2,226,SALE,-2,SALE,2980,2026-09-11 11:13:00
1374,4,187,SALE,-1,SALE,3338,2026-05-13 09:07:00
1375,2,132,SALE,-1,SALE,4989,2026-08-06 17:10:00
1376,5,46,SALE,-4,SALE,3210,2026-07-03 18:54:00
1377,2,53,SALE,-3,SALE,71,2026-08-15 13:24:00
1378,3,156,SALE,-2,SALE,414,2026-05-28 11:18:00
1379,4,63,SALE,-3,SALE,979,2026-09-24 14:32:00
1380,4,169,SALE,-3,SALE,2676,2026-04-10 13:32:00
1381,1,104,SALE,-1,SALE,3234,2026-08-03 13:56:00
1382,4,111,SALE,-1,SALE,1924,2026-06-10 11:10:00
1383,1,239,SALE,-2,SALE,4905,2026-04-05 13:42:00
1384,1,235,SALE,-1,SALE,1699,2026-05-21 16:06:00
1385,4,4,SALE,-4,SALE,4587,2026-06-13 18:49:00
1386,1,220,SALE,-1,SALE,4291,2026-05-13 16:43:00
1387,4,226,SALE,-3,SALE,3855,2026-09-06 09:11:00
1388,2,17,SALE,-3,SALE,939,2026-05-20 11:01:00
1389,1,73,SALE,-2,SALE,2826,2026-09-02 12:43:00
1390,3,176,SALE,-2,SALE,3593,2026-04-20 15:40:00
1391,4,201,SALE,-4,SALE,1182,2026-07-27 17:39:00
1392,3,60,SALE,-1,SALE,966,2026-09-02 12:02:00
1393,2,102,SALE,-2,SALE,2026,2026-07-05 10:32:00
1394,3,92,SALE,-3,SALE,123,2026-04-15 11:20:00
1395,1,133,SALE,-3,SALE,207,2026-07-14 13:07:00
1396,4,188,SALE,-4,SALE,1920,2026-07-03 19:17:00
1397,1,207,SALE,-2,SALE,1999,2026-05-29 18:03:00
1398,3,234,SALE,-2,SALE,3481,2026-07-15 18:21:00
1399,2,40,SALE,-3,SALE,1890,2026-09-20 19:38:00
1400,2,119,SALE,-4,SALE,4953,2026-09-09 20:50:00
1401,5,85,SALE,-1,SALE,2414,2026-06-01 09:49:00
1402,5,69,SALE,-4,SALE,4663,2026-05-15 13:01:00
1403,4,33,SALE,-3,SALE,3758,2026-05-27 16:24:00
1404,4,214,SALE,-2,SALE,1047,2026-09-02 11:13:00
1405,1,229,SALE,-2,SALE,4532,2026-06-06 19:17:00
1406,2,145,SALE,-1,SALE,585,2026-04-09 19:18:00
1407,2,124,SALE,-2,SALE,3659,2026-06-25 19:09:00
1408,4,105,SALE,-3,SALE,3763,2026-06-28 16:53:00
1409,1,231,SALE,-3,SALE,547,2026-06-04 11:22:00
1410,3,11,SALE,-3,SALE,2050,2026-06-20 18:50:00
1411,3,162,SALE,-1,SALE,2143,2026-09-27 15:28:00
1412,3,49,SALE,-3,SALE,3682,2026-06-26 18:33:00
1413,1,221,SALE,-2,SALE,4523,2026-09-10 17:58:00
1414,1,193,SALE,-4,SALE,2429,2026-09-20 14:14:00
1415,1,52,SALE,-1,SALE,24,2026-05-04 11:55:00
1416,5,112,SALE,-2,SALE,462,2026-04-13 14:36:00
1417,5,182,SALE,-3,SALE,3485,2026-07-27 19:36:00
1418,5,222,SALE,-3,SALE,4497,2026-09-22 18:31:00
1419,4,161,SALE,-2,SALE,985,2026-09-25 19:55:00
1420,5,166,SALE,-2,SALE,600,2026-05-06 14:59:00
1421,5,22,SALE,-4,SALE,2185,2026-06-13 10:01:00
1422,2,162,SALE,-3,SALE,3257,2026-08-13 20:12:00
1423,5,21,SALE,-4,SALE,2163,2026-06-06 13:31:00
1424,1,125,SALE,-2,SALE,4439,2026-08-10 17:31:00
1425,3,155,SALE,-4,SALE,1746,2026-05-11 10:16:00
1426,4,178,SALE,-2,SALE,4330,2026-06-01 12:22:00
1427,4,70,SALE,-3,SALE,2848,2026-04-18 14:15:00
1428,5,55,SALE,-3,SALE,3901,2026-08-04 20:42:00
1429,2,234,SALE,-4,SALE,1587,2026-07-04 14:44:00
1430,2,223,SALE,-1,SALE,2188,2026-08-22 12:25:00
1431,2,186,SALE,-2,SALE,3905,2026-04-06 15:25:00
1432,3,69,SALE,-2,SALE,1173,2026-06-19 10:32:00
1433,4,77,SALE,-2,SALE,3416,2026-06-16 20:19:00
1434,2,58,SALE,-2,SALE,511,2026-05-13 19:40:00
1435,2,227,SALE,-4,SALE,2352,2026-07-15 15:23:00
1436,5,220,SALE,-2,SALE,4467,2026-07-09 09:25:00
1437,4,238,SALE,-3,SALE,1954,2026-06-19 20:35:00
1438,1,74,SALE,-4,SALE,3472,2026-06-11 14:07:00
1439,2,215,SALE,-1,SALE,1351,2026-05-27 20:12:00
1440,2,215,SALE,-3,SALE,1935,2026-08-05 14:20:00
1441,2,63,SALE,-1,SALE,1290,2026-04-23 18:04:00
1442,3,143,SALE,-3,SALE,937,2026-08-28 10:33:00
1443,2,204,SALE,-4,SALE,1601,2026-07-12 17:03:00
1444,4,127,SALE,-2,SALE,4641,2026-07-09 14:23:00
1445,2,135,SALE,-1,SALE,4612,2026-07-13 19:52:00
1446,1,118,SALE,-1,SALE,3027,2026-09-01 15:35:00
1447,1,230,SALE,-2,SALE,4274,2026-08-03 16:11:00
1448,4,111,SALE,-2,SALE,3718,2026-08-08 16:50:00
1449,2,162,SALE,-3,SALE,3398,2026-06-09 11:54:00
1450,4,81,SALE,-4,SALE,3185,2026-06-06 20:35:00
1451,4,87,SALE,-3,SALE,1087,2026-09-15 09:00:00
1452,2,30,SALE,-2,SALE,2322,2026-06-21 14:57:00
1453,1,218,SALE,-1,SALE,2780,2026-09-03 15:15:00
1454,1,182,SALE,-2,SALE,1699,2026-05-21 16:06:00
1455,1,96,SALE,-1,SALE,4302,2026-05-31 11:42:00
1456,1,167,SALE,-2,SALE,4081,2026-07-08 10:15:00
1457,4,201,SALE,-1,SALE,1323,2026-06-05 17:07:00
1458,5,101,SALE,-4,SALE,1216,2026-06-13 16:49:00
1459,1,33,SALE,-3,SALE,1209,2026-06-03 12:54:00
1460,5,66,SALE,-1,SALE,2134,2026-07-18 15:40:00
1461,5,236,SALE,-3,SALE,4506,2026-04-01 12:54:00
1462,4,203,SALE,-3,SALE,1115,2026-09-05 20:47:00
1463,4,181,SALE,-4,SALE,4675,2026-09-20 11:39:00
1464,1,108,SALE,-3,SALE,3761,2026-06-14 14:47:00
1465,3,126,SALE,-2,SALE,1293,2026-08-07 20:13:00
1466,5,118,SALE,-1,SALE,4376,2026-08-02 14:07:00
1467,1,102,SALE,-3,SALE,1944,2026-05-09 11:58:00
1468,4,216,SALE,-1,SALE,2990,2026-05-18 09:08:00
1469,4,192,SALE,-4,SALE,1223,2026-05-19 18:06:00
1470,4,4,SALE,-2,SALE,25,2026-07-03 12:38:00
1471,3,144,SALE,-3,SALE,2430,2026-06-15 14:37:00
1472,1,202,SALE,-2,SALE,3120,2026-08-02 17:06:00
1473,2,189,SALE,-2,SALE,109,2026-06-01 17:07:00
1474,4,190,SALE,-2,SALE,3203,2026-04-27 18:10:00
1475,2,3,SALE,-1,SALE,3140,2026-06-22 16:37:00
1476,2,172,SALE,-2,SALE,718,2026-05-29 17:38:00
1477,4,167,SALE,-4,SALE,2831,2026-04-12 09:25:00
1478,1,67,SALE,-3,SALE,4028,2026-09-26 19:58:00
1479,3,73,SALE,-2,SALE,3172,2026-05-10 15:52:00
1480,1,59,SALE,-2,SALE,2249,2026-05-06 20:08:00
1481,4,191,SALE,-1,SALE,2816,2026-04-29 10:08:00
1482,2,99,SALE,-2,SALE,3023,2026-08-15 10:34:00
1483,1,126,SALE,-4,SALE,2174,2026-04-01 17:31:00
1484,4,168,SALE,-1,SALE,272,2026-07-28 19:24:00
1485,2,223,SALE,-4,SALE,3204,2026-05-05 16:20:00
1486,5,131,SALE,-2,SALE,4723,2026-07-11 10:47:00
1487,1,237,SALE,-2,SALE,4761,2026-04-10 09:32:00
1488,5,21,SALE,-2,SALE,1613,2026-07-02 17:19:00
1489,3,234,SALE,-4,SALE,2098,2026-08-21 20:26:00
1490,4,149,SALE,-2,SALE,3087,2026-05-02 18:30:00
1491,3,67,SALE,-3,SALE,2279,2026-07-09 19:13:00
1492,5,66,SALE,-2,SALE,1682,2026-05-26 11:54:00
1493,5,47,SALE,-2,SALE,4781,2026-09-10 09:19:00
1494,1,195,SALE,-3,SALE,4970,2026-09-22 17:02:00
1495,2,195,SALE,-1,SALE,1005,2026-06-24 09:56:00
1496,3,52,SALE,-2,SALE,3569,2026-08-21 13:16:00
1497,3,221,SALE,-2,SALE,3754,2026-09-03 13:08:00
1498,4,210,SALE,-1,SALE,1285,2026-06-01 09:51:00
1499,1,64,SALE,-4,SALE,2138,2026-06-24 20:40:00
1500,4,55,SALE,-2,SALE,1433,2026-07-10 17:21:00
1501,4,108,SALE,-4,SALE,4991,2026-07-11 11:21:00
1502,2,236,SALE,-4,SALE,1554,2026-06-05 13:19:00
1503,2,58,SALE,-2,SALE,4987,2026-09-10 12:17:00
1504,2,176,SALE,-2,SALE,1717,2026-06-27 15:27:00
1505,5,189,SALE,-1,SALE,4124,2026-05-22 11:09:00
1506,1,71,SALE,-2,SALE,3706,2026-09-01 14:08:00
1507,5,229,SALE,-1,SALE,1812,2026-09-27 10:03:00
1508,3,1,SALE,-3,SALE,3115,2026-07-19 15:11:00
1509,4,182,SALE,-4,SALE,1177,2026-05-14 12:30:00
1510,5,89,SALE,-3,SALE,3345,2026-05-21 18:42:00
1511,5,119,SALE,-3,SALE,4875,2026-07-19 20:48:00
1512,2,25,SALE,-3,SALE,2678,2026-08-06 15:07:00
1513,4,38,SALE,-2,SALE,893,2026-06-23 16:48:00
1514,5,179,SALE,-4,SALE,2689,2026-08-28 20:33:00
1515,5,124,SALE,-1,SALE,4229,2026-08-25 14:14:00
1516,1,75,SALE,-3,SALE,2807,2026-08-23 19:13:00
1517,4,29,SALE,-4,SALE,4914,2026-08-04 17:23:00
1518,1,38,SALE,-2,SALE,2582,2026-06-13 14:19:00
1519,3,169,SALE,-3,SALE,2898,2026-06-27 18:19:00
1520,5,18,SALE,-4,SALE,4277,2026-06-16 12:28:00
1521,3,19,SALE,-3,SALE,2887,2026-04-14 12:45:00
1522,4,214,SALE,-1,SALE,3522,2026-04-21 16:25:00
1523,1,108,SALE,-3,SALE,947,2026-08-07 20:07:00
1524,3,69,SALE,-3,SALE,2781,2026-04-27 18:41:00
1525,4,69,SALE,-3,SALE,3300,2026-04-30 14:14:00
1526,1,88,SALE,-4,SALE,1683,2026-06-25 10:27:00
1527,5,185,SALE,-4,SALE,247,2026-08-08 10:27:00
1528,3,33,SALE,-3,SALE,2796,2026-05-25 15:09:00
1529,1,116,SALE,-4,SALE,1747,2026-09-04 18:24:00
1530,4,49,SALE,-4,SALE,912,2026-07-10 14:33:00
1531,5,149,SALE,-1,SALE,1473,2026-06-27 12:06:00
1532,3,226,SALE,-3,SALE,1599,2026-09-28 15:23:00
1533,5,185,SALE,-1,SALE,1812,2026-09-27 10:03:00
1534,2,65,SALE,-1,SALE,51,2026-05-04 12:00:00
1535,4,128,SALE,-4,SALE,3725,2026-06-11 10:24:00
1536,1,211,SALE,-2,SALE,4362,2026-06-04 15:42:00
1537,3,7,SALE,-2,SALE,2416,2026-04-21 17:20:00
1538,4,119,SALE,-1,SALE,106,2026-09-28 16:54:00
1539,4,207,SALE,-3,SALE,1751,2026-07-18 14:38:00
1540,2,224,SALE,-4,SALE,4571,2026-06-27 18:27:00
1541,3,122,SALE,-1,SALE,4131,2026-09-05 19:24:00
1542,2,20,SALE,-3,SALE,3085,2026-07-17 13:20:00
1543,5,233,SALE,-4,SALE,1560,2026-05-13 19:16:00
1544,4,68,SALE,-2,SALE,2358,2026-04-14 13:54:00
1545,1,119,SALE,-3,SALE,4480,2026-04-27 14:50:00
1546,1,179,SALE,-2,SALE,105,2026-08-08 09:27:00
1547,1,73,SALE,-1,SALE,352,2026-05-14 18:20:00
1548,5,33,SALE,-2,SALE,3055,2026-05-23 09:30:00
1549,4,141,SALE,-4,SALE,1550,2026-05-06 11:04:00
1550,1,106,SALE,-4,SALE,2305,2026-09-19 17:42:00
1551,1,237,SALE,-4,SALE,4865,2026-05-11 12:55:00
1552,1,201,SALE,-4,SALE,3557,2026-09-27 17:06:00
1553,2,179,SALE,-3,SALE,4844,2026-08-28 16:56:00
1554,3,87,SALE,-3,SALE,2806,2026-09-16 18:47:00
1555,2,158,SALE,-4,SALE,647,2026-08-04 10:17:00
1556,2,142,SALE,-2,SALE,4256,2026-07-17 10:07:00
1557,3,90,SALE,-2,SALE,1061,2026-05-28 11:57:00
1558,5,100,SALE,-3,SALE,563,2026-07-07 12:57:00
1559,5,73,SALE,-3,SALE,4183,2026-07-22 09:49:00
1560,1,139,SALE,-4,SALE,3806,2026-07-03 13:36:00
1561,5,114,SALE,-3,SALE,2070,2026-07-24 18:52:00
1562,5,169,SALE,-2,SALE,4285,2026-04-19 12:33:00
1563,2,159,SALE,-3,SALE,2245,2026-04-29 14:41:00
1564,2,75,SALE,-1,SALE,3441,2026-09-20 18:47:00
1565,5,78,SALE,-3,SALE,4078,2026-08-15 18:30:00
1566,5,147,SALE,-1,SALE,4606,2026-07-24 15:33:00
1567,1,137,SALE,-1,SALE,4068,2026-05-15 17:04:00
1568,1,218,SALE,-3,SALE,2624,2026-08-05 13:35:00
1569,2,152,SALE,-2,SALE,505,2026-09-16 13:21:00
1570,2,101,SALE,-3,SALE,4574,2026-04-14 09:13:00
1571,1,25,SALE,-1,SALE,166,2026-04-20 12:49:00
1572,3,36,SALE,-1,SALE,4908,2026-05-09 11:07:00
1573,5,98,SALE,-3,SALE,4647,2026-07-06 17:05:00
1574,3,42,SALE,-1,SALE,1641,2026-04-16 16:57:00
1575,1,152,SALE,-4,SALE,4665,2026-05-28 11:00:00
1576,4,14,SALE,-3,SALE,1637,2026-05-28 12:22:00
1577,2,217,SALE,-2,SALE,4468,2026-06-22 11:35:00
1578,3,72,SALE,-3,SALE,117,2026-09-12 12:37:00
1579,1,53,SALE,-2,SALE,245,2026-06-13 09:14:00
1580,3,15,SALE,-1,SALE,3019,2026-08-04 09:43:00
1581,1,29,SALE,-1,SALE,2855,2026-04-29 13:40:00
1582,5,203,SALE,-3,SALE,1438,2026-07-12 19:15:00
1583,2,216,SALE,-2,SALE,3214,2026-07-05 11:07:00
1584,1,66,SALE,-1,SALE,2283,2026-05-28 16:31:00
1585,4,188,SALE,-3,SALE,4675,2026-09-20 11:39:00
1586,5,114,SALE,-4,SALE,4959,2026-04-29 19:50:00
1587,5,180,SALE,-3,SALE,4055,2026-08-24 15:56:00
1588,4,187,SALE,-4,SALE,4900,2026-08-25 20:56:00
1589,5,219,SALE,-3,SALE,2103,2026-09-01 11:57:00
1590,5,58,SALE,-3,SALE,2644,2026-08-01 15:21:00
1591,2,118,SALE,-1,SALE,691,2026-07-18 20:40:00
1592,5,16,SALE,-3,SALE,2347,2026-08-23 15:57:00
1593,5,48,SALE,-2,SALE,1359,2026-04-16 15:43:00
1594,4,192,SALE,-2,SALE,2900,2026-06-23 12:00:00
1595,5,214,SALE,-4,SALE,1354,2026-08-21 10:40:00
1596,3,190,SALE,-3,SALE,4720,2026-06-05 12:56:00
1597,3,18,SALE,-1,SALE,4969,2026-09-06 11:30:00
1598,4,187,SALE,-4,SALE,812,2026-05-13 19:51:00
1599,4,224,SALE,-4,SALE,1751,2026-07-18 14:38:00
1600,2,211,SALE,-1,SALE,3023,2026-08-15 10:34:00
1601,5,240,SALE,-4,SALE,3375,2026-07-30 10:32:00
1602,2,186,SALE,-1,SALE,3202,2026-08-29 09:11:00
1603,4,128,SALE,-1,SALE,610,2026-05-13 11:08:00
1604,4,111,SALE,-1,SALE,1954,2026-06-19 20:35:00
1605,1,109,SALE,-1,SALE,1280,2026-04-28 14:33:00
1606,3,169,SALE,-2,SALE,434,2026-07-13 13:35:00
1607,4,32,SALE,-3,SALE,1113,2026-05-18 14:58:00
1608,2,152,SALE,-2,SALE,2830,2026-09-06 16:06:00
1609,4,96,SALE,-3,SALE,3639,2026-05-08 18:02:00
1610,3,65,SALE,-3,SALE,2755,2026-08-02 17:12:00
1611,2,24,SALE,-4,SALE,997,2026-05-04 11:23:00
1612,5,195,SALE,-4,SALE,436,2026-09-18 16:20:00
1613,4,85,SALE,-1,SALE,1546,2026-06-22 11:38:00
1614,1,74,SALE,-2,SALE,2529,2026-06-14 12:01:00
1615,2,79,SALE,-3,SALE,1021,2026-06-20 13:51:00
1616,2,160,SALE,-3,SALE,348,2026-07-24 15:38:00
1617,2,155,SALE,-3,SALE,9,2026-09-15 13:45:00
1618,5,123,SALE,-2,SALE,1358,2026-07-19 16:01:00
1619,1,39,SALE,-4,SALE,4419,2026-04-14 13:10:00
1620,4,35,SALE,-2,SALE,2972,2026-05-17 11:51:00
1621,4,46,SALE,-3,SALE,1680,2026-06-17 17:28:00
1622,3,103,SALE,-2,SALE,2452,2026-09-23 18:02:00
1623,5,217,SALE,-2,SALE,4061,2026-05-01 10:05:00
1624,3,55,SALE,-2,SALE,662,2026-07-09 15:06:00
1625,2,68,SALE,-3,SALE,4141,2026-05-28 11:22:00
1626,2,72,SALE,-4,SALE,1885,2026-06-15 11:22:00
1627,2,43,SALE,-1,SALE,1251,2026-07-06 09:10:00
1628,5,172,SALE,-1,SALE,2017,2026-06-07 17:49:00
1629,5,54,SALE,-2,SALE,2251,2026-07-06 19:03:00
1630,1,215,SALE,-2,SALE,3152,2026-09-05 11:28:00
1631,5,67,SALE,-4,SALE,2993,2026-07-14 14:06:00
1632,1,121,SALE,-1,SALE,4954,2026-08-03 12:09:00
1633,1,73,SALE,-4,SALE,4822,2026-07-12 15:33:00
1634,4,161,SALE,-2,SALE,158,2026-04-06 17:41:00
1635,2,76,SALE,-4,SALE,648,2026-07-25 14:32:00
1636,4,34,SALE,-1,SALE,4231,2026-05-31 17:54:00
1637,2,228,SALE,-1,SALE,1719,2026-07-30 13:43:00
1638,3,166,SALE,-2,SALE,4595,2026-09-17 15:48:00
1639,3,234,SALE,-3,SALE,1906,2026-07-24 11:32:00
1640,4,1,SALE,-2,SALE,3797,2026-09-23 15:21:00
1641,5,18,SALE,-3,SALE,1661,2026-06-19 20:13:00
1642,5,50,SALE,-1,SALE,3281,2026-05-04 19:37:00
1643,3,20,SALE,-3,SALE,3995,2026-09-08 14:49:00
1644,1,119,SALE,-1,SALE,3567,2026-06-23 19:37:00
1645,1,94,SALE,-3,SALE,1432,2026-08-16 16:08:00
1646,4,8,SALE,-3,SALE,354,2026-09-12 10:53:00
1647,2,86,SALE,-3,SALE,490,2026-07-29 12:29:00
1648,3,121,SALE,-3,SALE,4341,2026-04-20 14:33:00
1649,2,127,SALE,-4,SALE,2669,2026-09-09 12:41:00
1650,3,95,SALE,-1,SALE,488,2026-04-26 09:40:00
1651,2,176,SALE,-1,SALE,3441,2026-09-20 18:47:00
1652,3,2,SALE,-4,SALE,482,2026-07-22 10:48:00
1653,3,11,SALE,-2,SALE,2753,2026-05-14 12:17:00
1654,5,113,SALE,-1,SALE,4083,2026-07-27 10:43:00
1655,1,194,SALE,-2,SALE,4569,2026-07-28 14:16:00
1656,2,147,SALE,-4,SALE,339,2026-08-11 20:38:00
1657,3,93,SALE,-3,SALE,1748,2026-08-23 16:10:00
1658,5,163,SALE,-1,SALE,2668,2026-07-04 18:19:00
1659,2,51,SALE,-1,SALE,2741,2026-04-23 17:27:00
1660,1,130,SALE,-4,SALE,3576,2026-05-02 19:40:00
1661,4,38,SALE,-2,SALE,1721,2026-04-23 20:09:00
1662,5,236,SALE,-1,SALE,3799,2026-06-06 14:12:00
1663,1,226,SALE,-4,SALE,2305,2026-09-19 17:42:00
1664,2,186,SALE,-1,SALE,4700,2026-06-23 12:54:00
1665,2,12,SALE,-2,SALE,301,2026-06-08 17:07:00
1666,3,235,SALE,-1,SALE,1389,2026-06-01 18:34:00
1667,3,121,SALE,-2,SALE,3155,2026-05-22 17:53:00
1668,4,48,SALE,-1,SALE,1404,2026-09-04 14:05:00
1669,3,195,SALE,-3,SALE,1459,2026-07-10 13:34:00
1670,3,136,SALE,-1,SALE,2267,2026-05-05 14:28:00
1671,4,7,SALE,-1,SALE,4737,2026-08-31 16:44:00
1672,3,240,SALE,-3,SALE,913,2026-05-27 10:04:00
1673,3,55,SALE,-1,SALE,438,2026-07-03 16:49:00
1674,3,91,SALE,-1,SALE,2403,2026-05-26 15:01:00
1675,3,49,SALE,-3,SALE,2630,2026-05-20 19:37:00
1676,2,167,SALE,-4,SALE,324,2026-08-07 17:46:00
1677,2,20,SALE,-4,SALE,2511,2026-09-23 12:00:00
1678,1,137,SALE,-4,SALE,1785,2026-08-22 19:28:00
1679,5,48,SALE,-3,SALE,2242,2026-05-12 12:15:00
1680,3,93,SALE,-1,SALE,3498,2026-06-16 13:47:00
1681,3,115,SALE,-1,SALE,1681,2026-09-01 17:10:00
1682,5,14,SALE,-4,SALE,392,2026-09-23 20:01:00
1683,4,195,SALE,-2,SALE,1420,2026-06-11 11:08:00
1684,2,29,SALE,-3,SALE,4088,2026-05-11 17:39:00
1685,2,170,SALE,-2,SALE,1598,2026-07-12 12:09:00
1686,1,203,SALE,-1,SALE,3933,2026-07-03 11:22:00
1687,2,118,SALE,-1,SALE,47,2026-05-16 16:55:00
1688,3,230,SALE,-2,SALE,2718,2026-05-11 19:16:00
1689,4,236,SALE,-4,SALE,3982,2026-08-15 19:06:00
1690,1,57,SALE,-3,SALE,2697,2026-04-18 17:10:00
1691,2,85,SALE,-2,SALE,959,2026-05-17 10:38:00
1692,2,172,SALE,-4,SALE,4777,2026-06-01 09:10:00
1693,3,177,SALE,-3,SALE,3285,2026-05-29 16:15:00
1694,1,201,SALE,-3,SALE,581,2026-09-06 16:35:00
1695,4,87,SALE,-3,SALE,4951,2026-06-26 19:21:00
1696,3,92,SALE,-1,SALE,516,2026-08-09 14:26:00
1697,4,86,SALE,-3,SALE,3411,2026-05-30 10:19:00
1698,1,237,SALE,-2,SALE,930,2026-08-11 16:32:00
1699,3,163,SALE,-3,SALE,3947,2026-08-07 14:36:00
1700,5,31,SALE,-2,SALE,195,2026-07-31 17:57:00
1701,1,26,SALE,-4,SALE,40,2026-09-14 15:14:00
1702,5,26,SALE,-4,SALE,1740,2026-08-12 19:19:00
1703,4,110,SALE,-4,SALE,1541,2026-07-26 12:36:00
1704,4,237,SALE,-4,SALE,3476,2026-05-11 09:19:00
1705,4,5,SALE,-2,SALE,3676,2026-04-19 11:29:00
1706,4,157,SALE,-2,SALE,1562,2026-09-20 10:27:00
1707,2,4,SALE,-4,SALE,1726,2026-08-23 19:57:00
1708,4,141,SALE,-1,SALE,1637,2026-05-28 12:22:00
1709,5,87,SALE,-3,SALE,2550,2026-09-08 11:32:00
1710,4,100,SALE,-3,SALE,1711,2026-04-09 19:14:00
1711,1,235,SALE,-1,SALE,4985,2026-04-13 18:37:00
1712,1,192,SALE,-2,SALE,4291,2026-05-13 16:43:00
1713,2,184,SALE,-4,SALE,4745,2026-06-17 17:23:00
1714,5,16,SALE,-4,SALE,1945,2026-04-11 09:02:00
1715,5,54,SALE,-1,SALE,1971,2026-08-02 19:51:00
1716,5,60,SALE,-2,SALE,4514,2026-04-30 20:12:00
1717,1,11,SALE,-4,SALE,4442,2026-05-12 13:03:00
1718,4,210,SALE,-1,SALE,1178,2026-06-20 14:12:00
1719,2,22,SALE,-4,SALE,3793,2026-04-29 16:26:00
1720,5,115,SALE,-3,SALE,687,2026-07-25 11:53:00
1721,1,65,SALE,-4,SALE,3230,2026-06-21 17:08:00
1722,2,194,SALE,-2,SALE,4082,2026-07-13 18:32:00
1723,3,187,SALE,-2,SALE,4557,2026-06-25 15:34:00
1724,4,125,SALE,-4,SALE,786,2026-04-26 11:13:00
1725,4,103,SALE,-1,SALE,4343,2026-08-18 14:03:00
1726,3,11,SALE,-2,SALE,639,2026-05-21 10:39:00
1727,5,141,SALE,-3,SALE,4008,2026-07-29 10:24:00
1728,1,190,SALE,-2,SALE,3984,2026-09-16 17:52:00
1729,3,46,SALE,-4,SALE,1121,2026-07-17 10:48:00
1730,1,182,SALE,-4,SALE,2382,2026-06-15 11:34:00
1731,5,225,SALE,-2,SALE,4229,2026-08-25 14:14:00
1732,4,26,SALE,-4,SALE,4693,2026-09-24 13:00:00
1733,3,141,SALE,-1,SALE,3279,2026-06-15 14:39:00
1734,3,138,SALE,-2,SALE,113,2026-05-13 18:59:00
1735,5,63,SALE,-1,SALE,3655,2026-05-26 15:17:00
1736,1,204,SALE,-3,SALE,4972,2026-08-31 15:12:00
1737,2,46,SALE,-3,SALE,331,2026-04-06 19:27:00
1738,4,9,SALE,-2,SALE,1467,2026-08-11 11:59:00
1739,2,71,SALE,-4,SALE,1673,2026-05-06 15:56:00
1740,5,106,SALE,-4,SALE,3134,2026-07-28 17:06:00
1741,4,198,SALE,-2,SALE,2379,2026-06-17 16:23:00
1742,1,18,SALE,-3,SALE,2512,2026-08-24 09:03:00
1743,2,141,SALE,-2,SALE,1092,2026-07-13 16:44:00
1744,2,34,SALE,-1,SALE,1771,2026-08-10 11:27:00
1745,5,69,SALE,-2,SALE,4242,2026-05-29 15:09:00
1746,5,96,SALE,-3,SALE,4832,2026-09-24 09:47:00
1747,1,161,SALE,-1,SALE,2803,2026-05-12 12:38:00
1748,3,153,SALE,-2,SALE,3478,2026-06-18 09:26:00
1749,2,203,SALE,-2,SALE,1951,2026-09-06 16:02:00
1750,1,3,SALE,-1,SALE,3744,2026-07-12 11:48:00
1751,4,58,SALE,-4,SALE,4737,2026-08-31 16:44:00
1752,1,51,SALE,-3,SALE,4460,2026-05-16 14:36:00
1753,1,103,SALE,-3,SALE,3896,2026-07-20 18:28:00
1754,4,108,SALE,-1,SALE,3727,2026-05-30 14:30:00
1755,5,46,SALE,-3,SALE,1200,2026-05-26 17:20:00
1756,1,34,SALE,-1,SALE,3314,2026-09-01 11:37:00
1757,5,196,SALE,-3,SALE,1119,2026-04-26 17:27:00
1758,4,26,SALE,-3,SALE,3565,2026-06-19 17:07:00
1759,4,233,SALE,-1,SALE,3347,2026-06-14 12:15:00
1760,1,70,SALE,-2,SALE,3494,2026-08-02 15:10:00
1761,5,54,SALE,-4,SALE,2088,2026-08-14 15:21:00
1762,1,88,SALE,-4,SALE,3334,2026-09-17 17:22:00
1763,3,221,SALE,-2,SALE,642,2026-07-13 09:37:00
1764,2,76,SALE,-3,SALE,1834,2026-08-04 10:48:00
1765,3,29,SALE,-2,SALE,4986,2026-06-23 20:01:00
1766,5,182,SALE,-2,SALE,4170,2026-04-08 16:19:00
1767,3,44,SALE,-2,SALE,2490,2026-05-04 10:41:00
1768,1,63,SALE,-4,SALE,1109,2026-07-04 13:43:00
1769,2,213,SALE,-1,SALE,2377,2026-06-30 18:06:00
1770,4,116,SALE,-4,SALE,942,2026-08-23 18:03:00
1771,4,176,SALE,-3,SALE,3145,2026-08-21 16:21:00
1772,4,213,SALE,-1,SALE,3926,2026-06-12 14:29:00
1773,4,38,SALE,-3,SALE,812,2026-05-13 19:51:00
1774,2,3,SALE,-3,SALE,1845,2026-04-21 19:15:00
1775,2,154,SALE,-4,SALE,2008,2026-07-14 10:04:00
1776,2,17,SALE,-3,SALE,1069,2026-05-19 11:45:00
1777,1,209,SALE,-4,SALE,4474,2026-06-03 15:11:00
1778,4,56,SALE,-2,SALE,554,2026-09-14 16:19:00
1779,3,172,SALE,-4,SALE,537,2026-09-16 17:53:00
1780,5,77,SALE,-1,SALE,1008,2026-04-03 17:50:00
1781,3,184,SALE,-2,SALE,263,2026-08-26 18:04:00
1782,3,37,SALE,-3,SALE,2914,2026-08-24 12:55:00
1783,3,41,SALE,-1,SALE,2117,2026-04-17 18:31:00
1784,2,116,SALE,-4,SALE,255,2026-09-28 11:12:00
1785,3,221,SALE,-3,SALE,4316,2026-09-09 09:47:00
1786,1,35,SALE,-4,SALE,1857,2026-08-06 11:09:00
1787,4,209,SALE,-1,SALE,3611,2026-08-29 16:49:00
1788,3,124,SALE,-4,SALE,122,2026-04-18 18:47:00
1789,4,86,SALE,-3,SALE,4396,2026-06-26 13:07:00
1790,2,235,SALE,-2,SALE,2325,2026-09-27 18:09:00
1791,2,114,SALE,-3,SALE,1694,2026-06-23 14:36:00
1792,1,130,SALE,-2,SALE,2123,2026-06-14 15:28:00
1793,5,135,SALE,-2,SALE,538,2026-08-12 10:42:00
1794,3,229,SALE,-1,SALE,4764,2026-07-17 19:37:00
1795,5,87,SALE,-4,SALE,1780,2026-06-14 14:22:00
1796,5,161,SALE,-3,SALE,4723,2026-07-11 10:47:00
1797,1,142,SALE,-3,SALE,1034,2026-04-10 15:38:00
1798,4,182,SALE,-4,SALE,341,2026-08-30 11:01:00
1799,5,67,SALE,-1,SALE,4514,2026-04-30 20:12:00
1800,5,143,SALE,-3,SALE,179,2026-07-16 16:19:00
1801,4,125,SALE,-4,SALE,644,2026-07-04 10:19:00
1802,4,182,SALE,-3,SALE,1570,2026-05-20 10:21:00
1803,5,166,SALE,-2,SALE,273,2026-09-25 20:06:00
1804,5,56,SALE,-3,SALE,466,2026-09-03 10:06:00
1805,2,171,SALE,-3,SALE,670,2026-05-31 09:27:00
1806,4,224,SALE,-3,SALE,3453,2026-09-19 16:43:00
1807,1,44,SALE,-3,SALE,3494,2026-08-02 15:10:00
1808,4,168,SALE,-2,SALE,1046,2026-06-04 11:00:00
1809,1,140,SALE,-2,SALE,3479,2026-04-30 19:12:00
1810,3,177,SALE,-1,SALE,3919,2026-06-05 20:09:00
1811,5,10,SALE,-2,SALE,93,2026-08-27 12:59:00
1812,4,184,SALE,-2,SALE,841,2026-07-19 16:12:00
1813,2,75,SALE,-4,SALE,1586,2026-06-08 16:31:00
1814,2,222,SALE,-3,SALE,1768,2026-05-12 09:07:00
1815,1,41,SALE,-3,SALE,847,2026-07-22 14:50:00
1816,4,10,SALE,-3,SALE,1177,2026-05-14 12:30:00
1817,4,116,SALE,-2,SALE,1224,2026-07-27 10:39:00
1818,5,87,SALE,-1,SALE,1514,2026-07-05 10:55:00
1819,1,214,SALE,-3,SALE,697,2026-04-13 10:55:00
1820,2,236,SALE,-4,SALE,4745,2026-06-17 17:23:00
1821,2,210,SALE,-2,SALE,1539,2026-04-28 16:49:00
1822,4,107,SALE,-1,SALE,4279,2026-05-06 18:56:00
1823,5,210,SALE,-4,SALE,1948,2026-08-06 15:36:00
1824,4,137,SALE,-3,SALE,2507,2026-08-27 09:40:00
1825,1,137,SALE,-4,SALE,738,2026-09-08 19:29:00
1826,1,100,SALE,-2,SALE,2862,2026-06-21 15:48:00
1827,1,20,SALE,-3,SALE,4012,2026-08-12 13:32:00
1828,5,118,SALE,-2,SALE,1271,2026-05-06 14:07:00
1829,4,227,SALE,-3,SALE,3871,2026-07-28 12:10:00
1830,5,193,SALE,-2,SALE,2812,2026-07-05 13:18:00
1831,1,45,SALE,-3,SALE,3387,2026-09-26 19:35:00
1832,2,22,SALE,-2,SALE,564,2026-06-08 10:58:00
1833,2,30,SALE,-1,SALE,2759,2026-08-14 15:29:00
1834,1,210,SALE,-1,SALE,1815,2026-04-07 11:59:00
1835,4,120,SALE,-1,SALE,1144,2026-07-03 12:06:00
1836,1,42,SALE,-1,SALE,4802,2026-08-29 09:39:00
1837,5,105,SALE,-1,SALE,4170,2026-04-08 16:19:00
1838,4,75,SALE,-4,SALE,1083,2026-09-25 12:50:00
1839,4,39,SALE,-4,SALE,171,2026-07-29 15:05:00
1840,2,153,SALE,-2,SALE,3506,2026-04-23 15:20:00
1841,5,210,SALE,-1,SALE,2965,2026-09-13 10:56:00
1842,1,210,SALE,-4,SALE,1758,2026-05-08 09:45:00
1843,4,237,SALE,-3,SALE,3740,2026-07-03 15:56:00
1844,3,210,SALE,-3,SALE,2552,2026-09-05 11:21:00
1845,1,37,SALE,-2,SALE,3254,2026-07-14 17:31:00
1846,3,38,SALE,-1,SALE,3349,2026-06-26 14:01:00
1847,2,178,SALE,-1,SALE,2672,2026-04-01 12:32:00
1848,1,16,SALE,-2,SALE,3768,2026-08-13 17:52:00
1849,2,95,SALE,-1,SALE,2813,2026-07-09 11:21:00
1850,4,47,SALE,-1,SALE,3427,2026-09-18 09:10:00
1851,3,20,SALE,-4,SALE,2740,2026-07-16 18:48:00
1852,2,125,SALE,-2,SALE,1524,2026-05-03 16:33:00
1853,1,217,SALE,-4,SALE,1034,2026-04-10 15:38:00
1854,3,54,SALE,-4,SALE,3689,2026-06-13 10:16:00
1855,5,223,SALE,-3,SALE,528,2026-09-14 09:57:00
1856,4,144,SALE,-2,SALE,4676,2026-09-09 20:49:00
1857,5,187,SALE,-2,SALE,1388,2026-05-13 20:14:00
1858,5,200,SALE,-1,SALE,2957,2026-06-05 16:06:00
1859,3,70,SALE,-3,SALE,1681,2026-09-01 17:10:00
1860,2,101,SALE,-4,SALE,268,2026-07-10 14:27:00
1861,1,85,SALE,-3,SALE,930,2026-08-11 16:32:00
1862,4,22,SALE,-3,SALE,3043,2026-05-25 19:05:00
1863,1,181,SALE,-3,SALE,4020,2026-06-12 16:19:00
1864,4,196,SALE,-2,SALE,1714,2026-04-06 18:45:00
1865,5,216,SALE,-2,SALE,510,2026-08-08 11:25:00
1866,4,208,SALE,-2,SALE,2122,2026-09-12 17:46:00
1867,2,53,SALE,-4,SALE,3572,2026-05-16 20:33:00
1868,3,36,SALE,-2,SALE,91,2026-09-09 16:47:00
1869,4,218,SALE,-3,SALE,2396,2026-07-31 09:34:00
1870,3,5,SALE,-2,SALE,3083,2026-09-08 18:04:00
1871,5,154,SALE,-3,SALE,4464,2026-08-03 20:35:00
1872,4,57,SALE,-3,SALE,796,2026-08-18 11:00:00
1873,1,71,SALE,-3,SALE,3024,2026-05-14 09:06:00
1874,5,200,SALE,-2,SALE,61,2026-04-29 14:50:00
1875,1,225,SALE,-2,SALE,1943,2026-06-10 13:12:00
1876,2,136,SALE,-1,SALE,1325,2026-05-29 17:58:00
1877,2,228,SALE,-3,SALE,4082,2026-07-13 18:32:00
1878,3,95,SALE,-2,SALE,2634,2026-09-21 11:45:00
1879,4,75,SALE,-4,SALE,1295,2026-08-30 11:46:00
1880,2,56,SALE,-3,SALE,2763,2026-08-12 11:28:00
1881,5,162,SALE,-2,SALE,2435,2026-09-04 20:25:00
1882,3,2,SALE,-1,SALE,3083,2026-09-08 18:04:00
1883,3,48,SALE,-4,SALE,2365,2026-07-12 11:24:00
1884,4,204,SALE,-1,SALE,3926,2026-06-12 14:29:00
1885,3,142,SALE,-1,SALE,4962,2026-06-28 12:06:00
1886,2,166,SALE,-1,SALE,194,2026-08-17 09:42:00
1887,1,63,SALE,-1,SALE,643,2026-07-12 15:36:00
1888,2,75,SALE,-3,SALE,2178,2026-07-01 11:28:00
1889,2,59,SALE,-2,SALE,2879,2026-06-08 13:30:00
1890,2,155,SALE,-3,SALE,4031,2026-07-28 11:24:00
1891,4,188,SALE,-4,SALE,22,2026-09-26 16:12:00
1892,1,184,SALE,-1,SALE,1944,2026-05-09 11:58:00
1893,4,5,SALE,-2,SALE,172,2026-06-05 18:05:00
1894,1,203,SALE,-3,SALE,4954,2026-08-03 12:09:00
1895,4,8,SALE,-4,SALE,4191,2026-09-04 11:48:00
1896,5,178,SALE,-2,SALE,1358,2026-07-19 16:01:00
1897,5,118,SALE,-3,SALE,1618,2026-07-31 11:05:00
1898,5,194,SALE,-3,SALE,4077,2026-08-27 20:20:00
1899,2,105,SALE,-1,SALE,629,2026-07-21 13:55:00
1900,3,20,SALE,-3,SALE,4334,2026-05-27 20:34:00
1901,2,135,SALE,-3,SALE,3072,2026-06-21 20:22:00
1902,4,233,SALE,-1,SALE,3491,2026-04-15 18:31:00
1903,4,121,SALE,-3,SALE,1580,2026-06-02 09:45:00
1904,2,36,SALE,-2,SALE,4745,2026-06-17 17:23:00
1905,5,4,SALE,-2,SALE,1519,2026-06-19 15:06:00
1906,1,19,SALE,-1,SALE,4702,2026-04-04 18:18:00
1907,3,59,SALE,-2,SALE,1091,2026-07-15 15:02:00
1908,3,233,SALE,-3,SALE,167,2026-04-12 19:39:00
1909,4,30,SALE,-1,SALE,767,2026-04-30 18:49:00
1910,2,161,SALE,-2,SALE,2090,2026-05-04 17:43:00
1911,3,157,SALE,-3,SALE,794,2026-09-02 15:44:00
1912,2,235,SALE,-1,SALE,3217,2026-04-05 14:15:00
1913,4,96,SALE,-1,SALE,1041,2026-04-26 11:14:00
1914,3,163,SALE,-2,SALE,2002,2026-06-15 09:32:00
1915,2,136,SALE,-1,SALE,4652,2026-08-24 19:05:00
1916,2,216,SALE,-1,SALE,1086,2026-06-15 17:23:00
1917,4,166,SALE,-2,SALE,2578,2026-06-22 17:38:00
1918,4,190,SALE,-3,SALE,3366,2026-09-12 18:33:00
1919,4,104,SALE,-2,SALE,4231,2026-05-31 17:54:00
1920,2,115,SALE,-2,SALE,2936,2026-07-26 18:50:00
1921,4,225,SALE,-4,SALE,1550,2026-05-06 11:04:00
1922,3,120,SALE,-4,SALE,4750,2026-07-11 19:40:00
1923,1,199,SALE,-4,SALE,1664,2026-07-15 19:08:00
1924,4,107,SALE,-1,SALE,4270,2026-07-28 14:11:00
1925,3,203,SALE,-1,SALE,1180,2026-08-18 10:09:00
1926,4,218,SALE,-3,SALE,3282,2026-04-06 16:48:00
1927,2,237,SALE,-2,SALE,2995,2026-04-02 17:17:00
1928,4,80,SALE,-3,SALE,2772,2026-07-16 13:49:00
1929,5,128,SALE,-4,SALE,1120,2026-07-13 10:00:00
1930,1,140,SALE,-1,SALE,1023,2026-09-04 16:49:00
1931,2,184,SALE,-2,SALE,864,2026-09-26 11:14:00
1932,5,204,SALE,-2,SALE,3310,2026-09-09 14:46:00
1933,4,140,SALE,-2,SALE,341,2026-08-30 11:01:00
1934,1,214,SALE,-2,SALE,3463,2026-05-12 10:01:00
1935,1,97,SALE,-3,SALE,2429,2026-09-20 14:14:00
1936,3,143,SALE,-1,SALE,4148,2026-08-26 15:22:00
1937,4,64,SALE,-1,SALE,4924,2026-08-22 16:37:00
1938,2,95,SALE,-3,SALE,1883,2026-05-03 20:41:00
1939,1,167,SALE,-1,SALE,46,2026-09-24 16:08:00
1940,2,214,SALE,-1,SALE,4728,2026-04-18 12:08:00
1941,1,181,SALE,-2,SALE,394,2026-06-04 17:13:00
1942,2,109,SALE,-4,SALE,2338,2026-04-18 19:32:00
1943,4,182,SALE,-1,SALE,430,2026-09-14 12:20:00
1944,3,50,SALE,-4,SALE,976,2026-07-28 20:00:00
1945,5,188,SALE,-3,SALE,4288,2026-04-06 10:42:00
1946,4,91,SALE,-4,SALE,2772,2026-07-16 13:49:00
1947,3,60,SALE,-4,SALE,3216,2026-04-16 18:24:00
1948,2,38,SALE,-2,SALE,2209,2026-08-05 17:40:00
1949,3,95,SALE,-1,SALE,814,2026-06-08 09:02:00
1950,2,190,SALE,-3,SALE,625,2026-04-21 15:45:00
1951,1,28,SALE,-4,SALE,1288,2026-05-01 19:37:00
1952,4,141,SALE,-4,SALE,633,2026-06-13 16:33:00
1953,5,115,SALE,-4,SALE,1482,2026-04-13 10:55:00
1954,5,181,SALE,-4,SALE,3275,2026-05-04 19:15:00
1955,2,166,SALE,-3,SALE,791,2026-04-22 13:38:00
1956,1,45,SALE,-2,SALE,2458,2026-04-23 15:30:00
1957,5,87,SALE,-4,SALE,1457,2026-08-27 09:59:00
1958,4,104,SALE,-1,SALE,3274,2026-06-08 12:21:00
1959,3,17,SALE,-1,SALE,4595,2026-09-17 15:48:00
1960,1,131,SALE,-2,SALE,1636,2026-04-13 12:55:00
1961,5,87,SALE,-1,SALE,732,2026-04-30 17:11:00
1962,4,239,SALE,-4,SALE,1922,2026-09-18 16:48:00
1963,5,69,SALE,-4,SALE,3055,2026-05-23 09:30:00
1964,2,8,SALE,-1,SALE,3877,2026-08-03 11:22:00
1965,5,224,SALE,-2,SALE,3329,2026-05-03 15:14:00
1966,4,42,SALE,-4,SALE,4754,2026-07-06 11:30:00
1967,1,220,SALE,-4,SALE,2249,2026-05-06 20:08:00
1968,5,218,SALE,-1,SALE,4733,2026-05-26 10:19:00
1969,5,228,SALE,-1,SALE,1969,2026-06-14 11:33:00
1970,1,31,SALE,-3,SALE,4586,2026-08-16 18:36:00
1971,4,1,SALE,-3,SALE,3076,2026-07-17 20:38:00
1972,4,112,SALE,-2,SALE,4693,2026-09-24 13:00:00
1973,3,5,SALE,-1,SALE,956,2026-08-24 09:32:00
1974,2,157,SALE,-4,SALE,670,2026-05-31 09:27:00
1975,4,53,SALE,-3,SALE,1763,2026-08-05 09:29:00
1976,2,40,SALE,-2,SALE,1951,2026-09-06 16:02:00
1977,3,157,SALE,-1,SALE,3019,2026-08-04 09:43:00
1978,4,97,SALE,-1,SALE,4490,2026-05-27 15:17:00
1979,4,240,SALE,-1,SALE,3611,2026-08-29 16:49:00
1980,1,31,SALE,-2,SALE,2805,2026-09-02 18:17:00
1981,3,133,SALE,-4,SALE,3000,2026-07-20 12:20:00
1982,4,240,SALE,-4,SALE,2816,2026-04-29 10:08:00
1983,5,4,SALE,-3,SALE,4268,2026-06-21 13:26:00
1984,4,11,SALE,-3,SALE,2928,2026-08-15 09:47:00
1985,4,166,SALE,-2,SALE,3766,2026-08-13 10:44:00
1986,1,171,SALE,-2,SALE,2654,2026-07-10 16:05:00
1987,2,225,SALE,-4,SALE,298,2026-05-20 15:35:00
1988,3,129,SALE,-4,SALE,2902,2026-07-19 09:12:00
1989,1,107,SALE,-3,SALE,2987,2026-06-18 20:29:00
1990,4,142,SALE,-2,SALE,2845,2026-08-23 13:22:00
1991,1,147,SALE,-2,SALE,399,2026-09-21 13:54:00
1992,2,88,SALE,-3,SALE,4651,2026-09-08 17:58:00
1993,4,48,SALE,-1,SALE,706,2026-08-20 20:55:00
1994,4,93,SALE,-4,SALE,2857,2026-05-15 14:10:00
1995,5,43,SALE,-4,SALE,4236,2026-06-10 14:28:00
1996,4,111,SALE,-4,SALE,2308,2026-04-10 09:50:00
1997,1,205,SALE,-3,SALE,4673,2026-08-30 15:41:00
1998,4,125,SALE,-1,SALE,1205,2026-09-09 10:51:00
1999,3,1,SALE,-3,SALE,663,2026-04-11 09:28:00
2000,5,142,SALE,-1,SALE,926,2026-08-10 09:15:00
2001,1,224,SALE,-3,SALE,1250,2026-05-03 13:07:00
2002,2,104,SALE,-4,SALE,605,2026-06-04 16:07:00
2003,4,81,SALE,-1,SALE,185,2026-04-03 20:51:00
2004,1,47,SALE,-4,SALE,3231,2026-04-21 15:12:00
2005,5,20,SALE,-3,SALE,297,2026-09-28 16:59:00
2006,4,121,SALE,-1,SALE,2975,2026-04-26 19:20:00
2007,1,207,SALE,-1,SALE,1952,2026-07-10 11:35:00
2008,4,69,SALE,-4,SALE,184,2026-07-31 14:18:00
2009,5,105,SALE,-2,SALE,4326,2026-06-02 13:56:00
2010,5,157,SALE,-2,SALE,4078,2026-08-15 18:30:00
2011,2,231,SALE,-2,SALE,1933,2026-07-03 19:04:00
2012,4,131,SALE,-4,SALE,1329,2026-06-26 10:58:00
2013,1,169,SALE,-4,SALE,3015,2026-08-05 09:06:00
2014,5,110,SALE,-3,SALE,3420,2026-07-15 10:08:00
2015,3,67,SALE,-4,SALE,225,2026-09-02 11:54:00
2016,3,94,SALE,-4,SALE,3228,2026-04-26 09:53:00
2017,3,134,SALE,-4,SALE,1874,2026-04-06 20:19:00
2018,2,55,SALE,-3,SALE,4724,2026-06-18 16:08:00
2019,1,198,SALE,-2,SALE,384,2026-09-21 16:20:00
2020,2,60,SALE,-1,SALE,1308,2026-08-04 14:40:00
2021,3,162,SALE,-2,SALE,2515,2026-07-29 19:55:00
2022,4,165,SALE,-3,SALE,3985,2026-08-12 10:34:00
2023,4,229,SALE,-1,SALE,2047,2026-08-31 09:37:00
2024,5,184,SALE,-4,SALE,3192,2026-09-25 11:42:00
2025,4,120,SALE,-4,SALE,4900,2026-08-25 20:56:00
2026,4,132,SALE,-1,SALE,3086,2026-09-09 18:06:00
2027,5,107,SALE,-1,SALE,2720,2026-04-06 16:37:00
2028,2,168,SALE,-4,SALE,468,2026-04-01 17:53:00
2029,3,168,SALE,-2,SALE,4111,2026-05-15 19:11:00
2030,2,193,SALE,-1,SALE,1685,2026-09-20 11:11:00
2031,2,55,SALE,-3,SALE,3397,2026-04-10 20:52:00
2032,3,119,SALE,-2,SALE,82,2026-04-26 13:41:00
2033,4,160,SALE,-4,SALE,223,2026-08-28 09:29:00
2034,4,203,SALE,-3,SALE,4332,2026-06-19 17:23:00
2035,4,51,SALE,-1,SALE,4397,2026-05-05 19:19:00
2036,2,236,SALE,-3,SALE,1723,2026-05-01 17:17:00
2037,4,38,SALE,-4,SALE,4537,2026-04-23 10:09:00
2038,2,109,SALE,-4,SALE,1142,2026-07-22 12:43:00
2039,5,163,SALE,-4,SALE,1631,2026-04-16 11:49:00
2040,4,153,SALE,-4,SALE,2307,2026-07-30 11:42:00
2041,5,115,SALE,-4,SALE,1908,2026-08-09 20:53:00
2042,2,73,SALE,-4,SALE,2817,2026-05-10 18:10:00
2043,2,180,SALE,-4,SALE,2055,2026-05-26 17:29:00
2044,1,2,SALE,-4,SALE,4839,2026-05-29 17:29:00
2045,1,86,SALE,-2,SALE,4084,2026-05-20 15:07:00
2046,5,35,SALE,-3,SALE,762,2026-05-09 09:51:00
2047,2,200,SALE,-4,SALE,190,2026-07-04 19:33:00
2048,3,233,SALE,-4,SALE,1481,2026-04-14 12:55:00
2049,2,110,SALE,-3,SALE,905,2026-04-10 18:47:00
2050,2,137,SALE,-3,SALE,3857,2026-05-22 13:20:00
2051,1,150,SALE,-4,SALE,2137,2026-07-06 12:33:00
2052,5,154,SALE,-2,SALE,1970,2026-07-20 16:50:00
2053,1,58,SALE,-4,SALE,4333,2026-05-23 15:03:00
2054,3,206,SALE,-1,SALE,3851,2026-05-07 12:35:00
2055,1,46,SALE,-2,SALE,2623,2026-07-24 14:41:00
2056,5,90,SALE,-4,SALE,2859,2026-09-26 19:32:00
2057,3,167,SALE,-1,SALE,1191,2026-05-02 14:47:00
2058,1,163,SALE,-1,SALE,1623,2026-07-22 19:11:00
2059,1,216,SALE,-2,SALE,3016,2026-06-28 18:51:00
2060,3,98,SALE,-3,SALE,4860,2026-06-11 13:07:00
2061,5,142,SALE,-1,SALE,2027,2026-06-19 17:53:00
2062,2,174,SALE,-2,SALE,4144,2026-09-14 12:46:00
2063,3,114,SALE,-4,SALE,3450,2026-09-20 17:09:00
2064,5,197,SALE,-1,SALE,3317,2026-05-31 15:47:00
2065,1,100,SALE,-4,SALE,1448,2026-07-23 11:34:00
2066,3,169,SALE,-2,SALE,562,2026-07-20 14:02:00
2067,4,212,SALE,-1,SALE,3244,2026-08-22 09:32:00
2068,3,92,SALE,-1,SALE,2437,2026-08-25 18:36:00
2069,4,239,SALE,-4,SALE,3431,2026-04-08 20:04:00
2070,3,81,SALE,-3,SALE,4334,2026-05-27 20:34:00
2071,4,111,SALE,-1,SALE,2505,2026-09-22 10:35:00
2072,4,165,SALE,-4,SALE,3742,2026-09-21 20:56:00
2073,5,151,SALE,-1,SALE,196,2026-08-15 18:20:00
2074,4,171,SALE,-4,SALE,3427,2026-09-18 09:10:00
2075,1,72,SALE,-3,SALE,2393,2026-08-11 20:22:00
2076,2,43,SALE,-1,SALE,2514,2026-07-26 17:34:00
2077,4,233,SALE,-4,SALE,2772,2026-07-16 13:49:00
2078,1,211,SALE,-2,SALE,3378,2026-04-06 11:23:00
2079,3,21,SALE,-4,SALE,3020,2026-05-05 15:37:00
2080,3,26,SALE,-4,SALE,2789,2026-07-23 09:42:00
2081,3,109,SALE,-1,SALE,2760,2026-06-21 12:50:00
2082,3,83,SALE,-2,SALE,4686,2026-09-23 10:03:00
2083,5,163,SALE,-4,SALE,4482,2026-04-16 11:54:00
2084,4,69,SALE,-3,SALE,4498,2026-04-20 20:11:00
2085,2,135,SALE,-4,SALE,2075,2026-04-27 19:00:00
2086,3,125,SALE,-3,SALE,482,2026-07-22 10:48:00
2087,4,45,SALE,-2,SALE,534,2026-08-24 18:23:00
2088,2,24,SALE,-3,SALE,2494,2026-06-24 15:53:00
2089,5,232,SALE,-1,SALE,970,2026-07-06 19:50:00
2090,2,81,SALE,-4,SALE,407,2026-06-02 14:15:00
2091,3,218,SALE,-3,SALE,176,2026-09-09 20:27:00
2092,5,124,SALE,-1,SALE,4958,2026-05-15 20:02:00
2093,1,28,SALE,-2,SALE,4391,2026-05-12 13:39:00
2094,5,177,SALE,-4,SALE,4055,2026-08-24 15:56:00
2095,3,59,SALE,-4,SALE,1670,2026-06-20 19:07:00
2096,2,176,SALE,-1,SALE,169,2026-08-04 15:47:00
2097,2,141,SALE,-4,SALE,1454,2026-08-25 20:59:00
2098,5,55,SALE,-1,SALE,4787,2026-04-14 15:11:00
2099,5,66,SALE,-2,SALE,4238,2026-06-21 10:09:00
2100,1,84,SALE,-4,SALE,4324,2026-05-09 11:24:00
2101,1,142,SALE,-1,SALE,2675,2026-06-21 09:47:00
2102,3,184,SALE,-4,SALE,2911,2026-06-15 18:36:00
2103,3,124,SALE,-4,SALE,2895,2026-07-11 15:10:00
2104,4,87,SALE,-2,SALE,185,2026-04-03 20:51:00
2105,4,240,SALE,-2,SALE,2181,2026-05-17 16:55:00
2106,3,99,SALE,-4,SALE,2677,2026-06-23 12:44:00
2107,1,165,SALE,-3,SALE,4657,2026-09-15 15:00:00
2108,4,62,SALE,-2,SALE,234,2026-08-24 10:25:00
2109,1,17,SALE,-2,SALE,3974,2026-06-20 09:43:00
2110,2,47,SALE,-4,SALE,3286,2026-05-27 14:01:00
2111,1,182,SALE,-4,SALE,2318,2026-06-20 19:45:00
2112,1,93,SALE,-4,SALE,1756,2026-04-12 20:56:00
2113,4,73,SALE,-4,SALE,455,2026-07-08 19:11:00
2114,3,9,SALE,-1,SALE,4769,2026-06-14 10:15:00
2115,1,232,SALE,-3,SALE,3874,2026-06-10 18:09:00
2116,5,2,SALE,-1,SALE,4183,2026-07-22 09:49:00
2117,4,44,SALE,-4,SALE,184,2026-07-31 14:18:00
2118,2,158,SALE,-2,SALE,37,2026-08-31 19:01:00
2119,4,161,SALE,-2,SALE,558,2026-09-06 15:10:00
2120,5,194,SALE,-4,SALE,4163,2026-09-11 09:01:00
2121,3,19,SALE,-4,SALE,411,2026-06-26 18:38:00
2122,4,234,SALE,-3,SALE,1353,2026-05-26 18:40:00
2123,4,179,SALE,-3,SALE,251,2026-06-29 17:45:00
2124,5,29,SALE,-4,SALE,4958,2026-05-15 20:02:00
2125,4,240,SALE,-2,SALE,1877,2026-07-29 09:18:00
2126,3,24,SALE,-1,SALE,2895,2026-07-11 15:10:00
2127,2,126,SALE,-4,SALE,674,2026-07-09 14:12:00
2128,2,194,SALE,-4,SALE,2527,2026-08-08 13:05:00
2129,4,2,SALE,-4,SALE,2592,2026-05-17 20:44:00
2130,4,136,SALE,-1,SALE,3226,2026-09-22 17:51:00
2131,1,29,SALE,-2,SALE,2432,2026-05-21 15:00:00
2132,3,56,SALE,-1,SALE,4938,2026-09-12 17:52:00
2133,2,182,SALE,-1,SALE,1930,2026-08-17 20:51:00
2134,2,99,SALE,-1,SALE,2411,2026-08-19 17:48:00
2135,2,160,SALE,-1,SALE,3827,2026-07-19 17:06:00
2136,2,180,SALE,-2,SALE,4835,2026-05-04 09:35:00
2137,2,240,SALE,-4,SALE,1104,2026-06-10 10:04:00
2138,3,45,SALE,-4,SALE,4250,2026-07-18 17:47:00
2139,4,29,SALE,-3,SALE,150,2026-09-16 10:25:00
2140,2,99,SALE,-2,SALE,4574,2026-04-14 09:13:00
2141,2,142,SALE,-1,SALE,3888,2026-07-28 11:07:00
2142,4,118,SALE,-1,SALE,3727,2026-05-30 14:30:00
2143,4,143,SALE,-3,SALE,999,2026-07-29 18:52:00
2144,3,116,SALE,-2,SALE,4257,2026-08-21 12:42:00
2145,4,235,SALE,-2,SALE,1304,2026-07-11 14:10:00
2146,2,33,SALE,-1,SALE,2527,2026-08-08 13:05:00
2147,3,168,SALE,-2,SALE,3852,2026-06-01 19:13:00
2148,2,22,SALE,-1,SALE,645,2026-05-11 18:20:00
2149,1,159,SALE,-4,SALE,3314,2026-09-01 11:37:00
2150,3,47,SALE,-4,SALE,835,2026-04-23 16:33:00
2151,3,72,SALE,-3,SALE,3684,2026-09-23 09:37:00
2152,2,10,SALE,-4,SALE,4128,2026-08-08 18:04:00
2153,4,40,SALE,-2,SALE,2838,2026-05-02 19:12:00
2154,3,70,SALE,-2,SALE,445,2026-06-20 15:14:00
2155,2,89,SALE,-4,SALE,725,2026-07-15 19:08:00
2156,3,116,SALE,-4,SALE,1099,2026-06-12 14:49:00
2157,2,28,SALE,-3,SALE,2821,2026-08-09 18:31:00
2158,2,75,SALE,-4,SALE,1273,2026-04-13 20:43:00
2159,3,160,SALE,-1,SALE,364,2026-04-01 10:11:00
2160,3,222,SALE,-3,SALE,3961,2026-07-13 12:02:00
2161,2,159,SALE,-1,SALE,4898,2026-04-30 13:01:00
2162,5,84,SALE,-1,SALE,4448,2026-07-12 20:31:00
2163,4,133,SALE,-1,SALE,3206,2026-07-12 16:40:00
2164,5,34,SALE,-2,SALE,4649,2026-06-05 18:00:00
2165,5,165,SALE,-4,SALE,3341,2026-05-18 19:10:00
2166,2,91,SALE,-1,SALE,1933,2026-07-03 19:04:00
2167,4,204,SALE,-2,SALE,3814,2026-04-24 11:30:00
2168,5,220,SALE,-2,SALE,487,2026-05-26 18:32:00
2169,5,228,SALE,-2,SALE,1553,2026-05-16 14:08:00
2170,4,23,SALE,-2,SALE,2010,2026-05-17 19:01:00
2171,1,181,SALE,-4,SALE,1452,2026-05-04 14:52:00
2172,5,57,SALE,-3,SALE,30,2026-05-05 13:00:00
2173,2,138,SALE,-2,SALE,2428,2026-09-02 19:27:00
2174,5,110,SALE,-2,SALE,3371,2026-07-16 20:04:00
2175,2,131,SALE,-4,SALE,4651,2026-09-08 17:58:00
2176,2,137,SALE,-2,SALE,4528,2026-04-01 18:24:00
2177,2,87,SALE,-3,SALE,3520,2026-06-06 16:16:00
2178,4,99,SALE,-2,SALE,90,2026-05-22 11:35:00
2179,5,46,SALE,-3,SALE,3568,2026-05-22 20:51:00
2180,1,83,SALE,-2,SALE,3421,2026-04-10 17:27:00
2181,3,185,SALE,-4,SALE,2392,2026-04-21 15:57:00
2182,1,196,SALE,-4,SALE,2343,2026-06-10 20:58:00
2183,1,206,SALE,-4,SALE,2826,2026-09-02 12:43:00
2184,4,157,SALE,-1,SALE,4498,2026-04-20 20:11:00
2185,2,167,SALE,-1,SALE,1103,2026-08-14 11:38:00
2186,2,201,SALE,-1,SALE,1965,2026-06-19 17:15:00
2187,3,34,SALE,-3,SALE,4018,2026-04-05 17:41:00
2188,5,17,SALE,-1,SALE,1298,2026-08-13 19:14:00
2189,5,31,SALE,-1,SALE,4648,2026-08-13 16:27:00
2190,1,200,SALE,-3,SALE,2501,2026-09-20 09:03:00
2191,3,107,SALE,-4,SALE,4430,2026-05-16 15:14:00
2192,3,66,SALE,-2,SALE,1033,2026-08-07 09:00:00
2193,4,124,SALE,-2,SALE,2510,2026-07-10 15:42:00
2194,2,31,SALE,-1,SALE,2664,2026-08-27 20:13:00
2195,1,12,SALE,-2,SALE,1701,2026-06-10 12:52:00
2196,2,143,SALE,-3,SALE,1717,2026-06-27 15:27:00
2197,3,95,SALE,-3,SALE,1372,2026-09-22 11:13:00
2198,4,51,SALE,-1,SALE,758,2026-07-30 11:04:00
2199,3,216,SALE,-4,SALE,417,2026-04-26 20:50:00
2200,1,171,SALE,-1,SALE,3367,2026-06-15 16:39:00
2201,4,135,SALE,-3,SALE,3482,2026-07-09 12:11:00
2202,3,29,SALE,-4,SALE,72,2026-08-19 09:00:00
2203,3,65,SALE,-1,SALE,4704,2026-08-07 20:54:00
2204,3,89,SALE,-4,SALE,1338,2026-09-03 16:09:00
2205,2,151,SALE,-2,SALE,1771,2026-08-10 11:27:00
2206,4,117,SALE,-2,SALE,4168,2026-07-20 12:13:00
2207,5,37,SALE,-1,SALE,881,2026-08-14 14:58:00
2208,1,73,SALE,-4,SALE,3324,2026-05-11 15:53:00
2209,2,198,SALE,-2,SALE,1282,2026-07-03 12:15:00
2210,3,163,SALE,-2,SALE,3577,2026-08-05 10:36:00
2211,1,58,SALE,-3,SALE,2232,2026-08-09 13:25:00
2212,2,58,SALE,-1,SALE,2520,2026-05-12 10:30:00
2213,4,134,SALE,-4,SALE,515,2026-05-14 20:44:00
2214,4,96,SALE,-2,SALE,1917,2026-06-17 09:47:00
2215,3,27,SALE,-3,SALE,4845,2026-04-27 20:38:00
2216,1,139,SALE,-2,SALE,88,2026-07-21 15:54:00
2217,2,106,SALE,-4,SALE,2830,2026-09-06 16:06:00
2218,1,170,SALE,-4,SALE,1431,2026-07-02 18:29:00
2219,1,173,SALE,-2,SALE,2610,2026-04-09 20:39:00
2220,3,171,SALE,-3,SALE,3355,2026-06-07 10:54:00
2221,3,129,SALE,-4,SALE,1972,2026-06-22 14:00:00
2222,2,113,SALE,-4,SALE,1520,2026-09-25 20:17:00
2223,2,175,SALE,-3,SALE,4161,2026-09-24 17:18:00
2224,4,217,SALE,-1,SALE,1230,2026-05-05 20:06:00
2225,3,229,SALE,-2,SALE,2154,2026-05-23 20:41:00
2226,1,174,SALE,-2,SALE,2393,2026-08-11 20:22:00
2227,1,172,SALE,-3,SALE,875,2026-04-21 20:53:00
2228,2,38,SALE,-1,SALE,3953,2026-09-02 18:41:00
2229,2,183,SALE,-4,SALE,2747,2026-07-10 20:51:00
2230,1,131,SALE,-3,SALE,1802,2026-05-22 15:05:00
2231,2,160,SALE,-3,SALE,2964,2026-06-12 09:43:00
2232,3,61,SALE,-2,SALE,1556,2026-05-09 09:45:00
2233,2,137,SALE,-3,SALE,4461,2026-06-29 15:06:00
2234,3,76,SALE,-3,SALE,3165,2026-05-23 19:02:00
2235,5,190,SALE,-4,SALE,4338,2026-08-28 15:30:00
2236,1,41,SALE,-3,SALE,3629,2026-07-08 09:50:00
2237,3,93,SALE,-1,SALE,2753,2026-05-14 12:17:00
2238,5,97,SALE,-2,SALE,3738,2026-04-10 10:36:00
2239,1,232,SALE,-1,SALE,1841,2026-05-14 15:20:00
2240,2,5,SALE,-4,SALE,1963,2026-04-29 11:39:00
2241,4,176,SALE,-1,SALE,4731,2026-06-01 09:39:00
2242,4,96,SALE,-1,SALE,17,2026-07-17 13:50:00
2243,2,64,SALE,-3,SALE,1834,2026-08-04 10:48:00
2244,4,77,SALE,-1,SALE,3417,2026-04-19 15:03:00
2245,2,35,SALE,-1,SALE,1236,2026-04-23 16:09:00
2246,2,5,SALE,-2,SALE,2218,2026-04-29 14:43:00
2247,4,108,SALE,-1,SALE,3471,2026-09-03 17:36:00
2248,4,164,SALE,-3,SALE,4422,2026-06-27 16:53:00
2249,3,239,SALE,-4,SALE,2098,2026-08-21 20:26:00
2250,3,229,SALE,-2,SALE,3294,2026-07-18 16:43:00
2251,4,199,SALE,-2,SALE,4568,2026-05-27 10:13:00
2252,1,181,SALE,-1,SALE,1861,2026-04-12 11:04:00
2253,5,73,SALE,-4,SALE,1152,2026-04-08 09:45:00
2254,2,5,SALE,-2,SALE,1723,2026-05-01 17:17:00
2255,3,42,SALE,-3,SALE,2671,2026-07-01 10:43:00
2256,2,84,SALE,-4,SALE,47,2026-05-16 16:55:00
2257,2,222,SALE,-4,SALE,3817,2026-07-18 13:59:00
2258,5,149,SALE,-3,SALE,4854,2026-05-23 12:38:00
2259,5,131,SALE,-2,SALE,3730,2026-05-13 12:14:00
2260,2,129,SALE,-1,SALE,4271,2026-07-11 10:24:00
2261,2,188,SALE,-4,SALE,3578,2026-08-17 17:18:00
2262,5,135,SALE,-1,SALE,4723,2026-07-11 10:47:00
2263,2,240,SALE,-1,SALE,2411,2026-08-19 17:48:00
2264,3,67,SALE,-1,SALE,1614,2026-04-07 18:39:00
2265,2,48,SALE,-2,SALE,4632,2026-08-06 19:56:00
2266,1,170,SALE,-1,SALE,3868,2026-09-07 20:40:00
2267,1,209,SALE,-4,SALE,518,2026-06-01 14:37:00
2268,2,79,SALE,-3,SALE,1325,2026-05-29 17:58:00
2269,5,54,SALE,-4,SALE,1228,2026-08-20 13:56:00
2270,1,63,SALE,-1,SALE,4359,2026-04-28 09:10:00
2271,4,167,SALE,-3,SALE,1108,2026-09-28 09:15:00
2272,5,7,SALE,-4,SALE,3505,2026-05-19 20:58:00
2273,1,14,SALE,-3,SALE,1791,2026-05-24 12:31:00
2274,1,17,SALE,-2,SALE,1815,2026-04-07 11:59:00
2275,1,161,SALE,-2,SALE,1540,2026-09-25 18:37:00
2276,5,200,SALE,-1,SALE,4193,2026-07-22 13:32:00
2277,4,229,SALE,-1,SALE,1046,2026-06-04 11:00:00
2278,1,87,SALE,-3,SALE,3015,2026-08-05 09:06:00
2279,1,71,SALE,-2,SALE,2484,2026-07-27 19:10:00
2280,3,213,SALE,-2,SALE,4706,2026-09-27 15:47:00
2281,1,238,SALE,-4,SALE,155,2026-04-21 16:30:00
2282,2,137,SALE,-3,SALE,3202,2026-08-29 09:11:00
2283,2,90,SALE,-1,SALE,3475,2026-06-10 15:36:00
2284,2,138,SALE,-4,SALE,1000,2026-08-26 19:07:00
2285,1,155,SALE,-3,SALE,3449,2026-08-25 15:53:00
2286,5,83,SALE,-1,SALE,3596,2026-05-22 17:36:00
2287,2,198,SALE,-1,SALE,2804,2026-04-23 17:38:00
2288,4,150,SALE,-2,SALE,2482,2026-06-09 17:33:00
2289,2,30,SALE,-4,SALE,4255,2026-06-28 19:50:00
2290,2,25,SALE,-1,SALE,3409,2026-05-09 09:36:00
2291,4,214,SALE,-2,SALE,2170,2026-09-06 10:59:00
2292,2,107,SALE,-3,SALE,497,2026-08-04 20:38:00
2293,2,28,SALE,-4,SALE,2958,2026-05-06 12:37:00
2294,2,215,SALE,-1,SALE,442,2026-04-04 19:25:00
2295,5,54,SALE,-2,SALE,4355,2026-04-10 16:04:00
2296,1,62,SALE,-1,SALE,632,2026-05-05 11:03:00
2297,2,182,SALE,-2,SALE,1658,2026-08-05 17:35:00
2298,2,147,SALE,-2,SALE,4441,2026-08-09 19:23:00
2299,4,157,SALE,-2,SALE,3855,2026-09-06 09:11:00
2300,3,5,SALE,-4,SALE,3443,2026-05-09 11:55:00
2301,1,22,SALE,-3,SALE,3897,2026-04-19 19:46:00
2302,4,240,SALE,-2,SALE,2042,2026-05-24 18:44:00
2303,4,161,SALE,-3,SALE,2736,2026-05-21 14:16:00
2304,1,56,SALE,-3,SALE,2746,2026-09-06 18:27:00
2305,1,181,SALE,-3,SALE,4501,2026-09-19 16:13:00
2306,5,84,SALE,-3,SALE,4263,2026-05-14 19:53:00
2307,1,41,SALE,-2,SALE,962,2026-09-11 11:40:00
2308,2,26,SALE,-3,SALE,3829,2026-09-24 15:58:00
2309,3,21,SALE,-1,SALE,2925,2026-09-20 19:14:00
2310,1,86,SALE,-4,SALE,1376,2026-04-21 11:28:00
2311,1,148,SALE,-1,SALE,4551,2026-09-09 12:35:00
2312,5,72,SALE,-4,SALE,2067,2026-05-19 10:50:00
2313,4,204,SALE,-4,SALE,3244,2026-08-22 09:32:00
2314,1,222,SALE,-4,SALE,577,2026-06-12 14:46:00
2315,1,20,SALE,-1,SALE,3703,2026-06-15 13:06:00
2316,2,15,SALE,-1,SALE,2625,2026-04-01 17:06:00
2317,3,32,SALE,-4,SALE,1800,2026-08-02 16:46:00
2318,2,118,SALE,-1,SALE,3302,2026-08-07 18:41:00
2319,2,230,SALE,-1,SALE,3722,2026-08-10 19:00:00
2320,1,163,SALE,-4,SALE,33,2026-09-15 18:59:00
2321,4,157,SALE,-2,SALE,1188,2026-06-16 09:04:00
2322,5,47,SALE,-2,SALE,131,2026-09-26 18:11:00
2323,5,110,SALE,-4,SALE,4443,2026-09-26 19:46:00
2324,5,199,SALE,-1,SALE,4658,2026-05-12 15:05:00
2325,4,161,SALE,-3,SALE,41,2026-05-11 09:22:00
2326,5,202,SALE,-2,SALE,2135,2026-04-05 10:41:00
2327,4,111,SALE,-4,SALE,4299,2026-06-15 17:55:00
2328,1,83,SALE,-3,SALE,4057,2026-04-13 14:34:00
2329,5,223,SALE,-2,SALE,4277,2026-06-16 12:28:00
2330,4,103,SALE,-3,SALE,3850,2026-09-04 19:02:00
2331,2,15,SALE,-2,SALE,3092,2026-08-06 15:39:00
2332,5,95,SALE,-3,SALE,1831,2026-05-10 19:37:00
2333,3,85,SALE,-4,SALE,433,2026-09-25 10:34:00
2334,3,147,SALE,-3,SALE,1530,2026-08-07 14:26:00
2335,2,134,SALE,-1,SALE,3962,2026-06-14 17:43:00
2336,3,214,SALE,-2,SALE,2611,2026-08-31 18:43:00
2337,2,175,SALE,-2,SALE,4843,2026-09-02 17:56:00
2338,4,150,SALE,-2,SALE,759,2026-04-26 20:27:00
2339,4,219,SALE,-1,SALE,3742,2026-09-21 20:56:00
2340,2,62,SALE,-2,SALE,4911,2026-08-14 20:53:00
2341,5,24,SALE,-2,SALE,737,2026-04-10 20:41:00
2342,3,166,SALE,-1,SALE,1307,2026-04-24 17:34:00
2343,3,222,SALE,-1,SALE,1814,2026-07-04 16:01:00
2344,4,80,SALE,-1,SALE,2881,2026-09-22 16:29:00
2345,5,112,SALE,-3,SALE,859,2026-04-02 19:23:00
2346,4,131,SALE,-3,SALE,2558,2026-07-01 14:08:00
2347,2,209,SALE,-4,SALE,200,2026-08-21 16:02:00
2348,3,89,SALE,-3,SALE,3014,2026-05-11 15:20:00
2349,2,212,SALE,-3,SALE,1362,2026-06-23 10:43:00
2350,5,86,SALE,-2,SALE,1753,2026-05-29 19:39:00
2351,5,78,SALE,-2,SALE,3077,2026-04-23 20:01:00
2352,3,73,SALE,-1,SALE,3625,2026-08-16 16:44:00
2353,3,50,SALE,-4,SALE,3776,2026-08-26 10:57:00
2354,4,222,SALE,-4,SALE,4207,2026-04-29 12:01:00
2355,1,70,SALE,-4,SALE,1791,2026-05-24 12:31:00
2356,5,164,SALE,-4,SALE,1154,2026-09-09 13:05:00
2357,5,6,SALE,-2,SALE,4400,2026-08-08 18:55:00
2358,1,200,SALE,-4,SALE,2787,2026-09-07 13:23:00
2359,3,96,SALE,-3,SALE,833,2026-05-04 10:52:00
2360,3,163,SALE,-3,SALE,4267,2026-04-04 20:31:00
2361,1,135,SALE,-4,SALE,4138,2026-09-21 18:46:00
2362,5,127,SALE,-3,SALE,2457,2026-07-31 17:29:00
2363,5,90,SALE,-3,SALE,1424,2026-09-01 20:09:00
2364,1,181,SALE,-4,SALE,203,2026-04-03 19:11:00
2365,5,105,SALE,-3,SALE,934,2026-07-21 12:29:00
2366,5,55,SALE,-2,SALE,1929,2026-06-04 14:29:00
2367,5,67,SALE,-1,SALE,1740,2026-08-12 19:19:00
2368,3,43,SALE,-1,SALE,3136,2026-09-13 20:45:00
2369,5,131,SALE,-4,SALE,4535,2026-04-07 20:40:00
2370,5,218,SALE,-3,SALE,753,2026-08-29 18:45:00
2371,2,10,SALE,-4,SALE,75,2026-08-18 18:23:00
2372,4,191,SALE,-4,SALE,3675,2026-09-11 20:44:00
2373,4,214,SALE,-2,SALE,3611,2026-08-29 16:49:00
2374,4,124,SALE,-4,SALE,2269,2026-09-09 15:43:00
2375,4,9,SALE,-3,SALE,1739,2026-04-10 15:25:00
2376,4,91,SALE,-3,SALE,4568,2026-05-27 10:13:00
2377,5,51,SALE,-2,SALE,247,2026-08-08 10:27:00
2378,1,47,SALE,-4,SALE,2192,2026-09-08 17:18:00
2379,4,151,SALE,-4,SALE,4321,2026-07-10 15:01:00
2380,1,200,SALE,-2,SALE,1439,2026-05-05 17:34:00
2381,5,163,SALE,-3,SALE,1553,2026-05-16 14:08:00
2382,3,67,SALE,-3,SALE,1660,2026-05-14 18:28:00
2383,1,120,SALE,-2,SALE,3972,2026-05-12 16:53:00
2384,1,195,SALE,-4,SALE,4922,2026-05-18 13:16:00
2385,2,195,SALE,-1,SALE,691,2026-07-18 20:40:00
2386,5,202,SALE,-1,SALE,2019,2026-06-05 16:56:00
2387,3,125,SALE,-3,SALE,3388,2026-06-12 15:29:00
2388,2,184,SALE,-4,SALE,2361,2026-05-23 13:17:00
2389,5,11,SALE,-4,SALE,722,2026-08-29 13:54:00
2390,4,61,SALE,-2,SALE,3500,2026-08-20 14:55:00
2391,1,155,SALE,-3,SALE,2441,2026-04-26 18:29:00
2392,4,28,SALE,-1,SALE,4821,2026-09-11 17:16:00
2393,1,47,SALE,-1,SALE,1844,2026-08-15 11:56:00
2394,4,68,SALE,-4,SALE,1156,2026-08-09 19:22:00
2395,3,46,SALE,-1,SALE,4962,2026-06-28 12:06:00
2396,4,70,SALE,-4,SALE,4103,2026-08-01 17:43:00
2397,4,201,SALE,-4,SALE,4869,2026-07-05 18:54:00
2398,5,185,SALE,-2,SALE,3687,2026-09-19 10:00:00
2399,2,225,SALE,-4,SALE,2302,2026-06-06 09:24:00
2400,1,58,SALE,-1,SALE,2296,2026-06-17 14:25:00
2401,1,28,SALE,-2,SALE,4511,2026-06-02 09:10:00
2402,4,225,SALE,-4,SALE,2407,2026-05-14 11:00:00
2403,4,132,SALE,-4,SALE,430,2026-09-14 12:20:00
2404,3,238,SALE,-3,SALE,2492,2026-06-16 09:17:00
2405,4,229,SALE,-4,SALE,1639,2026-06-27 18:36:00
2406,1,26,SALE,-4,SALE,4245,2026-04-21 10:57:00
2407,3,195,SALE,-3,SALE,1641,2026-04-16 16:57:00
2408,1,187,SALE,-3,SALE,416,2026-04-21 20:50:00
2409,3,89,SALE,-2,SALE,2569,2026-05-16 14:44:00
2410,4,199,SALE,-3,SALE,1824,2026-05-05 18:43:00
2411,3,89,SALE,-3,SALE,3149,2026-07-21 20:24:00
2412,2,154,SALE,-1,SALE,4289,2026-04-20 14:14:00
2413,4,135,SALE,-1,SALE,3119,2026-07-02 16:36:00
2414,1,101,SALE,-1,SALE,105,2026-08-08 09:27:00
2415,3,93,SALE,-4,SALE,2923,2026-09-06 09:53:00
2416,1,91,SALE,-4,SALE,1432,2026-08-16 16:08:00
2417,1,29,SALE,-4,SALE,2788,2026-08-17 20:30:00
2418,1,184,SALE,-2,SALE,3460,2026-04-29 12:21:00
2419,5,16,SALE,-4,SALE,4380,2026-07-23 18:09:00
2420,4,202,SALE,-2,SALE,2926,2026-09-09 17:06:00
2421,2,239,SALE,-2,SALE,1096,2026-04-16 10:25:00
2422,4,134,SALE,-3,SALE,4404,2026-06-05 20:54:00
2423,4,192,SALE,-1,SALE,1706,2026-05-28 17:20:00
2424,4,32,SALE,-1,SALE,4035,2026-06-26 20:44:00
2425,5,74,SALE,-2,SALE,1366,2026-04-10 17:27:00
2426,4,224,SALE,-1,SALE,4884,2026-04-21 14:53:00
2427,2,126,SALE,-4,SALE,760,2026-08-21 13:17:00
2428,1,9,SALE,-2,SALE,1437,2026-04-10 15:29:00
2429,1,159,SALE,-1,SALE,1496,2026-09-12 12:07:00
2430,4,54,SALE,-4,SALE,387,2026-05-18 19:46:00
2431,2,196,SALE,-2,SALE,468,2026-04-01 17:53:00
2432,2,206,SALE,-1,SALE,2262,2026-09-27 14:00:00
2433,1,30,SALE,-2,SALE,2657,2026-07-30 19:27:00
2434,5,236,SALE,-4,SALE,1571,2026-09-13 16:40:00
2435,5,49,SALE,-2,SALE,4818,2026-07-13 14:57:00
2436,4,181,SALE,-2,SALE,4312,2026-04-26 20:48:00
2437,2,158,SALE,-2,SALE,773,2026-04-14 15:07:00
2438,4,170,SALE,-2,SALE,4675,2026-09-20 11:39:00
2439,4,96,SALE,-1,SALE,3926,2026-06-12 14:29:00
2440,2,146,SALE,-2,SALE,4678,2026-04-02 11:04:00
2441,5,195,SALE,-1,SALE,4309,2026-07-03 10:30:00
2442,2,234,SALE,-3,SALE,4528,2026-04-01 18:24:00
2443,2,3,SALE,-3,SALE,3545,2026-06-05 11:52:00
2444,2,108,SALE,-1,SALE,2949,2026-09-05 18:27:00
2445,4,105,SALE,-1,SALE,3169,2026-06-23 20:54:00
2446,5,29,SALE,-4,SALE,2274,2026-06-03 13:54:00
2447,3,151,SALE,-4,SALE,4155,2026-06-16 09:06:00
2448,5,127,SALE,-1,SALE,4338,2026-08-28 15:30:00
2449,5,177,SALE,-2,SALE,753,2026-08-29 18:45:00
2450,2,187,SALE,-4,SALE,2372,2026-07-08 18:13:00
2451,5,50,SALE,-1,SALE,744,2026-08-03 19:18:00
2452,1,227,SALE,-1,SALE,922,2026-07-22 20:26:00
2453,5,58,SALE,-3,SALE,744,2026-08-03 19:18:00
2454,3,208,SALE,-4,SALE,4488,2026-09-21 11:16:00
2455,3,114,SALE,-4,SALE,3112,2026-06-06 16:18:00
2456,5,100,SALE,-2,SALE,4380,2026-07-23 18:09:00
2457,2,153,SALE,-2,SALE,1645,2026-07-14 09:05:00
2458,2,63,SALE,-1,SALE,627,2026-07-30 09:43:00
2459,2,205,SALE,-4,SALE,58,2026-06-26 19:30:00
2460,2,40,SALE,-1,SALE,3448,2026-07-14 20:10:00
2461,2,163,SALE,-3,SALE,1578,2026-08-31 11:29:00
2462,5,165,SALE,-4,SALE,825,2026-08-02 13:26:00
2463,1,132,SALE,-3,SALE,2746,2026-09-06 18:27:00
2464,1,157,SALE,-4,SALE,4068,2026-05-15 17:04:00
2465,5,66,SALE,-4,SALE,1958,2026-09-05 11:17:00
2466,5,21,SALE,-4,SALE,457,2026-05-16 15:34:00
2467,3,85,SALE,-1,SALE,826,2026-06-24 20:37:00
2468,3,185,SALE,-2,SALE,2611,2026-08-31 18:43:00
2469,5,214,SALE,-3,SALE,131,2026-09-26 18:11:00
2470,1,126,SALE,-3,SALE,4184,2026-06-12 11:35:00
2471,2,29,SALE,-2,SALE,2310,2026-09-10 18:50:00
2472,1,165,SALE,-2,SALE,3606,2026-08-15 17:34:00
2473,5,88,SALE,-2,SALE,3199,2026-06-07 13:10:00
2474,2,45,SALE,-4,SALE,1159,2026-05-20 18:33:00
2475,5,78,SALE,-4,SALE,3124,2026-08-03 10:50:00
2476,5,33,SALE,-3,SALE,206,2026-08-23 19:43:00
2477,4,219,SALE,-1,SALE,3992,2026-07-23 15:56:00
2478,4,230,SALE,-3,SALE,1302,2026-09-24 10:32:00
2479,4,51,SALE,-1,SALE,2010,2026-05-17 19:01:00
2480,5,26,SALE,-1,SALE,677,2026-06-08 20:23:00
2481,3,64,SALE,-1,SALE,239,2026-09-01 09:03:00
2482,4,74,SALE,-3,SALE,2517,2026-05-26 09:34:00
2483,4,17,SALE,-1,SALE,4364,2026-05-15 12:21:00
2484,3,81,SALE,-1,SALE,2777,2026-08-30 16:40:00
2485,5,99,SALE,-1,SALE,4653,2026-08-18 12:03:00
2486,5,26,SALE,-4,SALE,3753,2026-09-20 10:00:00
2487,2,162,SALE,-3,SALE,419,2026-09-24 13:39:00
2488,4,214,SALE,-3,SALE,429,2026-08-05 13:26:00
2489,2,183,SALE,-3,SALE,1705,2026-06-20 14:35:00
2490,3,62,SALE,-3,SALE,4899,2026-09-27 17:00:00
2491,5,101,SALE,-2,SALE,4959,2026-04-29 19:50:00
2492,5,126,SALE,-3,SALE,4077,2026-08-27 20:20:00
2493,3,103,SALE,-2,SALE,1201,2026-09-22 13:56:00
2494,3,33,SALE,-1,SALE,68,2026-05-14 13:49:00
2495,3,196,SALE,-4,SALE,164,2026-05-13 14:47:00
2496,1,122,SALE,-4,SALE,1750,2026-08-13 14:43:00
2497,3,128,SALE,-1,SALE,3786,2026-09-21 10:31:00
2498,5,61,SALE,-1,SALE,2419,2026-04-20 13:24:00
2499,4,17,SALE,-4,SALE,3850,2026-09-04 19:02:00
2500,4,5,SALE,-2,SALE,3423,2026-07-17 18:24:00
2501,2,141,SALE,-4,SALE,1658,2026-08-05 17:35:00
2502,3,30,SALE,-1,SALE,2796,2026-05-25 15:09:00
2503,2,188,SALE,-1,SALE,4006,2026-06-16 19:53:00
2504,5,6,SALE,-2,SALE,4001,2026-06-24 16:37:00
2505,2,187,SALE,-4,SALE,3389,2026-06-11 12:09:00
2506,2,98,SALE,-2,SALE,4529,2026-08-31 10:30:00
2507,4,38,SALE,-3,SALE,1353,2026-05-26 18:40:00
2508,4,151,SALE,-3,SALE,792,2026-09-10 09:17:00
2509,4,147,SALE,-2,SALE,3156,2026-07-28 16:50:00
2510,1,159,SALE,-2,SALE,3438,2026-05-17 15:39:00
2511,3,185,SALE,-1,SALE,4379,2026-08-25 12:07:00
2512,4,108,SALE,-2,SALE,4919,2026-04-07 16:23:00
2513,5,28,SALE,-2,SALE,4163,2026-09-11 09:01:00
2514,3,212,SALE,-2,SALE,2557,2026-06-28 16:15:00
2515,3,199,SALE,-2,SALE,2547,2026-09-03 10:03:00
2516,5,156,SALE,-1,SALE,1451,2026-04-10 14:45:00
2517,2,36,SALE,-4,SALE,4843,2026-09-02 17:56:00
2518,3,238,SALE,-1,SALE,3919,2026-06-05 20:09:00
2519,2,5,SALE,-1,SALE,4058,2026-09-18 17:11:00
2520,1,13,SALE,-2,SALE,4487,2026-09-05 17:53:00
2521,3,191,SALE,-2,SALE,1345,2026-04-17 09:58:00
2522,1,216,SALE,-3,SALE,379,2026-07-13 16:11:00
2523,2,43,SALE,-3,SALE,2001,2026-04-23 17:18:00
2524,3,220,SALE,-4,SALE,1486,2026-04-05 16:21:00
2525,1,225,SALE,-2,SALE,4744,2026-04-03 16:29:00
2526,2,238,SALE,-3,SALE,911,2026-06-17 13:36:00
2527,4,238,SALE,-1,SALE,81,2026-05-08 17:55:00
2528,3,57,SALE,-4,SALE,2006,2026-08-23 20:20:00
2529,2,104,SALE,-4,SALE,4373,2026-09-07 09:41:00
2530,4,223,SALE,-4,SALE,4308,2026-06-06 10:34:00
2531,4,112,SALE,-1,SALE,4287,2026-04-29 17:58:00
2532,4,126,SALE,-2,SALE,1824,2026-05-05 18:43:00
2533,5,205,SALE,-4,SALE,582,2026-04-16 20:56:00
2534,1,93,SALE,-4,SALE,4717,2026-04-24 18:59:00
2535,2,219,SALE,-4,SALE,2040,2026-06-07 18:49:00
2536,4,63,SALE,-1,SALE,1974,2026-05-13 16:41:00
2537,3,34,SALE,-3,SALE,296,2026-04-25 19:00:00
2538,5,115,SALE,-1,SALE,261,2026-08-06 10:19:00
2539,2,81,SALE,-3,SALE,1597,2026-06-11 11:29:00
2540,1,5,SALE,-4,SALE,2190,2026-05-25 18:58:00
2541,3,112,SALE,-4,SALE,1777,2026-06-07 20:54:00
2542,4,215,SALE,-4,SALE,2379,2026-06-17 16:23:00
2543,1,62,SALE,-3,SALE,3190,2026-04-07 17:56:00
2544,5,46,SALE,-2,SALE,737,2026-04-10 20:41:00
2545,1,203,SALE,-2,SALE,4374,2026-05-19 16:19:00
2546,2,116,SALE,-2,SALE,2506,2026-04-26 17:51:00
2547,1,35,SALE,-2,SALE,2214,2026-05-15 11:38:00
2548,2,126,SALE,-3,SALE,2877,2026-05-03 14:57:00
2549,4,84,SALE,-4,SALE,4151,2026-04-13 09:53:00
2550,4,37,SALE,-4,SALE,3350,2026-07-07 12:22:00
2551,4,191,SALE,-2,SALE,3225,2026-05-20 10:31:00
2552,5,4,SALE,-4,SALE,4375,2026-09-23 14:36:00
2553,3,230,SALE,-1,SALE,669,2026-04-28 13:10:00
2554,3,82,SALE,-1,SALE,417,2026-04-26 20:50:00
2555,5,14,SALE,-2,SALE,3638,2026-04-10 16:26:00
2556,2,26,SALE,-4,SALE,991,2026-09-07 16:45:00
2557,1,20,SALE,-2,SALE,2458,2026-04-23 15:30:00
2558,4,112,SALE,-3,SALE,3034,2026-07-31 19:59:00
2559,3,99,SALE,-4,SALE,397,2026-04-22 09:17:00
2560,5,177,SALE,-1,SALE,3963,2026-09-19 15:43:00
2561,3,45,SALE,-3,SALE,1981,2026-05-31 14:45:00
2562,1,138,SALE,-1,SALE,4469,2026-06-01 15:14:00
2563,2,195,SALE,-1,SALE,480,2026-05-24 12:15:00
2564,5,218,SALE,-1,SALE,4996,2026-08-01 11:58:00
2565,3,36,SALE,-1,SALE,3959,2026-04-17 19:11:00
2566,5,56,SALE,-3,SALE,4385,2026-04-26 20:02:00
2567,3,14,SALE,-3,SALE,422,2026-07-23 15:25:00
2568,3,52,SALE,-4,SALE,3299,2026-07-24 17:27:00
2569,3,120,SALE,-2,SALE,3754,2026-09-03 13:08:00
2570,5,30,SALE,-1,SALE,634,2026-04-10 12:04:00
2571,2,139,SALE,-4,SALE,2333,2026-07-27 09:05:00
2572,4,223,SALE,-4,SALE,1782,2026-04-12 18:43:00
2573,2,51,SALE,-1,SALE,4946,2026-06-11 11:35:00
2574,2,76,SALE,-2,SALE,4542,2026-04-15 13:52:00
2575,4,104,SALE,-2,SALE,4975,2026-09-17 13:40:00
2576,5,98,SALE,-3,SALE,563,2026-07-07 12:57:00
2577,1,199,SALE,-4,SALE,3139,2026-06-03 17:57:00
2578,3,107,SALE,-2,SALE,2416,2026-04-21 17:20:00
2579,2,170,SALE,-3,SALE,2302,2026-06-06 09:24:00
2580,4,130,SALE,-2,SALE,2035,2026-07-10 12:25:00
2581,1,105,SALE,-3,SALE,4419,2026-04-14 13:10:00
2582,3,202,SALE,-1,SALE,954,2026-05-31 09:09:00
2583,1,161,SALE,-3,SALE,739,2026-08-13 09:25:00
2584,5,94,SALE,-4,SALE,1780,2026-06-14 14:22:00
2585,1,216,SALE,-4,SALE,2129,2026-06-09 19:52:00
2586,2,115,SALE,-1,SALE,1811,2026-09-08 18:47:00
2587,2,215,SALE,-2,SALE,1077,2026-04-01 13:58:00
2588,1,134,SALE,-3,SALE,3865,2026-05-17 18:02:00
2589,2,197,SALE,-4,SALE,2672,2026-04-01 12:32:00
2590,4,177,SALE,-4,SALE,251,2026-06-29 17:45:00
2591,2,191,SALE,-4,SALE,4667,2026-05-29 20:58:00
2592,3,183,SALE,-4,SALE,1436,2026-08-11 20:13:00
2593,1,94,SALE,-2,SALE,3804,2026-04-22 19:04:00
2594,2,145,SALE,-2,SALE,2028,2026-05-17 11:48:00
2595,2,46,SALE,-3,SALE,3312,2026-09-06 11:50:00
2596,4,153,SALE,-4,SALE,3180,2026-04-03 18:44:00
2597,2,20,SALE,-1,SALE,995,2026-04-11 20:32:00
2598,3,54,SALE,-2,SALE,3155,2026-05-22 17:53:00
2599,5,35,SALE,-2,SALE,4853,2026-04-27 20:24:00
2600,3,222,SALE,-4,SALE,2154,2026-05-23 20:41:00
2601,5,195,SALE,-3,SALE,2406,2026-06-24 16:44:00
2602,3,155,SALE,-2,SALE,2984,2026-04-27 09:43:00
2603,1,180,SALE,-2,SALE,4532,2026-06-06 19:17:00
2604,2,116,SALE,-4,SALE,777,2026-07-15 17:14:00
2605,3,136,SALE,-1,SALE,3287,2026-04-29 12:59:00
2606,4,113,SALE,-4,SALE,761,2026-07-24 18:52:00
2607,5,129,SALE,-4,SALE,3308,2026-04-12 10:27:00
2608,4,145,SALE,-2,SALE,3162,2026-04-14 20:30:00
2609,2,5,SALE,-2,SALE,1512,2026-05-24 14:26:00
2610,2,183,SALE,-3,SALE,4290,2026-09-28 18:54:00
2611,5,7,SALE,-3,SALE,1538,2026-04-14 09:17:00
2612,2,106,SALE,-1,SALE,1430,2026-07-20 17:30:00
2613,2,203,SALE,-2,SALE,2955,2026-04-19 13:18:00
2614,5,232,SALE,-2,SALE,4896,2026-07-11 10:17:00
2615,2,127,SALE,-3,SALE,3140,2026-06-22 16:37:00
2616,4,139,SALE,-3,SALE,1619,2026-08-07 17:41:00
2617,4,145,SALE,-1,SALE,4730,2026-08-21 09:09:00
2618,2,31,SALE,-1,SALE,1058,2026-08-17 10:10:00
2619,2,61,SALE,-4,SALE,888,2026-07-05 18:22:00
2620,3,93,SALE,-1,SALE,666,2026-04-24 11:59:00
2621,2,48,SALE,-2,SALE,857,2026-09-25 11:29:00
2622,2,104,SALE,-4,SALE,756,2026-04-07 17:10:00
2623,4,167,SALE,-2,SALE,222,2026-08-27 15:40:00
2624,5,23,SALE,-4,SALE,2347,2026-08-23 15:57:00
2625,3,93,SALE,-4,SALE,3952,2026-07-02 13:33:00
2626,1,61,SALE,-4,SALE,2341,2026-06-21 16:34:00
2627,2,15,SALE,-2,SALE,3358,2026-07-10 12:03:00
2628,5,81,SALE,-2,SALE,3077,2026-04-23 20:01:00
2629,1,83,SALE,-4,SALE,1615,2026-09-21 15:57:00
2630,1,205,SALE,-3,SALE,4484,2026-05-05 16:50:00
2631,4,196,SALE,-2,SALE,1541,2026-07-26 12:36:00
2632,5,47,SALE,-2,SALE,3658,2026-08-24 16:47:00
2633,1,147,SALE,-3,SALE,540,2026-04-23 13:57:00
2634,5,236,SALE,-3,SALE,3248,2026-06-22 09:29:00
2635,1,215,SALE,-4,SALE,4544,2026-04-12 13:17:00
2636,4,8,SALE,-2,SALE,4842,2026-04-16 14:53:00
2637,1,231,SALE,-2,SALE,3845,2026-08-04 19:24:00
2638,2,154,SALE,-1,SALE,957,2026-06-15 13:16:00
2639,4,199,SALE,-4,SALE,1352,2026-07-01 20:18:00
2640,4,106,SALE,-2,SALE,554,2026-09-14 16:19:00
2641,1,178,SALE,-1,SALE,3384,2026-09-19 17:47:00
2642,5,117,SALE,-3,SALE,996,2026-04-18 16:53:00
2643,4,66,SALE,-4,SALE,1787,2026-07-15 13:17:00
2644,2,229,SALE,-3,SALE,713,2026-05-31 16:55:00
2645,5,45,SALE,-2,SALE,822,2026-07-10 11:56:00
2646,3,224,SALE,-4,SALE,1986,2026-05-01 20:58:00
2647,1,155,SALE,-1,SALE,3915,2026-06-15 19:04:00
2648,5,77,SALE,-4,SALE,3057,2026-04-30 19:02:00
2649,4,116,SALE,-4,SALE,4147,2026-05-03 15:56:00
2650,2,14,SALE,-4,SALE,1532,2026-06-23 19:30:00
2651,4,18,SALE,-3,SALE,3758,2026-05-27 16:24:00
2652,1,125,SALE,-1,SALE,2584,2026-05-18 18:17:00
2653,2,105,SALE,-4,SALE,3545,2026-06-05 11:52:00
2654,2,84,SALE,-3,SALE,2980,2026-09-11 11:13:00
2655,2,158,SALE,-3,SALE,1733,2026-08-27 16:10:00
2656,4,167,SALE,-2,SALE,2228,2026-04-23 16:01:00
2657,3,138,SALE,-4,SALE,424,2026-04-13 17:13:00
2658,3,225,SALE,-4,SALE,2630,2026-05-20 19:37:00
2659,4,102,SALE,-4,SALE,3094,2026-07-26 09:40:00
2660,3,192,SALE,-1,SALE,266,2026-09-22 16:09:00
2661,4,48,SALE,-2,SALE,672,2026-06-04 20:08:00
2662,5,27,SALE,-3,SALE,4876,2026-05-06 16:53:00
2663,1,217,SALE,-2,SALE,4115,2026-05-11 10:28:00
2664,3,194,SALE,-1,SALE,4940,2026-08-04 14:01:00
2665,4,160,SALE,-2,SALE,3551,2026-06-13 20:22:00
2666,4,217,SALE,-3,SALE,2881,2026-09-22 16:29:00
2667,1,90,SALE,-3,SALE,4178,2026-04-09 19:57:00
2668,3,41,SALE,-3,SALE,2836,2026-06-23 09:10:00
2669,2,170,SALE,-3,SALE,2673,2026-08-30 09:02:00
2670,4,159,SALE,-2,SALE,4039,2026-07-14 16:54:00
2671,1,45,SALE,-1,SALE,2956,2026-06-27 20:15:00
2672,3,97,SALE,-4,SALE,794,2026-09-02 15:44:00
2673,2,160,SALE,-1,SALE,4064,2026-07-30 09:40:00
2674,1,134,SALE,-2,SALE,370,2026-09-23 11:29:00
2675,4,23,SALE,-1,SALE,4820,2026-05-11 09:21:00
2676,1,31,SALE,-3,SALE,3096,2026-09-06 10:32:00
2677,4,231,SALE,-2,SALE,329,2026-07-29 16:41:00
2678,1,168,SALE,-1,SALE,1337,2026-07-21 12:17:00
2679,1,206,SALE,-4,SALE,2390,2026-06-01 15:51:00
2680,3,222,SALE,-1,SALE,3660,2026-07-07 16:47:00
2681,1,200,SALE,-4,SALE,3502,2026-06-08 14:19:00
2682,3,37,SALE,-1,SALE,4379,2026-08-25 12:07:00
2683,1,46,SALE,-2,SALE,3303,2026-04-08 13:41:00
2684,2,49,SALE,-4,SALE,3265,2026-07-08 09:39:00
2685,1,40,SALE,-1,SALE,2466,2026-07-09 16:40:00
2686,2,57,SALE,-1,SALE,676,2026-08-01 15:17:00
2687,5,219,SALE,-4,SALE,1936,2026-06-03 11:32:00
2688,2,75,SALE,-3,SALE,647,2026-08-04 10:17:00
2689,3,52,SALE,-3,SALE,1048,2026-08-13 18:49:00
2690,4,89,SALE,-4,SALE,3034,2026-07-31 19:59:00
2691,4,124,SALE,-3,SALE,3201,2026-07-21 20:42:00
2692,1,91,SALE,-1,SALE,4015,2026-05-07 15:32:00
2693,3,99,SALE,-2,SALE,2934,2026-09-13 15:06:00
2694,4,135,SALE,-1,SALE,39,2026-09-26 19:01:00
2695,4,197,SALE,-3,SALE,1893,2026-07-14 13:45:00
2696,3,208,SALE,-4,SALE,31,2026-08-28 12:14:00
2697,3,203,SALE,-4,SALE,4684,2026-05-16 16:55:00
2698,5,129,SALE,-3,SALE,253,2026-05-19 15:10:00
2699,1,161,SALE,-2,SALE,4934,2026-09-23 19:51:00
2700,4,235,SALE,-1,SALE,2922,2026-04-03 10:08:00
2701,2,95,SALE,-2,SALE,2748,2026-06-25 14:12:00
2702,1,171,SALE,-1,SALE,4302,2026-05-31 11:42:00
2703,2,81,SALE,-1,SALE,1506,2026-04-01 16:27:00
2704,2,100,SALE,-3,SALE,1130,2026-05-22 19:54:00
2705,1,76,SALE,-2,SALE,314,2026-06-29 14:54:00
2706,3,85,SALE,-4,SALE,296,2026-04-25 19:00:00
2707,4,217,SALE,-1,SALE,3862,2026-06-25 15:37:00
2708,5,214,SALE,-2,SALE,1911,2026-09-26 18:08:00
2709,1,201,SALE,-4,SALE,2374,2026-09-14 13:16:00
2710,2,207,SALE,-1,SALE,3614,2026-06-07 11:33:00
2711,2,228,SALE,-4,SALE,2495,2026-06-18 10:40:00
2712,2,11,SALE,-4,SALE,233,2026-08-24 16:29:00
2713,2,160,SALE,-3,SALE,1356,2026-07-30 18:25:00
2714,2,181,SALE,-1,SALE,3044,2026-05-17 12:56:00
2715,5,230,SALE,-3,SALE,4671,2026-09-06 10:15:00
2716,4,62,SALE,-3,SALE,1946,2026-09-16 13:29:00
2717,3,179,SALE,-3,SALE,2552,2026-09-05 11:21:00
2718,3,204,SALE,-4,SALE,4763,2026-05-19 19:06:00
2719,1,18,SALE,-1,SALE,1758,2026-05-08 09:45:00
2720,3,112,SALE,-3,SALE,1614,2026-04-07 18:39:00
2721,2,110,SALE,-1,SALE,4444,2026-04-15 11:04:00
2722,2,36,SALE,-3,SALE,3652,2026-06-09 17:10:00
2723,2,125,SALE,-2,SALE,425,2026-04-06 17:06:00
2724,3,130,SALE,-3,SALE,1392,2026-04-24 12:58:00
2725,5,76,SALE,-2,SALE,2088,2026-08-14 15:21:00
2726,1,231,SALE,-4,SALE,193,2026-04-12 15:30:00
2727,2,142,SALE,-2,SALE,1849,2026-07-21 20:48:00
2728,5,139,SALE,-1,SALE,2853,2026-08-06 13:45:00
2729,1,218,SALE,-3,SALE,4171,2026-04-21 14:33:00
2730,1,201,SALE,-1,SALE,4272,2026-06-23 16:19:00
2731,3,120,SALE,-4,SALE,4773,2026-08-16 20:22:00
2732,4,11,SALE,-1,SALE,3028,2026-07-29 09:38:00
2733,5,131,SALE,-2,SALE,3980,2026-06-08 15:55:00
2734,3,77,SALE,-4,SALE,965,2026-07-03 19:13:00
2735,1,220,SALE,-3,SALE,4770,2026-09-09 18:46:00
2736,2,138,SALE,-3,SALE,2465,2026-06-26 17:14:00
2737,1,181,SALE,-3,SALE,4827,2026-06-20 12:13:00
2738,1,59,SALE,-4,SALE,4508,2026-09-17 12:08:00
2739,4,201,SALE,-4,SALE,2932,2026-08-16 17:23:00
2740,3,92,SALE,-3,SALE,2605,2026-07-16 09:49:00
2741,3,99,SALE,-4,SALE,3014,2026-05-11 15:20:00
2742,3,49,SALE,-1,SALE,417,2026-04-26 20:50:00
2743,1,165,SALE,-4,SALE,2166,2026-05-04 15:01:00
2744,4,128,SALE,-2,SALE,2637,2026-04-11 13:45:00
2745,5,210,SALE,-3,SALE,3601,2026-05-14 12:03:00
2746,4,206,SALE,-3,SALE,3676,2026-04-19 11:29:00
2747,5,143,SALE,-2,SALE,1221,2026-08-02 17:57:00
2748,5,239,SALE,-4,SALE,3864,2026-04-11 20:40:00
2749,5,33,SALE,-1,SALE,805,2026-07-17 14:15:00
2750,4,86,SALE,-2,SALE,2181,2026-05-17 16:55:00
2751,1,7,SALE,-1,SALE,4503,2026-07-08 12:42:00
2752,5,182,SALE,-3,SALE,1776,2026-04-10 09:31:00
2753,4,35,SALE,-1,SALE,3143,2026-06-25 19:50:00
2754,1,229,SALE,-3,SALE,2746,2026-09-06 18:27:00
2755,3,149,SALE,-3,SALE,2749,2026-09-08 13:07:00
2756,3,24,SALE,-2,SALE,4746,2026-05-14 17:44:00
2757,1,156,SALE,-2,SALE,3104,2026-05-11 19:01:00
2758,5,190,SALE,-1,SALE,3183,2026-07-14 19:15:00
2759,5,40,SALE,-2,SALE,1616,2026-04-11 11:09:00
2760,2,7,SALE,-4,SALE,1208,2026-04-25 10:18:00
2761,4,52,SALE,-4,SALE,554,2026-09-14 16:19:00
2762,3,41,SALE,-1,SALE,1828,2026-04-09 18:09:00
2763,3,183,SALE,-1,SALE,3149,2026-07-21 20:24:00
2764,1,38,SALE,-4,SALE,3549,2026-07-21 17:44:00
2765,2,95,SALE,-1,SALE,1326,2026-06-05 11:30:00
2766,3,221,SALE,-2,SALE,2887,2026-04-14 12:45:00
2767,4,187,SALE,-4,SALE,1371,2026-07-10 16:53:00
2768,1,156,SALE,-4,SALE,2732,2026-09-22 13:09:00
2769,2,197,SALE,-3,SALE,3236,2026-06-04 16:43:00
2770,2,83,SALE,-4,SALE,599,2026-07-05 20:35:00
2771,4,84,SALE,-1,SALE,62,2026-06-27 16:46:00
2772,4,209,SALE,-3,SALE,2505,2026-09-22 10:35:00
2773,1,216,SALE,-3,SALE,552,2026-08-17 12:25:00
2774,1,105,SALE,-4,SALE,2528,2026-05-22 13:52:00
2775,5,231,SALE,-2,SALE,793,2026-06-30 15:02:00
2776,2,45,SALE,-1,SALE,3265,2026-07-08 09:39:00
2777,5,69,SALE,-4,SALE,3304,2026-08-20 15:27:00
2778,2,227,SALE,-2,SALE,3312,2026-09-06 11:50:00
2779,4,231,SALE,-2,SALE,4947,2026-06-29 18:59:00
2780,1,220,SALE,-3,SALE,1501,2026-04-23 14:22:00
2781,1,157,SALE,-3,SALE,76,2026-08-13 13:29:00
2782,4,230,SALE,-3,SALE,3047,2026-07-18 13:25:00
2783,4,223,SALE,-2,SALE,1302,2026-09-24 10:32:00
2784,2,58,SALE,-2,SALE,301,2026-06-08 17:07:00
2785,5,121,SALE,-3,SALE,1617,2026-09-04 11:04:00
2786,5,51,SALE,-1,SALE,2944,2026-05-06 16:45:00
2787,2,29,SALE,-3,SALE,4882,2026-08-03 17:27:00
2788,1,240,SALE,-2,SALE,2889,2026-05-29 10:22:00
2789,4,30,SALE,-4,SALE,172,2026-06-05 18:05:00
2790,1,189,SALE,-3,SALE,1729,2026-06-03 13:21:00
2791,3,92,SALE,-2,SALE,3155,2026-05-22 17:53:00
2792,3,172,SALE,-3,SALE,1882,2026-07-18 10:07:00
2793,5,114,SALE,-2,SALE,3335,2026-04-17 18:41:00
2794,5,139,SALE,-4,SALE,1624,2026-08-18 11:35:00
2795,4,100,SALE,-1,SALE,455,2026-07-08 19:11:00
2796,4,125,SALE,-3,SALE,3663,2026-04-28 11:59:00
2797,3,195,SALE,-1,SALE,2667,2026-06-25 18:40:00
2798,1,166,SALE,-4,SALE,3861,2026-07-24 20:26:00
2799,5,171,SALE,-3,SALE,1192,2026-06-13 10:14:00
2800,2,153,SALE,-3,SALE,1975,2026-04-08 10:56:00
2801,3,10,SALE,-4,SALE,446,2026-09-12 17:28:00
2802,4,83,SALE,-1,SALE,3850,2026-09-04 19:02:00
2803,2,204,SALE,-3,SALE,3209,2026-08-25 14:50:00
2804,1,74,SALE,-2,SALE,284,2026-06-01 10:10:00
2805,2,169,SALE,-1,SALE,4626,2026-05-25 09:27:00
2806,1,49,SALE,-3,SALE,2952,2026-05-03 17:48:00
2807,4,197,SALE,-3,SALE,1638,2026-05-04 19:41:00
2808,4,35,SALE,-3,SALE,664,2026-04-25 18:33:00
2809,4,54,SALE,-1,SALE,4125,2026-06-28 10:39:00
2810,2,141,SALE,-3,SALE,1103,2026-08-14 11:38:00
2811,4,143,SALE,-4,SALE,2558,2026-07-01 14:08:00
2812,5,13,SALE,-1,SALE,4337,2026-08-29 16:08:00
2813,2,165,SALE,-2,SALE,1308,2026-08-04 14:40:00
2814,5,128,SALE,-4,SALE,753,2026-08-29 18:45:00
2815,5,115,SALE,-3,SALE,3177,2026-07-01 13:10:00
2816,3,219,SALE,-1,SALE,181,2026-08-21 13:57:00
2817,3,240,SALE,-1,SALE,2771,2026-04-17 18:10:00
2818,2,111,SALE,-3,SALE,2670,2026-05-27 11:50:00
2819,3,12,SALE,-2,SALE,1801,2026-07-27 10:18:00
2820,3,226,SALE,-2,SALE,2502,2026-05-18 20:39:00
2821,4,1,SALE,-2,SALE,944,2026-06-03 15:35:00
2822,1,139,SALE,-2,SALE,960,2026-06-18 16:57:00
2823,4,217,SALE,-2,SALE,165,2026-07-01 20:35:00
2824,2,192,SALE,-2,SALE,4011,2026-09-15 09:01:00
2825,1,149,SALE,-4,SALE,947,2026-08-07 20:07:00
2826,2,192,SALE,-3,SALE,4911,2026-08-14 20:53:00
2827,1,177,SALE,-2,SALE,3472,2026-06-11 14:07:00
2828,4,37,SALE,-2,SALE,2900,2026-06-23 12:00:00
2829,4,94,SALE,-4,SALE,610,2026-05-13 11:08:00
2830,1,28,SALE,-2,SALE,240,2026-05-13 09:26:00
2831,4,122,SALE,-2,SALE,1155,2026-09-20 19:55:00
2832,4,202,SALE,-1,SALE,3620,2026-06-11 18:20:00
2833,5,77,SALE,-4,SALE,1333,2026-07-14 19:44:00
2834,4,38,SALE,-1,SALE,3126,2026-04-29 10:21:00
2835,3,31,SALE,-1,SALE,545,2026-08-16 13:18:00
2836,3,144,SALE,-2,SALE,983,2026-07-05 10:02:00
2837,2,220,SALE,-4,SALE,4898,2026-04-30 13:01:00
2838,1,109,SALE,-4,SALE,818,2026-07-31 17:18:00
2839,2,96,SALE,-4,SALE,2026,2026-07-05 10:32:00
2840,1,130,SALE,-2,SALE,4916,2026-07-17 12:01:00
2841,5,67,SALE,-2,SALE,3787,2026-05-02 17:27:00
2842,2,89,SALE,-3,SALE,1321,2026-04-21 16:42:00
2843,5,12,SALE,-1,SALE,393,2026-07-15 20:48:00
2844,5,40,SALE,-3,SALE,1119,2026-04-26 17:27:00
2845,2,208,SALE,-3,SALE,2094,2026-04-08 10:05:00
2846,2,61,SALE,-2,SALE,3487,2026-07-26 10:24:00
2847,4,123,SALE,-4,SALE,3721,2026-07-18 09:01:00
2848,5,131,SALE,-3,SALE,2648,2026-07-24 09:17:00
2849,1,150,SALE,-1,SALE,4359,2026-04-28 09:10:00
2850,2,205,SALE,-2,SALE,4069,2026-08-22 20:02:00
2851,5,203,SALE,-3,SALE,580,2026-07-25 15:49:00
2852,2,227,SALE,-3,SALE,4303,2026-05-08 11:15:00
2853,4,154,SALE,-4,SALE,119,2026-07-18 20:57:00
2854,2,38,SALE,-1,SALE,2153,2026-09-14 15:12:00
2855,5,240,SALE,-4,SALE,1400,2026-05-10 09:26:00
2856,4,181,SALE,-2,SALE,1996,2026-07-31 12:53:00
2857,4,74,SALE,-3,SALE,81,2026-05-08 17:55:00
2858,1,231,SALE,-2,SALE,4436,2026-04-10 09:48:00
2859,2,150,SALE,-4,SALE,3215,2026-07-28 16:48:00
2860,1,31,SALE,-1,SALE,595,2026-06-07 16:59:00
2861,5,211,SALE,-1,SALE,3720,2026-05-01 17:48:00
2862,5,45,SALE,-2,SALE,206,2026-08-23 19:43:00
2863,4,123,SALE,-2,SALE,2164,2026-08-25 15:14:00
2864,2,12,SALE,-1,SALE,3075,2026-04-10 10:03:00
2865,2,49,SALE,-3,SALE,1934,2026-06-30 09:33:00
2866,2,162,SALE,-4,SALE,2969,2026-08-25 15:02:00
2867,3,127,SALE,-4,SALE,4643,2026-07-16 09:11:00
2868,5,157,SALE,-1,SALE,4618,2026-04-20 17:33:00
2869,2,54,SALE,-2,SALE,2802,2026-04-01 20:13:00
2870,5,40,SALE,-4,SALE,1740,2026-08-12 19:19:00
2871,5,97,SALE,-3,SALE,4405,2026-05-08 15:50:00
2872,1,64,SALE,-3,SALE,1250,2026-05-03 13:07:00
2873,2,46,SALE,-2,SALE,4700,2026-06-23 12:54:00
2874,1,202,SALE,-4,SALE,2303,2026-08-21 09:04:00
2875,3,183,SALE,-4,SALE,3914,2026-04-24 11:58:00
2876,3,202,SALE,-4,SALE,1955,2026-06-23 14:37:00
2877,2,26,SALE,-2,SALE,2460,2026-05-13 19:19:00
2878,4,170,SALE,-1,SALE,2945,2026-06-27 09:15:00
2879,4,103,SALE,-2,SALE,3990,2026-07-23 12:57:00
2880,4,115,SALE,-1,SALE,420,2026-05-27 10:56:00
2881,4,192,SALE,-3,SALE,821,2026-04-23 20:38:00
2882,3,196,SALE,-1,SALE,1297,2026-09-15 12:24:00
2883,1,197,SALE,-3,SALE,660,2026-06-09 11:07:00
2884,3,149,SALE,-2,SALE,3426,2026-06-20 18:10:00
2885,5,164,SALE,-1,SALE,1810,2026-07-13 13:14:00
2886,3,157,SALE,-3,SALE,1745,2026-04-25 10:05:00
2887,2,175,SALE,-1,SALE,4502,2026-09-15 09:22:00
2888,4,55,SALE,-2,SALE,2990,2026-05-18 09:08:00
2889,3,236,SALE,-1,SALE,2309,2026-07-26 15:06:00
2890,1,17,SALE,-3,SALE,2956,2026-06-27 20:15:00
2891,2,106,SALE,-1,SALE,2690,2026-07-13 12:13:00
2892,4,35,SALE,-1,SALE,49,2026-08-07 10:11:00
2893,5,225,SALE,-4,SALE,4123,2026-04-18 17:27:00
2894,2,224,SALE,-1,SALE,1315,2026-09-04 17:13:00
2895,5,86,SALE,-2,SALE,1482,2026-04-13 10:55:00
2896,1,207,SALE,-1,SALE,4954,2026-08-03 12:09:00
2897,1,140,SALE,-2,SALE,4942,2026-09-04 17:49:00
2898,5,137,SALE,-2,SALE,735,2026-08-24 15:29:00
2899,5,81,SALE,-3,SALE,2345,2026-07-20 19:01:00
2900,5,91,SALE,-2,SALE,2287,2026-09-26 15:43:00
2901,2,120,SALE,-3,SALE,1575,2026-08-19 12:01:00
2902,1,232,SALE,-4,SALE,1853,2026-07-05 09:46:00
2903,3,154,SALE,-3,SALE,3364,2026-05-28 16:46:00
2904,1,148,SALE,-3,SALE,4094,2026-06-09 16:07:00
2905,5,26,SALE,-1,SALE,3724,2026-09-14 17:36:00
2906,1,45,SALE,-4,SALE,2214,2026-05-15 11:38:00
2907,3,42,SALE,-2,SALE,835,2026-04-23 16:33:00
2908,5,182,SALE,-1,SALE,3918,2026-07-15 09:53:00
2909,1,47,SALE,-3,SALE,310,2026-05-09 11:27:00
2910,2,232,SALE,-1,SALE,460,2026-06-10 14:29:00
2911,3,166,SALE,-1,SALE,4584,2026-08-25 20:56:00
2912,3,77,SALE,-2,SALE,225,2026-09-02 11:54:00
2913,3,175,SALE,-1,SALE,1625,2026-08-12 09:10:00
2914,1,28,SALE,-4,SALE,3120,2026-08-02 17:06:00
2915,4,152,SALE,-4,SALE,4820,2026-05-11 09:21:00
2916,1,144,SALE,-4,SALE,3372,2026-04-24 16:44:00
2917,1,214,SALE,-4,SALE,1402,2026-09-11 15:10:00
2918,3,95,SALE,-2,SALE,2403,2026-05-26 15:01:00
2919,4,146,SALE,-1,SALE,740,2026-09-06 14:43:00
2920,5,193,SALE,-4,SALE,2388,2026-04-05 17:10:00
2921,4,56,SALE,-4,SALE,1558,2026-04-22 10:04:00
2922,3,162,SALE,-3,SALE,1139,2026-08-10 10:07:00
2923,4,69,SALE,-2,SALE,4203,2026-07-05 18:39:00
2924,2,137,SALE,-4,SALE,3305,2026-07-02 18:54:00
2925,5,135,SALE,-4,SALE,3958,2026-08-10 20:00:00
2926,3,73,SALE,-4,SALE,118,2026-07-19 14:24:00
2927,1,83,SALE,-1,SALE,240,2026-05-13 09:26:00
2928,1,103,SALE,-1,SALE,478,2026-05-22 14:42:00
2929,3,64,SALE,-1,SALE,1190,2026-06-28 19:47:00
2930,4,27,SALE,-4,SALE,2250,2026-08-26 13:13:00
2931,5,46,SALE,-4,SALE,2063,2026-07-21 14:44:00
2932,3,171,SALE,-4,SALE,3036,2026-06-12 17:57:00
2933,1,86,SALE,-2,SALE,310,2026-05-09 11:27:00
2934,4,197,SALE,-1,SALE,839,2026-08-31 13:17:00
2935,5,121,SALE,-1,SALE,3994,2026-09-24 11:34:00
2936,1,72,SALE,-3,SALE,4184,2026-06-12 11:35:00
2937,1,36,SALE,-4,SALE,2283,2026-05-28 16:31:00
2938,2,21,SALE,-4,SALE,1962,2026-04-02 18:35:00
2939,3,186,SALE,-1,SALE,2665,2026-07-19 10:27:00
2940,1,86,SALE,-3,SALE,242,2026-09-26 15:43:00
2941,2,120,SALE,-3,SALE,1690,2026-08-25 09:14:00
2942,3,214,SALE,-1,SALE,1297,2026-09-15 12:24:00
2943,4,155,SALE,-4,SALE,2204,2026-07-13 15:32:00
2944,3,15,SALE,-3,SALE,3374,2026-05-24 14:36:00
2945,4,198,SALE,-4,SALE,4641,2026-07-09 14:23:00
2946,5,212,SALE,-1,SALE,1355,2026-08-25 18:16:00
2947,1,118,SALE,-1,SALE,3869,2026-08-31 19:48:00
2948,2,167,SALE,-1,SALE,3358,2026-07-10 12:03:00
2949,3,21,SALE,-1,SALE,782,2026-07-10 15:52:00
2950,4,98,SALE,-4,SALE,4611,2026-07-04 10:20:00
2951,4,143,SALE,-1,SALE,3300,2026-04-30 14:14:00
2952,5,191,SALE,-3,SALE,3541,2026-04-10 10:20:00
2953,1,232,SALE,-2,SALE,883,2026-06-27 20:52:00
2954,2,8,SALE,-2,SALE,3857,2026-05-22 13:20:00
2955,2,189,SALE,-3,SALE,4293,2026-04-29 11:13:00
2956,4,81,SALE,-3,SALE,3500,2026-08-20 14:55:00
2957,2,44,SALE,-3,SALE,4915,2026-05-03 09:53:00
2958,4,221,SALE,-2,SALE,1182,2026-07-27 17:39:00
2959,3,91,SALE,-1,SALE,2430,2026-06-15 14:37:00
2960,4,238,SALE,-4,SALE,4907,2026-04-30 11:59:00
2961,5,178,SALE,-3,SALE,3138,2026-04-18 19:45:00
2962,4,86,SALE,-1,SALE,779,2026-04-14 16:45:00
2963,3,91,SALE,-2,SALE,283,2026-09-03 15:45:00
2964,1,229,SALE,-3,SALE,2277,2026-07-05 19:27:00
2965,4,103,SALE,-4,SALE,2627,2026-09-28 17:34:00
2966,4,41,SALE,-2,SALE,1323,2026-06-05 17:07:00
2967,1,2,SALE,-2,SALE,1961,2026-05-26 10:32:00
2968,5,188,SALE,-1,SALE,1335,2026-05-31 11:02:00
2969,4,162,SALE,-1,SALE,946,2026-04-25 19:02:00
2970,1,98,SALE,-1,SALE,549,2026-04-27 19:14:00
2971,3,2,SALE,-1,SALE,2348,2026-05-08 16:14:00
2972,1,77,SALE,-4,SALE,1853,2026-07-05 09:46:00
2973,3,157,SALE,-2,SALE,1099,2026-06-12 14:49:00
2974,2,38,SALE,-4,SALE,599,2026-07-05 20:35:00
2975,1,59,SALE,-1,SALE,1856,2026-07-15 16:19:00
2976,4,110,SALE,-3,SALE,4924,2026-08-22 16:37:00
2977,3,202,SALE,-2,SALE,1896,2026-05-29 19:56:00
2978,3,111,SALE,-3,SALE,413,2026-05-16 11:02:00
2979,2,178,SALE,-2,SALE,2415,2026-05-11 15:22:00
2980,5,73,SALE,-1,SALE,769,2026-06-12 11:06:00
2981,2,229,SALE,-3,SALE,4930,2026-05-05 18:16:00
2982,2,71,SALE,-2,SALE,513,2026-08-30 12:15:00
2983,3,145,SALE,-3,SALE,4886,2026-09-21 11:51:00
2984,5,13,SALE,-2,SALE,4852,2026-06-01 20:00:00
2985,4,216,SALE,-3,SALE,1279,2026-06-12 16:07:00
2986,2,42,SALE,-3,SALE,1833,2026-06-17 14:58:00
2987,5,133,SALE,-1,SALE,1769,2026-04-10 20:54:00
2988,1,233,SALE,-2,SALE,850,2026-04-19 17:19:00
2989,2,114,SALE,-2,SALE,1222,2026-07-11 12:37:00
2990,4,154,SALE,-3,SALE,924,2026-08-08 10:11:00
2991,3,2,SALE,-1,SALE,287,2026-07-27 14:19:00
2992,5,25,SALE,-1,SALE,3878,2026-06-09 17:59:00
2993,3,100,SALE,-4,SALE,1916,2026-09-17 16:19:00
2994,2,106,SALE,-4,SALE,4502,2026-09-15 09:22:00
2995,2,230,SALE,-4,SALE,3465,2026-05-07 12:32:00
2996,4,96,SALE,-2,SALE,3028,2026-07-29 09:38:00
2997,5,184,SALE,-3,SALE,894,2026-05-10 14:35:00
2998,1,121,SALE,-2,SALE,46,2026-09-24 16:08:00
2999,2,199,SALE,-3,SALE,3659,2026-06-25 19:09:00
3000,5,153,SALE,-3,SALE,1482,2026-04-13 10:55:00
3001,3,237,SALE,-3,SALE,1445,2026-07-05 19:52:00
3002,4,183,SALE,-3,SALE,3390,2026-06-10 09:14:00
3003,4,175,SALE,-3,SALE,1877,2026-07-29 09:18:00
3004,3,45,SALE,-2,SALE,3323,2026-08-30 16:49:00
3005,3,168,SALE,-4,SALE,2319,2026-06-07 16:00:00
3006,1,168,SALE,-2,SALE,4726,2026-08-07 09:56:00
3007,2,117,SALE,-1,SALE,4627,2026-07-21 10:42:00
3008,2,103,SALE,-1,SALE,450,2026-07-05 18:21:00
3009,3,142,SALE,-4,SALE,3695,2026-09-21 15:06:00
3010,4,60,SALE,-4,SALE,4967,2026-04-12 14:25:00
3011,3,164,SALE,-4,SALE,2979,2026-04-20 14:52:00
3012,4,68,SALE,-2,SALE,4640,2026-04-06 13:55:00
3013,4,146,SALE,-4,SALE,932,2026-05-14 11:58:00
3014,5,158,SALE,-2,SALE,3844,2026-07-26 20:19:00
3015,2,191,SALE,-4,SALE,1930,2026-08-17 20:51:00
3016,4,63,SALE,-1,SALE,1992,2026-04-07 15:51:00
3017,2,23,SALE,-1,SALE,4403,2026-07-14 12:30:00
3018,4,177,SALE,-1,SALE,4811,2026-09-09 19:01:00
3019,3,211,SALE,-2,SALE,483,2026-07-23 14:40:00
3020,4,239,SALE,-1,SALE,1732,2026-06-13 14:09:00
3021,3,223,SALE,-2,SALE,1959,2026-08-22 17:14:00
3022,5,84,SALE,-4,SALE,4236,2026-06-10 14:28:00
3023,4,121,SALE,-3,SALE,1476,2026-05-24 18:49:00
3024,1,1,SALE,-4,SALE,2382,2026-06-15 11:34:00
3025,3,121,SALE,-2,SALE,1695,2026-07-21 19:41:00
3026,5,217,SALE,-4,SALE,4183,2026-07-22 09:49:00
3027,3,190,SALE,-2,SALE,2836,2026-06-23 09:10:00
3028,4,28,SALE,-1,SALE,329,2026-07-29 16:41:00
3029,5,80,SALE,-3,SALE,4539,2026-04-04 12:54:00
3030,2,175,SALE,-2,SALE,2465,2026-06-26 17:14:00
3031,1,44,SALE,-4,SALE,4178,2026-04-09 19:57:00
3032,5,15,SALE,-1,SALE,4023,2026-04-16 19:11:00
3033,4,65,SALE,-1,SALE,3385,2026-08-10 09:55:00
3034,2,49,SALE,-1,SALE,4197,2026-06-06 19:46:00
3035,1,75,SALE,-2,SALE,2317,2026-04-02 15:24:00
3036,3,152,SALE,-4,SALE,2139,2026-04-21 15:45:00
3037,1,208,SALE,-4,SALE,4387,2026-08-03 10:45:00
3038,1,43,SALE,-2,SALE,4956,2026-05-30 11:55:00
3039,4,135,SALE,-3,SALE,4396,2026-06-26 13:07:00
3040,5,97,SALE,-3,SALE,2270,2026-07-30 09:10:00
3041,2,111,SALE,-4,SALE,882,2026-09-16 13:47:00
3042,1,189,SALE,-1,SALE,3948,2026-04-14 17:52:00
3043,4,151,SALE,-3,SALE,4561,2026-09-01 14:11:00
3044,3,7,SALE,-4,SALE,780,2026-07-12 11:07:00
3045,1,226,SALE,-3,SALE,3732,2026-09-14 20:57:00
3046,2,129,SALE,-1,SALE,1705,2026-06-20 14:35:00
3047,2,120,SALE,-2,SALE,4255,2026-06-28 19:50:00
3048,4,25,SALE,-2,SALE,4902,2026-04-01 11:00:00
3049,2,74,SALE,-2,SALE,2955,2026-04-19 13:18:00
3050,4,59,SALE,-4,SALE,2722,2026-05-16 16:52:00
3051,4,199,SALE,-4,SALE,472,2026-07-16 13:56:00
3052,4,148,SALE,-2,SALE,2396,2026-07-31 09:34:00
3053,1,75,SALE,-3,SALE,1844,2026-08-15 11:56:00
3054,1,85,SALE,-1,SALE,3528,2026-09-09 18:29:00
3055,3,6,SALE,-4,SALE,4495,2026-06-17 20:33:00
3056,5,81,SALE,-4,SALE,2981,2026-06-05 18:54:00
3057,5,225,SALE,-3,SALE,3601,2026-05-14 12:03:00
3058,4,205,SALE,-3,SALE,1751,2026-07-18 14:38:00
3059,4,14,SALE,-2,SALE,4367,2026-04-11 15:23:00
3060,4,131,SALE,-2,SALE,890,2026-04-13 17:29:00
3061,4,166,SALE,-1,SALE,935,2026-09-17 13:39:00
3062,3,204,SALE,-2,SALE,526,2026-09-25 11:20:00
3063,1,178,SALE,-1,SALE,53,2026-07-16 11:10:00
3064,3,7,SALE,-1,SALE,3167,2026-08-20 18:33:00
3065,5,68,SALE,-1,SALE,2724,2026-08-15 17:46:00
3066,3,133,SALE,-3,SALE,413,2026-05-16 11:02:00
3067,4,117,SALE,-3,SALE,481,2026-07-23 19:12:00
3068,5,201,SALE,-2,SALE,4581,2026-09-26 12:22:00
3069,1,194,SALE,-1,SALE,604,2026-05-07 10:44:00
3070,1,224,SALE,-1,SALE,847,2026-07-22 14:50:00
3071,5,98,SALE,-3,SALE,3924,2026-06-23 20:50:00
3072,1,77,SALE,-3,SALE,4149,2026-08-30 11:50:00
3073,3,239,SALE,-4,SALE,1166,2026-04-18 17:37:00
3074,3,56,SALE,-3,SALE,1736,2026-09-23 10:19:00
3075,1,68,SALE,-2,SALE,1702,2026-07-10 18:40:00
3076,5,109,SALE,-3,SALE,4014,2026-07-01 16:07:00
3077,2,92,SALE,-3,SALE,2038,2026-09-07 13:50:00
3078,3,178,SALE,-3,SALE,77,2026-06-15 13:10:00
3079,5,83,SALE,-4,SALE,2059,2026-08-31 16:42:00
3080,2,238,SALE,-3,SALE,2856,2026-05-16 12:15:00
3081,3,185,SALE,-4,SALE,3344,2026-08-15 20:32:00
3082,3,149,SALE,-1,SALE,2730,2026-04-14 15:59:00
3083,5,61,SALE,-1,SALE,4824,2026-07-24 17:50:00
3084,5,90,SALE,-2,SALE,2904,2026-08-16 10:58:00
3085,5,96,SALE,-1,SALE,4648,2026-08-13 16:27:00
3086,4,85,SALE,-1,SALE,4372,2026-04-22 20:25:00
3087,2,232,SALE,-3,SALE,4893,2026-04-21 11:37:00
3088,5,158,SALE,-2,SALE,4170,2026-04-08 16:19:00
3089,1,172,SALE,-4,SALE,1583,2026-09-25 12:03:00
3090,2,184,SALE,-1,SALE,3108,2026-09-26 19:01:00
3091,2,226,SALE,-2,SALE,3487,2026-07-26 10:24:00
3092,5,144,SALE,-1,SALE,2965,2026-09-13 10:56:00
3093,3,118,SALE,-2,SALE,2179,2026-04-24 20:56:00
3094,4,238,SALE,-2,SALE,2541,2026-07-25 11:33:00
3095,1,165,SALE,-3,SALE,2762,2026-04-03 18:02:00
3096,1,131,SALE,-1,SALE,3732,2026-09-14 20:57:00
3097,5,83,SALE,-2,SALE,1097,2026-05-01 17:09:00
3098,4,187,SALE,-4,SALE,1182,2026-07-27 17:39:00
3099,1,43,SALE,-2,SALE,4954,2026-08-03 12:09:00
3100,1,201,SALE,-1,SALE,1654,2026-09-22 14:33:00
3101,3,127,SALE,-2,SALE,1848,2026-09-24 19:52:00
3102,4,210,SALE,-1,SALE,4125,2026-06-28 10:39:00
3103,2,155,SALE,-4,SALE,4265,2026-04-16 19:07:00
3104,4,11,SALE,-2,SALE,285,2026-09-17 17:43:00
3105,2,8,SALE,-2,SALE,3330,2026-05-26 16:47:00
3106,4,57,SALE,-2,SALE,1778,2026-05-10 14:23:00
3107,3,81,SALE,-1,SALE,1882,2026-07-18 10:07:00
3108,1,157,SALE,-1,SALE,2827,2026-04-03 20:09:00
3109,3,126,SALE,-3,SALE,4215,2026-04-19 15:38:00
3110,4,35,SALE,-1,SALE,4147,2026-05-03 15:56:00
3111,1,14,SALE,-4,SALE,1835,2026-08-25 17:54:00
3112,3,96,SALE,-4,SALE,2923,2026-09-06 09:53:00
3113,3,151,SALE,-2,SALE,3916,2026-06-12 11:29:00
3114,5,6,SALE,-1,SALE,243,2026-08-29 20:00:00
3115,3,67,SALE,-3,SALE,163,2026-04-23 14:45:00
3116,2,177,SALE,-1,SALE,1715,2026-08-11 10:25:00
3117,2,145,SALE,-4,SALE,4906,2026-04-12 20:07:00
3118,4,157,SALE,-4,SALE,248,2026-07-30 16:27:00
3119,3,28,SALE,-2,SALE,414,2026-05-28 11:18:00
3120,4,135,SALE,-4,SALE,2885,2026-08-12 15:34:00
3121,4,231,SALE,-2,SALE,3727,2026-05-30 14:30:00
3122,1,29,SALE,-1,SALE,1858,2026-09-21 11:13:00
3123,3,50,SALE,-4,SALE,3020,2026-05-05 15:37:00
3124,5,135,SALE,-4,SALE,3,2026-05-27 18:08:00
3125,2,62,SALE,-4,SALE,1516,2026-07-30 20:30:00
3126,2,185,SALE,-4,SALE,23,2026-07-03 18:15:00
3127,1,214,SALE,-2,SALE,1413,2026-08-09 17:25:00
3128,4,118,SALE,-2,SALE,4846,2026-04-02 14:15:00
3129,2,134,SALE,-1,SALE,2653,2026-09-20 19:25:00
3130,1,145,SALE,-4,SALE,1716,2026-07-18 18:20:00
3131,5,13,SALE,-4,SALE,3040,2026-09-05 17:41:00
3132,1,67,SALE,-1,SALE,355,2026-07-04 17:00:00
3133,5,39,SALE,-2,SALE,4206,2026-08-18 16:34:00
3134,1,141,SALE,-1,SALE,2860,2026-05-10 09:41:00
3135,5,2,SALE,-1,SALE,1114,2026-05-03 15:00:00
3136,3,50,SALE,-4,SALE,1896,2026-05-29 19:56:00
3137,4,40,SALE,-1,SALE,2199,2026-05-21 11:52:00
3138,2,201,SALE,-2,SALE,3662,2026-05-11 17:35:00
3139,1,91,SALE,-3,SALE,2674,2026-08-20 17:26:00
3140,4,133,SALE,-2,SALE,1352,2026-07-01 20:18:00
3141,3,206,SALE,-2,SALE,1026,2026-09-16 20:17:00
3142,3,25,SALE,-1,SALE,659,2026-05-12 15:13:00
3143,5,32,SALE,-1,SALE,1306,2026-04-08 10:58:00
3144,4,74,SALE,-3,SALE,3591,2026-05-15 19:20:00
3145,1,134,SALE,-2,SALE,2707,2026-08-30 11:56:00
3146,1,104,SALE,-1,SALE,2111,2026-09-20 09:52:00
3147,4,157,SALE,-4,SALE,3033,2026-07-03 15:31:00
3148,4,1,SALE,-3,SALE,1108,2026-09-28 09:15:00
3149,3,69,SALE,-1,SALE,422,2026-07-23 15:25:00
3150,2,128,SALE,-4,SALE,3030,2026-07-05 20:28:00
3151,4,189,SALE,-2,SALE,2954,2026-06-28 16:03:00
3152,4,35,SALE,-3,SALE,4670,2026-04-01 10:01:00
3153,2,209,SALE,-1,SALE,348,2026-07-24 15:38:00
3154,4,119,SALE,-4,SALE,785,2026-05-28 19:04:00
3155,5,106,SALE,-2,SALE,3998,2026-09-05 14:04:00
3156,2,83,SALE,-1,SALE,691,2026-07-18 20:40:00
3157,1,1,SALE,-1,SALE,4417,2026-08-06 13:57:00
3158,4,213,SALE,-4,SALE,1426,2026-08-22 18:49:00
3159,5,94,SALE,-3,SALE,2093,2026-05-24 18:48:00
3160,2,8,SALE,-3,SALE,256,2026-04-22 15:07:00
3161,1,180,SALE,-2,SALE,3900,2026-06-08 18:43:00
3162,5,76,SALE,-3,SALE,4590,2026-07-14 15:10:00
3163,4,133,SALE,-2,SALE,2637,2026-04-11 13:45:00
3164,2,62,SALE,-1,SALE,2362,2026-06-01 18:21:00
3165,3,153,SALE,-1,SALE,2765,2026-06-18 17:54:00
3166,2,208,SALE,-4,SALE,162,2026-06-30 18:42:00
3167,2,53,SALE,-1,SALE,2182,2026-08-22 13:43:00
3168,4,207,SALE,-3,SALE,721,2026-09-23 11:49:00
3169,2,189,SALE,-3,SALE,3213,2026-05-15 14:21:00
3170,4,168,SALE,-2,SALE,3089,2026-07-15 17:08:00
3171,1,87,SALE,-4,SALE,2773,2026-09-01 20:49:00
3172,5,64,SALE,-2,SALE,4805,2026-04-22 14:50:00
3173,1,60,SALE,-3,SALE,2186,2026-09-10 14:40:00
3174,4,157,SALE,-3,SALE,4936,2026-08-17 19:09:00
3175,2,210,SALE,-1,SALE,4031,2026-07-28 11:24:00
3176,4,206,SALE,-3,SALE,4617,2026-09-01 10:47:00
3177,3,212,SALE,-2,SALE,2731,2026-09-06 18:04:00
3178,5,165,SALE,-4,SALE,715,2026-09-16 13:53:00
3179,1,116,SALE,-4,SALE,1049,2026-09-22 19:47:00
3180,5,5,SALE,-1,SALE,4402,2026-08-13 13:55:00
3181,2,96,SALE,-3,SALE,2464,2026-06-02 19:15:00
3182,3,147,SALE,-4,SALE,2659,2026-08-27 18:42:00
3183,3,81,SALE,-1,SALE,2264,2026-05-15 09:07:00
3184,4,148,SALE,-2,SALE,63,2026-08-12 19:47:00
3185,4,209,SALE,-3,SALE,1177,2026-05-14 12:30:00
3186,2,12,SALE,-1,SALE,3353,2026-05-28 16:40:00
3187,1,82,SALE,-2,SALE,1909,2026-05-31 19:37:00
3188,5,135,SALE,-3,SALE,582,2026-04-16 20:56:00
3189,3,163,SALE,-1,SALE,4142,2026-04-02 11:21:00
3190,5,183,SALE,-3,SALE,2140,2026-06-14 19:20:00
3191,3,179,SALE,-1,SALE,3450,2026-09-20 17:09:00
3192,1,27,SALE,-3,SALE,4133,2026-05-12 13:09:00
3193,4,3,SALE,-1,SALE,706,2026-08-20 20:55:00
3194,4,164,SALE,-3,SALE,4846,2026-04-02 14:15:00
3195,2,114,SALE,-4,SALE,2639,2026-09-20 09:41:00
3196,3,156,SALE,-1,SALE,1582,2026-09-04 17:21:00
3197,1,205,SALE,-3,SALE,4333,2026-05-23 15:03:00
3198,4,66,SALE,-2,SALE,4330,2026-06-01 12:22:00
3199,3,154,SALE,-3,SALE,4990,2026-04-15 18:10:00
3200,1,126,SALE,-1,SALE,440,2026-07-30 18:40:00
3201,5,43,SALE,-2,SALE,247,2026-08-08 10:27:00
3202,5,91,SALE,-3,SALE,382,2026-04-17 11:41:00
3203,1,93,SALE,-4,SALE,1710,2026-09-21 10:59:00
3204,1,212,SALE,-4,SALE,2137,2026-07-06 12:33:00
3205,2,84,SALE,-2,SALE,4612,2026-07-13 19:52:00
3206,5,177,SALE,-2,SALE,116,2026-08-23 20:58:00
3207,5,215,SALE,-1,SALE,3941,2026-09-03 19:45:00
3208,3,98,SALE,-2,SALE,1099,2026-06-12 14:49:00
3209,4,203,SALE,-4,SALE,2519,2026-09-05 15:51:00
3210,5,84,SALE,-4,SALE,1422,2026-08-03 10:59:00
3211,4,78,SALE,-1,SALE,3226,2026-09-22 17:51:00
3212,3,153,SALE,-1,SALE,2913,2026-07-01 12:55:00
3213,4,186,SALE,-4,SALE,4900,2026-08-25 20:56:00
3214,2,105,SALE,-2,SALE,4318,2026-07-16 13:53:00
3215,2,189,SALE,-2,SALE,2207,2026-05-01 18:14:00
3216,4,96,SALE,-3,SALE,2030,2026-07-16 16:13:00
3217,5,113,SALE,-2,SALE,4234,2026-08-06 17:21:00
3218,1,186,SALE,-1,SALE,2566,2026-04-21 18:26:00
3219,2,41,SALE,-2,SALE,3258,2026-06-03 11:23:00
3220,5,14,SALE,-4,SALE,584,2026-05-12 18:08:00
3221,5,35,SALE,-4,SALE,1970,2026-07-20 16:50:00
3222,2,136,SALE,-2,SALE,2673,2026-08-30 09:02:00
3223,5,45,SALE,-3,SALE,3644,2026-07-06 14:33:00
3224,3,81,SALE,-3,SALE,163,2026-04-23 14:45:00
3225,3,87,SALE,-2,SALE,3574,2026-04-05 15:17:00
3226,4,71,SALE,-4,SALE,4287,2026-04-29 17:58:00
3227,4,217,SALE,-3,SALE,1996,2026-07-31 12:53:00
3228,2,135,SALE,-1,SALE,4399,2026-07-14 18:02:00
3229,5,96,SALE,-3,SALE,4816,2026-09-12 09:22:00
3230,3,178,SALE,-1,SALE,1600,2026-07-28 12:28:00
3231,1,113,SALE,-4,SALE,919,2026-07-26 14:59:00
3232,4,211,SALE,-2,SALE,4977,2026-04-21 13:05:00
3233,4,193,SALE,-4,SALE,606,2026-04-08 13:44:00
3234,3,134,SALE,-1,SALE,1180,2026-08-18 10:09:00
3235,1,154,SALE,-2,SALE,2239,2026-08-23 09:20:00
3236,2,144,SALE,-2,SALE,1450,2026-08-18 17:54:00
3237,4,195,SALE,-4,SALE,3201,2026-07-21 20:42:00
3238,2,16,SALE,-3,SALE,3358,2026-07-10 12:03:00
3239,2,123,SALE,-1,SALE,480,2026-05-24 12:15:00
3240,5,183,SALE,-4,SALE,1689,2026-06-14 09:20:00
3241,4,127,SALE,-1,SALE,165,2026-07-01 20:35:00
3242,1,133,SALE,-4,SALE,2839,2026-07-18 20:50:00
3243,4,42,SALE,-1,SALE,548,2026-06-02 18:33:00
3244,2,175,SALE,-2,SALE,2527,2026-08-08 13:05:00
3245,5,202,SALE,-4,SALE,4606,2026-07-24 15:33:00
3246,1,146,SALE,-4,SALE,443,2026-08-22 14:07:00
3247,2,17,SALE,-1,SALE,2245,2026-04-29 14:41:00
3248,5,13,SALE,-3,SALE,3176,2026-08-22 17:54:00
3249,1,111,SALE,-4,SALE,3372,2026-04-24 16:44:00
3250,1,187,SALE,-1,SALE,1247,2026-05-10 17:38:00
3251,1,57,SALE,-4,SALE,3710,2026-06-22 16:19:00
3252,5,115,SALE,-4,SALE,4395,2026-05-29 18:07:00
3253,3,16,SALE,-3,SALE,1977,2026-06-03 17:42:00
3254,5,7,SALE,-1,SALE,4457,2026-04-23 14:39:00
3255,3,58,SALE,-4,SALE,2237,2026-08-06 12:15:00
3256,5,127,SALE,-1,SALE,1354,2026-08-21 10:40:00
3257,4,181,SALE,-3,SALE,1931,2026-07-18 18:19:00
3258,3,64,SALE,-4,SALE,4979,2026-05-21 10:28:00
3259,5,151,SALE,-4,SALE,2163,2026-06-06 13:31:00
3260,4,125,SALE,-1,SALE,2548,2026-09-01 09:22:00
3261,2,44,SALE,-1,SALE,2333,2026-07-27 09:05:00
3262,5,184,SALE,-3,SALE,1275,2026-08-22 14:58:00
3263,4,226,SALE,-4,SALE,4641,2026-07-09 14:23:00
3264,4,53,SALE,-4,SALE,1179,2026-06-07 17:32:00
3265,1,110,SALE,-4,SALE,2811,2026-08-08 18:22:00
3266,1,171,SALE,-3,SALE,2889,2026-05-29 10:22:00
3267,5,29,SALE,-4,SALE,859,2026-04-02 19:23:00
3268,1,174,SALE,-4,SALE,4956,2026-05-30 11:55:00
3269,3,113,SALE,-3,SALE,2167,2026-05-30 15:27:00
3270,1,30,SALE,-3,SALE,4354,2026-06-30 10:22:00
3271,2,85,SALE,-4,SALE,3526,2026-09-20 11:38:00
3272,1,88,SALE,-1,SALE,2121,2026-05-20 12:18:00
3273,3,11,SALE,-1,SALE,369,2026-08-29 15:17:00
3274,4,238,SALE,-1,SALE,1029,2026-04-27 19:48:00
3275,5,146,SALE,-4,SALE,525,2026-07-22 15:35:00
3276,3,6,SALE,-1,SALE,2832,2026-07-26 09:00:00
3277,3,140,SALE,-2,SALE,754,2026-04-18 17:13:00
3278,2,212,SALE,-2,SALE,1956,2026-05-11 16:15:00
3279,5,149,SALE,-2,SALE,43,2026-08-17 11:13:00
3280,3,183,SALE,-4,SALE,4117,2026-04-04 10:40:00
3281,2,198,SALE,-1,SALE,896,2026-09-19 14:14:00
3282,5,22,SALE,-1,SALE,3878,2026-06-09 17:59:00
3283,1,152,SALE,-1,SALE,4997,2026-06-15 20:50:00
3284,1,205,SALE,-2,SALE,3222,2026-04-22 11:57:00
3285,5,229,SALE,-2,SALE,4892,2026-08-23 16:55:00
3286,3,152,SALE,-3,SALE,3954,2026-05-08 16:08:00
3287,3,216,SALE,-1,SALE,4923,2026-04-29 17:08:00
3288,1,6,SALE,-3,SALE,2390,2026-06-01 15:51:00
3289,4,83,SALE,-3,SALE,4344,2026-05-02 20:26:00
3290,4,77,SALE,-3,SALE,3363,2026-08-29 13:51:00
3291,3,59,SALE,-3,SALE,3429,2026-05-21 13:29:00
3292,3,154,SALE,-4,SALE,4755,2026-07-26 18:26:00
3293,2,176,SALE,-4,SALE,1416,2026-05-22 10:30:00
3294,4,142,SALE,-1,SALE,4951,2026-06-26 19:21:00
3295,2,136,SALE,-4,SALE,3408,2026-06-01 10:58:00
3296,3,231,SALE,-3,SALE,3947,2026-08-07 14:36:00
3297,4,231,SALE,-3,SALE,2039,2026-06-30 16:26:00
3298,5,60,SALE,-3,SALE,1633,2026-06-13 15:55:00
3299,5,30,SALE,-4,SALE,3311,2026-08-16 17:01:00
3300,2,190,SALE,-2,SALE,1836,2026-04-20 13:40:00
3301,1,128,SALE,-2,SALE,1664,2026-07-15 19:08:00
3302,2,88,SALE,-4,SALE,2737,2026-08-17 11:36:00
3303,2,67,SALE,-4,SALE,2743,2026-06-25 14:51:00
3304,1,18,SALE,-3,SALE,784,2026-05-31 17:49:00
3305,3,216,SALE,-3,SALE,4860,2026-06-11 13:07:00
3306,4,82,SALE,-1,SALE,924,2026-08-08 10:11:00
3307,4,131,SALE,-1,SALE,1976,2026-06-30 16:36:00
3308,2,70,SALE,-2,SALE,905,2026-04-10 18:47:00
3309,4,65,SALE,-1,SALE,1011,2026-07-24 14:24:00
3310,5,223,SALE,-1,SALE,4107,2026-05-30 20:44:00
3311,5,74,SALE,-2,SALE,4440,2026-06-04 17:31:00
3312,1,91,SALE,-4,SALE,3084,2026-06-03 19:36:00
3313,2,78,SALE,-3,SALE,4638,2026-05-18 11:50:00
3314,4,228,SALE,-3,SALE,492,2026-04-19 19:27:00
3315,4,122,SALE,-3,SALE,1467,2026-08-11 11:59:00
3316,1,58,SALE,-3,SALE,1493,2026-06-08 11:58:00
3317,3,43,SALE,-3,SALE,1267,2026-06-15 18:27:00
3318,5,58,SALE,-4,SALE,2655,2026-09-06 12:18:00
3319,5,8,SALE,-3,SALE,1235,2026-07-09 18:18:00
3320,3,146,SALE,-4,SALE,4704,2026-08-07 20:54:00
3321,4,31,SALE,-4,SALE,2693,2026-06-01 18:03:00
3322,4,47,SALE,-2,SALE,4729,2026-09-19 13:07:00
3323,5,131,SALE,-3,SALE,3941,2026-09-03 19:45:00
3324,2,96,SALE,-3,SALE,3229,2026-05-11 11:30:00
3325,1,11,SALE,-4,SALE,20,2026-06-10 18:07:00
3326,1,148,SALE,-2,SALE,878,2026-07-12 18:09:00
3327,4,222,SALE,-1,SALE,1141,2026-08-17 15:01:00
3328,2,44,SALE,-4,SALE,37,2026-08-31 19:01:00
3329,1,158,SALE,-2,SALE,2359,2026-08-31 18:28:00
3330,4,10,SALE,-1,SALE,4287,2026-04-29 17:58:00
3331,4,65,SALE,-1,SALE,4039,2026-07-14 16:54:00
3332,5,75,SALE,-1,SALE,4229,2026-08-25 14:14:00
3333,1,34,SALE,-2,SALE,3939,2026-05-10 10:49:00
3334,4,30,SALE,-2,SALE,710,2026-04-12 17:44:00
3335,1,42,SALE,-4,SALE,2566,2026-04-21 18:26:00
3336,2,129,SALE,-1,SALE,3224,2026-08-23 10:34:00
3337,5,173,SALE,-4,SALE,3834,2026-08-10 13:36:00
3338,2,56,SALE,-3,SALE,3267,2026-08-04 14:40:00
3339,2,143,SALE,-3,SALE,4516,2026-07-17 10:53:00
3340,2,224,SALE,-1,SALE,3618,2026-04-11 15:51:00
3341,5,199,SALE,-2,SALE,4790,2026-08-01 12:14:00
3342,5,178,SALE,-1,SALE,313,2026-04-22 18:45:00
3343,2,152,SALE,-4,SALE,4252,2026-08-13 19:21:00
3344,2,36,SALE,-3,SALE,4082,2026-07-13 18:32:00
3345,5,10,SALE,-1,SALE,4723,2026-07-11 10:47:00
3346,4,233,SALE,-3,SALE,4483,2026-09-07 17:42:00
3347,2,188,SALE,-4,SALE,2332,2026-05-12 16:20:00
3348,2,161,SALE,-2,SALE,1308,2026-08-04 14:40:00
3349,2,132,SALE,-1,SALE,2650,2026-08-16 09:19:00
3350,4,119,SALE,-2,SALE,3766,2026-08-13 10:44:00
3351,1,198,SALE,-2,SALE,849,2026-09-21 18:13:00
3352,5,85,SALE,-1,SALE,215,2026-08-27 18:21:00
3353,4,167,SALE,-3,SALE,774,2026-05-29 11:08:00
3354,3,81,SALE,-4,SALE,4250,2026-07-18 17:47:00
3355,2,146,SALE,-2,SALE,4311,2026-05-15 11:54:00
3356,3,220,SALE,-1,SALE,3535,2026-07-23 15:10:00
3357,5,141,SALE,-2,SALE,851,2026-04-05 15:36:00
3358,5,218,SALE,-4,SALE,2643,2026-07-15 19:32:00
3359,2,212,SALE,-3,SALE,124,2026-05-13 17:20:00
3360,4,10,SALE,-1,SALE,916,2026-06-13 10:29:00
3361,1,146,SALE,-1,SALE,2489,2026-07-11 14:51:00
3362,4,145,SALE,-1,SALE,3313,2026-04-08 13:41:00
3363,3,234,SALE,-4,SALE,263,2026-08-26 18:04:00
3364,3,193,SALE,-2,SALE,414,2026-05-28 11:18:00
3365,3,227,SALE,-2,SALE,1014,2026-04-05 13:42:00
3366,3,192,SALE,-4,SALE,1059,2026-08-29 16:16:00
3367,1,55,SALE,-2,SALE,3495,2026-07-26 20:32:00
3368,1,37,SALE,-2,SALE,2123,2026-06-14 15:28:00
3369,2,123,SALE,-2,SALE,1132,2026-06-20 12:38:00
3370,2,100,SALE,-2,SALE,2001,2026-04-23 17:18:00
3371,3,15,SALE,-4,SALE,4224,2026-05-08 18:09:00
3372,3,169,SALE,-1,SALE,4142,2026-04-02 11:21:00
3373,3,47,SALE,-4,SALE,1075,2026-08-28 15:10:00
3374,4,192,SALE,-1,SALE,2307,2026-07-30 11:42:00
3375,3,235,SALE,-4,SALE,2950,2026-09-15 20:15:00
3376,1,63,SALE,-3,SALE,2380,2026-06-23 18:01:00
3377,1,199,SALE,-2,SALE,2986,2026-05-27 11:31:00
3378,1,55,SALE,-1,SALE,4145,2026-07-12 10:13:00
3379,4,60,SALE,-1,SALE,3056,2026-09-02 16:04:00
3380,5,11,SALE,-3,SALE,4993,2026-04-23 12:54:00
3381,3,61,SALE,-1,SALE,1145,2026-05-25 15:21:00
3382,1,49,SALE,-3,SALE,2315,2026-07-02 12:55:00
3383,5,218,SALE,-1,SALE,4787,2026-04-14 15:11:00
3384,2,56,SALE,-4,SALE,2418,2026-08-18 19:01:00
3385,5,102,SALE,-3,SALE,3824,2026-05-29 12:14:00
3386,3,200,SALE,-3,SALE,3241,2026-07-12 19:25:00
3387,5,131,SALE,-3,SALE,4309,2026-07-03 10:30:00
3388,1,212,SALE,-1,SALE,3595,2026-08-20 20:17:00
3389,2,218,SALE,-3,SALE,2701,2026-07-03 14:21:00
3390,2,93,SALE,-4,SALE,343,2026-05-17 10:04:00
3391,3,81,SALE,-3,SALE,3137,2026-06-28 18:28:00
3392,3,16,SALE,-2,SALE,433,2026-09-25 10:34:00
3393,4,123,SALE,-3,SALE,3950,2026-09-04 17:35:00
3394,3,116,SALE,-4,SALE,3489,2026-07-16 15:41:00
3395,1,15,SALE,-2,SALE,3062,2026-08-16 11:11:00
3396,4,152,SALE,-1,SALE,664,2026-04-25 18:33:00
3397,3,100,SALE,-1,SALE,1135,2026-08-21 16:00:00
3398,2,82,SALE,-4,SALE,3078,2026-04-25 17:43:00
3399,4,168,SALE,-3,SALE,3530,2026-05-22 17:59:00
3400,4,3,SALE,-3,SALE,6,2026-05-08 20:09:00
3401,4,51,SALE,-3,SALE,347,2026-07-12 12:16:00
3402,1,151,SALE,-1,SALE,4554,2026-07-14 14:07:00
3403,1,28,SALE,-2,SALE,4770,2026-09-09 18:46:00
3404,4,24,SALE,-3,SALE,2424,2026-07-06 16:23:00
3405,1,127,SALE,-1,SALE,4725,2026-09-11 20:27:00
3406,5,216,SALE,-4,SALE,3375,2026-07-30 10:32:00
3407,4,234,SALE,-1,SALE,1300,2026-07-27 09:55:00
3408,2,113,SALE,-3,SALE,489,2026-06-16 18:12:00
3409,4,67,SALE,-4,SALE,1492,2026-05-17 15:19:00
3410,1,140,SALE,-3,SALE,3387,2026-09-26 19:35:00
3411,5,239,SALE,-1,SALE,1605,2026-04-06 17:28:00
3412,2,120,SALE,-1,SALE,1512,2026-05-24 14:26:00
3413,5,189,SALE,-3,SALE,565,2026-04-23 10:00:00
3414,3,27,SALE,-2,SALE,1068,2026-08-09 19:58:00
3415,4,54,SALE,-4,SALE,4977,2026-04-21 13:05:00
3416,3,25,SALE,-3,SALE,1731,2026-07-05 20:08:00
3417,4,197,SALE,-3,SALE,4630,2026-09-02 17:57:00
3418,4,145,SALE,-4,SALE,610,2026-05-13 11:08:00
3419,3,110,SALE,-3,SALE,4962,2026-06-28 12:06:00
3420,1,103,SALE,-1,SALE,2491,2026-07-08 14:01:00
3421,3,36,SALE,-2,SALE,4873,2026-06-27 16:39:00
3422,2,108,SALE,-4,SALE,3142,2026-09-03 19:14:00
3423,1,34,SALE,-2,SALE,4961,2026-04-08 17:47:00
3424,3,196,SALE,-2,SALE,2846,2026-08-10 11:08:00
3425,5,69,SALE,-1,SALE,4950,2026-08-13 10:04:00
3426,3,97,SALE,-4,SALE,3717,2026-05-20 20:43:00
3427,1,60,SALE,-2,SALE,3354,2026-04-19 20:18:00
3428,3,182,SALE,-2,SALE,359,2026-08-30 17:32:00
3429,3,201,SALE,-1,SALE,4944,2026-04-15 15:06:00
3430,4,168,SALE,-1,SALE,3174,2026-06-05 10:27:00
3431,1,136,SALE,-3,SALE,875,2026-04-21 20:53:00
3432,4,239,SALE,-1,SALE,3430,2026-04-17 10:49:00
3433,4,23,SALE,-4,SALE,368,2026-08-26 20:44:00
3434,4,186,SALE,-3,SALE,4394,2026-04-23 16:47:00
3435,3,102,SALE,-1,SALE,2005,2026-05-12 12:50:00
3436,3,165,SALE,-2,SALE,244,2026-05-22 11:24:00
3437,2,94,SALE,-2,SALE,734,2026-09-20 11:05:00
3438,4,57,SALE,-3,SALE,454,2026-08-04 19:47:00
3439,4,182,SALE,-1,SALE,3168,2026-08-19 11:35:00
3440,3,223,SALE,-4,SALE,4927,2026-07-14 19:20:00
3441,5,149,SALE,-4,SALE,3667,2026-09-16 16:03:00
3442,3,221,SALE,-2,SALE,3543,2026-08-06 09:50:00
3443,4,209,SALE,-4,SALE,2037,2026-07-25 10:37:00
3444,1,163,SALE,-2,SALE,4115,2026-05-11 10:28:00
3445,4,27,SALE,-2,SALE,2709,2026-05-25 17:48:00
3446,2,28,SALE,-1,SALE,1051,2026-09-12 11:30:00
3447,5,170,SALE,-3,SALE,4124,2026-05-22 11:09:00
3448,5,55,SALE,-3,SALE,2163,2026-06-06 13:31:00
3449,4,117,SALE,-3,SALE,456,2026-06-21 11:36:00
3450,1,74,SALE,-4,SALE,3549,2026-07-21 17:44:00
3451,5,199,SALE,-2,SALE,4566,2026-08-23 16:59:00
3452,5,83,SALE,-2,SALE,2105,2026-07-20 20:51:00
3453,1,184,SALE,-1,SALE,3669,2026-08-26 19:43:00
3454,3,170,SALE,-4,SALE,2150,2026-08-22 10:47:00
3455,2,161,SALE,-2,SALE,4146,2026-06-13 14:43:00
3456,2,53,SALE,-3,SALE,4724,2026-06-18 16:08:00
3457,3,202,SALE,-3,SALE,21,2026-08-16 10:08:00
3458,1,121,SALE,-3,SALE,4508,2026-09-17 12:08:00
3459,1,123,SALE,-2,SALE,2259,2026-07-04 17:08:00
3460,5,130,SALE,-2,SALE,4454,2026-06-04 15:27:00
3461,3,233,SALE,-1,SALE,4990,2026-04-15 18:10:00
3462,5,215,SALE,-2,SALE,1734,2026-04-18 20:33:00
3463,2,10,SALE,-1,SALE,4389,2026-08-14 20:32:00
3464,3,24,SALE,-2,SALE,4536,2026-04-06 20:16:00
3465,1,236,SALE,-3,SALE,2253,2026-08-03 09:00:00
3466,4,185,SALE,-2,SALE,4801,2026-04-24 11:07:00
3467,5,140,SALE,-1,SALE,1910,2026-06-06 12:59:00
3468,2,149,SALE,-2,SALE,3048,2026-05-06 19:59:00
3469,1,64,SALE,-2,SALE,3845,2026-08-04 19:24:00
3470,2,17,SALE,-2,SALE,256,2026-04-22 15:07:00
3471,3,108,SALE,-2,SALE,4800,2026-07-29 18:30:00
3472,3,81,SALE,-2,SALE,1266,2026-05-07 16:11:00
3473,1,28,SALE,-1,SALE,836,2026-04-01 18:11:00
3474,4,26,SALE,-4,SALE,4411,2026-07-15 15:42:00
3475,4,1,SALE,-2,SALE,258,2026-04-15 14:55:00
3476,5,209,SALE,-1,SALE,2082,2026-04-29 16:55:00
3477,2,48,SALE,-3,SALE,2127,2026-08-20 16:24:00
3478,3,127,SALE,-2,SALE,397,2026-04-22 09:17:00
3479,3,158,SALE,-4,SALE,4979,2026-05-21 10:28:00
3480,4,77,SALE,-2,SALE,3103,2026-05-23 11:58:00
3481,5,57,SALE,-3,SALE,2870,2026-04-21 18:06:00
3482,1,29,SALE,-2,SALE,4772,2026-08-01 11:55:00
3483,5,80,SALE,-3,SALE,4649,2026-06-05 18:00:00
3484,2,5,SALE,-1,SALE,630,2026-07-30 15:57:00
3485,5,168,SALE,-2,SALE,1286,2026-06-21 11:44:00
3486,5,66,SALE,-3,SALE,677,2026-06-08 20:23:00
3487,5,221,SALE,-1,SALE,915,2026-08-20 19:20:00
3488,1,108,SALE,-1,SALE,518,2026-06-01 14:37:00
3489,3,203,SALE,-3,SALE,4687,2026-04-25 11:40:00
3490,1,49,SALE,-4,SALE,3002,2026-04-14 10:18:00
3491,1,75,SALE,-1,SALE,4503,2026-07-08 12:42:00
3492,3,84,SALE,-1,SALE,2771,2026-04-17 18:10:00
3493,2,136,SALE,-2,SALE,3962,2026-06-14 17:43:00
3494,5,228,SALE,-2,SALE,19,2026-08-02 19:19:00
3495,3,74,SALE,-2,SALE,3617,2026-05-26 10:27:00
3496,5,228,SALE,-2,SALE,967,2026-04-10 17:30:00
3497,1,56,SALE,-3,SALE,1840,2026-06-12 09:48:00
3498,3,48,SALE,-3,SALE,1735,2026-05-24 12:07:00
3499,5,13,SALE,-2,SALE,4910,2026-04-24 13:44:00
3500,4,44,SALE,-4,SALE,285,2026-09-17 17:43:00
3501,1,142,SALE,-1,SALE,3965,2026-06-23 14:32:00
3502,3,214,SALE,-3,SALE,209,2026-04-28 16:15:00
3503,1,26,SALE,-4,SALE,2536,2026-09-27 14:19:00
3504,1,192,SALE,-3,SALE,1413,2026-08-09 17:25:00
3505,2,227,SALE,-1,SALE,3863,2026-06-13 15:37:00
3506,1,169,SALE,-4,SALE,4619,2026-07-01 20:33:00
3507,4,54,SALE,-1,SALE,706,2026-08-20 20:55:00
3508,4,34,SALE,-2,SALE,1220,2026-06-02 09:31:00
3509,5,28,SALE,-1,SALE,1722,2026-07-09 10:28:00
3510,3,235,SALE,-4,SALE,954,2026-05-31 09:09:00
3511,3,123,SALE,-4,SALE,4560,2026-05-01 16:24:00
3512,2,47,SALE,-1,SALE,1237,2026-07-06 17:41:00
3513,3,121,SALE,-2,SALE,499,2026-04-22 19:41:00
3514,1,103,SALE,-2,SALE,1272,2026-04-17 20:59:00
3515,2,204,SALE,-2,SALE,4441,2026-08-09 19:23:00
3516,2,74,SALE,-3,SALE,2132,2026-04-05 11:47:00
3517,2,49,SALE,-3,SALE,15,2026-09-14 20:34:00
3518,4,176,SALE,-1,SALE,347,2026-07-12 12:16:00
3519,3,78,SALE,-3,SALE,3450,2026-09-20 17:09:00
3520,5,3,SALE,-3,SALE,1361,2026-04-17 14:26:00
3521,1,169,SALE,-2,SALE,3768,2026-08-13 17:52:00
3522,1,77,SALE,-1,SALE,867,2026-09-23 20:04:00
3523,5,138,SALE,-4,SALE,522,2026-08-08 20:41:00
3524,4,83,SALE,-1,SALE,2061,2026-06-16 19:51:00
3525,2,33,SALE,-1,SALE,3561,2026-07-05 10:13:00
3526,4,105,SALE,-3,SALE,616,2026-05-03 16:39:00
3527,5,169,SALE,-1,SALE,4244,2026-09-27 20:18:00
3528,1,232,SALE,-2,SALE,1966,2026-05-05 16:09:00
3529,5,64,SALE,-2,SALE,741,2026-05-06 14:52:00
3530,3,150,SALE,-1,SALE,356,2026-09-26 11:59:00
3531,3,103,SALE,-2,SALE,3605,2026-09-23 19:50:00
3532,5,153,SALE,-2,SALE,4539,2026-04-04 12:54:00
3533,1,10,SALE,-4,SALE,1277,2026-08-13 20:32:00
3534,2,16,SALE,-2,SALE,1883,2026-05-03 20:41:00
3535,2,216,SALE,-2,SALE,153,2026-07-04 13:01:00
3536,4,202,SALE,-1,SALE,2774,2026-07-01 09:54:00
3537,1,113,SALE,-4,SALE,1866,2026-08-20 16:31:00
3538,2,102,SALE,-4,SALE,9,2026-09-15 13:45:00
3539,1,168,SALE,-3,SALE,3606,2026-08-15 17:34:00
3540,3,183,SALE,-2,SALE,838,2026-08-08 18:50:00
3541,2,35,SALE,-2,SALE,2581,2026-05-10 17:25:00
3542,4,127,SALE,-3,SALE,2213,2026-04-02 19:11:00
3543,2,236,SALE,-2,SALE,1351,2026-05-27 20:12:00
3544,5,228,SALE,-1,SALE,4380,2026-07-23 18:09:00
3545,5,135,SALE,-3,SALE,4759,2026-09-09 11:38:00
3546,3,118,SALE,-2,SALE,356,2026-09-26 11:59:00
3547,2,155,SALE,-1,SALE,2336,2026-06-13 10:42:00
3548,3,107,SALE,-1,SALE,3856,2026-09-10 18:02:00
3549,1,176,SALE,-3,SALE,1466,2026-04-03 18:32:00
3550,4,147,SALE,-4,SALE,3626,2026-09-04 12:45:00
3551,3,38,SALE,-2,SALE,4420,2026-08-01 18:43:00
3552,5,151,SALE,-1,SALE,4167,2026-09-12 19:33:00
3553,2,195,SALE,-3,SALE,1610,2026-08-31 20:28:00
3554,4,122,SALE,-4,SALE,664,2026-04-25 18:33:00
3555,2,66,SALE,-3,SALE,904,2026-06-28 15:44:00
3556,3,137,SALE,-4,SALE,2329,2026-05-30 19:59:00
3557,5,115,SALE,-4,SALE,3505,2026-05-19 20:58:00
3558,2,172,SALE,-3,SALE,4953,2026-09-09 20:50:00
3559,5,127,SALE,-4,SALE,2331,2026-05-08 14:01:00
3560,4,104,SALE,-1,SALE,3011,2026-05-27 18:26:00
3561,1,186,SALE,-2,SALE,2767,2026-05-24 11:00:00
3562,1,114,SALE,-4,SALE,2624,2026-08-05 13:35:00
3563,2,135,SALE,-4,SALE,2801,2026-07-21 20:38:00
3564,4,76,SALE,-4,SALE,1341,2026-08-05 15:13:00
3565,1,50,SALE,-1,SALE,3923,2026-05-06 17:44:00
3566,3,36,SALE,-3,SALE,4116,2026-04-20 19:28:00
3567,5,166,SALE,-1,SALE,1256,2026-09-02 09:00:00
3568,2,181,SALE,-4,SALE,4450,2026-09-15 11:09:00
3569,2,118,SALE,-3,SALE,2353,2026-04-06 15:17:00
3570,2,144,SALE,-1,SALE,1118,2026-08-03 15:27:00
3571,3,189,SALE,-4,SALE,3102,2026-04-07 18:01:00
3572,3,42,SALE,-4,SALE,449,2026-04-26 11:58:00
3573,5,29,SALE,-1,SALE,3055,2026-05-23 09:30:00
3574,4,236,SALE,-4,SALE,4537,2026-04-23 10:09:00
3575,1,68,SALE,-3,SALE,615,2026-09-08 15:53:00
3576,1,173,SALE,-3,SALE,1856,2026-07-15 16:19:00
3577,5,130,SALE,-4,SALE,4841,2026-08-08 17:51:00
3578,3,64,SALE,-3,SALE,4214,2026-05-23 18:54:00
3579,4,173,SALE,-2,SALE,863,2026-09-02 20:12:00
3580,2,180,SALE,-2,SALE,3648,2026-07-30 20:08:00
3581,3,34,SALE,-2,SALE,4873,2026-06-27 16:39:00
3582,4,139,SALE,-1,SALE,2227,2026-06-22 13:57:00
3583,4,160,SALE,-3,SALE,2261,2026-04-07 16:10:00
3584,1,223,SALE,-1,SALE,4121,2026-05-22 20:42:00
3585,5,184,SALE,-3,SALE,4198,2026-08-09 20:18:00
3586,1,117,SALE,-1,SALE,4101,2026-08-24 15:48:00
3587,1,167,SALE,-4,SALE,2126,2026-08-07 18:43:00
3588,2,48,SALE,-1,SALE,1754,2026-08-15 14:59:00
3589,1,218,SALE,-2,SALE,787,2026-06-07 11:56:00
3590,1,110,SALE,-4,SALE,4934,2026-09-23 19:51:00
3591,1,151,SALE,-1,SALE,1595,2026-05-31 19:52:00
3592,4,17,SALE,-3,SALE,4191,2026-09-04 11:48:00
3593,2,17,SALE,-4,SALE,3883,2026-06-04 13:28:00
3594,3,87,SALE,-1,SALE,458,2026-09-01 19:23:00
3595,3,136,SALE,-3,SALE,3851,2026-05-07 12:35:00
3596,1,191,SALE,-3,SALE,316,2026-07-16 11:48:00
3597,2,45,SALE,-4,SALE,2603,2026-04-19 20:53:00
3598,5,174,SALE,-4,SALE,1982,2026-07-08 13:34:00
3599,1,223,SALE,-3,SALE,2657,2026-07-30 19:27:00
3600,5,186,SALE,-3,SALE,4237,2026-04-28 09:16:00
3601,5,43,SALE,-1,SALE,4124,2026-05-22 11:09:00
3602,1,16,SALE,-2,SALE,4598,2026-08-05 19:14:00
3603,3,196,SALE,-4,SALE,2659,2026-08-27 18:42:00
3604,4,130,SALE,-2,SALE,1093,2026-04-21 18:01:00
3605,5,36,SALE,-1,SALE,4105,2026-07-06 17:32:00
3606,2,52,SALE,-1,SALE,2422,2026-05-03 09:37:00
3607,3,231,SALE,-2,SALE,1757,2026-06-11 19:27:00
3608,1,91,SALE,-2,SALE,4442,2026-05-12 13:03:00
3609,3,224,SALE,-1,SALE,2116,2026-04-23 16:51:00
3610,5,120,SALE,-1,SALE,4793,2026-05-15 09:24:00
3611,2,145,SALE,-1,SALE,2268,2026-08-21 19:07:00
3612,3,229,SALE,-4,SALE,2688,2026-09-05 11:47:00
3613,3,66,SALE,-3,SALE,814,2026-06-08 09:02:00
3614,2,3,SALE,-2,SALE,4194,2026-06-30 12:04:00
3615,4,119,SALE,-1,SALE,4035,2026-06-26 20:44:00
3616,3,125,SALE,-4,SALE,2911,2026-06-15 18:36:00
3617,2,16,SALE,-3,SALE,4745,2026-06-17 17:23:00
3618,4,215,SALE,-2,SALE,2834,2026-09-05 17:57:00
3619,4,168,SALE,-2,SALE,1821,2026-09-05 18:42:00
3620,2,14,SALE,-3,SALE,1077,2026-04-01 13:58:00
3621,4,148,SALE,-4,SALE,2164,2026-08-25 15:14:00
3622,5,169,SALE,-1,SALE,400,2026-09-05 13:23:00
3623,3,61,SALE,-4,SALE,3997,2026-08-20 20:39:00
3624,2,59,SALE,-3,SALE,4042,2026-09-21 10:16:00
3625,2,148,SALE,-2,SALE,578,2026-07-31 13:35:00
3626,3,180,SALE,-4,SALE,186,2026-06-11 17:39:00
3627,4,18,SALE,-4,SALE,2095,2026-08-29 18:02:00
3628,5,64,SALE,-2,SALE,4174,2026-08-27 13:09:00
3629,5,78,SALE,-4,SALE,199,2026-08-21 19:50:00
3630,2,67,SALE,-4,SALE,3698,2026-07-05 20:28:00
3631,3,122,SALE,-4,SALE,1048,2026-08-13 18:49:00
3632,2,152,SALE,-4,SALE,1282,2026-07-03 12:15:00
3633,2,63,SALE,-4,SALE,4290,2026-09-28 18:54:00
3634,5,174,SALE,-1,SALE,1333,2026-07-14 19:44:00
3635,1,89,SALE,-2,SALE,3723,2026-07-23 19:42:00
3636,5,211,SALE,-2,SALE,1424,2026-09-01 20:09:00
3637,1,229,SALE,-2,SALE,3972,2026-05-12 16:53:00
3638,5,219,SALE,-4,SALE,1111,2026-07-05 18:19:00
3639,3,119,SALE,-3,SALE,2145,2026-04-12 14:07:00
3640,3,205,SALE,-1,SALE,3437,2026-08-03 14:26:00
3641,4,225,SALE,-2,SALE,1063,2026-05-24 18:12:00
3642,5,202,SALE,-2,SALE,4663,2026-05-15 13:01:00
3643,2,150,SALE,-4,SALE,2546,2026-06-25 17:49:00
3644,2,160,SALE,-3,SALE,1118,2026-08-03 15:27:00
3645,3,175,SALE,-3,SALE,4227,2026-06-01 18:34:00
3646,1,117,SALE,-3,SALE,3900,2026-06-08 18:43:00
3647,3,122,SALE,-1,SALE,1898,2026-08-06 10:23:00
3648,4,216,SALE,-1,SALE,3949,2026-07-01 10:48:00
3649,1,174,SALE,-1,SALE,4756,2026-06-16 16:23:00
3650,1,28,SALE,-4,SALE,1856,2026-07-15 16:19:00
3651,4,148,SALE,-3,SALE,3956,2026-05-02 20:36:00
3652,2,192,SALE,-2,SALE,2302,2026-06-06 09:24:00
3653,5,60,SALE,-4,SALE,3996,2026-05-21 10:35:00
3654,2,27,SALE,-3,SALE,1957,2026-06-04 15:26:00
3655,5,10,SALE,-2,SALE,900,2026-08-15 18:41:00
3656,3,11,SALE,-2,SALE,2924,2026-05-09 18:53:00
3657,2,151,SALE,-4,SALE,190,2026-07-04 19:33:00
3658,3,225,SALE,-3,SALE,499,2026-04-22 19:41:00
3659,2,65,SALE,-1,SALE,331,2026-04-06 19:27:00
3660,1,211,SALE,-2,SALE,2795,2026-04-12 17:08:00
3661,4,26,SALE,-2,SALE,658,2026-09-13 12:30:00
3662,2,57,SALE,-4,SALE,4826,2026-08-29 19:22:00
3663,4,87,SALE,-4,SALE,1032,2026-05-01 17:12:00
3664,3,136,SALE,-3,SALE,4300,2026-06-13 17:04:00
3665,2,61,SALE,-2,SALE,419,2026-09-24 13:39:00
3666,1,28,SALE,-1,SALE,2192,2026-09-08 17:18:00
3667,3,61,SALE,-4,SALE,2215,2026-09-23 13:31:00
3668,4,226,SALE,-1,SALE,707,2026-06-12 18:07:00
3669,4,34,SALE,-4,SALE,1476,2026-05-24 18:49:00
3670,2,54,SALE,-2,SALE,1189,2026-07-22 12:06:00
3671,1,153,SALE,-1,SALE,3908,2026-09-24 17:13:00
3672,4,155,SALE,-4,SALE,2095,2026-08-29 18:02:00
3673,2,236,SALE,-1,SALE,3140,2026-06-22 16:37:00
3674,3,27,SALE,-4,SALE,308,2026-04-12 10:34:00
3675,5,7,SALE,-3,SALE,3029,2026-07-26 18:44:00
3676,2,67,SALE,-3,SALE,3659,2026-06-25 19:09:00
3677,1,68,SALE,-1,SALE,1967,2026-09-01 20:13:00
3678,2,104,SALE,-1,SALE,3971,2026-09-04 18:11:00
3679,4,216,SALE,-4,SALE,4490,2026-05-27 15:17:00
3680,2,17,SALE,-2,SALE,661,2026-04-05 18:51:00
3681,3,164,SALE,-2,SALE,2757,2026-08-27 09:12:00
3682,3,60,SALE,-3,SALE,902,2026-08-10 19:46:00
3683,4,228,SALE,-3,SALE,3173,2026-04-08 15:40:00
3684,3,126,SALE,-4,SALE,2468,2026-08-09 20:01:00
3685,2,104,SALE,-2,SALE,4810,2026-09-23 10:51:00
3686,1,229,SALE,-3,SALE,1458,2026-08-07 16:58:00
3687,4,28,SALE,-2,SALE,944,2026-06-03 15:35:00
3688,1,127,SALE,-2,SALE,738,2026-09-08 19:29:00
3689,4,143,SALE,-2,SALE,4345,2026-05-04 12:30:00
3690,1,109,SALE,-1,SALE,2987,2026-06-18 20:29:00
3691,3,118,SALE,-2,SALE,2417,2026-04-11 09:57:00
3692,2,148,SALE,-4,SALE,1194,2026-09-10 14:59:00
3693,3,104,SALE,-3,SALE,775,2026-04-16 10:01:00
3694,2,211,SALE,-1,SALE,723,2026-09-19 12:52:00
3695,5,128,SALE,-2,SALE,1504,2026-06-25 20:31:00
3696,2,107,SALE,-4,SALE,749,2026-06-24 17:51:00
3697,1,115,SALE,-3,SALE,4015,2026-05-07 15:32:00
3698,1,84,SALE,-4,SALE,3813,2026-07-09 13:39:00
3699,1,170,SALE,-3,SALE,53,2026-07-16 11:10:00
3700,1,121,SALE,-1,SALE,3254,2026-07-14 17:31:00
3701,4,63,SALE,-1,SALE,2029,2026-04-28 18:05:00
3702,4,9,SALE,-3,SALE,3103,2026-05-23 11:58:00
3703,4,206,SALE,-4,SALE,3087,2026-05-02 18:30:00
3704,1,189,SALE,-2,SALE,1595,2026-05-31 19:52:00
3705,3,140,SALE,-4,SALE,2157,2026-05-11 10:15:00
3706,2,3,SALE,-2,SALE,2330,2026-09-20 09:08:00
3707,2,166,SALE,-3,SALE,9,2026-09-15 13:45:00
3708,2,176,SALE,-3,SALE,3170,2026-05-12 14:14:00
3709,2,139,SALE,-1,SALE,3873,2026-05-24 19:05:00
3710,2,112,SALE,-1,SALE,4058,2026-09-18 17:11:00
3711,4,64,SALE,-2,SALE,3098,2026-06-16 14:05:00
3712,1,127,SALE,-1,SALE,3405,2026-08-15 10:56:00
3713,3,11,SALE,-2,SALE,328,2026-04-22 19:26:00
3714,5,12,SALE,-1,SALE,3533,2026-04-25 12:52:00
3715,2,204,SALE,-2,SALE,219,2026-04-17 10:09:00
3716,3,82,SALE,-4,SALE,21,2026-08-16 10:08:00
3717,4,126,SALE,-4,SALE,1562,2026-09-20 10:27:00
3718,4,40,SALE,-3,SALE,1029,2026-04-27 19:48:00
3719,3,153,SALE,-3,SALE,1239,2026-05-10 17:12:00
3720,2,3,SALE,-4,SALE,1037,2026-06-14 17:04:00
3721,2,95,SALE,-3,SALE,2335,2026-04-13 13:46:00
3722,4,48,SALE,-1,SALE,3059,2026-05-19 19:11:00
3723,2,9,SALE,-3,SALE,800,2026-09-05 10:27:00
3724,3,135,SALE,-2,SALE,4943,2026-06-10 11:52:00
3725,3,183,SALE,-4,SALE,1027,2026-06-01 16:09:00
3726,3,34,SALE,-4,SALE,4379,2026-08-25 12:07:00
3727,3,117,SALE,-3,SALE,2442,2026-07-21 18:07:00
3728,4,118,SALE,-2,SALE,102,2026-09-04 16:11:00
3729,4,149,SALE,-1,SALE,1011,2026-07-24 14:24:00
3730,4,229,SALE,-4,SALE,3362,2026-04-21 17:34:00
3731,2,219,SALE,-2,SALE,2230,2026-04-15 20:57:00
3732,4,207,SALE,-2,SALE,1886,2026-08-29 12:02:00
3733,3,214,SALE,-2,SALE,4863,2026-04-15 19:29:00
3734,5,4,SALE,-1,SALE,393,2026-07-15 20:48:00
3735,5,210,SALE,-2,SALE,1111,2026-07-05 18:19:00
3736,5,224,SALE,-1,SALE,2187,2026-09-08 16:01:00
3737,5,139,SALE,-3,SALE,43,2026-08-17 11:13:00
3738,3,87,SALE,-1,SALE,1338,2026-09-03 16:09:00
3739,4,178,SALE,-4,SALE,2554,2026-05-05 14:07:00
3740,2,86,SALE,-4,SALE,339,2026-08-11 20:38:00
3741,4,16,SALE,-4,SALE,4729,2026-09-19 13:07:00
3742,5,188,SALE,-1,SALE,4438,2026-09-12 20:23:00
3743,4,150,SALE,-1,SALE,39,2026-09-26 19:01:00
3744,1,225,SALE,-1,SALE,2296,2026-06-17 14:25:00
3745,4,231,SALE,-1,SALE,571,2026-04-16 18:48:00
3746,4,129,SALE,-2,SALE,125,2026-05-12 10:13:00
3747,4,10,SALE,-2,SALE,3664,2026-05-18 11:17:00
3748,2,7,SALE,-1,SALE,2690,2026-07-13 12:13:00
3749,4,68,SALE,-3,SALE,4900,2026-08-25 20:56:00
3750,5,116,SALE,-2,SALE,4590,2026-07-14 15:10:00
3751,1,236,SALE,-4,SALE,4458,2026-05-22 20:00:00
3752,3,95,SALE,-4,SALE,4507,2026-06-30 19:57:00
3753,2,118,SALE,-1,SALE,2600,2026-05-30 09:29:00
3754,2,178,SALE,-3,SALE,1585,2026-05-21 11:29:00
3755,4,104,SALE,-1,SALE,2488,2026-07-22 20:48:00
3756,1,4,SALE,-3,SALE,849,2026-09-21 18:13:00
3757,5,125,SALE,-2,SALE,3998,2026-09-05 14:04:00
3758,2,109,SALE,-1,SALE,543,2026-06-03 18:42:00
3759,1,44,SALE,-2,SALE,1238,2026-08-16 11:00:00
3760,5,21,SALE,-2,SALE,1126,2026-06-03 18:59:00
3761,3,163,SALE,-2,SALE,3155,2026-05-22 17:53:00
3762,4,232,SALE,-1,SALE,2256,2026-08-05 09:41:00
3763,2,79,SALE,-2,SALE,4365,2026-08-15 19:45:00
3764,5,90,SALE,-4,SALE,2160,2026-07-05 20:57:00
3765,1,207,SALE,-4,SALE,3549,2026-07-21 17:44:00
3766,5,56,SALE,-3,SALE,4466,2026-06-16 14:57:00
3767,1,226,SALE,-1,SALE,4736,2026-09-28 10:36:00
3768,4,177,SALE,-1,SALE,3859,2026-09-14 09:40:00
3769,3,141,SALE,-4,SALE,3776,2026-08-26 10:57:00
3770,2,94,SALE,-3,SALE,5,2026-05-24 15:44:00
3771,2,29,SALE,-1,SALE,127,2026-05-24 11:05:00
3772,2,146,SALE,-3,SALE,4513,2026-09-15 20:40:00
3773,4,53,SALE,-2,SALE,3693,2026-06-20 10:22:00
3774,2,75,SALE,-2,SALE,2055,2026-05-26 17:29:00
3775,3,30,SALE,-1,SALE,3116,2026-07-31 11:18:00
3776,3,214,SALE,-1,SALE,2749,2026-09-08 13:07:00
3777,1,98,SALE,-1,SALE,4209,2026-08-06 10:39:00
3778,3,80,SALE,-2,SALE,2760,2026-06-21 12:50:00
3779,4,126,SALE,-3,SALE,2244,2026-05-22 14:41:00
3780,1,180,SALE,-1,SALE,4462,2026-06-10 20:25:00
3781,2,178,SALE,-1,SALE,2409,2026-05-08 18:33:00
3782,4,84,SALE,-2,SALE,104,2026-07-19 20:55:00
3783,2,119,SALE,-1,SALE,2446,2026-06-01 16:16:00
3784,4,66,SALE,-3,SALE,3244,2026-08-22 09:32:00
3785,2,10,SALE,-3,SALE,1587,2026-07-04 14:44:00
3786,1,43,SALE,-3,SALE,4997,2026-06-15 20:50:00
3787,4,39,SALE,-2,SALE,3357,2026-07-15 14:54:00
3788,5,48,SALE,-3,SALE,741,2026-05-06 14:52:00
3789,3,122,SALE,-1,SALE,1938,2026-07-22 15:04:00
3790,5,210,SALE,-2,SALE,2516,2026-08-04 18:05:00
3791,1,127,SALE,-3,SALE,3674,2026-08-19 12:40:00
3792,2,159,SALE,-1,SALE,4346,2026-05-25 18:54:00
3793,3,35,SALE,-4,SALE,1816,2026-08-21 10:41:00
3794,3,195,SALE,-4,SALE,359,2026-08-30 17:32:00
3795,1,144,SALE,-4,SALE,2138,2026-06-24 20:40:00
3796,3,83,SALE,-4,SALE,2953,2026-08-02 13:55:00
3797,2,112,SALE,-4,SALE,2628,2026-09-19 20:57:00
3798,5,18,SALE,-4,SALE,2967,2026-04-18 10:24:00
3799,4,7,SALE,-2,SALE,573,2026-05-07 20:48:00
3800,3,51,SALE,-4,SALE,4686,2026-09-23 10:03:00
3801,1,211,SALE,-3,SALE,2841,2026-08-05 10:26:00
3802,3,8,SALE,-2,SALE,320,2026-04-20 14:38:00
3803,1,234,SALE,-1,SALE,1448,2026-07-23 11:34:00
3804,4,4,SALE,-2,SALE,477,2026-08-13 16:11:00
3805,3,225,SALE,-2,SALE,2789,2026-07-23 09:42:00
3806,3,146,SALE,-3,SALE,2671,2026-07-01 10:43:00
3807,2,178,SALE,-1,SALE,1598,2026-07-12 12:09:00
3808,4,182,SALE,-1,SALE,2204,2026-07-13 15:32:00
3809,5,40,SALE,-4,SALE,1261,2026-09-17 10:51:00
3810,2,235,SALE,-1,SALE,1762,2026-08-07 16:00:00
3811,3,225,SALE,-1,SALE,4873,2026-06-27 16:39:00
3812,1,91,SALE,-4,SALE,3254,2026-07-14 17:31:00
3813,5,134,SALE,-4,SALE,1720,2026-04-03 12:19:00
3814,1,113,SALE,-2,SALE,768,2026-05-05 20:21:00
3815,1,13,SALE,-3,SALE,3016,2026-06-28 18:51:00
3816,4,122,SALE,-2,SALE,4791,2026-07-30 20:14:00
3817,3,83,SALE,-2,SALE,651,2026-08-06 16:42:00
3818,5,85,SALE,-3,SALE,2500,2026-08-30 16:13:00
3819,1,191,SALE,-4,SALE,2219,2026-05-15 15:03:00
3820,4,52,SALE,-3,SALE,390,2026-04-08 09:21:00
3821,4,127,SALE,-4,SALE,1122,2026-09-03 09:49:00
3822,2,140,SALE,-2,SALE,1340,2026-07-03 16:13:00
3823,1,122,SALE,-3,SALE,4994,2026-06-16 16:08:00
3824,4,85,SALE,-2,SALE,2998,2026-04-15 17:47:00
3825,4,100,SALE,-3,SALE,1463,2026-04-30 17:05:00
3826,5,199,SALE,-1,SALE,2933,2026-09-17 12:17:00
3827,5,75,SALE,-4,SALE,2965,2026-09-13 10:56:00
3828,5,216,SALE,-3,SALE,1044,2026-05-18 16:18:00
3829,2,37,SALE,-4,SALE,2747,2026-07-10 20:51:00
3830,4,108,SALE,-2,SALE,678,2026-04-06 14:49:00
3831,4,93,SALE,-2,SALE,1818,2026-08-04 16:12:00
3832,1,229,SALE,-3,SALE,2240,2026-05-23 20:56:00
3833,2,236,SALE,-4,SALE,3217,2026-04-05 14:15:00
3834,2,135,SALE,-4,SALE,1252,2026-04-22 14:40:00
3835,2,167,SALE,-2,SALE,885,2026-08-16 10:01:00
3836,4,57,SALE,-1,SALE,125,2026-05-12 10:13:00
3837,4,164,SALE,-4,SALE,4662,2026-09-26 11:18:00
3838,1,3,SALE,-4,SALE,4620,2026-06-20 10:09:00
3839,1,203,SALE,-4,SALE,20,2026-06-10 18:07:00
3840,3,21,SALE,-2,SALE,3574,2026-04-05 15:17:00
3841,1,26,SALE,-2,SALE,683,2026-05-26 15:56:00
3842,1,238,SALE,-3,SALE,4333,2026-05-23 15:03:00
3843,1,26,SALE,-2,SALE,4046,2026-07-15 16:33:00
3844,1,84,SALE,-1,SALE,240,2026-05-13 09:26:00
3845,3,189,SALE,-3,SALE,3136,2026-09-13 20:45:00
3846,5,203,SALE,-2,SALE,4696,2026-07-14 16:16:00
3847,1,189,SALE,-1,SALE,1277,2026-08-13 20:32:00
3848,3,36,SALE,-3,SALE,1625,2026-08-12 09:10:00
3849,4,106,SALE,-3,SALE,3061,2026-09-17 20:15:00
3850,4,166,SALE,-3,SALE,3931,2026-08-15 12:41:00
3851,1,224,SALE,-1,SALE,4961,2026-04-08 17:47:00
3852,2,29,SALE,-4,SALE,4327,2026-06-18 09:08:00
3853,4,16,SALE,-3,SALE,2947,2026-05-23 16:14:00
3854,3,88,SALE,-3,SALE,3264,2026-05-07 18:11:00
3855,2,92,SALE,-2,SALE,1480,2026-09-14 20:01:00
3856,1,52,SALE,-2,SALE,4012,2026-08-12 13:32:00
3857,2,157,SALE,-3,SALE,4256,2026-07-17 10:07:00
3858,2,42,SALE,-4,SALE,336,2026-07-05 11:35:00
3859,4,107,SALE,-3,SALE,2024,2026-06-23 14:53:00
3860,2,67,SALE,-4,SALE,1045,2026-05-12 18:11:00
3861,3,46,SALE,-4,SALE,3585,2026-04-10 14:18:00
3862,1,1,SALE,-3,SALE,3147,2026-08-20 20:50:00
3863,3,42,SALE,-4,SALE,2703,2026-07-17 13:57:00
3864,2,45,SALE,-3,SALE,217,2026-04-08 12:12:00
3865,4,81,SALE,-2,SALE,994,2026-06-26 16:30:00
3866,5,184,SALE,-4,SALE,2281,2026-07-09 18:20:00
3867,1,138,SALE,-4,SALE,4593,2026-05-06 15:15:00
3868,3,4,SALE,-3,SALE,4215,2026-04-19 15:38:00
3869,1,82,SALE,-2,SALE,2470,2026-07-13 14:28:00
3870,3,5,SALE,-3,SALE,780,2026-07-12 11:07:00
3871,4,89,SALE,-3,SALE,980,2026-08-28 16:36:00
3872,2,35,SALE,-2,SALE,3748,2026-08-29 11:57:00
3873,4,41,SALE,-3,SALE,700,2026-07-09 13:40:00
3874,2,126,SALE,-4,SALE,763,2026-04-12 13:48:00
3875,2,11,SALE,-4,SALE,1310,2026-05-24 10:40:00
3876,2,8,SALE,-2,SALE,465,2026-06-14 14:28:00
3877,3,70,SALE,-2,SALE,2021,2026-08-02 20:02:00
3878,5,111,SALE,-4,SALE,3830,2026-07-05 18:30:00
3879,4,77,SALE,-2,SALE,3750,2026-08-13 17:55:00
3880,5,119,SALE,-3,SALE,204,2026-05-16 20:00:00
3881,1,165,SALE,-1,SALE,1344,2026-05-27 16:43:00
3882,3,153,SALE,-4,SALE,770,2026-09-18 14:08:00
3883,3,70,SALE,-1,SALE,1986,2026-05-01 20:58:00
3884,3,62,SALE,-1,SALE,320,2026-04-20 14:38:00
3885,5,78,SALE,-1,SALE,174,2026-09-06 18:23:00
3886,1,140,SALE,-3,SALE,3544,2026-08-05 19:22:00
3887,5,175,SALE,-4,SALE,1455,2026-07-04 17:14:00
3888,4,117,SALE,-3,SALE,4343,2026-08-18 14:03:00
3889,5,64,SALE,-3,SALE,3128,2026-04-30 10:00:00
3890,5,120,SALE,-3,SALE,4055,2026-08-24 15:56:00
3891,5,123,SALE,-1,SALE,2088,2026-08-14 15:21:00
3892,4,67,SALE,-3,SALE,2248,2026-07-05 19:02:00
3893,2,11,SALE,-3,SALE,989,2026-05-05 14:16:00
3894,3,239,SALE,-3,SALE,2020,2026-09-23 13:24:00
3895,2,233,SALE,-1,SALE,4987,2026-09-10 12:17:00
3896,4,227,SALE,-1,SALE,1887,2026-07-03 12:31:00
3897,3,237,SALE,-4,SALE,542,2026-05-23 16:13:00
3898,1,21,SALE,-3,SALE,1858,2026-09-21 11:13:00
3899,2,196,SALE,-2,SALE,3360,2026-06-11 09:39:00
3900,5,164,SALE,-1,SALE,57,2026-04-12 14:22:00
3901,4,162,SALE,-3,SALE,2505,2026-09-22 10:35:00
3902,3,130,SALE,-2,SALE,1891,2026-09-07 14:53:00
3903,4,173,SALE,-1,SALE,2847,2026-09-04 10:57:00
3904,4,230,SALE,-3,SALE,829,2026-04-04 17:14:00
3905,5,211,SALE,-4,SALE,4984,2026-06-20 18:21:00
3906,3,38,SALE,-3,SALE,2677,2026-06-23 12:44:00
3907,3,36,SALE,-3,SALE,619,2026-09-16 12:49:00
3908,1,41,SALE,-4,SALE,3457,2026-09-21 18:22:00
3909,5,11,SALE,-4,SALE,4000,2026-04-05 13:49:00
3910,3,177,SALE,-3,SALE,3216,2026-04-16 18:24:00
3911,1,17,SALE,-3,SALE,4604,2026-06-28 20:08:00
3912,5,160,SALE,-3,SALE,4017,2026-04-15 19:19:00
3913,1,226,SALE,-1,SALE,535,2026-07-05 18:11:00
3914,5,65,SALE,-4,SALE,3641,2026-04-14 12:53:00
3915,3,205,SALE,-2,SALE,1819,2026-08-24 20:42:00
3916,1,168,SALE,-2,SALE,4447,2026-05-03 12:04:00
3917,5,83,SALE,-4,SALE,4135,2026-09-21 18:46:00
3918,4,82,SALE,-1,SALE,330,2026-05-10 16:09:00
3919,5,67,SALE,-2,SALE,3842,2026-09-28 10:27:00
3920,3,99,SALE,-1,SALE,4687,2026-04-25 11:40:00
3921,2,134,SALE,-3,SALE,3403,2026-05-27 12:08:00
3922,5,26,SALE,-4,SALE,2070,2026-07-24 18:52:00
3923,1,5,SALE,-2,SALE,4016,2026-04-02 10:11:00
3924,4,36,SALE,-4,SALE,2567,2026-06-21 20:54:00
3925,4,149,SALE,-2,SALE,3169,2026-06-23 20:54:00
3926,3,91,SALE,-3,SALE,3605,2026-09-23 19:50:00
3927,2,114,SALE,-4,SALE,4166,2026-05-07 20:04:00
3928,4,21,SALE,-2,SALE,341,2026-08-30 11:01:00
3929,3,150,SALE,-4,SALE,2869,2026-07-21 17:18:00
3930,1,86,SALE,-1,SALE,4599,2026-09-20 18:53:00
3931,5,60,SALE,-2,SALE,4019,2026-05-06 11:06:00
3932,2,222,SALE,-1,SALE,1941,2026-08-23 10:53:00
3933,3,70,SALE,-2,SALE,2189,2026-06-15 19:42:00
3934,2,86,SALE,-2,SALE,1017,2026-04-07 10:39:00
3935,1,195,SALE,-2,SALE,4276,2026-09-24 19:58:00
3936,3,221,SALE,-4,SALE,2611,2026-08-31 18:43:00
3937,3,87,SALE,-3,SALE,2864,2026-05-21 09:00:00
3938,5,53,SALE,-1,SALE,3743,2026-09-09 15:08:00
3939,1,84,SALE,-1,SALE,817,2026-09-10 12:02:00
3940,4,147,SALE,-4,SALE,761,2026-07-24 18:52:00
3941,1,166,SALE,-2,SALE,2289,2026-07-08 15:43:00
3942,5,111,SALE,-4,SALE,3842,2026-09-28 10:27:00
3943,3,30,SALE,-3,SALE,1307,2026-04-24 17:34:00
3944,5,213,SALE,-4,SALE,4078,2026-08-15 18:30:00
3945,3,151,SALE,-1,SALE,1681,2026-09-01 17:10:00
3946,3,182,SALE,-1,SALE,3661,2026-07-25 10:18:00
3947,3,16,SALE,-1,SALE,2849,2026-09-15 18:35:00
3948,1,235,SALE,-4,SALE,3082,2026-05-28 13:02:00
3949,5,125,SALE,-1,SALE,2364,2026-07-28 19:29:00
3950,1,14,SALE,-4,SALE,4026,2026-04-23 18:05:00
3951,1,220,SALE,-1,SALE,502,2026-07-16 17:28:00
3952,2,12,SALE,-1,SALE,2559,2026-08-09 16:07:00
3953,5,154,SALE,-3,SALE,388,2026-05-01 16:14:00
3954,5,41,SALE,-2,SALE,2477,2026-07-25 18:03:00
3955,1,11,SALE,-3,SALE,2890,2026-04-13 09:33:00
3956,2,232,SALE,-3,SALE,2494,2026-06-24 15:53:00
3957,2,49,SALE,-2,SALE,3884,2026-06-24 11:55:00
3958,5,9,SALE,-4,SALE,491,2026-08-10 14:01:00
3959,2,191,SALE,-3,SALE,3668,2026-06-13 10:14:00
3960,2,68,SALE,-2,SALE,802,2026-05-18 15:40:00
3961,4,83,SALE,-3,SALE,2982,2026-05-07 12:59:00
3962,4,195,SALE,-1,SALE,4349,2026-06-03 20:43:00
3963,3,7,SALE,-3,SALE,3736,2026-08-22 18:03:00
3964,3,49,SALE,-3,SALE,45,2026-07-15 13:28:00
3965,1,51,SALE,-3,SALE,4291,2026-05-13 16:43:00
3966,5,9,SALE,-4,SALE,3505,2026-05-19 20:58:00
3967,5,64,SALE,-1,SALE,1742,2026-06-06 11:04:00
3968,2,235,SALE,-4,SALE,4591,2026-04-08 18:46:00
3969,2,131,SALE,-3,SALE,3866,2026-06-05 15:01:00
3970,4,62,SALE,-2,SALE,3764,2026-07-17 19:27:00
3971,2,56,SALE,-4,SALE,2090,2026-05-04 17:43:00
3972,3,105,SALE,-4,SALE,3447,2026-09-20 19:46:00
3973,2,159,SALE,-1,SALE,3978,2026-07-05 14:08:00
3974,4,54,SALE,-4,SALE,80,2026-07-08 12:42:00
3975,3,15,SALE,-1,SALE,4136,2026-08-20 10:51:00
3976,5,48,SALE,-4,SALE,3685,2026-08-28 13:57:00
3977,3,181,SALE,-4,SALE,2314,2026-05-02 15:28:00
3978,2,117,SALE,-3,SALE,1803,2026-07-31 20:03:00
3979,1,32,SALE,-1,SALE,1431,2026-07-02 18:29:00
3980,3,48,SALE,-4,SALE,809,2026-04-14 09:44:00
3981,5,146,SALE,-3,SALE,1235,2026-07-09 18:18:00
3982,2,10,SALE,-4,SALE,2194,2026-08-06 20:40:00
3983,5,95,SALE,-4,SALE,2973,2026-06-12 20:40:00
3984,1,13,SALE,-1,SALE,567,2026-07-20 19:14:00
3985,4,23,SALE,-1,SALE,2519,2026-09-05 15:51:00
3986,4,132,SALE,-1,SALE,4891,2026-06-20 19:50:00
3987,1,86,SALE,-3,SALE,1444,2026-09-12 17:36:00
3988,4,56,SALE,-3,SALE,2735,2026-06-16 14:13:00
3989,2,59,SALE,-1,SALE,4614,2026-06-25 18:46:00
3990,3,16,SALE,-1,SALE,3943,2026-06-12 13:50:00
3991,5,56,SALE,-3,SALE,462,2026-04-13 14:36:00
3992,1,207,SALE,-1,SALE,1583,2026-09-25 12:03:00
3993,3,73,SALE,-4,SALE,16,2026-04-13 17:01:00
3994,2,11,SALE,-2,SALE,4401,2026-07-17 14:41:00
3995,4,45,SALE,-2,SALE,821,2026-04-23 20:38:00
3996,3,90,SALE,-3,SALE,1317,2026-08-22 09:04:00
3997,1,1,SALE,-4,SALE,4972,2026-08-31 15:12:00
3998,2,92,SALE,-4,SALE,3441,2026-09-20 18:47:00
3999,5,122,SALE,-3,SALE,4625,2026-08-27 20:06:00
4000,1,53,SALE,-4,SALE,3984,2026-09-16 17:52:00
4001,1,130,SALE,-3,SALE,4598,2026-08-05 19:14:00
4002,4,174,SALE,-1,SALE,3252,2026-09-07 13:16:00
4003,4,141,SALE,-4,SALE,1467,2026-08-11 11:59:00
4004,3,113,SALE,-4,SALE,4773,2026-08-16 20:22:00
4005,1,79,SALE,-2,SALE,2556,2026-09-24 15:15:00
4006,3,73,SALE,-1,SALE,266,2026-09-22 16:09:00
4007,4,155,SALE,-1,SALE,2561,2026-05-21 16:02:00
4008,3,54,SALE,-2,SALE,3997,2026-08-20 20:39:00
4009,1,32,SALE,-1,SALE,3979,2026-05-17 10:42:00
4010,2,229,SALE,-2,SALE,3971,2026-09-04 18:11:00
4011,3,66,SALE,-1,SALE,4899,2026-09-27 17:00:00
4012,1,99,SALE,-4,SALE,1540,2026-09-25 18:37:00
4013,3,47,SALE,-4,SALE,374,2026-08-24 19:29:00
4014,5,186,SALE,-1,SALE,2331,2026-05-08 14:01:00
4015,4,216,SALE,-4,SALE,2482,2026-06-09 17:33:00
4016,2,210,SALE,-1,SALE,4613,2026-07-22 18:33:00
4017,4,212,SALE,-4,SALE,4995,2026-08-27 17:44:00
4018,3,123,SALE,-1,SALE,1764,2026-06-14 13:39:00
4019,1,138,SALE,-1,SALE,2389,2026-08-24 15:40:00
4020,4,30,SALE,-2,SALE,3162,2026-04-14 20:30:00
4021,1,126,SALE,-2,SALE,2382,2026-06-15 11:34:00
4022,4,146,SALE,-3,SALE,985,2026-09-25 19:55:00
4023,1,173,SALE,-1,SALE,2129,2026-06-09 19:52:00
4024,2,218,SALE,-4,SALE,2824,2026-06-14 11:40:00
4025,4,86,SALE,-4,SALE,3640,2026-09-20 18:48:00
4026,3,216,SALE,-1,SALE,3656,2026-06-06 20:32:00
4027,3,130,SALE,-3,SALE,2084,2026-05-09 12:35:00
4028,3,39,SALE,-3,SALE,1090,2026-07-05 17:47:00
4029,4,219,SALE,-2,SALE,168,2026-06-01 15:05:00
4030,5,173,SALE,-3,SALE,2973,2026-06-12 20:40:00
4031,5,46,SALE,-4,SALE,1744,2026-08-19 19:34:00
4032,3,106,SALE,-2,SALE,147,2026-06-21 10:40:00
4033,5,126,SALE,-2,SALE,2246,2026-09-24 20:43:00
4034,3,227,SALE,-1,SALE,746,2026-05-26 20:11:00
4035,4,121,SALE,-3,SALE,4180,2026-06-19 18:10:00
4036,4,11,SALE,-2,SALE,3338,2026-05-13 09:07:00
4037,1,91,SALE,-1,SALE,2491,2026-07-08 14:01:00
4038,3,49,SALE,-2,SALE,306,2026-05-16 15:43:00
4039,4,236,SALE,-4,SALE,985,2026-09-25 19:55:00
4040,2,57,SALE,-2,SALE,4289,2026-04-20 14:14:00
4041,5,173,SALE,-3,SALE,457,2026-05-16 15:34:00
4042,3,151,SALE,-1,SALE,4018,2026-04-05 17:41:00
4043,5,83,SALE,-2,SALE,3031,2026-08-22 12:36:00
4044,2,161,SALE,-3,SALE,4652,2026-08-24 19:05:00
4045,2,124,SALE,-2,SALE,2725,2026-06-17 14:53:00
4046,4,108,SALE,-4,SALE,2900,2026-06-23 12:00:00
4047,3,71,SALE,-3,SALE,474,2026-09-24 16:21:00
4048,1,120,SALE,-2,SALE,1875,2026-04-05 10:32:00
4049,4,230,SALE,-1,SALE,4622,2026-05-30 15:12:00
4050,1,29,SALE,-4,SALE,3495,2026-07-26 20:32:00
4051,5,129,SALE,-2,SALE,2761,2026-06-18 09:42:00
4052,4,154,SALE,-2,SALE,1770,2026-08-11 14:28:00
4053,2,80,SALE,-3,SALE,2494,2026-06-24 15:53:00
4054,3,20,SALE,-2,SALE,1392,2026-04-24 12:58:00
4055,4,196,SALE,-1,SALE,2256,2026-08-05 09:41:00
4056,1,164,SALE,-2,SALE,3269,2026-09-21 20:56:00
4057,1,28,SALE,-1,SALE,2536,2026-09-27 14:19:00
4058,5,176,SALE,-2,SALE,282,2026-08-30 11:16:00
4059,5,118,SALE,-1,SALE,951,2026-07-15 16:15:00
4060,4,214,SALE,-2,SALE,2196,2026-07-04 13:05:00
4061,2,231,SALE,-1,SALE,4292,2026-09-17 13:00:00
4062,1,176,SALE,-2,SALE,2871,2026-04-09 17:27:00
4063,4,86,SALE,-1,SALE,1404,2026-09-04 14:05:00
4064,5,32,SALE,-2,SALE,1504,2026-06-25 20:31:00
4065,3,119,SALE,-2,SALE,1582,2026-09-04 17:21:00
4066,1,236,SALE,-4,SALE,1853,2026-07-05 09:46:00
4067,4,184,SALE,-4,SALE,2313,2026-04-18 15:55:00
4068,3,159,SALE,-3,SALE,1557,2026-08-16 09:11:00
4069,2,67,SALE,-2,SALE,2801,2026-07-21 20:38:00
4070,1,1,SALE,-4,SALE,3673,2026-07-24 09:05:00
4071,5,31,SALE,-2,SALE,1989,2026-06-01 09:03:00
4072,4,104,SALE,-3,SALE,4248,2026-09-23 15:24:00
4073,5,25,SALE,-3,SALE,2684,2026-06-03 19:20:00
4074,4,163,SALE,-3,SALE,2358,2026-04-14 13:54:00
4075,4,126,SALE,-3,SALE,4336,2026-06-24 14:06:00
4076,4,44,SALE,-4,SALE,229,2026-08-24 16:40:00
4077,4,10,SALE,-2,SALE,740,2026-09-06 14:43:00
4078,4,60,SALE,-3,SALE,2244,2026-05-22 14:41:00
4079,3,171,SALE,-1,SALE,3610,2026-06-15 18:17:00
4080,2,65,SALE,-2,SALE,4722,2026-05-25 15:00:00
4081,1,34,SALE,-4,SALE,632,2026-05-05 11:03:00
4082,1,155,SALE,-4,SALE,502,2026-07-16 17:28:00
4083,4,26,SALE,-4,SALE,2284,2026-09-03 11:22:00
4084,1,117,SALE,-1,SALE,1870,2026-08-11 14:54:00
4085,5,36,SALE,-3,SALE,4653,2026-08-18 12:03:00
4086,4,20,SALE,-1,SALE,2872,2026-04-21 16:31:00
4087,4,66,SALE,-1,SALE,3639,2026-05-08 18:02:00
4088,5,213,SALE,-3,SALE,3807,2026-06-19 11:41:00
4089,4,120,SALE,-2,SALE,492,2026-04-19 19:27:00
4090,5,82,SALE,-3,SALE,1644,2026-09-16 11:22:00
4091,4,234,SALE,-3,SALE,706,2026-08-20 20:55:00
4092,1,191,SALE,-1,SALE,518,2026-06-01 14:37:00
4093,4,200,SALE,-1,SALE,3087,2026-05-02 18:30:00
4094,2,201,SALE,-4,SALE,1222,2026-07-11 12:37:00
4095,3,45,SALE,-1,SALE,992,2026-06-14 09:16:00
4096,3,116,SALE,-2,SALE,1485,2026-05-29 20:09:00
4097,1,199,SALE,-2,SALE,2906,2026-07-13 16:29:00
4098,1,164,SALE,-3,SALE,4097,2026-06-05 18:36:00
4099,1,3,SALE,-1,SALE,3095,2026-07-16 11:40:00
4100,2,56,SALE,-1,SALE,1005,2026-06-24 09:56:00
4101,3,221,SALE,-2,SALE,1848,2026-09-24 19:52:00
4102,2,16,SALE,-4,SALE,2949,2026-09-05 18:27:00
4103,5,155,SALE,-3,SALE,715,2026-09-16 13:53:00
4104,4,18,SALE,-2,SALE,185,2026-04-03 20:51:00
4105,2,193,SALE,-4,SALE,332,2026-04-14 10:57:00
4106,2,219,SALE,-2,SALE,5,2026-05-24 15:44:00
4107,2,181,SALE,-4,SALE,756,2026-04-07 17:10:00
4108,5,199,SALE,-4,SALE,3724,2026-09-14 17:36:00
4109,3,165,SALE,-3,SALE,2590,2026-05-11 20:39:00
4110,1,15,SALE,-3,SALE,401,2026-09-11 17:13:00
4111,4,152,SALE,-1,SALE,4998,2026-09-13 12:57:00
4112,3,233,SALE,-4,SALE,1135,2026-08-21 16:00:00
4113,5,31,SALE,-2,SALE,4948,2026-08-18 19:44:00
4114,3,38,SALE,-4,SALE,2260,2026-07-20 17:17:00
4115,2,227,SALE,-3,SALE,3257,2026-08-13 20:12:00
4116,1,193,SALE,-2,SALE,2081,2026-08-20 20:10:00
4117,3,37,SALE,-2,SALE,3821,2026-08-31 13:18:00
4118,3,154,SALE,-2,SALE,628,2026-05-14 12:54:00
4119,5,223,SALE,-2,SALE,1265,2026-04-25 10:49:00
4120,3,118,SALE,-2,SALE,2534,2026-07-16 15:19:00
4121,3,39,SALE,-2,SALE,164,2026-05-13 14:47:00
4122,4,167,SALE,-2,SALE,3011,2026-05-27 18:26:00
4123,5,31,SALE,-1,SALE,2287,2026-09-26 15:43:00
4124,4,98,SALE,-3,SALE,2513,2026-05-25 11:54:00
4125,2,56,SALE,-3,SALE,4601,2026-07-01 19:42:00
4126,4,93,SALE,-2,SALE,368,2026-08-26 20:44:00
4127,5,158,SALE,-1,SALE,1799,2026-05-04 16:01:00
4128,3,142,SALE,-3,SALE,2221,2026-09-18 19:36:00
4129,5,67,SALE,-1,SALE,789,2026-04-19 17:59:00
4130,5,91,SALE,-4,SALE,4174,2026-08-27 13:09:00
4131,3,223,SALE,-4,SALE,2924,2026-05-09 18:53:00
4132,5,85,SALE,-4,SALE,2682,2026-08-18 12:25:00
4133,4,133,SALE,-1,SALE,4597,2026-08-26 17:37:00
4134,1,24,SALE,-4,SALE,2296,2026-06-17 14:25:00
4135,3,64,SALE,-1,SALE,1898,2026-08-06 10:23:00
4136,2,219,SALE,-3,SALE,1771,2026-08-10 11:27:00
4137,1,113,SALE,-4,SALE,4264,2026-08-24 19:34:00
4138,1,91,SALE,-3,SALE,498,2026-07-17 15:54:00
4139,1,157,SALE,-3,SALE,4104,2026-06-16 16:03:00
4140,3,100,SALE,-3,SALE,2665,2026-07-19 10:27:00
4141,5,134,SALE,-2,SALE,900,2026-08-15 18:41:00
4142,5,15,SALE,-3,SALE,702,2026-09-24 14:02:00
4143,5,20,SALE,-4,SALE,1335,2026-05-31 11:02:00
4144,2,94,SALE,-4,SALE,4140,2026-09-17 20:22:00
4145,1,132,SALE,-3,SALE,1842,2026-06-18 15:39:00
4146,1,86,SALE,-1,SALE,1860,2026-06-01 09:52:00
4147,5,39,SALE,-1,SALE,3830,2026-07-05 18:30:00
4148,1,77,SALE,-4,SALE,3249,2026-09-11 12:28:00
4149,3,165,SALE,-3,SALE,2215,2026-09-23 13:31:00
4150,3,107,SALE,-4,SALE,3858,2026-08-09 10:25:00
4151,1,200,SALE,-1,SALE,3880,2026-07-23 12:25:00
4152,2,155,SALE,-3,SALE,279,2026-09-16 19:52:00
4153,5,20,SALE,-1,SALE,4066,2026-06-29 09:50:00
4154,4,30,SALE,-4,SALE,2627,2026-09-28 17:34:00
4155,4,181,SALE,-4,SALE,2043,2026-06-23 19:14:00
4156,1,142,SALE,-1,SALE,4304,2026-06-09 11:13:00
4157,1,184,SALE,-2,SALE,567,2026-07-20 19:14:00
4158,4,225,SALE,-3,SALE,3765,2026-08-31 19:47:00
4159,2,26,SALE,-3,SALE,3526,2026-09-20 11:38:00
4160,5,218,SALE,-4,SALE,55,2026-09-24 18:59:00
4161,3,99,SALE,-4,SALE,1068,2026-08-09 19:58:00
4162,1,112,SALE,-3,SALE,2186,2026-09-10 14:40:00
4163,5,152,SALE,-4,SALE,2861,2026-06-30 09:52:00
4164,3,3,SALE,-2,SALE,613,2026-04-04 10:33:00
4165,1,234,SALE,-3,SALE,3562,2026-09-26 10:23:00
4166,4,62,SALE,-4,SALE,271,2026-07-13 12:02:00
4167,4,194,SALE,-1,SALE,616,2026-05-03 16:39:00
4168,3,9,SALE,-1,SALE,3481,2026-07-15 18:21:00
4169,2,80,SALE,-3,SALE,1386,2026-06-10 15:27:00
4170,1,134,SALE,-4,SALE,3123,2026-09-02 18:27:00
4171,4,14,SALE,-4,SALE,1129,2026-04-06 17:58:00
4172,3,170,SALE,-1,SALE,4062,2026-08-31 12:35:00
4173,3,5,SALE,-2,SALE,3294,2026-07-18 16:43:00
4174,1,6,SALE,-4,SALE,1573,2026-07-23 13:34:00
4175,2,50,SALE,-2,SALE,27,2026-05-30 17:24:00
4176,4,226,SALE,-4,SALE,4030,2026-06-08 16:18:00
4177,4,145,SALE,-1,SALE,2100,2026-05-02 17:20:00
4178,5,100,SALE,-3,SALE,2124,2026-09-24 20:20:00
4179,1,48,SALE,-3,SALE,3463,2026-05-12 10:01:00
4180,3,179,SALE,-4,SALE,2796,2026-05-25 15:09:00
4181,1,177,SALE,-1,SALE,4942,2026-09-04 17:49:00
4182,4,95,SALE,-2,SALE,4693,2026-09-24 13:00:00
4183,3,188,SALE,-3,SALE,2846,2026-08-10 11:08:00
4184,1,237,SALE,-1,SALE,2278,2026-06-30 16:54:00
4185,4,42,SALE,-3,SALE,3992,2026-07-23 15:56:00
4186,5,63,SALE,-3,SALE,453,2026-05-25 16:42:00
4187,5,41,SALE,-3,SALE,3057,2026-04-30 19:02:00
4188,2,236,SALE,-4,SALE,3097,2026-04-27 17:37:00
4189,4,71,SALE,-4,SALE,2342,2026-05-06 13:30:00
4190,5,120,SALE,-2,SALE,1560,2026-05-13 19:16:00
4191,1,213,SALE,-1,SALE,1712,2026-05-01 17:27:00
4192,5,205,SALE,-1,SALE,1519,2026-06-19 15:06:00
4193,2,148,SALE,-2,SALE,4563,2026-08-27 10:19:00
4194,5,51,SALE,-4,SALE,1335,2026-05-31 11:02:00
4195,2,143,SALE,-4,SALE,4219,2026-05-25 17:18:00
4196,4,36,SALE,-3,SALE,431,2026-07-18 16:10:00
4197,1,237,SALE,-4,SALE,2300,2026-04-14 10:57:00
4198,4,134,SALE,-3,SALE,4662,2026-09-26 11:18:00
4199,3,151,SALE,-3,SALE,1557,2026-08-16 09:11:00
4200,2,237,SALE,-3,SALE,543,2026-06-03 18:42:00
4201,3,113,SALE,-3,SALE,283,2026-09-03 15:45:00
4202,1,20,SALE,-1,SALE,235,2026-08-05 15:48:00
4203,1,162,SALE,-4,SALE,3636,2026-08-11 19:38:00
4204,4,173,SALE,-4,SALE,2099,2026-09-14 11:16:00
4205,4,17,SALE,-1,SALE,2229,2026-07-18 13:00:00
4206,1,52,SALE,-1,SALE,4294,2026-08-28 11:08:00
4207,2,144,SALE,-2,SALE,319,2026-09-06 09:14:00
4208,2,53,SALE,-3,SALE,3751,2026-09-27 16:20:00
4209,4,140,SALE,-2,SALE,4212,2026-09-04 10:29:00
4210,3,45,SALE,-2,SALE,1918,2026-04-17 13:06:00
4211,4,140,SALE,-2,SALE,3054,2026-06-27 18:39:00
4212,1,65,SALE,-1,SALE,2343,2026-06-10 20:58:00
4213,5,205,SALE,-4,SALE,876,2026-06-24 16:25:00
4214,1,144,SALE,-2,SALE,1292,2026-04-09 11:25:00
4215,1,87,SALE,-2,SALE,1137,2026-05-05 09:38:00
4216,2,21,SALE,-4,SALE,2075,2026-04-27 19:00:00
4217,1,207,SALE,-4,SALE,982,2026-06-03 13:11:00
4218,2,213,SALE,-4,SALE,4403,2026-07-14 12:30:00
4219,3,76,SALE,-4,SALE,4550,2026-09-16 15:35:00
4220,2,104,SALE,-3,SALE,3800,2026-05-05 11:55:00
4221,3,123,SALE,-3,SALE,364,2026-04-01 10:11:00
4222,3,5,SALE,-4,SALE,3401,2026-08-23 17:36:00
4223,1,23,SALE,-2,SALE,1076,2026-05-14 11:15:00
4224,4,89,SALE,-3,SALE,4608,2026-04-06 17:11:00
4225,5,44,SALE,-1,SALE,1332,2026-05-25 20:19:00
4226,2,25,SALE,-4,SALE,3873,2026-05-24 19:05:00
4227,3,3,SALE,-4,SALE,4034,2026-09-15 17:39:00
4228,3,158,SALE,-1,SALE,4224,2026-05-08 18:09:00
4229,3,83,SALE,-1,SALE,1305,2026-08-01 16:29:00
4230,3,101,SALE,-3,SALE,1161,2026-08-26 18:34:00
4231,5,186,SALE,-4,SALE,4167,2026-09-12 19:33:00
4232,1,238,SALE,-2,SALE,97,2026-05-11 09:56:00
4233,3,157,SALE,-1,SALE,3794,2026-04-15 16:22:00
4234,4,54,SALE,-4,SALE,979,2026-09-24 14:32:00
4235,5,101,SALE,-4,SALE,4019,2026-05-06 11:06:00
4236,5,59,SALE,-4,SALE,1172,2026-04-05 16:12:00
4237,1,179,SALE,-3,SALE,4585,2026-09-17 20:29:00
4238,4,169,SALE,-4,SALE,211,2026-09-06 15:14:00
4239,2,107,SALE,-1,SALE,1833,2026-06-17 14:58:00
4240,2,224,SALE,-4,SALE,800,2026-09-05 10:27:00
4241,4,167,SALE,-4,SALE,2561,2026-05-21 16:02:00
4242,1,191,SALE,-2,SALE,2072,2026-04-11 10:30:00
4243,4,164,SALE,-3,SALE,3440,2026-07-04 15:37:00
4244,1,156,SALE,-1,SALE,1901,2026-08-18 20:01:00
4245,4,119,SALE,-1,SALE,4914,2026-08-04 17:23:00
4246,1,124,SALE,-3,SALE,4145,2026-07-12 10:13:00
4247,2,236,SALE,-4,SALE,2738,2026-06-15 18:38:00
4248,5,17,SALE,-2,SALE,1790,2026-08-29 15:24:00
4249,3,120,SALE,-1,SALE,3952,2026-07-02 13:33:00
4250,2,24,SALE,-2,SALE,427,2026-09-15 18:30:00
4251,5,194,SALE,-4,SALE,1742,2026-06-06 11:04:00
4252,4,186,SALE,-2,SALE,553,2026-06-26 14:42:00
4253,3,61,SALE,-2,SALE,4763,2026-05-19 19:06:00
4254,3,152,SALE,-3,SALE,2852,2026-05-18 15:46:00
4255,5,33,SALE,-1,SALE,1242,2026-07-28 17:15:00
4256,1,4,SALE,-4,SALE,1247,2026-05-10 17:38:00
4257,4,17,SALE,-3,SALE,2099,2026-09-14 11:16:00
4258,5,31,SALE,-1,SALE,2082,2026-04-29 16:55:00
4259,1,170,SALE,-2,SALE,3552,2026-08-21 10:55:00
4260,3,218,SALE,-3,SALE,4067,2026-04-03 20:05:00
4261,3,60,SALE,-3,SALE,3006,2026-09-09 10:53:00
4262,3,93,SALE,-1,SALE,2136,2026-07-25 11:29:00
4263,5,69,SALE,-2,SALE,3599,2026-04-07 20:59:00
4264,3,178,SALE,-4,SALE,1757,2026-06-11 19:27:00
4265,2,234,SALE,-2,SALE,3905,2026-04-06 15:25:00
4266,1,212,SALE,-1,SALE,3190,2026-04-07 17:56:00
4267,5,233,SALE,-2,SALE,4935,2026-08-05 14:42:00
4268,2,209,SALE,-4,SALE,2574,2026-06-21 20:59:00
4269,5,197,SALE,-3,SALE,2837,2026-05-14 13:09:00
4270,5,125,SALE,-4,SALE,192,2026-07-05 13:23:00
4271,4,73,SALE,-4,SALE,160,2026-07-20 12:38:00
4272,3,208,SALE,-2,SALE,2183,2026-06-02 20:58:00
4273,1,159,SALE,-3,SALE,363,2026-04-17 17:06:00
4274,2,105,SALE,-4,SALE,1988,2026-07-03 10:10:00
4275,2,215,SALE,-2,SALE,3884,2026-06-24 11:55:00
4276,5,182,SALE,-4,SALE,521,2026-05-18 15:12:00
4277,1,74,SALE,-1,SALE,4181,2026-08-04 20:03:00
4278,3,140,SALE,-3,SALE,4755,2026-07-26 18:26:00
4279,3,43,SALE,-4,SALE,2966,2026-05-26 16:13:00
4280,4,217,SALE,-4,SALE,4537,2026-04-23 10:09:00
4281,4,120,SALE,-2,SALE,329,2026-07-29 16:41:00
4282,5,92,SALE,-1,SALE,4206,2026-08-18 16:34:00
4283,1,129,SALE,-1,SALE,4865,2026-05-11 12:55:00
4284,3,59,SALE,-2,SALE,2547,2026-09-03 10:03:00
4285,5,176,SALE,-3,SALE,702,2026-09-24 14:02:00
4286,1,10,SALE,-1,SALE,4484,2026-05-05 16:50:00
4287,3,200,SALE,-2,SALE,4515,2026-04-08 14:46:00
4288,1,7,SALE,-1,SALE,3314,2026-09-01 11:37:00
4289,1,203,SALE,-4,SALE,156,2026-09-12 11:40:00
4290,5,157,SALE,-1,SALE,4244,2026-09-27 20:18:00
4291,1,190,SALE,-3,SALE,1331,2026-06-14 14:54:00
4292,3,46,SALE,-2,SALE,4687,2026-04-25 11:40:00
4293,1,179,SALE,-3,SALE,84,2026-09-02 11:24:00
4294,4,11,SALE,-3,SALE,1379,2026-06-02 15:28:00
4295,2,26,SALE,-2,SALE,645,2026-05-11 18:20:00
4296,1,165,SALE,-2,SALE,2674,2026-08-20 17:26:00
4297,2,9,SALE,-3,SALE,3455,2026-06-02 09:17:00
4298,4,53,SALE,-2,SALE,2407,2026-05-14 11:00:00
4299,5,23,SALE,-2,SALE,1548,2026-06-04 20:39:00
4300,3,74,SALE,-2,SALE,2233,2026-06-21 11:04:00
4301,4,107,SALE,-2,SALE,1089,2026-07-25 19:54:00
4302,5,196,SALE,-4,SALE,4014,2026-07-01 16:07:00
4303,4,214,SALE,-1,SALE,4575,2026-04-20 16:15:00
4304,1,120,SALE,-3,SALE,1381,2026-05-09 09:55:00
4305,5,228,SALE,-1,SALE,1724,2026-05-08 18:17:00
4306,5,236,SALE,-1,SALE,1286,2026-06-21 11:44:00
4307,3,147,SALE,-3,SALE,663,2026-04-11 09:28:00
4308,3,152,SALE,-2,SALE,4473,2026-04-23 10:54:00
4309,3,131,SALE,-3,SALE,2646,2026-06-06 09:14:00
4310,1,122,SALE,-2,SALE,440,2026-07-30 18:40:00
4311,2,42,SALE,-3,SALE,1367,2026-04-06 18:55:00
4312,4,219,SALE,-1,SALE,4575,2026-04-20 16:15:00
4313,4,63,SALE,-4,SALE,4788,2026-04-20 09:55:00
4314,4,108,SALE,-2,SALE,4635,2026-09-12 20:38:00
4315,5,9,SALE,-4,SALE,4153,2026-08-03 15:15:00
4316,5,219,SALE,-1,SALE,4206,2026-08-18 16:34:00
4317,1,149,SALE,-4,SALE,3874,2026-06-10 18:09:00
4318,4,20,SALE,-2,SALE,2891,2026-06-02 16:46:00
4319,4,38,SALE,-2,SALE,3789,2026-08-10 12:57:00
4320,1,108,SALE,-4,SALE,1385,2026-06-18 18:48:00
4321,1,140,SALE,-4,SALE,922,2026-07-22 20:26:00
4322,4,4,SALE,-2,SALE,3663,2026-04-28 11:59:00
4323,4,49,SALE,-2,SALE,2977,2026-07-23 13:58:00
4324,4,149,SALE,-1,SALE,672,2026-06-04 20:08:00
4325,2,29,SALE,-2,SALE,255,2026-09-28 11:12:00
4326,2,171,SALE,-4,SALE,3883,2026-06-04 13:28:00
4327,1,182,SALE,-4,SALE,4098,2026-06-07 16:03:00
4328,4,181,SALE,-2,SALE,4640,2026-04-06 13:55:00
4329,2,79,SALE,-2,SALE,2546,2026-06-25 17:49:00
4330,4,64,SALE,-2,SALE,292,2026-08-03 10:48:00
4331,2,34,SALE,-1,SALE,2209,2026-08-05 17:40:00
4332,2,177,SALE,-3,SALE,4313,2026-06-30 20:19:00
4333,4,200,SALE,-4,SALE,796,2026-08-18 11:00:00
4334,2,28,SALE,-3,SALE,1726,2026-08-23 19:57:00
4335,3,78,SALE,-4,SALE,381,2026-08-23 15:00:00
4336,4,191,SALE,-4,SALE,1700,2026-05-30 17:28:00
4337,5,146,SALE,-1,SALE,4319,2026-04-03 10:11:00
4338,3,71,SALE,-4,SALE,4695,2026-06-08 19:49:00
4339,4,152,SALE,-1,SALE,898,2026-08-24 19:05:00
4340,3,166,SALE,-4,SALE,381,2026-08-23 15:00:00
4341,1,10,SALE,-3,SALE,3041,2026-06-29 18:15:00
4342,4,230,SALE,-1,SALE,4509,2026-06-05 17:17:00
4343,1,223,SALE,-1,SALE,2788,2026-08-17 20:30:00
4344,5,81,SALE,-3,SALE,1989,2026-06-01 09:03:00
4345,3,64,SALE,-1,SALE,4531,2026-09-03 13:44:00
4346,3,209,SALE,-1,SALE,2846,2026-08-10 11:08:00
4347,3,165,SALE,-4,SALE,650,2026-06-01 20:30:00
4348,3,170,SALE,-3,SALE,417,2026-04-26 20:50:00
4349,4,51,SALE,-3,SALE,18,2026-06-03 15:49:00
4350,1,227,SALE,-1,SALE,755,2026-04-24 09:24:00
4351,2,197,SALE,-3,SALE,2804,2026-04-23 17:38:00
4352,3,101,SALE,-1,SALE,3581,2026-07-23 14:27:00
4353,3,103,SALE,-4,SALE,2348,2026-05-08 16:14:00
4354,3,116,SALE,-3,SALE,2523,2026-07-17 16:12:00
4355,4,161,SALE,-1,SALE,2844,2026-08-31 13:27:00
4356,2,149,SALE,-3,SALE,2969,2026-08-25 15:02:00
4357,5,35,SALE,-1,SALE,2809,2026-08-25 20:01:00
4358,3,127,SALE,-4,SALE,176,2026-09-09 20:27:00
4359,1,237,SALE,-2,SALE,4455,2026-05-02 10:23:00
4360,5,6,SALE,-3,SALE,3777,2026-07-25 16:05:00
4361,4,59,SALE,-3,SALE,4037,2026-04-21 20:13:00
4362,1,167,SALE,-4,SALE,3712,2026-09-20 10:55:00
4363,1,174,SALE,-1,SALE,136,2026-09-21 09:11:00
4364,5,212,SALE,-1,SALE,690,2026-06-06 14:35:00
4365,3,173,SALE,-2,SALE,458,2026-09-01 19:23:00
4366,4,77,SALE,-2,SALE,2774,2026-07-01 09:54:00
4367,5,240,SALE,-4,SALE,726,2026-05-20 12:12:00
4368,5,173,SALE,-1,SALE,4051,2026-04-27 14:12:00
4369,2,34,SALE,-4,SALE,2717,2026-08-27 10:25:00
4370,3,31,SALE,-3,SALE,3000,2026-07-20 12:20:00
4371,2,6,SALE,-2,SALE,2494,2026-06-24 15:53:00
4372,3,194,SALE,-3,SALE,4968,2026-06-02 14:25:00
4373,5,9,SALE,-1,SALE,3050,2026-05-24 15:32:00
4374,2,171,SALE,-1,SALE,4627,2026-07-21 10:42:00
4375,2,120,SALE,-4,SALE,4323,2026-08-01 18:13:00
4376,3,81,SALE,-4,SALE,3584,2026-08-24 19:39:00
4377,1,137,SALE,-1,SALE,4740,2026-07-06 19:25:00
4378,3,168,SALE,-3,SALE,1731,2026-07-05 20:08:00
4379,1,170,SALE,-4,SALE,4970,2026-09-22 17:02:00
4380,3,51,SALE,-4,SALE,2590,2026-05-11 20:39:00
4381,3,171,SALE,-1,SALE,4684,2026-05-16 16:55:00
4382,5,105,SALE,-1,SALE,1666,2026-04-08 20:38:00
4383,2,23,SALE,-4,SALE,3106,2026-07-03 10:26:00
4384,2,144,SALE,-2,SALE,3978,2026-07-05 14:08:00
4385,5,67,SALE,-1,SALE,3371,2026-07-16 20:04:00
4386,2,126,SALE,-2,SALE,2385,2026-08-09 12:01:00
4387,5,94,SALE,-2,SALE,2158,2026-07-15 10:30:00
4388,1,62,SALE,-4,SALE,2626,2026-05-07 09:32:00
4389,1,166,SALE,-2,SALE,1437,2026-04-10 15:29:00
4390,1,95,SALE,-4,SALE,3245,2026-08-25 10:23:00
4391,2,117,SALE,-4,SALE,2963,2026-06-15 14:21:00
4392,4,220,SALE,-2,SALE,2947,2026-05-23 16:14:00
4393,4,71,SALE,-1,SALE,4933,2026-09-28 15:44:00
4394,4,208,SALE,-4,SALE,4806,2026-08-21 18:19:00
4395,3,90,SALE,-4,SALE,1075,2026-08-28 15:10:00
4396,5,104,SALE,-1,SALE,70,2026-08-21 10:52:00
4397,5,133,SALE,-3,SALE,4779,2026-09-05 12:03:00
4398,1,195,SALE,-1,SALE,4689,2026-08-24 11:13:00
4399,4,136,SALE,-2,SALE,1101,2026-05-27 19:07:00
4400,2,67,SALE,-2,SALE,532,2026-06-04 16:05:00
4401,4,4,SALE,-2,SALE,4608,2026-04-06 17:11:00
4402,5,188,SALE,-1,SALE,2591,2026-09-12 18:23:00
4403,4,84,SALE,-3,SALE,420,2026-05-27 10:56:00
4404,2,209,SALE,-4,SALE,4721,2026-08-31 15:47:00
4405,4,96,SALE,-3,SALE,700,2026-07-09 13:40:00
4406,4,87,SALE,-4,SALE,4522,2026-04-30 09:31:00
4407,2,50,SALE,-4,SALE,3075,2026-04-10 10:03:00
4408,1,43,SALE,-2,SALE,1494,2026-08-31 09:50:00
4409,2,61,SALE,-4,SALE,2178,2026-07-01 11:28:00
4410,1,36,SALE,-2,SALE,1858,2026-09-21 11:13:00
4411,4,206,SALE,-3,SALE,2799,2026-06-12 13:16:00
4412,2,217,SALE,-4,SALE,4088,2026-05-11 17:39:00
4413,1,144,SALE,-2,SALE,4027,2026-05-22 12:54:00
4414,2,85,SALE,-2,SALE,4129,2026-08-16 10:36:00
4415,4,43,SALE,-2,SALE,593,2026-06-23 16:25:00
4416,4,117,SALE,-4,SALE,3338,2026-05-13 09:07:00
4417,2,226,SALE,-1,SALE,2428,2026-09-02 19:27:00
4418,1,167,SALE,-1,SALE,1171,2026-09-05 13:17:00
4419,4,124,SALE,-1,SALE,1429,2026-06-21 18:57:00
4420,3,24,SALE,-3,SALE,31,2026-08-28 12:14:00
4421,5,216,SALE,-1,SALE,972,2026-08-12 11:33:00
4422,2,77,SALE,-3,SALE,450,2026-07-05 18:21:00
4423,1,240,SALE,-2,SALE,3768,2026-08-13 17:52:00
4424,1,136,SALE,-4,SALE,1466,2026-04-03 18:32:00
4425,1,195,SALE,-1,SALE,990,2026-07-28 11:00:00
4426,1,166,SALE,-1,SALE,2186,2026-09-10 14:40:00
4427,1,109,SALE,-3,SALE,962,2026-09-11 11:40:00
4428,1,124,SALE,-2,SALE,312,2026-05-17 15:22:00
4429,1,6,SALE,-1,SALE,3135,2026-07-28 09:40:00
4430,1,176,SALE,-1,SALE,2604,2026-04-11 19:54:00
4431,2,207,SALE,-4,SALE,2447,2026-09-20 16:45:00
4432,4,69,SALE,-3,SALE,338,2026-07-05 12:32:00
4433,5,172,SALE,-1,SALE,3590,2026-05-31 14:05:00
4434,2,195,SALE,-4,SALE,2964,2026-06-12 09:43:00
4435,3,48,SALE,-2,SALE,2961,2026-05-16 15:34:00
4436,1,87,SALE,-4,SALE,660,2026-06-09 11:07:00
4437,5,9,SALE,-3,SALE,3521,2026-05-21 15:51:00
4438,4,68,SALE,-4,SALE,1405,2026-08-20 09:11:00
4439,4,185,SALE,-1,SALE,1047,2026-09-02 11:13:00
4440,3,43,SALE,-1,SALE,4669,2026-08-06 19:51:00
4441,2,234,SALE,-1,SALE,1767,2026-05-21 12:01:00
4442,4,7,SALE,-4,SALE,3532,2026-07-27 19:06:00
4443,1,117,SALE,-2,SALE,3139,2026-06-03 17:57:00
4444,1,223,SALE,-4,SALE,2827,2026-04-03 20:09:00
4445,2,239,SALE,-1,SALE,2362,2026-06-01 18:21:00
4446,1,206,SALE,-1,SALE,3745,2026-07-21 19:21:00
4447,2,125,SALE,-4,SALE,4096,2026-05-15 11:29:00
4448,5,146,SALE,-2,SALE,3141,2026-08-09 09:55:00
4449,5,66,SALE,-4,SALE,479,2026-04-15 16:36:00
4450,5,105,SALE,-3,SALE,4840,2026-04-13 15:01:00
4451,4,7,SALE,-1,SALE,2800,2026-04-05 17:39:00
4452,2,20,SALE,-3,SALE,656,2026-07-11 09:27:00
4453,2,144,SALE,-1,SALE,3403,2026-05-27 12:08:00
4454,2,229,SALE,-2,SALE,2893,2026-04-09 10:31:00
4455,5,50,SALE,-1,SALE,510,2026-08-08 11:25:00
4456,3,95,SALE,-2,SALE,2576,2026-07-01 15:15:00
4457,1,154,SALE,-3,SALE,1376,2026-04-21 11:28:00
4458,3,20,SALE,-4,SALE,2314,2026-05-02 15:28:00
4459,2,48,SALE,-3,SALE,4161,2026-09-24 17:18:00
4460,1,125,SALE,-4,SALE,1272,2026-04-17 20:59:00
4461,4,21,SALE,-3,SALE,3277,2026-05-23 10:28:00
4462,1,46,SALE,-3,SALE,2074,2026-07-15 12:49:00
4463,4,227,SALE,-1,SALE,454,2026-08-04 19:47:00
4464,4,13,SALE,-4,SALE,3103,2026-05-23 11:58:00
4465,2,166,SALE,-3,SALE,2824,2026-06-14 11:40:00
4466,3,115,SALE,-3,SALE,537,2026-09-16 17:53:00
4467,2,140,SALE,-4,SALE,2878,2026-09-18 15:23:00
4468,2,106,SALE,-3,SALE,4146,2026-06-13 14:43:00
4469,3,68,SALE,-4,SALE,3794,2026-04-15 16:22:00
4470,5,184,SALE,-3,SALE,3844,2026-07-26 20:19:00
4471,5,207,SALE,-2,SALE,1790,2026-08-29 15:24:00
4472,4,48,SALE,-4,SALE,2586,2026-04-18 16:47:00
4473,1,170,SALE,-4,SALE,922,2026-07-22 20:26:00
4474,5,33,SALE,-2,SALE,1528,2026-04-27 18:51:00
4475,1,54,SALE,-3,SALE,154,2026-06-05 13:05:00
4476,1,131,SALE,-4,SALE,621,2026-06-05 16:29:00
4477,2,80,SALE,-4,SALE,880,2026-04-30 13:49:00
4478,1,213,SALE,-2,SALE,3451,2026-07-04 15:27:00
4479,4,192,SALE,-3,SALE,3043,2026-05-25 19:05:00
4480,2,67,SALE,-2,SALE,1890,2026-09-20 19:38:00
4481,2,136,SALE,-4,SALE,2295,2026-05-17 15:23:00
4482,2,169,SALE,-3,SALE,4850,2026-09-01 12:58:00
4483,1,220,SALE,-2,SALE,441,2026-09-11 20:03:00
4484,5,228,SALE,-2,SALE,3371,2026-07-16 20:04:00
4485,3,8,SALE,-4,SALE,1489,2026-07-30 18:55:00
4486,1,152,SALE,-4,SALE,1435,2026-07-29 10:16:00
4487,2,105,SALE,-2,SALE,4481,2026-08-16 15:30:00
4488,1,171,SALE,-3,SALE,4974,2026-05-15 17:08:00
4489,2,14,SALE,-2,SALE,3507,2026-04-12 10:54:00
4490,5,111,SALE,-4,SALE,3077,2026-04-23 20:01:00
4491,1,175,SALE,-3,SALE,2283,2026-05-28 16:31:00
4492,3,183,SALE,-1,SALE,2225,2026-08-12 18:45:00
4493,5,16,SALE,-1,SALE,2185,2026-06-13 10:01:00
4494,5,135,SALE,-3,SALE,1925,2026-08-16 16:50:00
4495,3,213,SALE,-4,SALE,730,2026-05-31 16:13:00
4496,3,122,SALE,-2,SALE,2402,2026-06-18 17:10:00
4497,2,234,SALE,-4,SALE,2916,2026-07-21 18:20:00
4498,1,94,SALE,-3,SALE,1842,2026-06-18 15:39:00
4499,2,4,SALE,-2,SALE,4777,2026-06-01 09:10:00
4500,2,200,SALE,-4,SALE,2182,2026-08-22 13:43:00
4501,1,1,SALE,-4,SALE,2318,2026-06-20 19:45:00
4502,2,181,SALE,-4,SALE,1290,2026-04-23 18:04:00
4503,1,126,SALE,-2,SALE,1002,2026-09-16 17:05:00
4504,1,184,SALE,-3,SALE,155,2026-04-21 16:30:00
4505,3,188,SALE,-2,SALE,1891,2026-09-07 14:53:00
4506,2,211,SALE,-3,SALE,4614,2026-06-25 18:46:00
4507,2,128,SALE,-2,SALE,1775,2026-06-24 13:28:00
4508,3,186,SALE,-3,SALE,2771,2026-04-17 18:10:00
4509,1,135,SALE,-3,SALE,1478,2026-04-21 20:02:00
4510,1,152,SALE,-4,SALE,4604,2026-06-28 20:08:00
4511,1,22,SALE,-1,SALE,284,2026-06-01 10:10:00
4512,4,59,SALE,-1,SALE,1032,2026-05-01 17:12:00
4513,1,179,SALE,-2,SALE,2115,2026-05-19 14:59:00
4514,1,111,SALE,-2,SALE,1407,2026-07-09 14:40:00
4515,1,70,SALE,-4,SALE,998,2026-09-18 20:01:00
4516,4,159,SALE,-4,SALE,3161,2026-09-11 19:13:00
4517,4,133,SALE,-4,SALE,1536,2026-06-16 17:24:00
4518,3,95,SALE,-1,SALE,3493,2026-09-27 18:52:00
4519,4,230,SALE,-3,SALE,2554,2026-05-05 14:07:00
4520,5,165,SALE,-2,SALE,3963,2026-09-19 15:43:00
4521,3,213,SALE,-4,SALE,485,2026-06-18 14:46:00
4522,5,105,SALE,-2,SALE,1424,2026-09-01 20:09:00
4523,4,106,SALE,-3,SALE,1195,2026-05-02 18:47:00
4524,5,55,SALE,-4,SALE,286,2026-06-16 16:18:00
4525,1,98,SALE,-4,SALE,3808,2026-05-30 10:24:00
4526,1,65,SALE,-2,SALE,2708,2026-05-14 11:09:00
4527,2,87,SALE,-3,SALE,1356,2026-07-30 18:25:00
4528,2,211,SALE,-4,SALE,319,2026-09-06 09:14:00
4529,1,109,SALE,-3,SALE,2687,2026-04-29 12:04:00
4530,2,232,SALE,-4,SALE,4159,2026-08-26 17:44:00
4531,1,215,SALE,-3,SALE,4189,2026-09-07 12:39:00
4532,2,95,SALE,-1,SALE,230,2026-08-13 10:29:00
4533,1,132,SALE,-3,SALE,3064,2026-06-22 09:47:00
4534,3,45,SALE,-3,SALE,1389,2026-06-01 18:34:00
4535,1,138,SALE,-4,SALE,1623,2026-07-22 19:11:00
4536,2,235,SALE,-3,SALE,4389,2026-08-14 20:32:00
4537,3,187,SALE,-4,SALE,2096,2026-07-30 12:58:00
4538,1,5,SALE,-2,SALE,3015,2026-08-05 09:06:00
4539,4,239,SALE,-4,SALE,3697,2026-09-03 09:24:00
4540,4,29,SALE,-4,SALE,4308,2026-06-06 10:34:00
4541,3,131,SALE,-1,SALE,2271,2026-09-18 17:14:00
4542,3,207,SALE,-1,SALE,2902,2026-07-19 09:12:00
4543,1,41,SALE,-2,SALE,2298,2026-06-14 18:10:00
4544,5,97,SALE,-1,SALE,1528,2026-04-27 18:51:00
4545,1,221,SALE,-4,SALE,2303,2026-08-21 09:04:00
4546,5,155,SALE,-3,SALE,3001,2026-04-26 09:56:00
4547,4,195,SALE,-4,SALE,2473,2026-04-22 13:13:00
4548,4,26,SALE,-4,SALE,340,2026-06-21 17:10:00
4549,3,99,SALE,-4,SALE,137,2026-04-09 15:56:00
4550,4,86,SALE,-2,SALE,4160,2026-06-09 19:18:00
4551,3,221,SALE,-3,SALE,296,2026-04-25 19:00:00
4552,5,110,SALE,-4,SALE,1157,2026-09-01 10:16:00
4553,4,151,SALE,-3,SALE,119,2026-07-18 20:57:00
4554,2,109,SALE,-4,SALE,2182,2026-08-22 13:43:00
4555,4,116,SALE,-4,SALE,3088,2026-06-15 17:46:00
4556,1,205,SALE,-2,SALE,1413,2026-08-09 17:25:00
4557,1,203,SALE,-2,SALE,4181,2026-08-04 20:03:00
4558,4,217,SALE,-4,SALE,3731,2026-08-25 15:58:00
4559,1,91,SALE,-4,SALE,2956,2026-06-27 20:15:00
4560,3,96,SALE,-2,SALE,3461,2026-05-28 15:23:00
4561,3,105,SALE,-2,SALE,1107,2026-05-12 19:56:00
4562,4,84,SALE,-2,SALE,1869,2026-06-24 18:12:00
4563,3,138,SALE,-1,SALE,2715,2026-06-08 14:51:00
4564,5,134,SALE,-3,SALE,4242,2026-05-29 15:09:00
4565,5,142,SALE,-3,SALE,3192,2026-09-25 11:42:00
4566,4,160,SALE,-2,SALE,3071,2026-06-08 16:38:00
4567,1,53,SALE,-2,SALE,2012,2026-09-07 12:36:00
4568,2,144,SALE,-1,SALE,36,2026-08-22 12:31:00
4569,5,9,SALE,-3,SALE,1810,2026-07-13 13:14:00
4570,2,155,SALE,-1,SALE,423,2026-09-05 18:21:00
4571,4,221,SALE,-3,SALE,1806,2026-04-15 16:37:00
4572,1,111,SALE,-3,SALE,2074,2026-07-15 12:49:00
4573,1,46,SALE,-4,SALE,326,2026-07-03 14:05:00
4574,5,201,SALE,-4,SALE,2859,2026-09-26 19:32:00
4575,5,154,SALE,-3,SALE,1235,2026-07-09 18:18:00
4576,5,97,SALE,-3,SALE,3807,2026-06-19 11:41:00
4577,1,221,SALE,-1,SALE,701,2026-07-06 13:26:00
4578,1,104,SALE,-2,SALE,604,2026-05-07 10:44:00
4579,5,144,SALE,-2,SALE,828,2026-08-12 18:00:00
4580,1,138,SALE,-2,SALE,1909,2026-05-31 19:37:00
4581,4,18,SALE,-4,SALE,2488,2026-07-22 20:48:00
4582,1,139,SALE,-3,SALE,540,2026-04-23 13:57:00
4583,3,52,SALE,-4,SALE,2069,2026-05-30 14:25:00
4584,2,137,SALE,-2,SALE,1883,2026-05-03 20:41:00
4585,4,44,SALE,-4,SALE,2311,2026-06-11 20:03:00
4586,1,95,SALE,-4,SALE,831,2026-08-20 09:48:00
4587,1,95,SALE,-4,SALE,3957,2026-04-13 15:09:00
4588,2,113,SALE,-1,SALE,2306,2026-07-07 19:34:00
4589,4,49,SALE,-2,SALE,1112,2026-07-26 18:37:00
4590,3,111,SALE,-3,SALE,2730,2026-04-14 15:59:00
4591,2,212,SALE,-4,SALE,1241,2026-09-12 17:37:00
4592,5,227,SALE,-4,SALE,1097,2026-05-01 17:09:00
4593,5,28,SALE,-2,SALE,3981,2026-06-27 16:19:00
4594,1,158,SALE,-2,SALE,3813,2026-07-09 13:39:00
4595,3,186,SALE,-2,SALE,2753,2026-05-14 12:17:00
4596,2,86,SALE,-1,SALE,2344,2026-06-27 19:54:00
4597,2,154,SALE,-3,SALE,4461,2026-06-29 15:06:00
4598,1,218,SALE,-2,SALE,2785,2026-08-17 13:50:00
4599,4,159,SALE,-3,SALE,110,2026-08-15 19:52:00
4600,2,46,SALE,-2,SALE,1362,2026-06-23 10:43:00
4601,4,94,SALE,-4,SALE,4349,2026-06-03 20:43:00
4602,5,101,SALE,-1,SALE,1613,2026-07-02 17:19:00
4603,5,167,SALE,-3,SALE,4263,2026-05-14 19:53:00
4604,4,98,SALE,-3,SALE,477,2026-08-13 16:11:00
4605,5,43,SALE,-4,SALE,175,2026-06-17 16:09:00
4606,3,166,SALE,-3,SALE,1125,2026-09-18 10:58:00
4607,4,107,SALE,-4,SALE,4889,2026-05-22 20:46:00
4608,2,90,SALE,-3,SALE,268,2026-07-10 14:27:00
4609,3,83,SALE,-4,SALE,933,2026-08-30 13:07:00
4610,5,230,SALE,-3,SALE,3341,2026-05-18 19:10:00
4611,1,33,SALE,-1,SALE,3269,2026-09-21 20:56:00
4612,1,21,SALE,-4,SALE,3003,2026-06-02 14:27:00
4613,2,149,SALE,-3,SALE,1849,2026-07-21 20:48:00
4614,3,43,SALE,-4,SALE,662,2026-07-09 15:06:00
4615,2,110,SALE,-3,SALE,1628,2026-08-02 17:24:00
4616,3,124,SALE,-1,SALE,4463,2026-05-21 14:19:00
4617,5,166,SALE,-3,SALE,1678,2026-05-23 17:13:00
4618,4,170,SALE,-1,SALE,265,2026-07-03 19:59:00
4619,1,18,SALE,-2,SALE,1479,2026-08-04 14:19:00
4620,2,141,SALE,-4,SALE,4154,2026-06-02 18:28:00
4621,1,97,SALE,-1,SALE,3472,2026-06-11 14:07:00
4622,1,63,SALE,-1,SALE,4331,2026-08-13 13:55:00
4623,4,128,SALE,-4,SALE,1041,2026-04-26 11:14:00
4624,2,75,SALE,-1,SALE,3148,2026-08-18 12:56:00
4625,2,102,SALE,-4,SALE,3197,2026-08-07 20:19:00
4626,2,202,SALE,-2,SALE,3936,2026-08-04 12:07:00
4627,3,57,SALE,-2,SALE,1800,2026-08-02 16:46:00
4628,3,94,SALE,-3,SALE,4449,2026-06-21 19:00:00
4629,5,57,SALE,-3,SALE,294,2026-04-14 15:26:00
4630,3,40,SALE,-3,SALE,183,2026-08-08 16:46:00
4631,4,116,SALE,-4,SALE,1279,2026-06-12 16:07:00
4632,4,209,SALE,-3,SALE,2204,2026-07-13 15:32:00
4633,3,8,SALE,-2,SALE,3903,2026-09-17 15:49:00
4634,1,136,SALE,-2,SALE,4478,2026-08-26 19:01:00
4635,2,149,SALE,-4,SALE,2333,2026-07-27 09:05:00
4636,1,158,SALE,-1,SALE,2210,2026-04-20 14:55:00
4637,5,5,SALE,-2,SALE,3658,2026-08-24 16:47:00
4638,1,37,SALE,-1,SALE,3421,2026-04-10 17:27:00
4639,3,217,SALE,-4,SALE,3695,2026-09-21 15:06:00
4640,3,19,SALE,-1,SALE,4043,2026-04-19 11:01:00
4641,4,37,SALE,-3,SALE,2978,2026-06-14 17:48:00
4642,4,141,SALE,-4,SALE,2750,2026-07-09 11:19:00
4643,4,130,SALE,-4,SALE,2445,2026-09-14 12:09:00
4644,3,26,SALE,-1,SALE,1959,2026-08-22 17:14:00
4645,1,89,SALE,-2,SALE,818,2026-07-31 17:18:00
4646,3,205,SALE,-1,SALE,283,2026-09-03 15:45:00
4647,4,44,SALE,-3,SALE,1931,2026-07-18 18:19:00
4648,5,214,SALE,-1,SALE,3001,2026-04-26 09:56:00
4649,3,240,SALE,-4,SALE,560,2026-05-05 18:19:00
4650,5,138,SALE,-4,SALE,1369,2026-07-06 17:27:00
4651,5,92,SALE,-4,SALE,3268,2026-05-07 16:56:00
4652,3,224,SALE,-2,SALE,501,2026-04-07 14:01:00
4653,5,31,SALE,-2,SALE,3681,2026-08-09 19:12:00
4654,2,182,SALE,-4,SALE,3891,2026-05-31 19:46:00
4655,1,147,SALE,-2,SALE,3449,2026-08-25 15:53:00
4656,5,172,SALE,-4,SALE,2797,2026-08-28 18:16:00
4657,3,152,SALE,-1,SALE,3795,2026-08-11 17:21:00
4658,4,220,SALE,-4,SALE,2794,2026-05-12 09:05:00
4659,4,116,SALE,-3,SALE,1093,2026-04-21 18:01:00
4660,5,94,SALE,-1,SALE,1543,2026-04-09 15:00:00
4661,1,187,SALE,-2,SALE,1615,2026-09-21 15:57:00
4662,1,111,SALE,-3,SALE,2615,2026-08-26 11:03:00
4663,4,124,SALE,-2,SALE,4842,2026-04-16 14:53:00
4664,1,117,SALE,-2,SALE,3609,2026-06-21 20:51:00
4665,4,113,SALE,-2,SALE,2702,2026-05-10 20:17:00
4666,4,215,SALE,-1,SALE,839,2026-08-31 13:17:00
4667,3,113,SALE,-1,SALE,4634,2026-09-11 16:15:00
4668,4,77,SALE,-3,SALE,5000,2026-08-04 15:24:00
4669,4,213,SALE,-1,SALE,4035,2026-06-26 20:44:00
4670,4,239,SALE,-4,SALE,3742,2026-09-21 20:56:00
4671,2,234,SALE,-3,SALE,4855,2026-08-26 13:24:00
4672,4,67,SALE,-3,SALE,202,2026-08-08 14:56:00
4673,3,85,SALE,-4,SALE,1691,2026-09-23 20:01:00
4674,3,198,SALE,-2,SALE,82,2026-04-26 13:41:00
4675,1,57,SALE,-4,SALE,4189,2026-09-07 12:39:00
4676,2,86,SALE,-2,SALE,2955,2026-04-19 13:18:00
4677,1,213,SALE,-2,SALE,4442,2026-05-12 13:03:00
4678,1,131,SALE,-3,SALE,799,2026-06-03 09:58:00
4679,5,10,SALE,-4,SALE,396,2026-07-05 20:52:00
4680,2,48,SALE,-4,SALE,1303,2026-07-12 11:37:00
4681,4,54,SALE,-1,SALE,1175,2026-08-02 13:59:00
4682,4,179,SALE,-4,SALE,17,2026-07-17 13:50:00
4683,3,163,SALE,-2,SALE,3593,2026-04-20 15:40:00
4684,1,15,SALE,-4,SALE,3492,2026-08-18 14:39:00
4685,3,49,SALE,-3,SALE,2806,2026-09-16 18:47:00
4686,2,88,SALE,-4,SALE,1471,2026-09-04 14:41:00
4687,1,75,SALE,-3,SALE,370,2026-09-23 11:29:00
4688,4,59,SALE,-3,SALE,2617,2026-07-15 09:49:00
4689,5,5,SALE,-3,SALE,4206,2026-08-18 16:34:00
4690,1,155,SALE,-4,SALE,4510,2026-04-18 15:41:00
4691,2,21,SALE,-2,SALE,3118,2026-06-28 19:16:00
4692,1,109,SALE,-1,SALE,3559,2026-08-07 10:48:00
4693,3,228,SALE,-1,SALE,4512,2026-04-20 14:07:00
4694,1,200,SALE,-4,SALE,1875,2026-04-05 10:32:00
4695,4,57,SALE,-2,SALE,841,2026-07-19 16:12:00
4696,4,144,SALE,-3,SALE,2033,2026-09-18 15:08:00
4697,4,175,SALE,-2,SALE,1046,2026-06-04 11:00:00
4698,1,42,SALE,-4,SALE,1881,2026-05-03 11:04:00
4699,1,240,SALE,-1,SALE,1102,2026-07-24 09:07:00
4700,5,44,SALE,-2,SALE,2573,2026-06-07 20:47:00
4701,3,115,SALE,-3,SALE,2136,2026-07-25 11:29:00
4702,4,163,SALE,-4,SALE,829,2026-04-04 17:14:00
4703,3,183,SALE,-1,SALE,4764,2026-07-17 19:37:00
4704,2,15,SALE,-1,SALE,3642,2026-05-26 13:22:00
4705,2,28,SALE,-1,SALE,2733,2026-05-18 19:19:00
4706,4,183,SALE,-1,SALE,2694,2026-06-17 14:51:00
4707,1,159,SALE,-1,SALE,4735,2026-05-31 09:36:00
4708,2,165,SALE,-2,SALE,2951,2026-07-17 13:45:00
4709,3,194,SALE,-4,SALE,4749,2026-06-29 15:20:00
4710,2,3,SALE,-2,SALE,1686,2026-04-09 12:47:00
4711,4,205,SALE,-1,SALE,1979,2026-04-20 16:55:00
4712,2,229,SALE,-1,SALE,3326,2026-05-01 14:56:00
4713,5,17,SALE,-4,SALE,2896,2026-07-24 16:06:00
4714,4,64,SALE,-3,SALE,3417,2026-04-19 15:03:00
4715,1,100,SALE,-2,SALE,1747,2026-09-04 18:24:00
4716,4,192,SALE,-4,SALE,1992,2026-04-07 15:51:00
4717,2,7,SALE,-3,SALE,1037,2026-06-14 17:04:00
4718,1,96,SALE,-4,SALE,3348,2026-09-12 13:00:00
4719,5,74,SALE,-3,SALE,1012,2026-05-06 19:14:00
4720,4,1,SALE,-1,SALE,1006,2026-08-30 10:39:00
4721,3,56,SALE,-1,SALE,1107,2026-05-12 19:56:00
4722,3,77,SALE,-1,SALE,3036,2026-06-12 17:57:00
4723,3,174,SALE,-4,SALE,3188,2026-09-25 13:10:00
4724,5,191,SALE,-3,SALE,3253,2026-09-09 16:04:00
4725,4,172,SALE,-3,SALE,4330,2026-06-01 12:22:00
4726,4,235,SALE,-4,SALE,4980,2026-05-22 17:45:00
4727,3,168,SALE,-2,SALE,956,2026-08-24 09:32:00
4728,3,128,SALE,-4,SALE,775,2026-04-16 10:01:00
4729,3,225,SALE,-3,SALE,2421,2026-05-01 16:15:00
4730,4,48,SALE,-1,SALE,3337,2026-08-31 14:04:00
4731,5,221,SALE,-2,SALE,677,2026-06-08 20:23:00
4732,1,52,SALE,-3,SALE,1750,2026-08-13 14:43:00
4733,1,25,SALE,-2,SALE,1749,2026-09-22 14:19:00
4734,1,7,SALE,-2,SALE,2762,2026-04-03 18:02:00
4735,3,83,SALE,-4,SALE,958,2026-04-10 15:09:00
4736,3,59,SALE,-2,SALE,4067,2026-04-03 20:05:00
4737,1,125,SALE,-3,SALE,4541,2026-04-06 12:02:00
4738,2,162,SALE,-4,SALE,3826,2026-04-11 15:34:00
4739,5,220,SALE,-2,SALE,30,2026-05-05 13:00:00
4740,5,84,SALE,-4,SALE,978,2026-08-15 10:54:00
4741,4,204,SALE,-2,SALE,2629,2026-05-17 17:41:00
4742,4,96,SALE,-4,SALE,4125,2026-06-28 10:39:00
4743,2,239,SALE,-1,SALE,2937,2026-08-12 17:21:00
4744,1,27,SALE,-2,SALE,2732,2026-09-22 13:09:00
4745,3,159,SALE,-3,SALE,4221,2026-04-13 18:48:00
4746,5,180,SALE,-2,SALE,4809,2026-08-27 16:07:00
4747,1,170,SALE,-2,SALE,2138,2026-06-24 20:40:00
4748,3,14,SALE,-3,SALE,3592,2026-05-06 16:35:00
4749,4,124,SALE,-1,SALE,4607,2026-04-11 13:58:00
4750,5,177,SALE,-1,SALE,677,2026-06-08 20:23:00
4751,4,235,SALE,-4,SALE,1144,2026-07-03 12:06:00
4752,1,164,SALE,-4,SALE,2235,2026-08-06 17:38:00
4753,4,214,SALE,-2,SALE,4030,2026-06-08 16:18:00
4754,1,43,SALE,-3,SALE,2359,2026-08-31 18:28:00
4755,4,121,SALE,-2,SALE,4933,2026-09-28 15:44:00
4756,3,23,SALE,-3,SALE,3903,2026-09-17 15:49:00
4757,4,85,SALE,-1,SALE,3750,2026-08-13 17:55:00
4758,5,50,SALE,-4,SALE,525,2026-07-22 15:35:00
4759,2,155,SALE,-1,SALE,2268,2026-08-21 19:07:00
4760,5,125,SALE,-4,SALE,2027,2026-06-19 17:53:00
4761,2,68,SALE,-2,SALE,2344,2026-06-27 19:54:00
4762,5,154,SALE,-4,SALE,2093,2026-05-24 18:48:00
4763,3,23,SALE,-3,SALE,1746,2026-05-11 10:16:00
4764,3,38,SALE,-1,SALE,2304,2026-05-06 18:59:00
4765,4,185,SALE,-4,SALE,898,2026-08-24 19:05:00
4766,3,68,SALE,-1,SALE,361,2026-09-17 17:28:00
4767,5,42,SALE,-4,SALE,3263,2026-06-23 17:42:00
4768,4,189,SALE,-4,SALE,3313,2026-04-08 13:41:00
4769,2,162,SALE,-3,SALE,48,2026-04-11 17:24:00
4770,1,131,SALE,-2,SALE,4478,2026-08-26 19:01:00
4771,3,35,SALE,-3,SALE,3995,2026-09-08 14:49:00
4772,2,184,SALE,-1,SALE,351,2026-06-12 18:13:00
4773,2,108,SALE,-4,SALE,3236,2026-06-04 16:43:00
4774,1,123,SALE,-4,SALE,2166,2026-05-04 15:01:00
4775,5,181,SALE,-1,SALE,1157,2026-09-01 10:16:00
4776,4,59,SALE,-2,SALE,158,2026-04-06 17:41:00
4777,2,4,SALE,-4,SALE,2401,2026-05-21 12:23:00
4778,3,128,SALE,-2,SALE,3696,2026-07-20 15:11:00
4779,5,26,SALE,-2,SALE,1434,2026-08-03 14:59:00
4780,5,55,SALE,-2,SALE,466,2026-09-03 10:06:00
4781,5,203,SALE,-2,SALE,2706,2026-07-13 20:02:00
4782,5,149,SALE,-3,SALE,657,2026-09-01 19:03:00
4783,3,18,SALE,-2,SALE,3597,2026-06-14 19:45:00
4784,5,194,SALE,-1,SALE,4008,2026-07-29 10:24:00
4785,5,79,SALE,-4,SALE,2270,2026-07-30 09:10:00
4786,4,1,SALE,-3,SALE,678,2026-04-06 14:49:00
4787,4,226,SALE,-3,SALE,2927,2026-06-19 15:13:00
4788,3,203,SALE,-1,SALE,3468,2026-05-15 14:45:00
4789,2,173,SALE,-1,SALE,2759,2026-08-14 15:29:00
4790,2,196,SALE,-4,SALE,3224,2026-08-23 10:34:00
4791,2,183,SALE,-3,SALE,2533,2026-06-06 19:29:00
4792,1,5,SALE,-2,SALE,4822,2026-07-12 15:33:00
4793,5,100,SALE,-4,SALE,3575,2026-05-28 19:53:00
4794,2,224,SALE,-2,SALE,1713,2026-04-16 11:20:00
4795,1,81,SALE,-2,SALE,3755,2026-05-11 15:58:00
4796,3,230,SALE,-1,SALE,4605,2026-04-21 15:42:00
4797,4,65,SALE,-1,SALE,855,2026-06-02 09:40:00
4798,5,98,SALE,-1,SALE,4135,2026-09-21 18:46:00
4799,3,103,SALE,-4,SALE,145,2026-08-17 14:12:00
4800,4,142,SALE,-3,SALE,3433,2026-08-27 20:34:00
4801,4,162,SALE,-2,SALE,2526,2026-09-12 10:39:00
4802,1,149,SALE,-1,SALE,3439,2026-08-11 11:19:00
4803,3,104,SALE,-3,SALE,2065,2026-06-26 20:30:00
4804,2,66,SALE,-1,SALE,2238,2026-09-27 16:51:00
4805,3,74,SALE,-2,SALE,1244,2026-08-21 15:51:00
4806,3,201,SALE,-2,SALE,2101,2026-04-16 20:46:00
4807,1,170,SALE,-3,SALE,3885,2026-09-19 12:36:00
4808,4,217,SALE,-4,SALE,4819,2026-09-02 09:11:00
4809,2,69,SALE,-4,SALE,1273,2026-04-13 20:43:00
4810,5,55,SALE,-3,SALE,30,2026-05-05 13:00:00
4811,4,212,SALE,-2,SALE,3789,2026-08-10 12:57:00
4812,2,79,SALE,-2,SALE,4114,2026-07-16 20:21:00
4813,4,122,SALE,-3,SALE,1047,2026-09-02 11:13:00
4814,5,14,SALE,-1,SALE,970,2026-07-06 19:50:00
4815,2,195,SALE,-3,SALE,1428,2026-06-10 18:34:00
4816,3,124,SALE,-2,SALE,4719,2026-04-21 19:26:00
4817,4,78,SALE,-3,SALE,41,2026-05-11 09:22:00
4818,1,45,SALE,-1,SALE,440,2026-07-30 18:40:00
4819,2,236,SALE,-2,SALE,1252,2026-04-22 14:40:00
4820,3,89,SALE,-1,SALE,118,2026-07-19 14:24:00
4821,4,185,SALE,-2,SALE,2199,2026-05-21 11:52:00
4822,2,182,SALE,-2,SALE,3343,2026-04-21 19:35:00
4823,2,55,SALE,-4,SALE,3258,2026-06-03 11:23:00
4824,2,153,SALE,-2,SALE,1318,2026-04-17 11:58:00
4825,3,231,SALE,-1,SALE,3728,2026-08-26 17:54:00
4826,5,157,SALE,-3,SALE,4790,2026-08-01 12:14:00
4827,1,235,SALE,-2,SALE,2469,2026-07-15 10:39:00
4828,4,82,SALE,-4,SALE,2972,2026-05-17 11:51:00
4829,4,147,SALE,-4,SALE,796,2026-08-18 11:00:00
4830,2,205,SALE,-4,SALE,2333,2026-07-27 09:05:00
4831,1,222,SALE,-2,SALE,4580,2026-08-15 19:46:00
4832,4,15,SALE,-2,SALE,566,2026-09-18 10:39:00
4833,4,44,SALE,-2,SALE,3803,2026-08-30 20:56:00
4834,2,177,SALE,-4,SALE,1741,2026-09-08 17:06:00
4835,4,213,SALE,-2,SALE,1765,2026-04-22 15:31:00
4836,1,45,SALE,-2,SALE,4149,2026-08-30 11:50:00
4837,1,60,SALE,-2,SALE,1875,2026-04-05 10:32:00
4838,3,89,SALE,-4,SALE,3255,2026-04-25 16:05:00
4839,4,22,SALE,-4,SALE,1468,2026-07-29 18:11:00
4840,5,69,SALE,-1,SALE,3590,2026-05-31 14:05:00
4841,4,141,SALE,-1,SALE,1279,2026-06-12 16:07:00
4842,2,155,SALE,-1,SALE,1941,2026-08-23 10:53:00
4843,2,33,SALE,-1,SALE,4952,2026-08-18 10:55:00
4844,3,221,SALE,-4,SALE,72,2026-08-19 09:00:00
4845,3,215,SALE,-2,SALE,2006,2026-08-23 20:20:00
4846,5,198,SALE,-4,SALE,1168,2026-04-18 12:17:00
4847,4,6,SALE,-1,SALE,1550,2026-05-06 11:04:00
4848,1,91,SALE,-4,SALE,1701,2026-06-10 12:52:00
4849,5,228,SALE,-1,SALE,1009,2026-05-27 12:27:00
4850,5,151,SALE,-1,SALE,206,2026-08-23 19:43:00
4851,5,18,SALE,-4,SALE,4482,2026-04-16 11:54:00
4852,4,37,SALE,-4,SALE,1566,2026-05-23 18:07:00
4853,5,115,SALE,-4,SALE,1810,2026-07-13 13:14:00
4854,3,192,SALE,-4,SALE,2139,2026-04-21 15:45:00
4855,4,90,SALE,-4,SALE,1696,2026-09-19 15:14:00
4856,1,20,SALE,-4,SALE,2219,2026-05-15 15:03:00
4857,4,11,SALE,-3,SALE,4607,2026-04-11 13:58:00
4858,1,91,SALE,-3,SALE,1590,2026-06-15 13:26:00
4859,4,104,SALE,-4,SALE,1653,2026-06-28 18:38:00
4860,3,133,SALE,-1,SALE,4786,2026-05-20 12:17:00
4861,5,226,SALE,-4,SALE,1838,2026-08-31 10:21:00
4862,5,1,SALE,-4,SALE,2931,2026-04-29 16:05:00
4863,4,30,SALE,-3,SALE,664,2026-04-25 18:33:00
4864,2,77,SALE,-4,SALE,1315,2026-09-04 17:13:00
4865,1,223,SALE,-1,SALE,2579,2026-09-24 10:36:00
4866,3,117,SALE,-1,SALE,3355,2026-06-07 10:54:00
4867,3,139,SALE,-2,SALE,1906,2026-07-24 11:32:00
4868,5,205,SALE,-3,SALE,479,2026-04-15 16:36:00
4869,3,67,SALE,-3,SALE,1907,2026-04-28 16:56:00
4870,5,62,SALE,-4,SALE,2720,2026-04-06 16:37:00
4871,4,140,SALE,-3,SALE,2564,2026-05-20 15:03:00
4872,3,185,SALE,-2,SALE,956,2026-08-24 09:32:00
4873,1,207,SALE,-4,SALE,1407,2026-07-09 14:40:00
4874,1,104,SALE,-1,SALE,4586,2026-08-16 18:36:00
4875,5,137,SALE,-1,SALE,967,2026-04-10 17:30:00
4876,5,74,SALE,-3,SALE,2483,2026-08-28 09:47:00
4877,5,88,SALE,-3,SALE,970,2026-07-06 19:50:00
4878,2,227,SALE,-2,SALE,4064,2026-07-30 09:40:00
4879,2,171,SALE,-4,SALE,3257,2026-08-13 20:12:00
4880,4,129,SALE,-3,SALE,1207,2026-05-18 12:03:00
4881,1,235,SALE,-1,SALE,4358,2026-06-06 12:08:00
4882,1,43,SALE,-2,SALE,3770,2026-09-18 20:19:00
4883,1,12,SALE,-4,SALE,3808,2026-05-30 10:24:00
4884,4,196,SALE,-3,SALE,4801,2026-04-24 11:07:00
4885,5,33,SALE,-1,SALE,1769,2026-04-10 20:54:00
4886,1,16,SALE,-3,SALE,2009,2026-06-02 12:53:00
4887,3,82,SALE,-1,SALE,4300,2026-06-13 17:04:00
4888,2,84,SALE,-3,SALE,4293,2026-04-29 11:13:00
4889,5,125,SALE,-3,SALE,3849,2026-06-26 09:59:00
4890,3,189,SALE,-2,SALE,4471,2026-08-18 16:20:00
4891,2,224,SALE,-1,SALE,3826,2026-04-11 15:34:00
4892,4,13,SALE,-4,SALE,2313,2026-04-18 15:55:00
4893,1,162,SALE,-2,SALE,2711,2026-04-27 15:46:00
4894,5,115,SALE,-3,SALE,2663,2026-04-20 10:39:00
4895,5,108,SALE,-4,SALE,699,2026-06-16 11:01:00
4896,1,171,SALE,-4,SALE,333,2026-09-18 18:39:00
4897,4,149,SALE,-1,SALE,820,2026-08-16 20:24:00
4898,4,176,SALE,-1,SALE,171,2026-07-29 15:05:00
4899,3,173,SALE,-2,SALE,1392,2026-04-24 12:58:00
4900,1,97,SALE,-4,SALE,1577,2026-07-07 20:33:00
4901,3,94,SALE,-2,SALE,874,2026-05-18 14:42:00
4902,2,186,SALE,-3,SALE,2737,2026-08-17 11:36:00
4903,5,194,SALE,-1,SALE,3705,2026-08-24 20:14:00
4904,5,233,SALE,-1,SALE,1666,2026-04-08 20:38:00
4905,1,67,SALE,-3,SALE,2123,2026-06-14 15:28:00
4906,3,185,SALE,-1,SALE,1843,2026-06-20 12:50:00
4907,5,141,SALE,-3,SALE,112,2026-09-13 14:31:00
4908,2,159,SALE,-4,SALE,757,2026-08-25 09:20:00
4909,5,40,SALE,-1,SALE,2457,2026-07-31 17:29:00
4910,4,226,SALE,-2,SALE,4351,2026-05-19 16:19:00
4911,5,113,SALE,-2,SALE,3980,2026-06-08 15:55:00
4912,3,108,SALE,-3,SALE,1659,2026-06-05 16:23:00
4913,4,125,SALE,-3,SALE,78,2026-04-14 19:18:00
4914,2,176,SALE,-1,SALE,2177,2026-09-04 20:49:00
4915,3,156,SALE,-3,SALE,1239,2026-05-10 17:12:00
4916,2,19,SALE,-2,SALE,2038,2026-09-07 13:50:00
4917,3,119,SALE,-1,SALE,4117,2026-04-04 10:40:00
4918,1,14,SALE,-1,SALE,3184,2026-09-18 10:17:00
4919,5,38,SALE,-1,SALE,4775,2026-04-18 16:43:00
4920,1,61,SALE,-3,SALE,1864,2026-06-14 10:12:00
4921,3,92,SALE,-2,SALE,4773,2026-08-16 20:22:00
4922,2,141,SALE,-4,SALE,35,2026-07-31 18:47:00
4923,4,177,SALE,-1,SALE,2774,2026-07-01 09:54:00
4924,4,141,SALE,-1,SALE,1824,2026-05-05 18:43:00
4925,5,227,SALE,-4,SALE,3692,2026-08-25 15:38:00
4926,1,99,SALE,-3,SALE,4740,2026-07-06 19:25:00
4927,4,161,SALE,-1,SALE,1087,2026-09-15 09:00:00
4928,5,63,SALE,-1,SALE,2056,2026-04-03 11:24:00
4929,1,77,SALE,-2,SALE,154,2026-06-05 13:05:00
4930,2,44,SALE,-1,SALE,1310,2026-05-24 10:40:00
4931,1,21,SALE,-2,SALE,3939,2026-05-10 10:49:00
4932,3,204,SALE,-1,SALE,669,2026-04-28 13:10:00
4933,1,39,SALE,-2,SALE,4699,2026-09-05 15:07:00
4934,2,217,SALE,-3,SALE,2728,2026-04-02 20:21:00
4935,3,73,SALE,-3,SALE,3616,2026-06-04 14:47:00
4936,4,47,SALE,-2,SALE,3721,2026-07-18 09:01:00
4937,4,231,SALE,-4,SALE,1163,2026-04-26 15:20:00
4938,3,234,SALE,-1,SALE,473,2026-05-14 14:26:00
4939,2,151,SALE,-3,SALE,2948,2026-05-07 11:26:00
4940,5,37,SALE,-3,SALE,510,2026-08-08 11:25:00
4941,2,120,SALE,-3,SALE,2054,2026-08-21 17:45:00
4942,3,55,SALE,-4,SALE,1670,2026-06-20 19:07:00
4943,2,67,SALE,-3,SALE,3293,2026-07-28 16:00:00
4944,2,239,SALE,-4,SALE,324,2026-08-07 17:46:00
4945,5,46,SALE,-1,SALE,2896,2026-07-24 16:06:00
4946,1,57,SALE,-3,SALE,3965,2026-06-23 14:32:00
4947,4,135,SALE,-3,SALE,3693,2026-06-20 10:22:00
4948,4,155,SALE,-2,SALE,1888,2026-07-02 13:51:00
4949,4,121,SALE,-1,SALE,2405,2026-08-03 10:15:00
4950,2,34,SALE,-1,SALE,111,2026-09-08 09:18:00
4951,4,191,SALE,-1,SALE,2312,2026-08-15 12:26:00
4952,2,34,SALE,-2,SALE,3160,2026-07-13 13:42:00
4953,2,32,SALE,-3,SALE,879,2026-08-29 10:17:00
4954,5,11,SALE,-4,SALE,1172,2026-04-05 16:12:00
4955,3,17,SALE,-3,SALE,618,2026-08-04 14:34:00
4956,2,202,SALE,-3,SALE,4256,2026-07-17 10:07:00
4957,1,23,SALE,-1,SALE,76,2026-08-13 13:29:00
4958,2,95,SALE,-1,SALE,2976,2026-08-01 14:35:00
4959,2,111,SALE,-4,SALE,4166,2026-05-07 20:04:00
4960,4,176,SALE,-1,SALE,3657,2026-09-21 18:25:00
4961,4,128,SALE,-2,SALE,4871,2026-07-09 15:55:00
4962,3,137,SALE,-1,SALE,1158,2026-05-04 10:10:00
4963,4,236,SALE,-1,SALE,2928,2026-08-15 09:47:00
4964,4,49,SALE,-4,SALE,4336,2026-06-24 14:06:00
4965,5,94,SALE,-3,SALE,4412,2026-07-30 13:42:00
4966,2,129,SALE,-2,SALE,1390,2026-08-30 10:16:00
4967,2,105,SALE,-4,SALE,914,2026-06-03 12:19:00
4968,4,160,SALE,-1,SALE,3920,2026-09-06 09:45:00
4969,4,191,SALE,-3,SALE,3496,2026-08-26 16:32:00
4970,2,182,SALE,-2,SALE,1797,2026-08-23 17:55:00
4971,1,226,SALE,-1,SALE,363,2026-04-17 17:06:00
4972,2,140,SALE,-1,SALE,2542,2026-04-04 17:00:00
4973,3,67,SALE,-3,SALE,1830,2026-08-03 20:37:00
4974,5,217,SALE,-4,SALE,2406,2026-06-24 16:44:00
4975,5,17,SALE,-1,SALE,4547,2026-08-10 12:42:00
4976,3,27,SALE,-2,SALE,1348,2026-08-11 20:06:00
4977,2,126,SALE,-4,SALE,2194,2026-08-06 20:40:00
4978,5,63,SALE,-4,SALE,4193,2026-07-22 13:32:00
4979,1,195,SALE,-2,SALE,1375,2026-06-03 17:41:00
4980,3,172,SALE,-1,SALE,1447,2026-06-11 16:05:00
4981,4,77,SALE,-4,SALE,4520,2026-08-29 16:49:00
4982,1,114,SALE,-3,SALE,385,2026-06-04 10:02:00
4983,3,86,SALE,-1,SALE,902,2026-08-10 19:46:00
4984,3,57,SALE,-1,SALE,3569,2026-08-21 13:16:00
4985,5,111,SALE,-2,SALE,1399,2026-06-20 14:29:00
4986,1,57,SALE,-2,SALE,850,2026-04-19 17:19:00
4987,3,91,SALE,-2,SALE,4089,2026-04-28 12:13:00
4988,3,44,SALE,-3,SALE,4588,2026-06-20 13:44:00
4989,5,8,SALE,-4,SALE,1265,2026-04-25 10:49:00
4990,4,56,SALE,-3,SALE,570,2026-07-15 17:40:00
4991,1,79,SALE,-2,SALE,751,2026-04-02 09:02:00
4992,1,149,SALE,-4,SALE,1855,2026-04-18 14:18:00
4993,5,207,SALE,-4,SALE,1720,2026-04-03 12:19:00
4994,5,61,SALE,-1,SALE,3637,2026-08-23 15:42:00
4995,4,66,SALE,-4,SALE,1089,2026-07-25 19:54:00
4996,5,56,SALE,-2,SALE,435,2026-05-14 09:50:00
4997,4,25,SALE,-2,SALE,4567,2026-06-26 11:35:00
4998,4,114,SALE,-2,SALE,758,2026-07-30 11:04:00
4999,1,88,SALE,-2,SALE,2704,2026-06-01 11:07:00
5000,2,134,SALE,-2,SALE,3863,2026-06-13 15:37:00
5001,3,205,SALE,-2,SALE,4716,2026-08-05 14:06:00
5002,5,208,SALE,-1,SALE,1989,2026-06-01 09:03:00
5003,1,69,SALE,-4,SALE,2374,2026-09-14 13:16:00
5004,2,123,SALE,-3,SALE,3711,2026-04-13 16:25:00
5005,5,117,SALE,-1,SALE,12,2026-07-23 11:44:00
5006,2,183,SALE,-2,SALE,3319,2026-09-06 16:47:00
5007,5,152,SALE,-1,SALE,735,2026-08-24 15:29:00
5008,4,217,SALE,-4,SALE,4489,2026-07-27 19:04:00
5009,2,99,SALE,-1,SALE,198,2026-08-31 18:15:00
5010,3,28,SALE,-3,SALE,3543,2026-08-06 09:50:00
5011,4,175,SALE,-3,SALE,1879,2026-05-10 14:56:00
5012,4,147,SALE,-4,SALE,807,2026-07-23 14:34:00
5013,5,158,SALE,-2,SALE,4283,2026-07-30 18:41:00
5014,2,165,SALE,-2,SALE,428,2026-05-30 16:23:00
5015,2,182,SALE,-4,SALE,4292,2026-09-17 13:00:00
5016,5,229,SALE,-3,SALE,1174,2026-06-02 19:49:00
5017,5,115,SALE,-3,SALE,2163,2026-06-06 13:31:00
5018,5,78,SALE,-2,SALE,2027,2026-06-19 17:53:00
5019,5,77,SALE,-3,SALE,634,2026-04-10 12:04:00
5020,5,68,SALE,-1,SALE,970,2026-07-06 19:50:00
5021,5,95,SALE,-3,SALE,2185,2026-06-13 10:01:00
5022,5,186,SALE,-2,SALE,2067,2026-05-19 10:50:00
5023,1,201,SALE,-3,SALE,4294,2026-08-28 11:08:00
5024,3,100,SALE,-3,SALE,2696,2026-05-30 16:38:00
5025,5,155,SALE,-2,SALE,252,2026-09-22 11:16:00
5026,4,123,SALE,-3,SALE,637,2026-06-15 14:52:00
5027,4,35,SALE,-4,SALE,3091,2026-07-02 11:05:00
5028,4,2,SALE,-3,SALE,1580,2026-06-02 09:45:00
5029,1,109,SALE,-4,SALE,399,2026-09-21 13:54:00
5030,2,141,SALE,-1,SALE,4573,2026-07-05 19:25:00
5031,5,90,SALE,-2,SALE,1740,2026-08-12 19:19:00
5032,5,116,SALE,-2,SALE,4238,2026-06-21 10:09:00
5033,3,32,SALE,-2,SALE,650,2026-06-01 20:30:00
5034,5,200,SALE,-1,SALE,405,2026-09-03 12:51:00
5035,5,194,SALE,-1,SALE,522,2026-08-08 20:41:00
5036,3,160,SALE,-3,SALE,3346,2026-05-30 09:18:00
5037,4,164,SALE,-3,SALE,80,2026-07-08 12:42:00
5038,4,3,SALE,-1,SALE,456,2026-06-21 11:36:00
5039,3,28,SALE,-3,SALE,411,2026-06-26 18:38:00
5040,5,37,SALE,-2,SALE,4237,2026-04-28 09:16:00
5041,4,126,SALE,-4,SALE,2030,2026-07-16 16:13:00
5042,4,229,SALE,-1,SALE,4567,2026-06-26 11:35:00
5043,5,40,SALE,-2,SALE,2540,2026-08-21 20:18:00
5044,4,188,SALE,-4,SALE,1888,2026-07-02 13:51:00
5045,3,8,SALE,-4,SALE,2887,2026-04-14 12:45:00
5046,4,9,SALE,-4,SALE,2816,2026-04-29 10:08:00
5047,3,195,SALE,-3,SALE,562,2026-07-20 14:02:00
5048,3,79,SALE,-2,SALE,4334,2026-05-27 20:34:00
5049,4,234,SALE,-1,SALE,2104,2026-09-18 16:58:00
5050,4,167,SALE,-2,SALE,2975,2026-04-26 19:20:00
5051,3,111,SALE,-2,SALE,858,2026-08-19 09:11:00
5052,4,231,SALE,-2,SALE,3950,2026-09-04 17:35:00
5053,4,207,SALE,-3,SALE,4757,2026-06-12 16:07:00
5054,2,33,SALE,-2,SALE,1211,2026-07-15 19:18:00
5055,4,152,SALE,-4,SALE,4847,2026-09-13 10:21:00
5056,3,168,SALE,-2,SALE,2052,2026-09-17 17:40:00
5057,2,103,SALE,-4,SALE,3075,2026-04-10 10:03:00
5058,3,90,SALE,-4,SALE,287,2026-07-27 14:19:00
5059,1,112,SALE,-1,SALE,2641,2026-05-28 11:39:00
5060,2,164,SALE,-2,SALE,1717,2026-06-27 15:27:00
5061,3,110,SALE,-3,SALE,3493,2026-09-27 18:52:00
5062,2,122,SALE,-3,SALE,3078,2026-04-25 17:43:00
5063,1,22,SALE,-1,SALE,3670,2026-04-26 20:17:00
5064,2,6,SALE,-4,SALE,228,2026-09-23 15:48:00
5065,5,106,SALE,-3,SALE,525,2026-07-22 15:35:00
5066,5,152,SALE,-1,SALE,2870,2026-04-21 18:06:00
5067,2,194,SALE,-4,SALE,3197,2026-08-07 20:19:00
5068,1,141,SALE,-4,SALE,4839,2026-05-29 17:29:00
5069,2,194,SALE,-1,SALE,2212,2026-09-23 16:05:00
5070,4,90,SALE,-4,SALE,3742,2026-09-21 20:56:00
5071,2,155,SALE,-2,SALE,1963,2026-04-29 11:39:00
5072,4,204,SALE,-2,SALE,4562,2026-04-27 14:54:00
5073,3,93,SALE,-1,SALE,3468,2026-05-15 14:45:00
5074,2,147,SALE,-4,SALE,2325,2026-09-27 18:09:00
5075,1,20,SALE,-3,SALE,416,2026-04-21 20:50:00
5076,5,102,SALE,-2,SALE,4075,2026-04-12 18:51:00
5077,5,135,SALE,-3,SALE,4547,2026-08-10 12:42:00
5078,1,211,SALE,-3,SALE,3680,2026-08-23 17:06:00
5079,2,157,SALE,-1,SALE,2336,2026-06-13 10:42:00
5080,4,136,SALE,-4,SALE,4180,2026-06-19 18:10:00
5081,3,226,SALE,-3,SALE,1397,2026-05-21 12:05:00
5082,5,47,SALE,-4,SALE,273,2026-09-25 20:06:00
5083,2,224,SALE,-4,SALE,2205,2026-04-20 15:07:00
5084,5,31,SALE,-4,SALE,3637,2026-08-23 15:42:00
5085,4,21,SALE,-3,SALE,779,2026-04-14 16:45:00
5086,2,97,SALE,-1,SALE,2631,2026-09-21 16:57:00
5087,4,92,SALE,-1,SALE,2265,2026-04-19 13:50:00
5088,1,176,SALE,-2,SALE,3654,2026-05-19 15:28:00
5089,2,184,SALE,-4,SALE,511,2026-05-13 19:40:00
5090,1,78,SALE,-4,SALE,4010,2026-08-28 18:31:00
5091,5,115,SALE,-1,SALE,3589,2026-05-18 17:32:00
5092,5,50,SALE,-3,SALE,3980,2026-06-08 15:55:00
5093,5,236,SALE,-2,SALE,3308,2026-04-12 10:27:00
5094,1,164,SALE,-1,SALE,4780,2026-07-16 20:06:00
5095,1,190,SALE,-4,SALE,806,2026-07-06 15:43:00
5096,2,159,SALE,-2,SALE,4826,2026-08-29 19:22:00
5097,3,124,SALE,-1,SALE,3555,2026-06-18 15:58:00
5098,4,85,SALE,-1,SALE,912,2026-07-10 14:33:00
5099,2,116,SALE,-4,SALE,4007,2026-06-21 11:55:00
5100,2,90,SALE,-4,SALE,4144,2026-09-14 12:46:00
5101,4,227,SALE,-4,SALE,289,2026-05-06 14:47:00
5102,3,208,SALE,-4,SALE,1582,2026-09-04 17:21:00
5103,1,169,SALE,-4,SALE,3678,2026-04-24 15:55:00
5104,1,16,SALE,-3,SALE,3723,2026-07-23 19:42:00
5105,2,31,SALE,-3,SALE,1351,2026-05-27 20:12:00
5106,2,166,SALE,-2,SALE,2901,2026-04-01 18:17:00
5107,5,64,SALE,-2,SALE,2596,2026-04-13 20:20:00
5108,5,157,SALE,-3,SALE,2483,2026-08-28 09:47:00
5109,3,3,SALE,-4,SALE,3287,2026-04-29 12:59:00
5110,2,111,SALE,-3,SALE,1138,2026-04-13 18:45:00
5111,4,6,SALE,-4,SALE,1179,2026-06-07 17:32:00
5112,2,219,SALE,-3,SALE,723,2026-09-19 12:52:00
5113,4,115,SALE,-4,SALE,3313,2026-04-08 13:41:00
5114,2,44,SALE,-1,SALE,2335,2026-04-13 13:46:00
5115,3,154,SALE,-1,SALE,2786,2026-09-20 19:57:00
5116,4,133,SALE,-2,SALE,213,2026-06-27 13:23:00
5117,4,205,SALE,-3,SALE,81,2026-05-08 17:55:00
5118,3,148,SALE,-4,SALE,4766,2026-05-23 19:11:00
5119,2,41,SALE,-2,SALE,4199,2026-05-17 14:37:00
5120,3,185,SALE,-4,SALE,4117,2026-04-04 10:40:00
5121,3,26,SALE,-4,SALE,2369,2026-08-02 13:28:00
5122,1,15,SALE,-4,SALE,4564,2026-07-02 18:29:00
5123,2,122,SALE,-1,SALE,1132,2026-06-20 12:38:00
5124,2,128,SALE,-2,SALE,2801,2026-07-21 20:38:00
5125,3,139,SALE,-1,SALE,2096,2026-07-30 12:58:00
5126,3,89,SALE,-1,SALE,2503,2026-05-08 17:19:00
5127,2,84,SALE,-2,SALE,228,2026-09-23 15:48:00
5128,2,101,SALE,-2,SALE,620,2026-09-10 14:11:00
5129,5,36,SALE,-2,SALE,2973,2026-06-12 20:40:00
5130,1,125,SALE,-3,SALE,2429,2026-09-20 14:14:00
5131,1,141,SALE,-2,SALE,3463,2026-05-12 10:01:00
5132,1,147,SALE,-2,SALE,1537,2026-05-27 19:30:00
5133,2,227,SALE,-1,SALE,865,2026-05-04 17:05:00
5134,1,197,SALE,-1,SALE,3002,2026-04-14 10:18:00
5135,4,135,SALE,-3,SALE,3881,2026-08-17 12:13:00
5136,5,42,SALE,-2,SALE,2543,2026-07-11 17:47:00
5137,2,34,SALE,-1,SALE,1474,2026-06-03 16:26:00
5138,5,20,SALE,-3,SALE,4375,2026-09-23 14:36:00
5139,2,184,SALE,-4,SALE,1752,2026-07-23 13:55:00
5140,2,231,SALE,-3,SALE,3407,2026-08-21 14:27:00
5141,2,121,SALE,-4,SALE,3960,2026-07-14 09:42:00
5142,5,239,SALE,-3,SALE,1734,2026-04-18 20:33:00
5143,4,51,SALE,-3,SALE,4552,2026-06-06 19:30:00
5144,4,106,SALE,-2,SALE,2216,2026-06-09 15:13:00
5145,3,110,SALE,-1,SALE,3116,2026-07-31 11:18:00
5146,2,159,SALE,-4,SALE,2685,2026-05-12 09:57:00
5147,1,33,SALE,-1,SALE,2610,2026-04-09 20:39:00
5148,4,165,SALE,-4,SALE,2379,2026-06-17 16:23:00
5149,4,84,SALE,-3,SALE,3843,2026-05-08 13:31:00
5150,4,158,SALE,-3,SALE,1379,2026-06-02 15:28:00
5151,2,143,SALE,-3,SALE,1544,2026-07-10 20:51:00
5152,2,100,SALE,-1,SALE,2415,2026-05-11 15:22:00
5153,4,112,SALE,-3,SALE,3620,2026-06-11 18:20:00
5154,1,68,SALE,-3,SALE,3251,2026-04-17 19:38:00
5155,5,36,SALE,-2,SALE,1548,2026-06-04 20:39:00
5156,1,130,SALE,-3,SALE,4429,2026-06-18 18:49:00
5157,4,100,SALE,-3,SALE,2146,2026-07-23 12:16:00
5158,4,238,SALE,-3,SALE,3920,2026-09-06 09:45:00
5159,1,214,SALE,-2,SALE,908,2026-05-02 15:36:00
5160,5,126,SALE,-3,SALE,1514,2026-07-05 10:55:00
5161,3,237,SALE,-1,SALE,2836,2026-06-23 09:10:00
5162,2,22,SALE,-1,SALE,1709,2026-08-04 20:06:00
5163,5,224,SALE,-2,SALE,4829,2026-09-10 12:09:00
5164,2,236,SALE,-3,SALE,2969,2026-08-25 15:02:00
5165,1,163,SALE,-3,SALE,4104,2026-06-16 16:03:00
5166,5,95,SALE,-2,SALE,813,2026-08-20 14:52:00
5167,5,192,SALE,-1,SALE,2162,2026-07-13 20:19:00
5168,5,157,SALE,-4,SALE,1361,2026-04-17 14:26:00
5169,1,125,SALE,-2,SALE,2489,2026-07-11 14:51:00
5170,4,1,SALE,-1,SALE,4540,2026-07-29 17:32:00
5171,4,238,SALE,-1,SALE,4044,2026-09-21 12:29:00
5172,4,22,SALE,-3,SALE,4422,2026-06-27 16:53:00
5173,5,58,SALE,-3,SALE,144,2026-06-07 09:19:00
5174,5,150,SALE,-4,SALE,623,2026-05-31 11:01:00
5175,2,151,SALE,-4,SALE,4080,2026-06-06 15:31:00
5176,3,209,SALE,-1,SALE,2727,2026-09-28 19:25:00
5177,2,184,SALE,-3,SALE,4613,2026-07-22 18:33:00
5178,3,192,SALE,-1,SALE,82,2026-04-26 13:41:00
5179,5,65,SALE,-1,SALE,2705,2026-09-19 14:08:00
5180,4,47,SALE,-4,SALE,1083,2026-09-25 12:50:00
5181,4,119,SALE,-1,SALE,3300,2026-04-30 14:14:00
5182,1,233,SALE,-4,SALE,2915,2026-08-25 18:23:00
5183,1,193,SALE,-1,SALE,3732,2026-09-14 20:57:00
5184,1,49,SALE,-4,SALE,3479,2026-04-30 19:12:00
5185,1,166,SALE,-1,SALE,3378,2026-04-06 11:23:00
5186,1,61,SALE,-1,SALE,352,2026-05-14 18:20:00
5187,2,9,SALE,-3,SALE,3097,2026-04-27 17:37:00
5188,2,182,SALE,-2,SALE,2245,2026-04-29 14:41:00
5189,1,9,SALE,-1,SALE,1966,2026-05-05 16:09:00
5190,3,201,SALE,-1,SALE,4570,2026-09-21 13:02:00
5191,4,129,SALE,-4,SALE,3047,2026-07-18 13:25:00
5192,4,155,SALE,-1,SALE,1083,2026-09-25 12:50:00
5193,3,5,SALE,-1,SALE,3144,2026-06-10 20:25:00
5194,3,235,SALE,-4,SALE,1441,2026-09-28 19:00:00
5195,5,152,SALE,-3,SALE,12,2026-07-23 11:44:00
5196,5,106,SALE,-2,SALE,4829,2026-09-10 12:09:00
5197,1,195,SALE,-2,SALE,4556,2026-05-15 10:37:00
5198,1,188,SALE,-3,SALE,1860,2026-06-01 09:52:00
5199,4,78,SALE,-1,SALE,1113,2026-05-18 14:58:00
5200,4,201,SALE,-4,SALE,2407,2026-05-14 11:00:00
5201,4,90,SALE,-2,SALE,3850,2026-09-04 19:02:00
5202,4,230,SALE,-2,SALE,3193,2026-09-11 09:53:00
5203,5,112,SALE,-3,SALE,2301,2026-09-27 13:50:00
5204,2,160,SALE,-2,SALE,241,2026-04-17 19:52:00
5205,4,59,SALE,-4,SALE,1950,2026-05-21 16:41:00
5206,4,116,SALE,-1,SALE,4774,2026-07-20 19:33:00
5207,2,26,SALE,-2,SALE,480,2026-05-24 12:15:00
5208,3,195,SALE,-3,SALE,2715,2026-06-08 14:51:00
5209,3,30,SALE,-4,SALE,2611,2026-08-31 18:43:00
5210,5,169,SALE,-2,SALE,1555,2026-04-22 14:20:00
5211,4,185,SALE,-1,SALE,102,2026-09-04 16:11:00
5212,4,156,SALE,-1,SALE,3876,2026-06-22 14:42:00
5213,4,90,SALE,-4,SALE,3059,2026-05-19 19:11:00
5214,2,87,SALE,-4,SALE,2092,2026-09-13 17:04:00
5215,1,110,SALE,-1,SALE,3231,2026-04-21 15:12:00
5216,3,29,SALE,-1,SALE,3105,2026-08-20 15:23:00
5217,2,93,SALE,-2,SALE,3507,2026-04-12 10:54:00
5218,4,12,SALE,-2,SALE,4477,2026-07-06 16:13:00
5219,3,169,SALE,-2,SALE,1876,2026-07-18 17:36:00
5220,3,161,SALE,-1,SALE,3719,2026-08-21 12:23:00
5221,3,37,SALE,-3,SALE,965,2026-07-03 19:13:00
5222,3,168,SALE,-1,SALE,3468,2026-05-15 14:45:00
5223,1,141,SALE,-3,SALE,772,2026-05-19 15:59:00
5224,2,43,SALE,-1,SALE,10,2026-09-27 20:05:00
5225,4,232,SALE,-1,SALE,4279,2026-05-06 18:56:00
5226,4,29,SALE,-1,SALE,2616,2026-09-22 17:58:00
5227,3,147,SALE,-3,SALE,2997,2026-05-14 16:06:00
5228,1,104,SALE,-2,SALE,362,2026-07-07 20:59:00
5229,2,183,SALE,-1,SALE,1378,2026-09-21 15:05:00
5230,2,177,SALE,-3,SALE,939,2026-05-20 11:01:00
5231,4,189,SALE,-1,SALE,681,2026-09-22 17:28:00
5232,1,135,SALE,-3,SALE,3715,2026-08-08 20:39:00
5233,2,137,SALE,-4,SALE,3023,2026-08-15 10:34:00
5234,3,230,SALE,-3,SALE,3388,2026-06-12 15:29:00
5235,2,207,SALE,-2,SALE,4064,2026-07-30 09:40:00
5236,4,16,SALE,-4,SALE,2642,2026-07-25 19:23:00
5237,3,153,SALE,-1,SALE,2953,2026-08-02 13:55:00
5238,3,111,SALE,-1,SALE,163,2026-04-23 14:45:00
5239,5,138,SALE,-1,SALE,345,2026-05-02 12:38:00
5240,4,21,SALE,-1,SALE,1020,2026-06-09 18:18:00
5241,4,18,SALE,-2,SALE,3091,2026-07-02 11:05:00
5242,2,219,SALE,-2,SALE,981,2026-08-03 11:29:00
5243,3,104,SALE,-3,SALE,840,2026-05-10 14:49:00
5244,4,97,SALE,-2,SALE,4842,2026-04-16 14:53:00
5245,1,194,SALE,-1,SALE,4949,2026-07-18 12:59:00
5246,4,12,SALE,-2,SALE,4330,2026-06-01 12:22:00
5247,5,47,SALE,-1,SALE,409,2026-08-05 19:56:00
5248,3,183,SALE,-3,SALE,113,2026-05-13 18:59:00
5249,3,227,SALE,-3,SALE,2934,2026-09-13 15:06:00
5250,2,12,SALE,-1,SALE,3578,2026-08-17 17:18:00
5251,1,167,SALE,-2,SALE,4956,2026-05-30 11:55:00
5252,5,31,SALE,-4,SALE,436,2026-09-18 16:20:00
5253,4,193,SALE,-1,SALE,2275,2026-07-27 15:27:00
5254,5,43,SALE,-3,SALE,3195,2026-05-15 20:57:00
5255,5,121,SALE,-3,SALE,2899,2026-07-30 09:41:00
5256,5,68,SALE,-4,SALE,1616,2026-04-11 11:09:00
5257,3,28,SALE,-2,SALE,1993,2026-06-29 18:00:00
5258,4,28,SALE,-3,SALE,1449,2026-08-25 09:26:00
5259,3,56,SALE,-1,SALE,4383,2026-06-15 12:09:00
5260,4,194,SALE,-3,SALE,2170,2026-09-06 10:59:00
5261,5,206,SALE,-2,SALE,174,2026-09-06 18:23:00
5262,3,214,SALE,-2,SALE,1801,2026-07-27 10:18:00
5263,4,131,SALE,-2,SALE,3729,2026-08-15 18:40:00
5264,2,43,SALE,-2,SALE,1962,2026-04-02 18:35:00
5265,3,52,SALE,-3,SALE,1914,2026-08-16 12:26:00
5266,5,84,SALE,-1,SALE,4113,2026-04-29 17:46:00
5267,5,167,SALE,-4,SALE,2837,2026-05-14 13:09:00
5268,3,36,SALE,-2,SALE,1825,2026-05-30 18:10:00
5269,2,146,SALE,-3,SALE,2262,2026-09-27 14:00:00
5270,5,3,SALE,-1,SALE,57,2026-04-12 14:22:00
5271,4,82,SALE,-4,SALE,2459,2026-07-18 18:22:00
5272,1,173,SALE,-2,SALE,1791,2026-05-24 12:31:00
5273,2,99,SALE,-4,SALE,1310,2026-05-24 10:40:00
5274,3,209,SALE,-2,SALE,4639,2026-06-16 13:17:00
5275,5,119,SALE,-2,SALE,3210,2026-07-03 18:54:00
5276,4,27,SALE,-4,SALE,1877,2026-07-29 09:18:00
5277,2,190,SALE,-3,SALE,187,2026-04-10 17:21:00
5278,4,23,SALE,-1,SALE,3243,2026-06-06 16:39:00
5279,3,183,SALE,-1,SALE,1297,2026-09-15 12:24:00
5280,2,74,SALE,-2,SALE,1934,2026-06-30 09:33:00
5281,3,201,SALE,-3,SALE,3481,2026-07-15 18:21:00
5282,2,195,SALE,-4,SALE,2763,2026-08-12 11:28:00
5283,1,58,SALE,-3,SALE,3680,2026-08-23 17:06:00
5284,5,101,SALE,-4,SALE,3368,2026-07-23 18:56:00
5285,1,149,SALE,-1,SALE,4247,2026-05-29 10:27:00
5286,5,231,SALE,-4,SALE,2197,2026-06-23 20:10:00
5287,4,172,SALE,-3,SALE,3296,2026-08-24 15:28:00
5288,5,93,SALE,-3,SALE,4993,2026-04-23 12:54:00
5289,3,72,SALE,-4,SALE,4315,2026-05-18 11:14:00
5290,1,46,SALE,-4,SALE,97,2026-05-11 09:56:00
5291,2,164,SALE,-1,SALE,1673,2026-05-06 15:56:00
5292,5,188,SALE,-4,SALE,116,2026-08-23 20:58:00
5293,4,95,SALE,-1,SALE,3985,2026-08-12 10:34:00
5294,4,177,SALE,-1,SALE,3133,2026-08-06 13:37:00
5295,4,236,SALE,-1,SALE,593,2026-06-23 16:25:00
5296,5,209,SALE,-2,SALE,4454,2026-06-04 15:27:00
5297,5,218,SALE,-3,SALE,3641,2026-04-14 12:53:00
5298,4,111,SALE,-4,SALE,1122,2026-09-03 09:49:00
5299,1,3,SALE,-2,SALE,847,2026-07-22 14:50:00
5300,5,70,SALE,-3,SALE,677,2026-06-08 20:23:00
5301,2,190,SALE,-1,SALE,2464,2026-06-02 19:15:00
5302,1,3,SALE,-2,SALE,493,2026-06-15 09:39:00
5303,4,201,SALE,-3,SALE,4336,2026-06-24 14:06:00
5304,4,166,SALE,-2,SALE,2985,2026-06-20 13:12:00
5305,1,72,SALE,-3,SALE,1716,2026-07-18 18:20:00
5306,1,14,SALE,-4,SALE,3670,2026-04-26 20:17:00
5307,4,63,SALE,-1,SALE,3466,2026-07-28 17:50:00
5308,4,138,SALE,-4,SALE,1343,2026-04-07 13:24:00
5309,4,143,SALE,-3,SALE,353,2026-06-21 14:25:00
5310,4,92,SALE,-2,SALE,4742,2026-04-16 14:26:00
5311,2,19,SALE,-3,SALE,1923,2026-06-24 14:59:00
5312,3,128,SALE,-1,SALE,3574,2026-04-05 15:17:00
5313,2,79,SALE,-1,SALE,4655,2026-06-21 20:01:00
5314,2,63,SALE,-3,SALE,2092,2026-09-13 17:04:00
5315,4,96,SALE,-3,SALE,1922,2026-09-18 16:48:00
5316,1,93,SALE,-1,SALE,3845,2026-08-04 19:24:00
5317,1,2,SALE,-4,SALE,3231,2026-04-21 15:12:00
5318,5,86,SALE,-2,SALE,2720,2026-04-06 16:37:00
5319,3,58,SALE,-3,SALE,1320,2026-04-14 17:23:00
5320,2,70,SALE,-2,SALE,1984,2026-04-27 15:27:00
5321,5,157,SALE,-1,SALE,1369,2026-07-06 17:27:00
5322,5,156,SALE,-3,SALE,1521,2026-05-20 14:06:00
5323,2,97,SALE,-4,SALE,1038,2026-04-26 14:58:00
5324,2,184,SALE,-4,SALE,4513,2026-09-15 20:40:00
5325,3,181,SALE,-2,SALE,3961,2026-07-13 12:02:00
5326,3,94,SALE,-1,SALE,3352,2026-07-07 14:21:00
5327,3,105,SALE,-3,SALE,650,2026-06-01 20:30:00
5328,1,179,SALE,-2,SALE,1817,2026-09-19 18:29:00
5329,3,7,SALE,-2,SALE,2649,2026-09-14 19:49:00
5330,4,227,SALE,-4,SALE,3282,2026-04-06 16:48:00
5331,5,97,SALE,-4,SALE,1394,2026-07-02 17:53:00
5332,5,190,SALE,-4,SALE,3505,2026-05-19 20:58:00
5333,2,111,SALE,-4,SALE,1072,2026-08-17 16:31:00
5334,1,1,SALE,-2,SALE,3334,2026-09-17 17:22:00
5335,3,106,SALE,-4,SALE,2139,2026-04-21 15:45:00
5336,4,101,SALE,-2,SALE,49,2026-08-07 10:11:00
5337,5,164,SALE,-2,SALE,702,2026-09-24 14:02:00
5338,4,158,SALE,-2,SALE,1324,2026-06-25 09:45:00
5339,1,54,SALE,-1,SALE,1210,2026-05-24 13:34:00
5340,3,170,SALE,-2,SALE,2423,2026-08-23 09:14:00
5341,2,193,SALE,-4,SALE,2262,2026-09-27 14:00:00
5342,5,176,SALE,-4,SALE,402,2026-04-30 19:02:00
5343,1,228,SALE,-4,SALE,2191,2026-04-04 18:32:00
5344,4,68,SALE,-2,SALE,3758,2026-05-27 16:24:00
5345,2,33,SALE,-3,SALE,3044,2026-05-17 12:56:00
5346,2,108,SALE,-3,SALE,4810,2026-09-23 10:51:00
5347,5,222,SALE,-1,SALE,2025,2026-05-01 20:26:00
5348,1,198,SALE,-4,SALE,4554,2026-07-14 14:07:00
5349,2,179,SALE,-2,SALE,1147,2026-05-07 20:45:00
5350,1,2,SALE,-3,SALE,3009,2026-07-23 15:54:00
5351,3,74,SALE,-4,SALE,2569,2026-05-16 14:44:00
5352,1,89,SALE,-4,SALE,4459,2026-04-27 16:14:00
5353,1,196,SALE,-2,SALE,711,2026-07-09 15:56:00
5354,4,114,SALE,-2,SALE,1974,2026-05-13 16:41:00
5355,1,167,SALE,-4,SALE,3629,2026-07-08 09:50:00
5356,1,44,SALE,-4,SALE,1669,2026-09-26 20:22:00
5357,3,173,SALE,-3,SALE,178,2026-06-15 20:45:00
5358,3,75,SALE,-2,SALE,2402,2026-06-18 17:10:00
5359,4,10,SALE,-1,SALE,3070,2026-07-21 10:02:00
5360,2,33,SALE,-4,SALE,3065,2026-06-27 09:25:00
5361,3,104,SALE,-4,SALE,4979,2026-05-21 10:28:00
5362,5,21,SALE,-3,SALE,1508,2026-08-30 09:06:00
5363,2,72,SALE,-3,SALE,2377,2026-06-30 18:06:00
5364,1,165,SALE,-1,SALE,4189,2026-09-07 12:39:00
5365,4,130,SALE,-4,SALE,3790,2026-08-05 14:43:00
5366,5,233,SALE,-1,SALE,4705,2026-07-10 14:17:00
5367,4,75,SALE,-1,SALE,4635,2026-09-12 20:38:00
5368,3,1,SALE,-4,SALE,4979,2026-05-21 10:28:00
5369,4,129,SALE,-2,SALE,1765,2026-04-22 15:31:00
5370,1,159,SALE,-4,SALE,2708,2026-05-14 11:09:00
5371,3,120,SALE,-3,SALE,4738,2026-09-10 20:58:00
5372,4,194,SALE,-3,SALE,481,2026-07-23 19:12:00
5373,4,10,SALE,-3,SALE,4559,2026-04-15 17:41:00
5374,4,96,SALE,-3,SALE,2991,2026-05-21 09:50:00
5375,5,190,SALE,-2,SALE,1399,2026-06-20 14:29:00
5376,5,48,SALE,-1,SALE,4238,2026-06-21 10:09:00
5377,2,123,SALE,-1,SALE,2744,2026-05-29 18:55:00
5378,2,162,SALE,-4,SALE,4765,2026-04-26 17:47:00
5379,5,116,SALE,-2,SALE,4609,2026-06-28 13:03:00
5380,4,240,SALE,-4,SALE,4543,2026-08-22 20:55:00
5381,3,234,SALE,-3,SALE,225,2026-09-02 11:54:00
5382,2,101,SALE,-3,SALE,654,2026-09-16 20:47:00
5383,5,32,SALE,-3,SALE,4646,2026-06-24 17:29:00
5384,3,141,SALE,-1,SALE,2572,2026-07-13 19:11:00
5385,4,4,SALE,-4,SALE,464,2026-07-09 16:59:00
5386,1,128,SALE,-1,SALE,325,2026-06-19 17:55:00
5387,4,189,SALE,-1,SALE,18,2026-06-03 15:49:00
5388,4,21,SALE,-4,SALE,571,2026-04-16 18:48:00
5389,1,205,SALE,-3,SALE,2374,2026-09-14 13:16:00
5390,5,171,SALE,-3,SALE,2905,2026-08-11 13:59:00
5391,1,76,SALE,-4,SALE,2512,2026-08-24 09:03:00
5392,5,239,SALE,-4,SALE,4051,2026-04-27 14:12:00
5393,4,221,SALE,-1,SALE,606,2026-04-08 13:44:00
5394,2,229,SALE,-4,SALE,1767,2026-05-21 12:01:00
5395,4,206,SALE,-1,SALE,4180,2026-06-19 18:10:00
5396,2,157,SALE,-3,SALE,4701,2026-08-22 19:37:00
5397,5,207,SALE,-1,SALE,1769,2026-04-10 20:54:00
5398,4,171,SALE,-4,SALE,4676,2026-09-09 20:49:00
5399,2,18,SALE,-1,SALE,4233,2026-08-27 10:44:00
5400,1,21,SALE,-2,SALE,3911,2026-05-21 15:23:00
5401,2,125,SALE,-1,SALE,4154,2026-06-02 18:28:00
5402,4,41,SALE,-2,SALE,103,2026-06-27 12:56:00
5403,4,127,SALE,-2,SALE,1960,2026-05-05 19:53:00
5404,2,12,SALE,-3,SALE,3905,2026-04-06 15:25:00
5405,4,83,SALE,-3,SALE,4091,2026-09-09 10:12:00
5406,2,111,SALE,-2,SALE,2739,2026-09-25 13:54:00
5407,4,204,SALE,-3,SALE,4201,2026-06-17 13:51:00
5408,1,90,SALE,-2,SALE,4272,2026-06-23 16:19:00
5409,2,115,SALE,-3,SALE,71,2026-08-15 13:24:00
5410,5,83,SALE,-3,SALE,4170,2026-04-08 16:19:00
5411,4,52,SALE,-3,SALE,4587,2026-06-13 18:49:00
5412,1,123,SALE,-2,SALE,105,2026-08-08 09:27:00
5413,4,186,SALE,-2,SALE,1608,2026-04-28 16:35:00
5414,2,117,SALE,-2,SALE,1690,2026-08-25 09:14:00
5415,2,101,SALE,-1,SALE,4825,2026-06-25 10:25:00
5416,3,8,SALE,-3,SALE,2755,2026-08-02 17:12:00
5417,2,18,SALE,-4,SALE,2821,2026-08-09 18:31:00
5418,5,132,SALE,-2,SALE,4385,2026-04-26 20:02:00
5419,2,3,SALE,-3,SALE,3883,2026-06-04 13:28:00
5420,4,99,SALE,-4,SALE,4517,2026-08-09 18:33:00
5421,4,51,SALE,-4,SALE,1759,2026-09-10 16:12:00
5422,4,104,SALE,-4,SALE,2522,2026-04-24 10:08:00
5423,3,231,SALE,-1,SALE,2781,2026-04-27 18:41:00
5424,5,39,SALE,-3,SALE,3760,2026-04-27 18:40:00
5425,5,126,SALE,-3,SALE,3981,2026-06-27 16:19:00
5426,3,149,SALE,-4,SALE,369,2026-08-29 15:17:00
5427,1,101,SALE,-1,SALE,869,2026-08-21 14:53:00
5428,1,203,SALE,-2,SALE,2615,2026-08-26 11:03:00
5429,4,87,SALE,-2,SALE,935,2026-09-17 13:39:00
5430,1,159,SALE,-2,SALE,1846,2026-07-08 09:19:00
5431,4,61,SALE,-1,SALE,2018,2026-07-20 13:49:00
5432,5,135,SALE,-1,SALE,4105,2026-07-06 17:32:00
5433,5,105,SALE,-2,SALE,1206,2026-06-17 11:21:00
5434,5,63,SALE,-1,SALE,3760,2026-04-27 18:40:00
5435,2,144,SALE,-1,SALE,4614,2026-06-25 18:46:00
5436,2,124,SALE,-1,SALE,620,2026-09-10 14:11:00
5437,1,95,SALE,-2,SALE,2138,2026-06-24 20:40:00
5438,3,101,SALE,-1,SALE,952,2026-09-02 11:42:00
5439,5,37,SALE,-3,SALE,724,2026-08-28 16:41:00
5440,2,221,SALE,-4,SALE,305,2026-08-05 11:29:00
5441,2,88,SALE,-4,SALE,3319,2026-09-06 16:47:00
5442,4,37,SALE,-1,SALE,62,2026-06-27 16:46:00
5443,3,183,SALE,-4,SALE,3473,2026-07-14 16:07:00
5444,3,94,SALE,-3,SALE,4940,2026-08-04 14:01:00
5445,4,38,SALE,-3,SALE,3530,2026-05-22 17:59:00
5446,1,190,SALE,-4,SALE,4922,2026-05-18 13:16:00
5447,4,198,SALE,-4,SALE,4957,2026-06-29 15:20:00
5448,1,30,SALE,-2,SALE,4439,2026-08-10 17:31:00
5449,1,28,SALE,-2,SALE,673,2026-04-29 20:00:00
5450,5,229,SALE,-3,SALE,3541,2026-04-10 10:20:00
5451,2,74,SALE,-2,SALE,3223,2026-07-17 11:51:00
5452,1,144,SALE,-3,SALE,275,2026-05-23 19:10:00
5453,3,155,SALE,-4,SALE,870,2026-04-10 16:27:00
5454,3,124,SALE,-3,SALE,1201,2026-09-22 13:56:00
5455,2,185,SALE,-4,SALE,476,2026-08-28 09:16:00
5456,3,211,SALE,-4,SALE,209,2026-04-28 16:15:00
5457,1,213,SALE,-4,SALE,1064,2026-08-23 20:47:00
5458,5,68,SALE,-1,SALE,813,2026-08-20 14:52:00
5459,5,123,SALE,-4,SALE,503,2026-09-05 19:45:00
5460,4,194,SALE,-4,SALE,1225,2026-09-02 13:46:00
5461,2,53,SALE,-4,SALE,2948,2026-05-07 11:26:00
5462,3,161,SALE,-4,SALE,2959,2026-05-03 11:26:00
5463,2,19,SALE,-3,SALE,3888,2026-07-28 11:07:00
5464,5,5,SALE,-3,SALE,584,2026-05-12 18:08:00
5465,4,184,SALE,-1,SALE,232,2026-08-26 13:37:00
5466,2,222,SALE,-4,SALE,1965,2026-06-19 17:15:00
5467,3,118,SALE,-1,SALE,2272,2026-08-31 20:10:00
5468,4,178,SALE,-3,SALE,985,2026-09-25 19:55:00
5469,4,178,SALE,-3,SALE,4806,2026-08-21 18:19:00
5470,5,130,SALE,-1,SALE,2142,2026-04-08 10:47:00
5471,5,143,SALE,-2,SALE,3128,2026-04-30 10:00:00
5472,2,221,SALE,-2,SALE,2182,2026-08-22 13:43:00
5473,5,105,SALE,-1,SALE,1434,2026-08-03 14:59:00
5474,4,145,SALE,-2,SALE,373,2026-06-06 13:38:00
5475,4,134,SALE,-3,SALE,2216,2026-06-09 15:13:00
5476,4,142,SALE,-2,SALE,3843,2026-05-08 13:31:00
5477,4,171,SALE,-1,SALE,4218,2026-04-16 18:12:00
5478,4,135,SALE,-1,SALE,1178,2026-06-20 14:12:00
5479,3,187,SALE,-3,SALE,3689,2026-06-13 10:16:00
5480,2,84,SALE,-1,SALE,489,2026-06-16 18:12:00
5481,1,189,SALE,-1,SALE,1015,2026-05-15 12:57:00
5482,5,159,SALE,-1,SALE,4380,2026-07-23 18:09:00
5483,1,180,SALE,-1,SALE,380,2026-09-16 12:10:00
5484,3,79,SALE,-3,SALE,870,2026-04-10 16:27:00
5485,4,168,SALE,-2,SALE,993,2026-07-31 09:09:00
5486,5,10,SALE,-1,SALE,1226,2026-04-16 10:55:00
5487,3,100,SALE,-4,SALE,1338,2026-09-03 16:09:00
5488,4,139,SALE,-2,SALE,3094,2026-07-26 09:40:00
5489,1,163,SALE,-2,SALE,3234,2026-08-03 13:56:00
5490,2,191,SALE,-3,SALE,3409,2026-05-09 09:36:00
5491,2,151,SALE,-3,SALE,2854,2026-06-26 11:50:00
5492,1,168,SALE,-3,SALE,1785,2026-08-22 19:28:00
5493,3,64,SALE,-3,SALE,1789,2026-09-04 12:50:00
5494,4,231,SALE,-1,SALE,3750,2026-08-13 17:55:00
5495,3,8,SALE,-4,SALE,2013,2026-09-15 17:20:00
5496,5,197,SALE,-3,SALE,2371,2026-08-12 19:58:00
5497,5,196,SALE,-3,SALE,3645,2026-09-16 20:45:00
5498,2,190,SALE,-4,SALE,4655,2026-06-21 20:01:00
5499,4,136,SALE,-1,SALE,820,2026-08-16 20:24:00
5500,1,8,SALE,-3,SALE,2707,2026-08-30 11:56:00
5501,2,236,SALE,-2,SALE,4088,2026-05-11 17:39:00
5502,3,31,SALE,-4,SALE,4143,2026-09-15 12:00:00
5503,1,99,SALE,-3,SALE,2111,2026-09-20 09:52:00
5504,1,138,SALE,-2,SALE,4939,2026-09-01 11:29:00
5505,2,8,SALE,-4,SALE,470,2026-05-22 14:08:00
5506,4,124,SALE,-1,SALE,2847,2026-09-04 10:57:00
5507,4,81,SALE,-4,SALE,2932,2026-08-16 17:23:00
5508,2,160,SALE,-4,SALE,2828,2026-06-13 13:51:00
5509,2,174,SALE,-4,SALE,4711,2026-06-03 16:59:00
5510,3,238,SALE,-3,SALE,3323,2026-08-30 16:49:00
5511,3,175,SALE,-1,SALE,3872,2026-04-06 09:51:00
5512,2,40,SALE,-4,SALE,1167,2026-04-12 18:19:00
5513,2,30,SALE,-4,SALE,1645,2026-07-14 09:05:00
5514,2,140,SALE,-4,SALE,3217,2026-04-05 14:15:00
5515,4,197,SALE,-1,SALE,3525,2026-08-21 15:16:00
5516,3,2,SALE,-2,SALE,4927,2026-07-14 19:20:00
5517,5,5,SALE,-3,SALE,1197,2026-07-17 16:22:00
5518,4,42,SALE,-1,SALE,1329,2026-06-26 10:58:00
5519,2,196,SALE,-4,SALE,48,2026-04-11 17:24:00
5520,3,105,SALE,-3,SALE,303,2026-09-28 17:16:00
5521,5,141,SALE,-2,SALE,2082,2026-04-29 16:55:00
5522,2,218,SALE,-3,SALE,4965,2026-04-04 14:33:00
5523,5,195,SALE,-3,SALE,1624,2026-08-18 11:35:00
5524,2,195,SALE,-1,SALE,298,2026-05-20 15:35:00
5525,2,191,SALE,-1,SALE,504,2026-05-07 12:42:00
5526,1,100,SALE,-3,SALE,2680,2026-07-26 18:52:00
5527,4,81,SALE,-3,SALE,3156,2026-07-28 16:50:00
5528,4,239,SALE,-4,SALE,3362,2026-04-21 17:34:00
5529,5,43,SALE,-4,SALE,1969,2026-06-14 11:33:00
5530,3,174,SALE,-1,SALE,4695,2026-06-08 19:49:00
5531,5,173,SALE,-4,SALE,4852,2026-06-01 20:00:00
5532,2,118,SALE,-4,SALE,4857,2026-09-08 09:35:00
5533,1,224,SALE,-1,SALE,1171,2026-09-05 13:17:00
5534,4,97,SALE,-4,SALE,3087,2026-05-02 18:30:00
5535,2,96,SALE,-4,SALE,4890,2026-06-25 11:18:00
5536,3,138,SALE,-4,SALE,2065,2026-06-26 20:30:00
5537,1,6,SALE,-2,SALE,426,2026-08-08 20:45:00
5538,1,143,SALE,-4,SALE,1181,2026-08-29 11:14:00
5539,2,227,SALE,-2,SALE,217,2026-04-08 12:12:00
5540,1,236,SALE,-1,SALE,3606,2026-08-15 17:34:00
5541,3,164,SALE,-2,SALE,4253,2026-07-02 18:11:00
5542,2,159,SALE,-2,SALE,4325,2026-07-14 11:46:00
5543,2,137,SALE,-2,SALE,1299,2026-07-18 10:15:00
5544,5,72,SALE,-1,SALE,1868,2026-08-09 10:41:00
5545,4,66,SALE,-3,SALE,2632,2026-07-10 12:06:00
5546,3,81,SALE,-2,SALE,572,2026-08-06 13:48:00
5547,3,55,SALE,-1,SALE,3426,2026-06-20 18:10:00
5548,2,158,SALE,-4,SALE,197,2026-04-23 11:19:00
5549,3,70,SALE,-3,SALE,1828,2026-04-09 18:09:00
5550,2,87,SALE,-2,SALE,3163,2026-07-23 12:39:00
5551,4,194,SALE,-1,SALE,2042,2026-05-24 18:44:00
5552,1,165,SALE,-3,SALE,2942,2026-04-02 16:07:00
5553,1,90,SALE,-3,SALE,3354,2026-04-19 20:18:00
5554,2,193,SALE,-4,SALE,2385,2026-08-09 12:01:00
5555,2,149,SALE,-1,SALE,2218,2026-04-29 14:43:00
5556,1,184,SALE,-1,SALE,784,2026-05-31 17:49:00
5557,3,52,SALE,-4,SALE,4695,2026-06-08 19:49:00
5558,3,97,SALE,-4,SALE,374,2026-08-24 19:29:00
5559,2,27,SALE,-1,SALE,4601,2026-07-01 19:42:00
5560,1,54,SALE,-4,SALE,3190,2026-04-07 17:56:00
5561,5,141,SALE,-4,SALE,2920,2026-06-07 18:59:00
5562,5,23,SALE,-2,SALE,3848,2026-04-08 19:05:00
5563,2,143,SALE,-1,SALE,3826,2026-04-11 15:34:00
5564,1,29,SALE,-1,SALE,776,2026-06-04 16:27:00
5565,2,134,SALE,-3,SALE,1829,2026-08-16 15:56:00
5566,3,111,SALE,-4,SALE,4768,2026-08-22 11:11:00
5567,3,12,SALE,-2,SALE,2020,2026-09-23 13:24:00
5568,2,170,SALE,-2,SALE,2681,2026-08-08 09:47:00
5569,5,61,SALE,-4,SALE,396,2026-07-05 20:52:00
5570,4,201,SALE,-2,SALE,4568,2026-05-27 10:13:00
5571,2,231,SALE,-4,SALE,3140,2026-06-22 16:37:00
5572,1,64,SALE,-2,SALE,378,2026-09-02 10:33:00
5573,4,30,SALE,-2,SALE,839,2026-08-31 13:17:00
5574,5,90,SALE,-3,SALE,3263,2026-06-23 17:42:00
5575,3,70,SALE,-3,SALE,2953,2026-08-02 13:55:00
5576,3,233,SALE,-4,SALE,2076,2026-08-09 19:39:00
5577,3,24,SALE,-3,SALE,3524,2026-08-08 16:25:00
5578,4,75,SALE,-4,SALE,2141,2026-08-28 15:56:00
5579,2,127,SALE,-1,SALE,3106,2026-07-03 10:26:00
5580,4,203,SALE,-2,SALE,796,2026-08-18 11:00:00
5581,4,72,SALE,-4,SALE,3445,2026-05-15 10:59:00
5582,3,29,SALE,-2,SALE,2758,2026-09-09 09:48:00
5583,4,223,SALE,-4,SALE,2248,2026-07-05 19:02:00
5584,3,42,SALE,-3,SALE,3074,2026-06-19 11:39:00
5585,1,58,SALE,-3,SALE,493,2026-06-15 09:39:00
5586,4,177,SALE,-1,SALE,4343,2026-08-18 14:03:00
5587,2,98,SALE,-2,SALE,4265,2026-04-16 19:07:00
5588,1,177,SALE,-2,SALE,3015,2026-08-05 09:06:00
5589,4,231,SALE,-1,SALE,3126,2026-04-29 10:21:00
5590,5,193,SALE,-3,SALE,2162,2026-07-13 20:19:00
5591,2,167,SALE,-3,SALE,2868,2026-06-05 16:17:00
5592,4,229,SALE,-2,SALE,4269,2026-05-26 12:19:00
5593,5,237,SALE,-4,SALE,1216,2026-06-13 16:49:00
5594,5,146,SALE,-4,SALE,3368,2026-07-23 18:56:00
5595,4,79,SALE,-2,SALE,2702,2026-05-10 20:17:00
5596,2,161,SALE,-3,SALE,4835,2026-05-04 09:35:00
5597,4,225,SALE,-1,SALE,4147,2026-05-03 15:56:00
5598,1,64,SALE,-2,SALE,1983,2026-07-26 15:10:00
5599,1,207,SALE,-1,SALE,2536,2026-09-27 14:19:00
5600,4,172,SALE,-3,SALE,3032,2026-04-08 19:29:00
5601,1,212,SALE,-1,SALE,2538,2026-09-13 17:21:00
5602,2,185,SALE,-2,SALE,4137,2026-04-07 20:27:00
5603,5,21,SALE,-1,SALE,1618,2026-07-31 11:05:00
5604,5,116,SALE,-3,SALE,3503,2026-07-06 09:23:00
5605,5,21,SALE,-3,SALE,2779,2026-05-05 17:45:00
5606,2,191,SALE,-1,SALE,2670,2026-05-27 11:50:00
5607,1,18,SALE,-2,SALE,1531,2026-08-07 16:33:00
5608,5,177,SALE,-4,SALE,13,2026-06-13 16:34:00
5609,1,1,SALE,-3,SALE,4208,2026-05-30 12:43:00
5610,1,211,SALE,-3,SALE,3631,2026-06-21 14:09:00
5611,4,198,SALE,-3,SALE,4907,2026-04-30 11:59:00
5612,5,181,SALE,-1,SALE,2391,2026-06-05 11:31:00
5613,2,168,SALE,-2,SALE,648,2026-07-25 14:32:00
5614,4,9,SALE,-1,SALE,2043,2026-06-23 19:14:00
5615,5,103,SALE,-2,SALE,2596,2026-04-13 20:20:00
5616,4,141,SALE,-2,SALE,4279,2026-05-06 18:56:00
5617,1,18,SALE,-2,SALE,982,2026-06-03 13:11:00
5618,4,118,SALE,-2,SALE,165,2026-07-01 20:35:00
5619,5,127,SALE,-1,SALE,1226,2026-04-16 10:55:00
5620,2,57,SALE,-4,SALE,4612,2026-07-13 19:52:00
5621,5,92,SALE,-4,SALE,737,2026-04-10 20:41:00
5622,1,16,SALE,-2,SALE,3759,2026-06-09 18:00:00
5623,1,177,SALE,-4,SALE,1551,2026-07-15 13:48:00
5624,5,217,SALE,-2,SALE,3963,2026-09-19 15:43:00
5625,2,188,SALE,-2,SALE,3085,2026-07-17 13:20:00
5626,5,119,SALE,-3,SALE,453,2026-05-25 16:42:00
5627,5,8,SALE,-2,SALE,4023,2026-04-16 19:11:00
5628,1,224,SALE,-2,SALE,1337,2026-07-21 12:17:00
5629,3,19,SALE,-4,SALE,1418,2026-09-04 15:22:00
5630,1,162,SALE,-3,SALE,3723,2026-07-23 19:42:00
5631,3,22,SALE,-3,SALE,2267,2026-05-05 14:28:00
5632,3,72,SALE,-1,SALE,1267,2026-06-15 18:27:00
5633,4,17,SALE,-3,SALE,2834,2026-09-05 17:57:00
5634,1,72,SALE,-3,SALE,4391,2026-05-12 13:39:00
5635,4,109,SALE,-3,SALE,3433,2026-08-27 20:34:00
5636,3,209,SALE,-4,SALE,4771,2026-05-21 18:01:00
5637,4,23,SALE,-1,SALE,1136,2026-04-12 11:46:00
5638,2,73,SALE,-3,SALE,100,2026-04-12 09:41:00
5639,4,176,SALE,-2,SALE,3750,2026-08-13 17:55:00
5640,5,32,SALE,-2,SALE,2896,2026-07-24 16:06:00
5641,5,79,SALE,-2,SALE,3735,2026-06-27 19:13:00
5642,2,174,SALE,-3,SALE,1694,2026-06-23 14:36:00
5643,2,40,SALE,-3,SALE,1071,2026-09-02 11:23:00
5644,2,34,SALE,-2,SALE,1071,2026-09-02 11:23:00
5645,4,187,SALE,-1,SALE,2526,2026-09-12 10:39:00
5646,2,112,SALE,-1,SALE,336,2026-07-05 11:35:00
5647,2,186,SALE,-1,SALE,1803,2026-07-31 20:03:00
5648,4,15,SALE,-4,SALE,1177,2026-05-14 12:30:00
5649,5,65,SALE,-1,SALE,4263,2026-05-14 19:53:00
5650,5,144,SALE,-1,SALE,2870,2026-04-21 18:06:00
5651,3,73,SALE,-2,SALE,3239,2026-08-17 14:55:00
5652,1,227,SALE,-1,SALE,836,2026-04-01 18:11:00
5653,1,29,SALE,-4,SALE,2787,2026-09-07 13:23:00
5654,4,66,SALE,-4,SALE,1917,2026-06-17 09:47:00
5655,3,58,SALE,-3,SALE,2534,2026-07-16 15:19:00
5656,5,88,SALE,-3,SALE,3998,2026-09-05 14:04:00
5657,4,152,SALE,-3,SALE,4991,2026-07-11 11:21:00
5658,1,78,SALE,-3,SALE,960,2026-06-18 16:57:00
5659,4,20,SALE,-1,SALE,2373,2026-07-11 17:43:00
5660,4,222,SALE,-1,SALE,1178,2026-06-20 14:12:00
5661,5,127,SALE,-1,SALE,3503,2026-07-06 09:23:00
5662,4,173,SALE,-1,SALE,571,2026-04-16 18:48:00
5663,3,48,SALE,-4,SALE,2710,2026-08-13 09:25:00
5664,2,157,SALE,-2,SALE,2399,2026-04-04 17:48:00
5665,5,182,SALE,-2,SALE,4467,2026-07-09 09:25:00
5666,4,179,SALE,-1,SALE,1730,2026-05-03 17:34:00
5667,1,119,SALE,-4,SALE,148,2026-04-08 12:51:00
5668,4,94,SALE,-3,SALE,327,2026-05-02 18:31:00
5669,4,27,SALE,-2,SALE,3522,2026-04-21 16:25:00
5670,1,16,SALE,-1,SALE,4015,2026-05-07 15:32:00
5671,4,131,SALE,-3,SALE,1379,2026-06-02 15:28:00
5672,2,207,SALE,-2,SALE,2886,2026-07-23 15:23:00
5673,3,15,SALE,-3,SALE,1481,2026-04-14 12:55:00
5674,4,2,SALE,-1,SALE,1676,2026-09-20 20:31:00
5675,5,130,SALE,-4,SALE,1734,2026-04-18 20:33:00
5676,3,230,SALE,-1,SALE,4227,2026-06-01 18:34:00
5677,2,216,SALE,-1,SALE,4468,2026-06-22 11:35:00
5678,4,195,SALE,-3,SALE,4308,2026-06-06 10:34:00
5679,3,163,SALE,-3,SALE,4111,2026-05-15 19:11:00
5680,1,153,SALE,-4,SALE,2708,2026-05-14 11:09:00
5681,4,207,SALE,-4,SALE,5000,2026-08-04 15:24:00
5682,1,25,SALE,-2,SALE,622,2026-04-18 13:06:00
5683,5,209,SALE,-4,SALE,3735,2026-06-27 19:13:00
5684,5,233,SALE,-1,SALE,873,2026-09-11 12:46:00
5685,1,71,SALE,-4,SALE,4934,2026-09-23 19:51:00
5686,2,130,SALE,-3,SALE,2690,2026-07-13 12:13:00
5687,3,6,SALE,-1,SALE,4334,2026-05-27 20:34:00
5688,4,119,SALE,-2,SALE,1619,2026-08-07 17:41:00
5689,4,49,SALE,-3,SALE,387,2026-05-18 19:46:00
5690,4,214,SALE,-3,SALE,3999,2026-04-10 13:51:00
5691,1,87,SALE,-3,SALE,1802,2026-05-22 15:05:00
5692,1,185,SALE,-3,SALE,4181,2026-08-04 20:03:00
5693,1,8,SALE,-1,SALE,1337,2026-07-21 12:17:00
5694,4,49,SALE,-4,SALE,3889,2026-07-03 19:28:00
5695,1,144,SALE,-3,SALE,4442,2026-05-12 13:03:00
5696,2,171,SALE,-4,SALE,3037,2026-08-24 15:03:00
5697,2,195,SALE,-1,SALE,3397,2026-04-10 20:52:00
5698,3,146,SALE,-1,SALE,4863,2026-04-15 19:29:00
5699,5,227,SALE,-4,SALE,4174,2026-08-27 13:09:00
5700,1,144,SALE,-3,SALE,3559,2026-08-07 10:48:00
5701,5,61,SALE,-3,SALE,1571,2026-09-13 16:40:00
5702,1,161,SALE,-3,SALE,3502,2026-06-08 14:19:00
5703,3,167,SALE,-3,SALE,1033,2026-08-07 09:00:00
5704,3,99,SALE,-2,SALE,2503,2026-05-08 17:19:00
5705,3,143,SALE,-4,SALE,1525,2026-05-08 11:51:00
5706,4,79,SALE,-4,SALE,2000,2026-04-04 18:26:00
5707,5,49,SALE,-2,SALE,3503,2026-07-06 09:23:00
5708,1,97,SALE,-4,SALE,2334,2026-08-25 15:00:00
5709,2,102,SALE,-3,SALE,3236,2026-06-04 16:43:00
5710,5,17,SALE,-1,SALE,3129,2026-09-15 19:21:00
5711,4,140,SALE,-1,SALE,2089,2026-05-08 09:35:00
5712,4,75,SALE,-3,SALE,3718,2026-08-08 16:50:00
5713,2,66,SALE,-4,SALE,871,2026-05-01 10:18:00
5714,4,232,SALE,-1,SALE,1488,2026-09-02 15:23:00
5715,1,200,SALE,-3,SALE,4585,2026-09-17 20:29:00
5716,4,227,SALE,-1,SALE,3203,2026-04-27 18:10:00
5717,2,35,SALE,-3,SALE,713,2026-05-31 16:55:00
5718,5,167,SALE,-1,SALE,3280,2026-06-05 10:15:00
5719,3,33,SALE,-3,SALE,4062,2026-08-31 12:35:00
5720,1,6,SALE,-3,SALE,1531,2026-08-07 16:33:00
5721,2,170,SALE,-3,SALE,153,2026-07-04 13:01:00
5722,3,41,SALE,-2,SALE,424,2026-04-13 17:13:00
5723,4,34,SALE,-4,SALE,2918,2026-08-14 11:04:00
5724,3,92,SALE,-4,SALE,4749,2026-06-29 15:20:00
5725,2,39,SALE,-1,SALE,3487,2026-07-26 10:24:00
5726,1,32,SALE,-3,SALE,235,2026-08-05 15:48:00
5727,3,12,SALE,-3,SALE,542,2026-05-23 16:13:00
5728,2,138,SALE,-1,SALE,1930,2026-08-17 20:51:00
5729,5,15,SALE,-3,SALE,1052,2026-08-04 10:27:00
5730,4,96,SALE,-1,SALE,4847,2026-09-13 10:21:00
5731,3,57,SALE,-4,SALE,4588,2026-06-20 13:44:00
5732,5,8,SALE,-4,SALE,2921,2026-06-26 15:24:00
5733,1,46,SALE,-3,SALE,3100,2026-06-15 13:13:00
5734,2,102,SALE,-2,SALE,3659,2026-06-25 19:09:00
5735,4,121,SALE,-3,SALE,67,2026-09-12 20:49:00
5736,4,104,SALE,-2,SALE,1488,2026-09-02 15:23:00
5737,1,157,SALE,-2,SALE,53,2026-07-16 11:10:00
5738,3,197,SALE,-1,SALE,2050,2026-06-20 18:50:00
5739,3,33,SALE,-4,SALE,2984,2026-04-27 09:43:00
5740,5,180,SALE,-3,SALE,3575,2026-05-28 19:53:00
5741,1,118,SALE,-2,SALE,2614,2026-07-30 16:39:00
5742,2,141,SALE,-1,SALE,4437,2026-05-03 13:39:00
5743,1,88,SALE,-3,SALE,4171,2026-04-21 14:33:00
5744,4,201,SALE,-4,SALE,2699,2026-04-08 20:29:00
5745,2,59,SALE,-4,SALE,4281,2026-08-20 14:22:00
5746,2,136,SALE,-3,SALE,1890,2026-09-20 19:38:00
5747,2,125,SALE,-3,SALE,4987,2026-09-10 12:17:00
5748,3,82,SALE,-3,SALE,2046,2026-07-14 16:30:00
5749,3,157,SALE,-3,SALE,2755,2026-08-02 17:12:00
5750,2,228,SALE,-4,SALE,882,2026-09-16 13:47:00
5751,4,61,SALE,-3,SALE,745,2026-05-21 17:53:00
5752,1,184,SALE,-1,SALE,2471,2026-04-16 14:20:00
5753,4,213,SALE,-3,SALE,2199,2026-05-21 11:52:00
5754,4,159,SALE,-2,SALE,354,2026-09-12 10:53:00
5755,4,97,SALE,-2,SALE,3181,2026-07-23 13:58:00
5756,5,101,SALE,-2,SALE,4832,2026-09-24 09:47:00
5757,5,222,SALE,-4,SALE,3753,2026-09-20 10:00:00
5758,5,89,SALE,-2,SALE,4054,2026-06-23 15:08:00
5759,3,169,SALE,-4,SALE,4445,2026-04-25 11:09:00
5760,3,217,SALE,-3,SALE,3512,2026-06-22 19:37:00
5761,2,78,SALE,-3,SALE,2770,2026-07-16 11:06:00
5762,1,38,SALE,-1,SALE,4264,2026-08-24 19:34:00
5763,3,215,SALE,-3,SALE,4148,2026-08-26 15:22:00
5764,3,205,SALE,-4,SALE,1985,2026-07-16 12:25:00
5765,5,59,SALE,-1,SALE,2347,2026-08-23 15:57:00
5766,4,142,SALE,-2,SALE,1031,2026-05-29 16:07:00
5767,5,93,SALE,-2,SALE,1812,2026-09-27 10:03:00
5768,1,114,SALE,-1,SALE,2851,2026-05-21 11:55:00
5769,4,79,SALE,-4,SALE,4003,2026-04-08 16:00:00
5770,2,141,SALE,-2,SALE,2613,2026-08-31 15:53:00
5771,2,188,SALE,-2,SALE,2658,2026-06-02 20:58:00
5772,1,207,SALE,-4,SALE,836,2026-04-01 18:11:00
5773,1,177,SALE,-4,SALE,3325,2026-08-29 16:23:00
5774,1,5,SALE,-3,SALE,1688,2026-07-17 18:42:00
5775,4,215,SALE,-4,SALE,2513,2026-05-25 11:54:00
5776,4,40,SALE,-3,SALE,4933,2026-09-28 15:44:00
5777,3,180,SALE,-1,SALE,2749,2026-09-08 13:07:00
5778,1,23,SALE,-3,SALE,2186,2026-09-10 14:40:00
5779,1,15,SALE,-4,SALE,4949,2026-07-18 12:59:00
5780,5,158,SALE,-2,SALE,1616,2026-04-11 11:09:00
5781,4,54,SALE,-3,SALE,4757,2026-06-12 16:07:00
5782,1,21,SALE,-1,SALE,586,2026-05-31 10:48:00
5783,2,51,SALE,-4,SALE,4150,2026-04-01 12:01:00
5784,4,84,SALE,-2,SALE,3598,2026-07-08 14:34:00
5785,4,144,SALE,-1,SALE,2756,2026-08-25 09:13:00
5786,3,77,SALE,-1,SALE,4117,2026-04-04 10:40:00
5787,4,202,SALE,-4,SALE,1887,2026-07-03 12:31:00
5788,1,120,SALE,-4,SALE,1749,2026-09-22 14:19:00
5789,4,34,SALE,-4,SALE,709,2026-06-05 09:44:00
5790,3,190,SALE,-3,SALE,2515,2026-07-29 19:55:00
5791,1,10,SALE,-3,SALE,1495,2026-09-02 18:01:00
5792,4,164,SALE,-1,SALE,3365,2026-04-10 16:37:00
5793,1,13,SALE,-3,SALE,3120,2026-08-02 17:06:00
5794,3,154,SALE,-2,SALE,2771,2026-04-17 18:10:00
5795,3,150,SALE,-2,SALE,1190,2026-06-28 19:47:00
5796,4,14,SALE,-3,SALE,3990,2026-07-23 12:57:00
5797,2,146,SALE,-4,SALE,4421,2026-07-15 13:43:00
5798,3,148,SALE,-2,SALE,3910,2026-06-24 16:26:00
5799,3,61,SALE,-3,SALE,2110,2026-05-18 15:58:00
5800,4,202,SALE,-2,SALE,4888,2026-09-05 18:31:00
5801,3,231,SALE,-3,SALE,853,2026-08-05 12:24:00
5802,2,191,SALE,-2,SALE,475,2026-07-22 19:18:00
5803,1,121,SALE,-3,SALE,288,2026-05-10 19:16:00
5804,2,172,SALE,-1,SALE,4792,2026-04-27 13:09:00
5805,5,41,SALE,-4,SALE,2992,2026-07-30 12:34:00
5806,5,195,SALE,-2,SALE,462,2026-04-13 14:36:00
5807,5,129,SALE,-2,SALE,436,2026-09-18 16:20:00
5808,3,233,SALE,-1,SALE,4794,2026-04-20 20:01:00
5809,3,145,SALE,-1,SALE,122,2026-04-18 18:47:00
5810,5,151,SALE,-1,SALE,3590,2026-05-31 14:05:00
5811,3,112,SALE,-3,SALE,2314,2026-05-02 15:28:00
5812,2,180,SALE,-2,SALE,2776,2026-08-27 19:46:00
5813,5,133,SALE,-2,SALE,1790,2026-08-29 15:24:00
5814,3,209,SALE,-1,SALE,1016,2026-07-19 15:48:00
5815,4,167,SALE,-3,SALE,4428,2026-08-28 18:57:00
5816,5,110,SALE,-3,SALE,1438,2026-07-12 19:15:00
5817,1,165,SALE,-2,SALE,547,2026-06-04 11:22:00
5818,5,234,SALE,-3,SALE,3848,2026-04-08 19:05:00
5819,4,15,SALE,-2,SALE,2275,2026-07-27 15:27:00
5820,5,191,SALE,-3,SALE,1631,2026-04-16 11:49:00
5821,5,37,SALE,-3,SALE,1913,2026-08-29 10:23:00
5822,1,206,SALE,-2,SALE,781,2026-08-22 09:21:00
5823,5,120,SALE,-2,SALE,261,2026-08-06 10:19:00
5824,5,113,SALE,-1,SALE,2938,2026-08-03 14:26:00
5825,3,213,SALE,-2,SALE,2286,2026-05-24 16:19:00
5826,4,191,SALE,-3,SALE,368,2026-08-26 20:44:00
5827,2,196,SALE,-4,SALE,127,2026-05-24 11:05:00
5828,2,150,SALE,-2,SALE,419,2026-09-24 13:39:00
5829,4,23,SALE,-2,SALE,158,2026-04-06 17:41:00
5830,2,99,SALE,-1,SALE,4909,2026-07-19 19:23:00
5831,4,189,SALE,-4,SALE,2509,2026-05-17 18:43:00
5832,5,80,SALE,-1,SALE,825,2026-08-02 13:26:00
5833,3,59,SALE,-1,SALE,2356,2026-08-14 20:50:00
5834,2,72,SALE,-1,SALE,3114,2026-06-16 13:42:00
5835,5,8,SALE,-1,SALE,3138,2026-04-18 19:45:00
5836,4,173,SALE,-3,SALE,3300,2026-04-30 14:14:00
5837,3,164,SALE,-3,SALE,901,2026-08-18 15:22:00
5838,1,147,SALE,-2,SALE,3562,2026-09-26 10:23:00
5839,3,49,SALE,-4,SALE,572,2026-08-06 13:48:00
5840,2,114,SALE,-2,SALE,2690,2026-07-13 12:13:00
5841,4,115,SALE,-1,SALE,3731,2026-08-25 15:58:00
5842,4,17,SALE,-4,SALE,3725,2026-06-11 10:24:00
5843,5,214,SALE,-1,SALE,1275,2026-08-22 14:58:00
5844,1,80,SALE,-2,SALE,4175,2026-09-12 09:15:00
5845,1,102,SALE,-1,SALE,3853,2026-07-24 12:30:00
5846,4,197,SALE,-2,SALE,1646,2026-08-05 12:18:00
5847,5,51,SALE,-2,SALE,4285,2026-04-19 12:33:00
5848,2,13,SALE,-3,SALE,723,2026-09-19 12:52:00
5849,1,167,SALE,-3,SALE,3404,2026-04-29 10:47:00
5850,5,218,SALE,-4,SALE,3762,2026-07-28 09:02:00
5851,2,67,SALE,-1,SALE,4154,2026-06-02 18:28:00
5852,5,115,SALE,-3,SALE,1831,2026-05-10 19:37:00
5853,1,129,SALE,-1,SALE,3975,2026-07-09 13:20:00
5854,5,47,SALE,-2,SALE,2443,2026-07-28 18:10:00
5855,4,162,SALE,-3,SALE,1663,2026-04-07 12:18:00
5856,3,102,SALE,-3,SALE,903,2026-04-13 09:08:00
5857,2,4,SALE,-2,SALE,1080,2026-05-26 20:33:00
5858,1,25,SALE,-3,SALE,441,2026-09-11 20:03:00
5859,1,65,SALE,-1,SALE,1594,2026-04-15 12:37:00
5860,2,173,SALE,-3,SALE,4880,2026-09-05 19:34:00
5861,2,12,SALE,-3,SALE,4728,2026-04-18 12:08:00
5862,1,196,SALE,-2,SALE,2174,2026-04-01 17:31:00
5863,4,99,SALE,-1,SALE,2445,2026-09-14 12:09:00
5864,3,78,SALE,-2,SALE,3232,2026-07-12 10:18:00
5865,3,192,SALE,-2,SALE,2020,2026-09-23 13:24:00
5866,3,16,SALE,-2,SALE,4267,2026-04-04 20:31:00
5867,4,138,SALE,-4,SALE,2908,2026-07-09 14:06:00
5868,3,137,SALE,-3,SALE,1201,2026-09-22 13:56:00
5869,3,22,SALE,-3,SALE,1018,2026-05-09 13:15:00
5870,2,96,SALE,-3,SALE,3618,2026-04-11 15:51:00
5871,2,219,SALE,-1,SALE,1367,2026-04-06 18:55:00
5872,4,41,SALE,-4,SALE,3431,2026-04-08 20:04:00
5873,3,167,SALE,-4,SALE,4445,2026-04-25 11:09:00
5874,3,127,SALE,-2,SALE,2572,2026-07-13 19:11:00
5875,2,43,SALE,-1,SALE,4048,2026-04-21 13:57:00
5876,1,199,SALE,-2,SALE,1577,2026-07-07 20:33:00
5877,1,133,SALE,-4,SALE,1280,2026-04-28 14:33:00
5878,4,227,SALE,-1,SALE,4411,2026-07-15 15:42:00
5879,4,73,SALE,-3,SALE,309,2026-05-14 10:14:00
5880,3,193,SALE,-2,SALE,4136,2026-08-20 10:51:00
5881,2,100,SALE,-1,SALE,3748,2026-08-29 11:57:00
5882,5,191,SALE,-4,SALE,4075,2026-04-12 18:51:00
5883,1,139,SALE,-4,SALE,4583,2026-05-08 10:48:00
5884,2,209,SALE,-3,SALE,2672,2026-04-01 12:32:00
5885,2,6,SALE,-1,SALE,2551,2026-08-17 09:56:00
5886,4,187,SALE,-2,SALE,3282,2026-04-06 16:48:00
5887,2,42,SALE,-2,SALE,4748,2026-06-10 10:15:00
5888,4,34,SALE,-1,SALE,3039,2026-04-30 14:14:00
5889,2,68,SALE,-4,SALE,3614,2026-06-07 11:33:00
5890,4,175,SALE,-1,SALE,323,2026-04-10 13:10:00
5891,3,78,SALE,-3,SALE,1486,2026-04-05 16:21:00
5892,5,82,SALE,-4,SALE,152,2026-08-15 14:44:00
5893,4,65,SALE,-1,SALE,3956,2026-05-02 20:36:00
5894,4,58,SALE,-4,SALE,603,2026-06-29 20:26:00
5895,4,184,SALE,-3,SALE,771,2026-09-15 09:51:00
5896,5,216,SALE,-2,SALE,4105,2026-07-06 17:32:00
5897,4,142,SALE,-3,SALE,1415,2026-04-05 18:25:00
5898,5,162,SALE,-1,SALE,89,2026-09-22 13:25:00
5899,5,152,SALE,-2,SALE,3392,2026-09-05 17:12:00
5900,1,66,SALE,-4,SALE,212,2026-08-25 11:40:00
5901,5,185,SALE,-3,SALE,3621,2026-04-29 11:28:00
5902,2,9,SALE,-3,SALE,4574,2026-04-14 09:13:00
5903,2,208,SALE,-3,SALE,2367,2026-05-20 15:36:00
5904,4,86,SALE,-2,SALE,1352,2026-07-01 20:18:00
5905,2,21,SALE,-3,SALE,1629,2026-08-08 16:28:00
5906,5,181,SALE,-4,SALE,1948,2026-08-06 15:36:00
5907,2,113,SALE,-3,SALE,1629,2026-08-08 16:28:00
5908,1,203,SALE,-4,SALE,2827,2026-04-03 20:09:00
5909,5,132,SALE,-3,SALE,3395,2026-07-07 09:41:00
5910,4,99,SALE,-4,SALE,69,2026-06-02 17:10:00
5911,2,196,SALE,-3,SALE,3652,2026-06-09 17:10:00
5912,3,228,SALE,-3,SALE,619,2026-09-16 12:49:00
5913,4,140,SALE,-4,SALE,1095,2026-09-13 17:27:00
5914,1,69,SALE,-2,SALE,3123,2026-09-02 18:27:00
5915,2,224,SALE,-3,SALE,1073,2026-08-29 17:27:00
5916,3,52,SALE,-3,SALE,1403,2026-05-04 17:40:00
5917,4,202,SALE,-3,SALE,375,2026-05-06 18:58:00
5918,3,98,SALE,-1,SALE,2490,2026-05-04 10:41:00
5919,3,215,SALE,-1,SALE,3593,2026-04-20 15:40:00
5920,1,66,SALE,-4,SALE,4460,2026-05-16 14:36:00
5921,2,21,SALE,-1,SALE,3397,2026-04-10 20:52:00
5922,1,159,SALE,-1,SALE,1331,2026-06-14 14:54:00
5923,4,165,SALE,-3,SALE,2867,2026-07-19 09:59:00
5924,1,47,SALE,-4,SALE,2952,2026-05-03 17:48:00
5925,5,7,SALE,-2,SALE,1915,2026-07-22 09:47:00
5926,2,202,SALE,-2,SALE,1737,2026-08-19 11:07:00
5927,3,159,SALE,-1,SALE,3569,2026-08-21 13:16:00
5928,2,195,SALE,-4,SALE,1575,2026-08-19 12:01:00
5929,5,11,SALE,-1,SALE,589,2026-04-07 19:45:00
5930,2,43,SALE,-3,SALE,2974,2026-04-26 17:41:00
5931,2,201,SALE,-4,SALE,2754,2026-05-16 18:44:00
5932,1,157,SALE,-4,SALE,1493,2026-06-08 11:58:00
5933,5,131,SALE,-1,SALE,689,2026-05-30 11:15:00
5934,4,56,SALE,-1,SALE,4534,2026-04-28 13:35:00
5935,2,70,SALE,-4,SALE,1988,2026-07-03 10:10:00
5936,4,59,SALE,-3,SALE,1087,2026-09-15 09:00:00
5937,2,194,SALE,-3,SALE,1935,2026-08-05 14:20:00
5938,5,12,SALE,-2,SALE,299,2026-09-01 13:44:00
5939,2,233,SALE,-1,SALE,4753,2026-09-18 14:05:00
5940,5,153,SALE,-4,SALE,4705,2026-07-10 14:17:00
5941,4,88,SALE,-4,SALE,1778,2026-05-10 14:23:00
5942,3,46,SALE,-4,SALE,2286,2026-05-24 16:19:00
5943,4,191,SALE,-2,SALE,2223,2026-04-14 15:26:00
5944,3,226,SALE,-2,SALE,4845,2026-04-27 20:38:00
5945,1,166,SALE,-2,SALE,1683,2026-06-25 10:27:00
5946,1,128,SALE,-4,SALE,1928,2026-06-04 17:34:00
5947,2,86,SALE,-4,SALE,2747,2026-07-10 20:51:00
5948,3,129,SALE,-4,SALE,1997,2026-07-21 12:57:00
5949,5,65,SALE,-3,SALE,400,2026-09-05 13:23:00
5950,5,36,SALE,-2,SALE,3210,2026-07-03 18:54:00
5951,1,163,SALE,-2,SALE,1435,2026-07-29 10:16:00
5952,1,54,SALE,-2,SALE,1862,2026-09-03 18:30:00
5953,5,102,SALE,-3,SALE,1995,2026-07-05 09:54:00
5954,1,32,SALE,-4,SALE,660,2026-06-09 11:07:00
5955,3,183,SALE,-2,SALE,3167,2026-08-20 18:33:00
5956,4,55,SALE,-1,SALE,1329,2026-06-26 10:58:00
5957,3,53,SALE,-4,SALE,3587,2026-07-31 13:50:00
5958,5,79,SALE,-2,SALE,576,2026-05-26 15:31:00
5959,4,165,SALE,-2,SALE,4475,2026-08-13 09:50:00
5960,3,69,SALE,-2,SALE,4495,2026-06-17 20:33:00
5961,5,209,SALE,-4,SALE,894,2026-05-10 14:35:00
5962,1,26,SALE,-4,SALE,1219,2026-05-28 19:32:00
5963,3,229,SALE,-1,SALE,1921,2026-08-29 12:36:00
5964,2,58,SALE,-4,SALE,3887,2026-04-17 10:48:00
5965,1,71,SALE,-4,SALE,401,2026-09-11 17:13:00
5966,2,161,SALE,-3,SALE,4850,2026-09-01 12:58:00
5967,2,47,SALE,-1,SALE,914,2026-06-03 12:19:00
5968,5,204,SALE,-2,SALE,4779,2026-09-05 12:03:00
5969,2,240,SALE,-1,SALE,495,2026-06-17 11:27:00
5970,5,190,SALE,-4,SALE,1335,2026-05-31 11:02:00
5971,2,170,SALE,-2,SALE,3733,2026-04-12 19:32:00
5972,4,35,SALE,-2,SALE,3246,2026-04-30 15:10:00
5973,5,48,SALE,-4,SALE,4402,2026-08-13 13:55:00
5974,5,37,SALE,-1,SALE,4993,2026-04-23 12:54:00
5975,2,196,SALE,-2,SALE,4728,2026-04-18 12:08:00
5976,2,219,SALE,-4,SALE,4472,2026-05-24 20:26:00
5977,3,170,SALE,-1,SALE,1121,2026-07-17 10:48:00
5978,3,142,SALE,-4,SALE,1320,2026-04-14 17:23:00
5979,5,24,SALE,-2,SALE,1538,2026-04-14 09:17:00
5980,2,14,SALE,-1,SALE,4188,2026-04-28 09:38:00
5981,3,120,SALE,-4,SALE,449,2026-04-26 11:58:00
5982,2,17,SALE,-2,SALE,2613,2026-08-31 15:53:00
5983,3,185,SALE,-4,SALE,411,2026-06-26 18:38:00
5984,4,54,SALE,-4,SALE,3365,2026-04-10 16:37:00
5985,2,188,SALE,-4,SALE,3267,2026-08-04 14:40:00
5986,4,197,SALE,-1,SALE,2141,2026-08-28 15:56:00
5987,1,9,SALE,-4,SALE,1703,2026-04-27 19:22:00
5988,1,46,SALE,-2,SALE,2305,2026-09-19 17:42:00
5989,2,187,SALE,-4,SALE,3114,2026-06-16 13:42:00
5990,2,203,SALE,-1,SALE,4011,2026-09-15 09:01:00
5991,4,205,SALE,-4,SALE,4273,2026-09-08 18:45:00
5992,2,127,SALE,-2,SALE,2698,2026-08-11 17:06:00
5993,5,32,SALE,-2,SALE,3589,2026-05-18 17:32:00
5994,4,152,SALE,-4,SALE,1931,2026-07-18 18:19:00
5995,5,200,SALE,-3,SALE,1497,2026-04-05 13:20:00
5996,5,38,SALE,-4,SALE,4185,2026-06-02 19:22:00
5997,5,64,SALE,-2,SALE,479,2026-04-15 16:36:00
5998,2,43,SALE,-1,SALE,1767,2026-05-21 12:01:00
5999,5,229,SALE,-1,SALE,4320,2026-08-17 10:57:00
6000,1,116,SALE,-1,SALE,4138,2026-09-21 18:46:00
6001,3,234,SALE,-2,SALE,2147,2026-04-24 13:00:00
6002,2,45,SALE,-4,SALE,1937,2026-09-06 09:29:00
6003,3,177,SALE,-2,SALE,304,2026-04-05 17:42:00
6004,5,168,SALE,-1,SALE,4065,2026-08-30 13:21:00
6005,5,179,SALE,-3,SALE,4896,2026-07-11 10:17:00
6006,3,147,SALE,-4,SALE,2173,2026-08-28 19:34:00
6007,5,170,SALE,-3,SALE,657,2026-09-01 19:03:00
6008,2,164,SALE,-2,SALE,2700,2026-06-29 18:11:00
6009,5,224,SALE,-3,SALE,2884,2026-07-01 16:44:00
6010,3,5,SALE,-1,SALE,499,2026-04-22 19:41:00
6011,5,236,SALE,-4,SALE,4877,2026-09-05 19:38:00
6012,3,35,SALE,-4,SALE,3786,2026-09-21 10:31:00
6013,3,99,SALE,-3,SALE,3113,2026-06-16 19:46:00
6014,5,13,SALE,-3,SALE,4435,2026-08-18 17:01:00
6015,3,11,SALE,-2,SALE,696,2026-06-19 11:50:00
6016,5,174,SALE,-3,SALE,4361,2026-05-19 13:20:00
6017,1,212,SALE,-4,SALE,2657,2026-07-30 19:27:00
6018,4,190,SALE,-4,SALE,3296,2026-08-24 15:28:00
6019,5,143,SALE,-3,SALE,3177,2026-07-01 13:10:00
6020,5,55,SALE,-3,SALE,57,2026-04-12 14:22:00
6021,3,114,SALE,-4,SALE,2226,2026-05-26 10:58:00
6022,4,95,SALE,-1,SALE,110,2026-08-15 19:52:00
6023,4,119,SALE,-2,SALE,17,2026-07-17 13:50:00
6024,4,168,SALE,-2,SALE,2632,2026-07-10 12:06:00
6025,2,90,SALE,-3,SALE,4239,2026-07-22 20:27:00
6026,4,11,SALE,-3,SALE,1998,2026-07-30 13:46:00
6027,3,20,SALE,-4,SALE,1990,2026-08-21 11:16:00
6028,3,16,SALE,-1,SALE,2665,2026-07-19 10:27:00
6029,2,104,SALE,-1,SALE,4182,2026-07-31 18:38:00
6030,5,121,SALE,-3,SALE,3980,2026-06-08 15:55:00
6031,3,3,SALE,-4,SALE,1691,2026-09-23 20:01:00
6032,4,98,SALE,-1,SALE,50,2026-08-13 20:24:00
6033,3,112,SALE,-4,SALE,1305,2026-08-01 16:29:00
6034,1,154,SALE,-2,SALE,3451,2026-07-04 15:27:00
6035,5,237,SALE,-2,SALE,2933,2026-09-17 12:17:00
6036,2,166,SALE,-3,SALE,2995,2026-04-02 17:17:00
6037,3,8,SALE,-3,SALE,2910,2026-06-23 10:55:00
6038,4,211,SALE,-2,SALE,4552,2026-06-06 19:30:00
6039,5,148,SALE,-3,SALE,4206,2026-08-18 16:34:00
6040,4,133,SALE,-1,SALE,3530,2026-05-22 17:59:00
6041,1,187,SALE,-4,SALE,4487,2026-09-05 17:53:00
6042,4,40,SALE,-2,SALE,3907,2026-06-25 20:53:00
6043,1,105,SALE,-4,SALE,2584,2026-05-18 18:17:00
6044,2,189,SALE,-1,SALE,713,2026-05-31 16:55:00
6045,2,129,SALE,-2,SALE,1273,2026-04-13 20:43:00
6046,4,205,SALE,-3,SALE,606,2026-04-08 13:44:00
6047,2,180,SALE,-3,SALE,4601,2026-07-01 19:42:00
6048,3,191,SALE,-2,SALE,3481,2026-07-15 18:21:00
6049,4,212,SALE,-2,SALE,3143,2026-06-25 19:50:00
6050,3,88,SALE,-1,SALE,2979,2026-04-20 14:52:00
6051,4,240,SALE,-2,SALE,4476,2026-04-06 18:04:00
6052,5,180,SALE,-2,SALE,3571,2026-04-01 14:00:00
6053,4,70,SALE,-1,SALE,1536,2026-06-16 17:24:00
6054,4,200,SALE,-1,SALE,2445,2026-09-14 12:09:00
6055,4,199,SALE,-1,SALE,944,2026-06-03 15:35:00
6056,3,163,SALE,-4,SALE,4800,2026-07-29 18:30:00
6057,2,109,SALE,-2,SALE,1709,2026-08-04 20:06:00
6058,1,4,SALE,-1,SALE,3594,2026-07-08 15:51:00
6059,4,40,SALE,-4,SALE,932,2026-05-14 11:58:00
6060,4,110,SALE,-2,SALE,2586,2026-04-18 16:47:00
6061,2,176,SALE,-3,SALE,763,2026-04-12 13:48:00
6062,3,139,SALE,-2,SALE,4301,2026-05-31 16:43:00
6063,5,13,SALE,-4,SALE,4931,2026-07-25 14:57:00
6064,2,186,SALE,-2,SALE,187,2026-04-10 17:21:00
6065,3,177,SALE,-4,SALE,1564,2026-05-03 11:27:00
6066,4,97,SALE,-1,SALE,4063,2026-05-09 18:46:00
6067,4,94,SALE,-3,SALE,4791,2026-07-30 20:14:00
6068,2,216,SALE,-4,SALE,2079,2026-09-16 09:22:00
6069,2,40,SALE,-2,SALE,2570,2026-05-05 16:44:00
6070,3,99,SALE,-2,SALE,4899,2026-09-27 17:00:00
6071,1,16,SALE,-1,SALE,1577,2026-07-07 20:33:00
6072,2,37,SALE,-4,SALE,4810,2026-09-23 10:51:00
6073,5,76,SALE,-1,SALE,2388,2026-04-05 17:10:00
6074,3,154,SALE,-3,SALE,514,2026-05-01 17:19:00
6075,2,155,SALE,-2,SALE,2038,2026-09-07 13:50:00
6076,3,218,SALE,-1,SALE,4927,2026-07-14 19:20:00
6077,1,35,SALE,-2,SALE,1209,2026-06-03 12:54:00
6078,5,46,SALE,-2,SALE,522,2026-08-08 20:41:00
6079,4,87,SALE,-2,SALE,554,2026-09-14 16:19:00
6080,1,131,SALE,-2,SALE,3677,2026-05-21 09:25:00
6081,5,42,SALE,-4,SALE,4988,2026-04-15 15:15:00
6082,5,4,SALE,-4,SALE,439,2026-04-25 14:58:00
6083,1,233,SALE,-4,SALE,3612,2026-07-04 12:44:00
6084,4,56,SALE,-2,SALE,758,2026-07-30 11:04:00
6085,4,163,SALE,-1,SALE,3087,2026-05-02 18:30:00
6086,4,4,SALE,-4,SALE,81,2026-05-08 17:55:00
6087,5,138,SALE,-3,SALE,4032,2026-07-09 12:37:00
6088,5,72,SALE,-2,SALE,4381,2026-04-13 17:18:00
6089,4,6,SALE,-1,SALE,4675,2026-09-20 11:39:00
6090,4,229,SALE,-2,SALE,3422,2026-09-26 17:47:00
6091,4,162,SALE,-3,SALE,272,2026-07-28 19:24:00
6092,1,82,SALE,-1,SALE,4209,2026-08-06 10:39:00
6093,2,182,SALE,-1,SALE,1705,2026-06-20 14:35:00
6094,2,80,SALE,-4,SALE,2075,2026-04-27 19:00:00
6095,4,189,SALE,-3,SALE,3181,2026-07-23 13:58:00
6096,3,221,SALE,-2,SALE,3189,2026-07-21 18:40:00
6097,5,7,SALE,-2,SALE,4163,2026-09-11 09:01:00
6098,4,80,SALE,-4,SALE,2712,2026-07-08 18:53:00
6099,2,210,SALE,-4,SALE,2230,2026-04-15 20:57:00
6100,5,44,SALE,-4,SALE,4579,2026-07-07 11:42:00
6101,5,21,SALE,-4,SALE,4751,2026-05-20 16:01:00
6102,2,194,SALE,-1,SALE,2802,2026-04-01 20:13:00
6103,1,145,SALE,-3,SALE,4115,2026-05-11 10:28:00
6104,3,172,SALE,-2,SALE,3919,2026-06-05 20:09:00
6105,3,220,SALE,-3,SALE,4577,2026-07-26 11:27:00
6106,1,228,SALE,-3,SALE,76,2026-08-13 13:29:00
6107,2,236,SALE,-2,SALE,4056,2026-07-31 17:52:00
6108,2,213,SALE,-4,SALE,1610,2026-08-31 20:28:00
6109,2,62,SALE,-4,SALE,3052,2026-07-28 17:47:00
6110,1,38,SALE,-1,SALE,2807,2026-08-23 19:13:00
6111,1,73,SALE,-3,SALE,4374,2026-05-19 16:19:00
6112,4,166,SALE,-3,SALE,4179,2026-09-19 15:40:00
6113,5,225,SALE,-3,SALE,4793,2026-05-15 09:24:00
6114,2,49,SALE,-1,SALE,2008,2026-07-14 10:04:00
6115,5,107,SALE,-4,SALE,2337,2026-06-09 17:15:00
6116,3,240,SALE,-4,SALE,3396,2026-04-25 11:33:00
6117,1,46,SALE,-4,SALE,85,2026-06-25 09:16:00
6118,3,197,SALE,-1,SALE,1436,2026-08-11 20:13:00
6119,5,54,SALE,-1,SALE,822,2026-07-10 11:56:00
6120,2,192,SALE,-4,SALE,3259,2026-07-18 12:19:00
6121,4,116,SALE,-2,SALE,334,2026-04-01 16:53:00
6122,3,85,SALE,-3,SALE,2515,2026-07-29 19:55:00
6123,4,92,SALE,-3,SALE,3413,2026-07-13 19:39:00
6124,2,163,SALE,-3,SALE,1234,2026-06-19 10:00:00
6125,5,195,SALE,-1,SALE,4193,2026-07-22 13:32:00
6126,2,104,SALE,-3,SALE,4572,2026-07-23 16:27:00
6127,2,11,SALE,-4,SALE,1933,2026-07-03 19:04:00
6128,5,40,SALE,-1,SALE,2500,2026-08-30 16:13:00
6129,5,188,SALE,-2,SALE,2545,2026-04-01 19:57:00
6130,2,195,SALE,-1,SALE,3448,2026-07-14 20:10:00
6131,4,125,SALE,-1,SALE,1847,2026-04-14 17:44:00
6132,5,209,SALE,-1,SALE,4606,2026-07-24 15:33:00
6133,4,4,SALE,-2,SALE,4126,2026-04-01 14:56:00
6134,3,32,SALE,-4,SALE,902,2026-08-10 19:46:00
6135,4,23,SALE,-2,SALE,611,2026-05-06 10:01:00
6136,1,11,SALE,-3,SALE,1837,2026-07-12 10:24:00
6137,5,187,SALE,-3,SALE,1487,2026-04-18 11:19:00
6138,3,119,SALE,-3,SALE,3306,2026-08-06 09:45:00
6139,2,130,SALE,-1,SALE,2097,2026-05-12 10:57:00
6140,4,84,SALE,-1,SALE,638,2026-09-04 16:22:00
6141,3,12,SALE,-3,SALE,1914,2026-08-16 12:26:00
6142,3,131,SALE,-3,SALE,4095,2026-09-05 16:29:00
6143,4,185,SALE,-2,SALE,999,2026-07-29 18:52:00
6144,1,84,SALE,-2,SALE,2711,2026-04-27 15:46:00
6145,1,183,SALE,-3,SALE,2636,2026-06-15 18:33:00
6146,1,64,SALE,-2,SALE,2528,2026-05-22 13:52:00
6147,1,198,SALE,-3,SALE,1699,2026-05-21 16:06:00
6148,1,139,SALE,-4,SALE,1707,2026-06-15 14:54:00
6149,1,44,SALE,-3,SALE,2426,2026-09-13 18:01:00
6150,2,141,SALE,-3,SALE,4838,2026-09-25 14:49:00
6151,5,2,SALE,-3,SALE,2124,2026-09-24 20:20:00
6152,4,13,SALE,-4,SALE,2774,2026-07-01 09:54:00
6153,3,179,SALE,-4,SALE,2565,2026-09-10 13:49:00
6154,3,201,SALE,-3,SALE,374,2026-08-24 19:29:00
6155,3,115,SALE,-3,SALE,2116,2026-04-23 16:51:00
6156,3,84,SALE,-3,SALE,952,2026-09-02 11:42:00
6157,4,29,SALE,-3,SALE,2848,2026-04-18 14:15:00
6158,4,37,SALE,-3,SALE,4336,2026-06-24 14:06:00
6159,1,109,SALE,-1,SALE,2780,2026-09-03 15:15:00
6160,2,65,SALE,-3,SALE,3898,2026-04-28 15:30:00
6161,4,140,SALE,-4,SALE,1449,2026-08-25 09:26:00
6162,4,166,SALE,-3,SALE,1763,2026-08-05 09:29:00
6163,4,96,SALE,-4,SALE,3088,2026-06-15 17:46:00
6164,4,166,SALE,-3,SALE,1101,2026-05-27 19:07:00
6165,2,196,SALE,-4,SALE,51,2026-05-04 12:00:00
6166,1,110,SALE,-3,SALE,1417,2026-08-13 15:43:00
6167,3,201,SALE,-4,SALE,651,2026-08-06 16:42:00
6168,2,231,SALE,-4,SALE,3259,2026-07-18 12:19:00
6169,4,129,SALE,-4,SALE,1087,2026-09-15 09:00:00
6170,1,72,SALE,-3,SALE,3554,2026-06-14 09:50:00
6171,3,77,SALE,-2,SALE,31,2026-08-28 12:14:00
6172,1,100,SALE,-2,SALE,2219,2026-05-15 15:03:00
6173,2,141,SALE,-4,SALE,3109,2026-08-16 19:08:00
6174,3,121,SALE,-1,SALE,3604,2026-05-29 19:08:00
6175,4,232,SALE,-1,SALE,39,2026-09-26 19:01:00
6176,3,49,SALE,-1,SALE,1718,2026-09-14 16:58:00
6177,5,117,SALE,-2,SALE,4066,2026-06-29 09:50:00
6178,5,158,SALE,-1,SALE,4606,2026-07-24 15:33:00
6179,3,215,SALE,-1,SALE,4698,2026-06-26 20:24:00
6180,3,165,SALE,-3,SALE,2970,2026-04-26 11:22:00
6181,5,30,SALE,-2,SALE,3601,2026-05-14 12:03:00
6182,3,47,SALE,-4,SALE,4979,2026-05-21 10:28:00
6183,5,212,SALE,-2,SALE,1446,2026-06-26 11:03:00
6184,5,155,SALE,-4,SALE,3743,2026-09-09 15:08:00
6185,2,189,SALE,-2,SALE,1,2026-09-22 12:31:00
6186,3,98,SALE,-2,SALE,1447,2026-06-11 16:05:00
6187,1,7,SALE,-3,SALE,4099,2026-08-23 15:41:00
6188,1,214,SALE,-2,SALE,3063,2026-07-18 15:04:00
6189,3,44,SALE,-4,SALE,1672,2026-08-17 12:40:00
6190,4,20,SALE,-1,SALE,3551,2026-06-13 20:22:00
6191,1,80,SALE,-3,SALE,11,2026-09-06 11:05:00
6192,3,4,SALE,-4,SALE,2523,2026-07-17 16:12:00
6193,2,205,SALE,-1,SALE,4654,2026-07-08 11:46:00
6194,3,143,SALE,-3,SALE,1614,2026-04-07 18:39:00
6195,5,58,SALE,-2,SALE,3596,2026-05-22 17:36:00
6196,2,164,SALE,-2,SALE,3822,2026-09-20 14:23:00
6197,1,57,SALE,-4,SALE,727,2026-05-12 09:24:00
6198,1,79,SALE,-4,SALE,4276,2026-09-24 19:58:00
6199,5,47,SALE,-4,SALE,2904,2026-08-16 10:58:00
6200,4,193,SALE,-2,SALE,4498,2026-04-20 20:11:00
6201,3,175,SALE,-2,SALE,3374,2026-05-24 14:36:00
6202,3,235,SALE,-1,SALE,4873,2026-06-27 16:39:00
6203,1,84,SALE,-1,SALE,968,2026-06-18 15:20:00
6204,1,11,SALE,-1,SALE,391,2026-09-04 10:56:00
6205,3,70,SALE,-4,SALE,2760,2026-06-21 12:50:00
6206,3,136,SALE,-2,SALE,613,2026-04-04 10:33:00
6207,2,52,SALE,-1,SALE,4377,2026-08-16 16:20:00
6208,1,21,SALE,-4,SALE,3464,2026-04-14 16:52:00
6209,4,157,SALE,-4,SALE,2794,2026-05-12 09:05:00
6210,1,207,SALE,-1,SALE,1435,2026-07-29 10:16:00
6211,4,118,SALE,-1,SALE,4670,2026-04-01 10:01:00
6212,4,221,SALE,-1,SALE,733,2026-07-13 17:49:00
6213,5,184,SALE,-1,SALE,4370,2026-05-10 18:06:00
6214,5,70,SALE,-3,SALE,4646,2026-06-24 17:29:00
6215,4,147,SALE,-1,SALE,4815,2026-04-30 19:51:00
6216,4,20,SALE,-3,SALE,4912,2026-05-25 11:05:00
6217,4,184,SALE,-2,SALE,3313,2026-04-08 13:41:00
6218,3,55,SALE,-2,SALE,3903,2026-09-17 15:49:00
6219,5,75,SALE,-2,SALE,1301,2026-05-22 18:28:00
6220,4,97,SALE,-2,SALE,50,2026-08-13 20:24:00
6221,3,130,SALE,-2,SALE,3468,2026-05-15 14:45:00
6222,5,148,SALE,-3,SALE,4629,2026-08-09 17:39:00
6223,2,181,SALE,-4,SALE,1885,2026-06-15 11:22:00
6224,3,89,SALE,-2,SALE,4944,2026-04-15 15:06:00
6225,5,222,SALE,-1,SALE,822,2026-07-10 11:56:00
6226,5,161,SALE,-2,SALE,722,2026-08-29 13:54:00
6227,1,122,SALE,-4,SALE,4416,2026-05-13 20:46:00
6228,1,174,SALE,-4,SALE,1749,2026-09-22 14:19:00
6229,5,169,SALE,-1,SALE,2549,2026-07-19 16:36:00
6230,3,48,SALE,-4,SALE,4639,2026-06-16 13:17:00
6231,3,98,SALE,-4,SALE,2731,2026-09-06 18:04:00
6232,2,188,SALE,-3,SALE,4644,2026-07-14 10:54:00
6233,4,59,SALE,-1,SALE,3912,2026-08-31 18:10:00
6234,2,77,SALE,-1,SALE,2011,2026-07-26 15:19:00
6235,5,67,SALE,-3,SALE,1422,2026-08-03 10:59:00
6236,1,166,SALE,-3,SALE,1064,2026-08-23 20:47:00
6237,1,65,SALE,-2,SALE,386,2026-05-05 19:36:00
6238,5,29,SALE,-1,SALE,4663,2026-05-15 13:01:00
6239,3,193,SALE,-3,SALE,4449,2026-06-21 19:00:00
6240,2,27,SALE,-4,SALE,3236,2026-06-04 16:43:00
6241,5,45,SALE,-2,SALE,157,2026-06-21 16:30:00
6242,3,167,SALE,-4,SALE,4009,2026-04-30 20:55:00
6243,1,137,SALE,-2,SALE,1268,2026-05-04 18:26:00
6244,2,127,SALE,-3,SALE,3060,2026-06-03 15:26:00
6245,5,83,SALE,-1,SALE,4518,2026-05-12 14:10:00
6246,4,220,SALE,-4,SALE,3630,2026-04-27 09:35:00
6247,5,232,SALE,-3,SALE,1682,2026-05-26 11:54:00
6248,2,133,SALE,-2,SALE,756,2026-04-07 17:10:00
6249,4,223,SALE,-3,SALE,3688,2026-07-04 15:14:00
6250,2,192,SALE,-1,SALE,4056,2026-07-31 17:52:00
6251,1,77,SALE,-1,SALE,3801,2026-07-23 13:37:00
6252,1,166,SALE,-4,SALE,2697,2026-04-18 17:10:00
6253,5,213,SALE,-2,SALE,2790,2026-09-20 11:11:00
6254,1,164,SALE,-3,SALE,1277,2026-08-13 20:32:00
6255,5,95,SALE,-1,SALE,4337,2026-08-29 16:08:00
6256,2,39,SALE,-4,SALE,2344,2026-06-27 19:54:00
6257,5,104,SALE,-3,SALE,2388,2026-04-05 17:10:00
6258,3,101,SALE,-1,SALE,322,2026-07-11 17:12:00
6259,2,215,SALE,-2,SALE,4668,2026-04-23 16:59:00
6260,4,159,SALE,-1,SALE,4582,2026-06-12 12:07:00
6261,5,167,SALE,-3,SALE,376,2026-04-14 10:03:00
6262,2,198,SALE,-3,SALE,1318,2026-04-17 11:58:00
6263,5,40,SALE,-2,SALE,3263,2026-06-23 17:42:00
6264,2,178,SALE,-4,SALE,3823,2026-07-17 13:22:00
6265,3,151,SALE,-1,SALE,668,2026-04-14 11:04:00
6266,3,81,SALE,-3,SALE,3461,2026-05-28 15:23:00
6267,4,121,SALE,-4,SALE,4345,2026-05-04 12:30:00
6268,2,119,SALE,-4,SALE,4880,2026-09-05 19:34:00
6269,5,195,SALE,-3,SALE,715,2026-09-16 13:53:00
6270,4,239,SALE,-2,SALE,5000,2026-08-04 15:24:00
6271,4,165,SALE,-2,SALE,672,2026-06-04 20:08:00
6272,3,162,SALE,-4,SALE,1423,2026-09-27 11:31:00
6273,5,14,SALE,-2,SALE,4767,2026-09-26 09:19:00
6274,2,104,SALE,-1,SALE,1208,2026-04-25 10:18:00
6275,3,229,SALE,-2,SALE,1900,2026-06-19 17:21:00
6276,3,98,SALE,-1,SALE,3473,2026-07-14 16:07:00
6277,3,95,SALE,-1,SALE,954,2026-05-31 09:09:00
6278,5,191,SALE,-1,SALE,3994,2026-09-24 11:34:00
6279,2,133,SALE,-2,SALE,1512,2026-05-24 14:26:00
6280,1,37,SALE,-4,SALE,1079,2026-04-02 20:02:00
6281,5,128,SALE,-1,SALE,4260,2026-08-09 09:39:00
6282,5,69,SALE,-3,SALE,2663,2026-04-20 10:39:00
6283,3,21,SALE,-1,SALE,2667,2026-06-25 18:40:00
6284,3,187,SALE,-2,SALE,3478,2026-06-18 09:26:00
6285,3,225,SALE,-4,SALE,374,2026-08-24 19:29:00
6286,4,155,SALE,-4,SALE,4090,2026-08-22 18:42:00
6287,4,174,SALE,-1,SALE,2311,2026-06-11 20:03:00
6288,3,71,SALE,-2,SALE,499,2026-04-22 19:41:00
6289,3,105,SALE,-1,SALE,250,2026-06-18 19:37:00
6290,4,115,SALE,-3,SALE,1770,2026-08-11 14:28:00
6291,2,116,SALE,-1,SALE,3953,2026-09-02 18:41:00
6292,2,240,SALE,-4,SALE,1363,2026-07-07 20:24:00
6293,1,209,SALE,-4,SALE,2679,2026-06-27 11:59:00
6294,5,184,SALE,-4,SALE,2823,2026-08-19 09:33:00
6295,5,179,SALE,-1,SALE,1346,2026-04-23 17:07:00
6296,3,19,SALE,-1,SALE,2112,2026-05-13 17:47:00
6297,5,33,SALE,-1,SALE,1720,2026-04-03 12:19:00
6298,2,223,SALE,-1,SALE,1103,2026-08-14 11:38:00
6299,5,199,SALE,-2,SALE,530,2026-04-02 18:03:00
6300,4,214,SALE,-4,SALE,2960,2026-09-13 09:17:00
6301,1,64,SALE,-2,SALE,11,2026-09-06 11:05:00
6302,1,127,SALE,-3,SALE,811,2026-07-31 18:33:00
6303,2,10,SALE,-4,SALE,58,2026-06-26 19:30:00
6304,3,43,SALE,-1,SALE,2611,2026-08-31 18:43:00
6305,3,41,SALE,-4,SALE,1572,2026-04-28 10:07:00
6306,4,149,SALE,-1,SALE,745,2026-05-21 17:53:00
6307,3,145,SALE,-1,SALE,2757,2026-08-27 09:12:00
6308,5,151,SALE,-1,SALE,530,2026-04-02 18:03:00
6309,5,171,SALE,-2,SALE,1942,2026-09-26 14:20:00
6310,4,50,SALE,-2,SALE,2373,2026-07-11 17:43:00
6311,2,51,SALE,-1,SALE,1340,2026-07-03 16:13:00
6312,1,182,SALE,-3,SALE,2787,2026-09-07 13:23:00
6313,4,54,SALE,-2,SALE,893,2026-06-23 16:48:00
6314,4,237,SALE,-2,SALE,1591,2026-08-16 18:51:00
6315,3,35,SALE,-3,SALE,123,2026-04-15 11:20:00
6316,1,100,SALE,-3,SALE,1791,2026-05-24 12:31:00
6317,4,4,SALE,-3,SALE,335,2026-05-24 12:43:00
6318,5,27,SALE,-3,SALE,2861,2026-06-30 09:52:00
6319,3,183,SALE,-2,SALE,4937,2026-06-02 13:40:00
6320,2,229,SALE,-1,SALE,65,2026-06-02 11:04:00
6321,4,231,SALE,-4,SALE,1129,2026-04-06 17:58:00
6322,1,236,SALE,-4,SALE,595,2026-06-07 16:59:00
6323,4,49,SALE,-1,SALE,1806,2026-04-15 16:37:00
6324,1,93,SALE,-3,SALE,2624,2026-08-05 13:35:00
6325,3,233,SALE,-3,SALE,2279,2026-07-09 19:13:00
6326,4,97,SALE,-1,SALE,2662,2026-05-20 18:08:00
6327,2,203,SALE,-2,SALE,425,2026-04-06 17:06:00
6328,5,46,SALE,-4,SALE,12,2026-07-23 11:44:00
6329,2,97,SALE,-1,SALE,2744,2026-05-29 18:55:00
6330,2,198,SALE,-1,SALE,2631,2026-09-21 16:57:00
6331,4,81,SALE,-1,SALE,2410,2026-09-14 15:58:00
6332,4,155,SALE,-2,SALE,103,2026-06-27 12:56:00
6333,4,181,SALE,-4,SALE,1730,2026-05-03 17:34:00
6334,2,149,SALE,-1,SALE,480,2026-05-24 12:15:00
6335,3,181,SALE,-1,SALE,1158,2026-05-04 10:10:00
6336,2,207,SALE,-1,SALE,4651,2026-09-08 17:58:00
6337,1,71,SALE,-4,SALE,621,2026-06-05 16:29:00
6338,3,138,SALE,-4,SALE,617,2026-07-28 19:51:00
6339,5,58,SALE,-2,SALE,159,2026-07-26 19:31:00
6340,1,8,SALE,-2,SALE,1655,2026-06-03 11:13:00
6341,4,72,SALE,-2,SALE,940,2026-07-14 18:39:00
6342,3,102,SALE,-3,SALE,4266,2026-08-29 09:50:00
6343,5,30,SALE,-2,SALE,4277,2026-06-16 12:28:00
6344,4,58,SALE,-3,SALE,655,2026-09-03 18:14:00
6345,3,39,SALE,-1,SALE,45,2026-07-15 13:28:00
6346,4,176,SALE,-4,SALE,4742,2026-04-16 14:26:00
6347,1,158,SALE,-4,SALE,2860,2026-05-10 09:41:00
6348,2,170,SALE,-3,SALE,605,2026-06-04 16:07:00
6349,3,54,SALE,-2,SALE,1918,2026-04-17 13:06:00
6350,5,54,SALE,-3,SALE,2398,2026-04-26 19:23:00
6351,2,83,SALE,-1,SALE,1728,2026-06-15 20:11:00
6352,3,74,SALE,-1,SALE,1445,2026-07-05 19:52:00
6353,2,19,SALE,-1,SALE,2829,2026-08-13 18:17:00
6354,2,143,SALE,-3,SALE,955,2026-07-01 15:18:00
6355,4,191,SALE,-4,SALE,4063,2026-05-09 18:46:00
6356,3,117,SALE,-1,SALE,2866,2026-08-08 15:25:00
6357,2,156,SALE,-3,SALE,4893,2026-04-21 11:37:00
6358,5,34,SALE,-4,SALE,1261,2026-09-17 10:51:00
6359,1,112,SALE,-1,SALE,2231,2026-07-31 14:56:00
6360,5,138,SALE,-3,SALE,3641,2026-04-14 12:53:00
6361,1,122,SALE,-4,SALE,1288,2026-05-01 19:37:00
6362,3,183,SALE,-2,SALE,1670,2026-06-20 19:07:00
6363,5,195,SALE,-2,SALE,3131,2026-05-19 10:25:00
6364,4,153,SALE,-2,SALE,3982,2026-08-15 19:06:00
6365,3,229,SALE,-3,SALE,4762,2026-05-30 13:48:00
6366,1,80,SALE,-3,SALE,1204,2026-09-26 17:30:00
6367,1,28,SALE,-3,SALE,4708,2026-08-23 12:20:00
6368,5,109,SALE,-2,SALE,175,2026-06-17 16:09:00
6369,5,171,SALE,-4,SALE,3485,2026-07-27 19:36:00
6370,5,57,SALE,-2,SALE,3553,2026-08-23 13:11:00
6371,5,45,SALE,-1,SALE,2723,2026-06-19 09:43:00
6372,2,164,SALE,-2,SALE,1728,2026-06-15 20:11:00
6373,4,119,SALE,-1,SALE,3086,2026-09-09 18:06:00
6374,4,73,SALE,-1,SALE,675,2026-07-15 10:56:00
6375,5,158,SALE,-4,SALE,243,2026-08-29 20:00:00
6376,2,220,SALE,-3,SALE,4555,2026-05-02 09:01:00
6377,2,135,SALE,-1,SALE,647,2026-08-04 10:17:00
6378,5,211,SALE,-4,SALE,873,2026-09-11 12:46:00
6379,2,178,SALE,-4,SALE,3836,2026-04-21 13:56:00
6380,1,194,SALE,-3,SALE,3240,2026-07-08 11:24:00
6381,5,200,SALE,-3,SALE,1052,2026-08-04 10:27:00
6382,2,193,SALE,-4,SALE,511,2026-05-13 19:40:00
6383,4,198,SALE,-3,SALE,4858,2026-07-05 15:37:00
6384,4,195,SALE,-4,SALE,2825,2026-08-02 11:48:00
6385,4,39,SALE,-4,SALE,2394,2026-08-21 18:27:00
6386,4,117,SALE,-3,SALE,211,2026-09-06 15:14:00
6387,4,107,SALE,-3,SALE,2474,2026-08-21 12:17:00
6388,3,48,SALE,-2,SALE,3005,2026-04-01 19:35:00
6389,4,212,SALE,-1,SALE,3859,2026-09-14 09:40:00
6390,3,239,SALE,-2,SALE,4650,2026-08-04 11:37:00
6391,4,186,SALE,-4,SALE,4122,2026-05-08 17:31:00
6392,1,139,SALE,-3,SALE,2317,2026-04-02 15:24:00
6393,1,49,SALE,-3,SALE,2762,2026-04-03 18:02:00
6394,3,198,SALE,-2,SALE,225,2026-09-02 11:54:00
6395,1,236,SALE,-1,SALE,4511,2026-06-02 09:10:00
6396,4,105,SALE,-4,SALE,3220,2026-04-20 16:19:00
6397,2,233,SALE,-3,SALE,3211,2026-07-19 16:35:00
6398,2,158,SALE,-4,SALE,4792,2026-04-27 13:09:00
6399,3,212,SALE,-4,SALE,4687,2026-04-25 11:40:00
6400,2,212,SALE,-4,SALE,3662,2026-05-11 17:35:00
6401,5,204,SALE,-2,SALE,4581,2026-09-26 12:22:00
6402,1,27,SALE,-1,SALE,961,2026-06-25 20:22:00
6403,4,77,SALE,-3,SALE,2567,2026-06-21 20:54:00
6404,3,133,SALE,-4,SALE,1116,2026-06-16 10:01:00
6405,3,66,SALE,-4,SALE,853,2026-08-05 12:24:00
6406,5,116,SALE,-1,SALE,4440,2026-06-04 17:31:00
6407,4,227,SALE,-2,SALE,1968,2026-07-02 11:41:00
6408,4,31,SALE,-3,SALE,4220,2026-04-09 12:35:00
6409,1,32,SALE,-4,SALE,697,2026-04-13 10:55:00
6410,1,118,SALE,-1,SALE,1832,2026-08-06 09:54:00
6411,2,106,SALE,-1,SALE,15,2026-09-14 20:34:00
6412,4,33,SALE,-4,SALE,415,2026-05-23 13:36:00
6413,3,69,SALE,-4,SALE,2575,2026-07-03 19:10:00
6414,3,119,SALE,-2,SALE,2498,2026-06-25 10:15:00
6415,2,90,SALE,-3,SALE,1058,2026-08-17 10:10:00
6416,1,208,SALE,-4,SALE,3139,2026-06-03 17:57:00
6417,4,101,SALE,-3,SALE,4814,2026-09-02 11:43:00
6418,4,6,SALE,-3,SALE,4030,2026-06-08 16:18:00
6419,5,189,SALE,-3,SALE,1970,2026-07-20 16:50:00
6420,1,98,SALE,-4,SALE,4469,2026-06-01 15:14:00
6421,3,197,SALE,-4,SALE,117,2026-09-12 12:37:00
6422,4,13,SALE,-3,SALE,3442,2026-05-13 17:21:00
6423,1,110,SALE,-3,SALE,4133,2026-05-12 13:09:00
6424,5,148,SALE,-4,SALE,4547,2026-08-10 12:42:00
6425,4,180,SALE,-1,SALE,2522,2026-04-24 10:08:00
6426,1,78,SALE,-4,SALE,4280,2026-04-13 11:13:00
6427,1,17,SALE,-3,SALE,990,2026-07-28 11:00:00
6428,3,162,SALE,-3,SALE,4863,2026-04-15 19:29:00
6429,3,151,SALE,-2,SALE,4768,2026-08-22 11:11:00
6430,1,80,SALE,-1,SALE,3492,2026-08-18 14:39:00
6431,4,137,SALE,-3,SALE,3047,2026-07-18 13:25:00
6432,4,48,SALE,-4,SALE,22,2026-09-26 16:12:00
6433,1,45,SALE,-1,SALE,2240,2026-05-23 20:56:00
6434,3,65,SALE,-3,SALE,2136,2026-07-25 11:29:00
6435,3,206,SALE,-1,SALE,4594,2026-07-01 19:15:00
6436,4,207,SALE,-1,SALE,1879,2026-05-10 14:56:00
6437,3,67,SALE,-4,SALE,3285,2026-05-29 16:15:00
6438,2,92,SALE,-4,SALE,4049,2026-05-10 09:39:00
6439,4,220,SALE,-4,SALE,1463,2026-04-30 17:05:00
6440,2,127,SALE,-3,SALE,1217,2026-05-22 20:48:00
6441,5,44,SALE,-3,SALE,1538,2026-04-14 09:17:00
6442,5,101,SALE,-4,SALE,3749,2026-05-29 09:09:00
6443,2,31,SALE,-1,SALE,3197,2026-08-07 20:19:00
6444,2,195,SALE,-3,SALE,2132,2026-04-05 11:47:00
6445,3,90,SALE,-1,SALE,1830,2026-08-03 20:37:00
6446,3,45,SALE,-2,SALE,1075,2026-08-28 15:10:00
6447,1,45,SALE,-1,SALE,4101,2026-08-24 15:48:00
6448,5,220,SALE,-3,SALE,521,2026-05-18 15:12:00
6449,5,3,SALE,-3,SALE,3369,2026-05-29 14:08:00
6450,4,32,SALE,-1,SALE,2323,2026-06-28 09:46:00
6451,2,180,SALE,-2,SALE,2650,2026-08-16 09:19:00
6452,2,148,SALE,-3,SALE,3572,2026-05-16 20:33:00
6453,4,179,SALE,-2,SALE,2597,2026-05-27 13:55:00
6454,1,208,SALE,-3,SALE,3251,2026-04-17 19:38:00
6455,3,109,SALE,-2,SALE,2233,2026-06-21 11:04:00
6456,4,114,SALE,-2,SALE,4396,2026-06-26 13:07:00
6457,2,95,SALE,-4,SALE,2901,2026-04-01 18:17:00
6458,1,163,SALE,-3,SALE,1495,2026-09-02 18:01:00
6459,2,55,SALE,-3,SALE,1167,2026-04-12 18:19:00
6460,5,166,SALE,-2,SALE,934,2026-07-21 12:29:00
6461,3,134,SALE,-3,SALE,2638,2026-05-24 12:49:00
6462,5,144,SALE,-3,SALE,2273,2026-07-13 12:56:00
6463,3,198,SALE,-3,SALE,2547,2026-09-03 10:03:00
6464,5,31,SALE,-2,SALE,2809,2026-08-25 20:01:00
6465,5,157,SALE,-3,SALE,2287,2026-09-26 15:43:00
6466,2,49,SALE,-3,SALE,3097,2026-04-27 17:37:00
6467,4,67,SALE,-4,SALE,2507,2026-08-27 09:40:00
6468,4,123,SALE,-3,SALE,2035,2026-07-10 12:25:00
6469,1,56,SALE,-1,SALE,3222,2026-04-22 11:57:00
6470,4,231,SALE,-1,SALE,4814,2026-09-02 11:43:00
6471,4,189,SALE,-2,SALE,2927,2026-06-19 15:13:00
6472,1,3,SALE,-4,SALE,307,2026-04-22 13:09:00
6473,4,10,SALE,-4,SALE,2578,2026-06-22 17:38:00
6474,3,2,SALE,-1,SALE,1905,2026-06-27 19:34:00
6475,4,147,SALE,-2,SALE,3532,2026-07-27 19:06:00
6476,1,187,SALE,-4,SALE,1272,2026-04-17 20:59:00
6477,3,215,SALE,-1,SALE,4286,2026-07-11 11:51:00
6478,1,217,SALE,-4,SALE,1655,2026-06-03 11:13:00
6479,5,183,SALE,-2,SALE,873,2026-09-11 12:46:00
6480,1,6,SALE,-2,SALE,3494,2026-08-02 15:10:00
6481,1,102,SALE,-2,SALE,4462,2026-06-10 20:25:00
6482,3,99,SALE,-2,SALE,3856,2026-09-10 18:02:00
6483,2,88,SALE,-2,SALE,4421,2026-07-15 13:43:00
6484,1,21,SALE,-3,SALE,3254,2026-07-14 17:31:00
6485,5,216,SALE,-2,SALE,3988,2026-05-27 14:58:00
6486,3,230,SALE,-1,SALE,1151,2026-06-08 20:21:00
6487,3,10,SALE,-4,SALE,244,2026-05-22 11:24:00
6488,2,130,SALE,-1,SALE,2332,2026-05-12 16:20:00
6489,2,216,SALE,-2,SALE,4437,2026-05-03 13:39:00
6490,4,43,SALE,-4,SALE,1994,2026-06-05 09:11:00
6491,3,104,SALE,-3,SALE,2703,2026-07-17 13:57:00
6492,2,92,SALE,-4,SALE,1391,2026-08-08 16:41:00
6493,2,157,SALE,-2,SALE,4844,2026-08-28 16:56:00
6494,5,178,SALE,-4,SALE,4983,2026-09-10 14:39:00
6495,2,166,SALE,-4,SALE,4909,2026-07-19 19:23:00
6496,4,110,SALE,-2,SALE,4914,2026-08-04 17:23:00
6497,2,120,SALE,-1,SALE,1100,2026-05-08 20:43:00
6498,2,43,SALE,-4,SALE,4573,2026-07-05 19:25:00
6499,3,200,SALE,-3,SALE,3066,2026-07-19 18:52:00
6500,4,134,SALE,-2,SALE,4517,2026-08-09 18:33:00
6501,1,32,SALE,-2,SALE,3841,2026-09-09 19:09:00
6502,1,107,SALE,-2,SALE,96,2026-04-17 10:17:00
6503,2,191,SALE,-2,SALE,1713,2026-04-16 11:20:00
6504,4,47,SALE,-1,SALE,2897,2026-05-12 20:17:00
6505,4,130,SALE,-2,SALE,4122,2026-05-08 17:31:00
6506,3,90,SALE,-2,SALE,141,2026-07-19 14:22:00
6507,4,5,SALE,-4,SALE,4179,2026-09-19 15:40:00
6508,2,102,SALE,-4,SALE,506,2026-05-07 19:02:00
6509,4,56,SALE,-1,SALE,4235,2026-09-01 17:11:00
6510,3,195,SALE,-1,SALE,545,2026-08-16 13:18:00
6511,1,80,SALE,-3,SALE,3882,2026-07-19 17:38:00
6512,4,70,SALE,-3,SALE,1739,2026-04-10 15:25:00
6513,2,112,SALE,-3,SALE,1231,2026-09-26 10:49:00
6514,5,205,SALE,-3,SALE,2723,2026-06-19 09:43:00
6515,2,107,SALE,-2,SALE,2066,2026-07-28 20:16:00
6516,2,130,SALE,-4,SALE,1762,2026-08-07 16:00:00
6517,3,51,SALE,-2,SALE,870,2026-04-10 16:27:00
6518,1,27,SALE,-4,SALE,3249,2026-09-11 12:28:00
6519,4,4,SALE,-3,SALE,1113,2026-05-18 14:58:00
6520,5,166,SALE,-4,SALE,1925,2026-08-16 16:50:00
6521,1,170,SALE,-1,SALE,2614,2026-07-30 16:39:00
6522,5,115,SALE,-1,SALE,1903,2026-06-29 10:29:00
6523,4,36,SALE,-3,SALE,2061,2026-06-16 19:51:00
6524,5,37,SALE,-4,SALE,4105,2026-07-06 17:32:00
6525,1,212,SALE,-1,SALE,4797,2026-05-30 18:38:00
6526,4,176,SALE,-1,SALE,456,2026-06-21 11:36:00
6527,2,172,SALE,-3,SALE,2385,2026-08-09 12:01:00
6528,1,131,SALE,-4,SALE,2359,2026-08-31 18:28:00
6529,5,232,SALE,-4,SALE,3901,2026-08-04 20:42:00
6530,2,37,SALE,-1,SALE,2673,2026-08-30 09:02:00
6531,4,16,SALE,-4,SALE,2252,2026-05-02 10:14:00
6532,5,52,SALE,-3,SALE,57,2026-04-12 14:22:00
6533,2,67,SALE,-4,SALE,808,2026-05-04 12:54:00
6534,3,165,SALE,-1,SALE,4990,2026-04-15 18:10:00
6535,5,147,SALE,-1,SALE,281,2026-08-04 10:33:00
6536,5,37,SALE,-3,SALE,3377,2026-06-03 14:20:00
6537,1,224,SALE,-4,SALE,2190,2026-05-25 18:58:00
6538,2,201,SALE,-3,SALE,4259,2026-04-24 16:59:00
6539,2,16,SALE,-3,SALE,4631,2026-08-22 13:33:00
6540,2,102,SALE,-1,SALE,4025,2026-06-08 20:44:00
6541,2,91,SALE,-2,SALE,3775,2026-07-31 18:39:00
6542,5,186,SALE,-1,SALE,4518,2026-05-12 14:10:00
6543,1,171,SALE,-1,SALE,844,2026-09-27 13:46:00
6544,3,35,SALE,-3,SALE,1896,2026-05-29 19:56:00
6545,3,227,SALE,-1,SALE,3399,2026-08-07 14:20:00
6546,5,158,SALE,-2,SALE,4615,2026-05-14 11:26:00
6547,1,179,SALE,-3,SALE,4508,2026-09-17 12:08:00
6548,4,114,SALE,-4,SALE,3797,2026-09-23 15:21:00
6549,1,15,SALE,-1,SALE,2484,2026-07-27 19:10:00
6550,4,64,SALE,-4,SALE,1498,2026-08-09 10:57:00
6551,5,231,SALE,-4,SALE,409,2026-08-05 19:56:00
6552,2,217,SALE,-4,SALE,2744,2026-05-29 18:55:00
6553,4,104,SALE,-4,SALE,3413,2026-07-13 19:39:00
6554,5,129,SALE,-1,SALE,1301,2026-05-22 18:28:00
6555,1,140,SALE,-2,SALE,2077,2026-07-09 19:31:00
6556,3,36,SALE,-3,SALE,3321,2026-06-26 12:31:00
6557,3,227,SALE,-4,SALE,308,2026-04-12 10:34:00
6558,3,231,SALE,-4,SALE,3952,2026-07-02 13:33:00
6559,5,171,SALE,-3,SALE,894,2026-05-10 14:35:00
6560,5,7,SALE,-1,SALE,2764,2026-06-28 20:21:00
6561,5,16,SALE,-3,SALE,3779,2026-04-30 15:38:00
6562,2,71,SALE,-4,SALE,2828,2026-06-13 13:51:00
6563,4,110,SALE,-3,SALE,4562,2026-04-27 14:54:00
6564,3,9,SALE,-2,SALE,1090,2026-07-05 17:47:00
6565,3,116,SALE,-1,SALE,3299,2026-07-24 17:27:00
6566,3,76,SALE,-4,SALE,1166,2026-04-18 17:37:00
6567,4,199,SALE,-2,SALE,3180,2026-04-03 18:44:00
6568,4,231,SALE,-2,SALE,3816,2026-05-07 15:10:00
6569,1,21,SALE,-4,SALE,1381,2026-05-09 09:55:00
6570,2,20,SALE,-4,SALE,2685,2026-05-12 09:57:00
6571,2,132,SALE,-2,SALE,861,2026-06-19 09:42:00
6572,1,172,SALE,-1,SALE,1889,2026-05-07 15:08:00
6573,4,3,SALE,-4,SALE,1580,2026-06-02 09:45:00
6574,2,135,SALE,-4,SALE,3793,2026-04-29 16:26:00
6575,4,3,SALE,-4,SALE,4192,2026-07-29 17:58:00
6576,3,31,SALE,-4,SALE,809,2026-04-14 09:44:00
6577,3,218,SALE,-3,SALE,1718,2026-09-14 16:58:00
6578,2,129,SALE,-2,SALE,3817,2026-07-18 13:59:00
6579,4,117,SALE,-2,SALE,984,2026-08-09 10:16:00
6580,5,237,SALE,-3,SALE,1012,2026-05-06 19:14:00
6581,4,110,SALE,-2,SALE,1443,2026-04-18 11:56:00
6582,2,212,SALE,-1,SALE,3829,2026-09-24 15:58:00
6583,1,106,SALE,-2,SALE,4916,2026-07-17 12:01:00
6584,5,4,SALE,-2,SALE,2920,2026-06-07 18:59:00
6585,3,128,SALE,-3,SALE,3519,2026-08-30 17:23:00
6586,2,14,SALE,-2,SALE,4701,2026-08-22 19:37:00
6587,2,56,SALE,-1,SALE,351,2026-06-12 18:13:00
6588,3,210,SALE,-1,SALE,2051,2026-06-02 15:48:00
6589,2,204,SALE,-1,SALE,3289,2026-05-24 14:53:00
6590,1,58,SALE,-1,SALE,2691,2026-05-03 20:23:00
6591,3,166,SALE,-1,SALE,2348,2026-05-08 16:14:00
6592,2,117,SALE,-4,SALE,2097,2026-05-12 10:57:00
6593,4,180,SALE,-1,SALE,2244,2026-05-22 14:41:00
6594,1,119,SALE,-2,SALE,2469,2026-07-15 10:39:00
6595,4,16,SALE,-1,SALE,4524,2026-06-21 16:34:00
6596,2,56,SALE,-3,SALE,871,2026-05-01 10:18:00
6597,1,82,SALE,-3,SALE,463,2026-05-04 13:17:00
6598,1,169,SALE,-1,SALE,2363,2026-06-18 19:09:00
6599,4,233,SALE,-4,SALE,2784,2026-04-08 19:25:00
6600,5,78,SALE,-3,SALE,1143,2026-04-16 14:08:00
6601,3,80,SALE,-2,SALE,4764,2026-07-17 19:37:00
6602,1,118,SALE,-3,SALE,2683,2026-07-05 18:05:00
6603,1,39,SALE,-2,SALE,3976,2026-07-14 14:15:00
6604,1,51,SALE,-2,SALE,2858,2026-09-18 12:23:00
6605,4,61,SALE,-1,SALE,2726,2026-05-08 10:51:00
6606,1,100,SALE,-4,SALE,3778,2026-07-31 12:58:00
6607,5,196,SALE,-1,SALE,623,2026-05-31 11:01:00
6608,2,138,SALE,-3,SALE,4011,2026-09-15 09:01:00
6609,4,146,SALE,-4,SALE,330,2026-05-10 16:09:00
6610,2,118,SALE,-1,SALE,4571,2026-06-27 18:27:00
6611,2,163,SALE,-4,SALE,4265,2026-04-16 19:07:00
6612,3,215,SALE,-4,SALE,2381,2026-04-06 15:53:00
6613,5,18,SALE,-2,SALE,2255,2026-06-27 17:31:00
6614,4,227,SALE,-2,SALE,4924,2026-08-22 16:37:00
6615,2,77,SALE,-2,SALE,332,2026-04-14 10:57:00
6616,1,182,SALE,-3,SALE,2641,2026-05-28 11:39:00
6617,2,23,SALE,-2,SALE,1949,2026-06-09 17:16:00
6618,3,16,SALE,-2,SALE,2911,2026-06-15 18:36:00
6619,1,139,SALE,-1,SALE,3528,2026-09-09 18:29:00
6620,2,100,SALE,-2,SALE,1912,2026-08-06 10:09:00
6621,1,35,SALE,-3,SALE,1515,2026-08-29 11:01:00
6622,3,129,SALE,-1,SALE,2778,2026-08-18 14:14:00
6623,4,116,SALE,-4,SALE,2181,2026-05-17 16:55:00
6624,2,231,SALE,-1,SALE,2737,2026-08-17 11:36:00
6625,4,202,SALE,-2,SALE,4933,2026-09-28 15:44:00
6626,2,86,SALE,-1,SALE,1622,2026-04-16 16:01:00
6627,2,183,SALE,-1,SALE,66,2026-07-01 13:21:00
6628,3,124,SALE,-2,SALE,2309,2026-07-26 15:06:00
6629,2,226,SALE,-1,SALE,1956,2026-05-11 16:15:00
6630,4,119,SALE,-1,SALE,1001,2026-08-10 19:26:00
6631,5,160,SALE,-3,SALE,2187,2026-09-08 16:01:00
6632,3,126,SALE,-2,SALE,4227,2026-06-01 18:34:00
6633,4,148,SALE,-3,SALE,2203,2026-06-15 18:43:00
6634,1,65,SALE,-2,SALE,2289,2026-07-08 15:43:00
6635,1,60,SALE,-3,SALE,1187,2026-07-25 18:28:00
6636,3,37,SALE,-1,SALE,4315,2026-05-18 11:14:00
6637,5,229,SALE,-1,SALE,3989,2026-09-14 13:46:00
6638,1,227,SALE,-4,SALE,4133,2026-05-12 13:09:00
6639,2,62,SALE,-4,SALE,3951,2026-07-06 11:09:00
6640,5,223,SALE,-1,SALE,1347,2026-09-01 09:20:00
6641,3,30,SALE,-2,SALE,3852,2026-06-01 19:13:00
6642,4,45,SALE,-4,SALE,3764,2026-07-17 19:27:00
6643,2,167,SALE,-2,SALE,800,2026-09-05 10:27:00
6644,5,149,SALE,-3,SALE,101,2026-05-31 20:28:00
6645,4,12,SALE,-3,SALE,3205,2026-06-15 16:15:00
6646,4,58,SALE,-3,SALE,2440,2026-04-04 20:42:00
6647,4,72,SALE,-2,SALE,1420,2026-06-11 11:08:00
6648,5,156,SALE,-3,SALE,2301,2026-09-27 13:50:00
6649,4,179,SALE,-2,SALE,4279,2026-05-06 18:56:00
6650,3,119,SALE,-2,SALE,1453,2026-07-11 17:09:00
6651,5,174,SALE,-3,SALE,1491,2026-06-08 19:03:00
6652,3,129,SALE,-3,SALE,963,2026-06-20 10:25:00
6653,2,91,SALE,-2,SALE,371,2026-08-30 10:03:00
6654,5,4,SALE,-1,SALE,1168,2026-04-18 12:17:00
6655,4,119,SALE,-3,SALE,158,2026-04-06 17:41:00
6656,1,47,SALE,-1,SALE,3882,2026-07-19 17:38:00
6657,2,3,SALE,-2,SALE,1949,2026-06-09 17:16:00
6658,1,96,SALE,-3,SALE,2942,2026-04-02 16:07:00
6659,5,201,SALE,-1,SALE,2875,2026-05-20 13:07:00
6660,4,15,SALE,-1,SALE,2825,2026-08-02 11:48:00
6661,3,220,SALE,-2,SALE,2438,2026-04-28 13:15:00
6662,4,157,SALE,-3,SALE,3967,2026-09-17 18:42:00
6663,2,53,SALE,-2,SALE,114,2026-06-21 18:08:00
6664,3,40,SALE,-1,SALE,1389,2026-06-01 18:34:00
6665,5,61,SALE,-1,SALE,4454,2026-06-04 15:27:00
6666,5,66,SALE,-1,SALE,1143,2026-04-16 14:08:00
6667,2,146,SALE,-4,SALE,2352,2026-07-15 15:23:00
6668,5,234,SALE,-4,SALE,538,2026-08-12 10:42:00
6669,4,197,SALE,-4,SALE,2998,2026-04-15 17:47:00
6670,5,153,SALE,-2,SALE,4646,2026-06-24 17:29:00
6671,4,231,SALE,-2,SALE,1404,2026-09-04 14:05:00
6672,3,198,SALE,-2,SALE,4093,2026-09-18 16:24:00
6673,4,64,SALE,-4,SALE,4978,2026-04-29 10:56:00
6674,4,175,SALE,-1,SALE,1230,2026-05-05 20:06:00
6675,1,204,SALE,-1,SALE,3528,2026-09-09 18:29:00
6676,1,136,SALE,-1,SALE,2382,2026-06-15 11:34:00
6677,4,131,SALE,-3,SALE,1093,2026-04-21 18:01:00
6678,4,104,SALE,-2,SALE,1193,2026-05-03 18:51:00
6679,3,208,SALE,-4,SALE,1116,2026-06-16 10:01:00
6680,5,158,SALE,-3,SALE,3686,2026-05-27 09:54:00
6681,1,27,SALE,-3,SALE,2107,2026-05-10 16:36:00
6682,1,96,SALE,-1,SALE,4029,2026-04-22 17:22:00
6683,2,217,SALE,-4,SALE,3035,2026-06-01 13:24:00
6684,2,127,SALE,-3,SALE,2893,2026-04-09 10:31:00
6685,5,1,SALE,-3,SALE,3918,2026-07-15 09:53:00
6686,4,31,SALE,-2,SALE,4246,2026-06-16 17:03:00
6687,3,230,SALE,-1,SALE,3349,2026-06-26 14:01:00
6688,2,203,SALE,-3,SALE,1632,2026-06-26 13:58:00
6689,3,176,SALE,-4,SALE,788,2026-08-18 10:15:00
6690,5,109,SALE,-4,SALE,278,2026-07-01 13:08:00
6691,2,80,SALE,-1,SALE,2194,2026-08-06 20:40:00
6692,2,27,SALE,-1,SALE,974,2026-05-11 17:25:00
6693,4,7,SALE,-3,SALE,999,2026-07-29 18:52:00
6694,5,173,SALE,-2,SALE,3735,2026-06-27 19:13:00
6695,3,141,SALE,-4,SALE,1972,2026-06-22 14:00:00
6696,4,148,SALE,-2,SALE,227,2026-08-21 09:23:00
6697,1,147,SALE,-3,SALE,3549,2026-07-21 17:44:00
6698,1,26,SALE,-3,SALE,3101,2026-07-21 18:27:00
6699,1,145,SALE,-4,SALE,4954,2026-08-03 12:09:00
6700,4,60,SALE,-1,SALE,2825,2026-08-02 11:48:00
6701,4,39,SALE,-1,SALE,3789,2026-08-10 12:57:00
6702,3,156,SALE,-3,SALE,3879,2026-09-20 18:14:00
6703,1,190,SALE,-1,SALE,1815,2026-04-07 11:59:00
6704,2,35,SALE,-4,SALE,1601,2026-07-12 17:03:00
6705,3,50,SALE,-1,SALE,4921,2026-08-20 10:30:00
6706,1,176,SALE,-4,SALE,4772,2026-08-01 11:55:00
6707,1,184,SALE,-1,SALE,2691,2026-05-03 20:23:00
6708,5,71,SALE,-2,SALE,3730,2026-05-13 12:14:00
6709,2,153,SALE,-1,SALE,4150,2026-04-01 12:01:00
6710,4,57,SALE,-4,SALE,2010,2026-05-17 19:01:00
6711,1,230,SALE,-3,SALE,3576,2026-05-02 19:40:00
6712,3,26,SALE,-2,SALE,666,2026-04-24 11:59:00
6713,4,198,SALE,-3,SALE,2394,2026-08-21 18:27:00
6714,2,158,SALE,-2,SALE,2346,2026-08-16 17:13:00
6715,5,155,SALE,-4,SALE,135,2026-09-12 15:22:00
6716,2,52,SALE,-1,SALE,3564,2026-06-03 11:44:00
6717,1,28,SALE,-1,SALE,3084,2026-06-03 19:36:00
6718,2,233,SALE,-2,SALE,888,2026-07-05 18:22:00
6719,2,172,SALE,-3,SALE,4555,2026-05-02 09:01:00
6720,3,118,SALE,-4,SALE,2912,2026-04-09 09:09:00
6721,2,49,SALE,-1,SALE,3877,2026-08-03 11:22:00
6722,1,177,SALE,-4,SALE,577,2026-06-12 14:46:00
6723,2,41,SALE,-4,SALE,2038,2026-09-07 13:50:00
6724,5,204,SALE,-1,SALE,2206,2026-05-22 10:41:00
6725,3,130,SALE,-1,SALE,1894,2026-05-12 17:24:00
6726,2,151,SALE,-1,SALE,4813,2026-06-17 12:03:00
6727,1,169,SALE,-3,SALE,4296,2026-08-07 12:50:00
6728,5,192,SALE,-3,SALE,3553,2026-08-23 13:11:00
6729,5,117,SALE,-1,SALE,2981,2026-06-05 18:54:00
6730,4,7,SALE,-1,SALE,1224,2026-07-27 10:39:00
6731,5,77,SALE,-1,SALE,3268,2026-05-07 16:56:00
6732,4,224,SALE,-1,SALE,227,2026-08-21 09:23:00
6733,1,223,SALE,-1,SALE,4359,2026-04-28 09:10:00
6734,5,101,SALE,-4,SALE,4482,2026-04-16 11:54:00
6735,1,174,SALE,-3,SALE,2192,2026-09-08 17:18:00
6736,2,131,SALE,-1,SALE,1282,2026-07-03 12:15:00
6737,1,61,SALE,-1,SALE,1573,2026-07-23 13:34:00
6738,5,192,SALE,-3,SALE,3833,2026-08-15 11:04:00
6739,5,232,SALE,-2,SALE,4959,2026-04-29 19:50:00
6740,2,191,SALE,-2,SALE,2036,2026-05-26 14:40:00
6741,4,13,SALE,-3,SALE,3043,2026-05-25 19:05:00
6742,3,215,SALE,-2,SALE,4496,2026-09-20 17:11:00
6743,5,20,SALE,-3,SALE,1932,2026-04-02 11:41:00
6744,3,11,SALE,-3,SALE,2402,2026-06-18 17:10:00
6745,4,26,SALE,-2,SALE,3949,2026-07-01 10:48:00
6746,3,139,SALE,-3,SALE,3399,2026-08-07 14:20:00
6747,4,95,SALE,-1,SALE,946,2026-04-25 19:02:00
6748,3,192,SALE,-2,SALE,3105,2026-08-20 15:23:00
6749,3,192,SALE,-2,SALE,2547,2026-09-03 10:03:00
6750,4,116,SALE,-2,SALE,3143,2026-06-25 19:50:00
6751,5,213,SALE,-4,SALE,4174,2026-08-27 13:09:00
6752,5,239,SALE,-4,SALE,881,2026-08-14 14:58:00
6753,2,162,SALE,-3,SALE,692,2026-04-26 16:50:00
6754,3,73,SALE,-4,SALE,132,2026-04-11 10:20:00
6755,3,217,SALE,-1,SALE,4557,2026-06-25 15:34:00
6756,1,23,SALE,-3,SALE,683,2026-05-26 15:56:00
6757,3,23,SALE,-4,SALE,2898,2026-06-27 18:19:00
6758,1,216,SALE,-2,SALE,2068,2026-06-27 14:17:00
6759,1,83,SALE,-2,SALE,493,2026-06-15 09:39:00
6760,2,120,SALE,-3,SALE,1733,2026-08-27 16:10:00
6761,1,39,SALE,-2,SALE,4493,2026-05-15 15:15:00
6762,5,93,SALE,-1,SALE,4799,2026-09-27 19:18:00
6763,5,234,SALE,-1,SALE,2965,2026-09-13 10:56:00
6764,2,44,SALE,-1,SALE,1299,2026-07-18 10:15:00
6765,3,240,SALE,-4,SALE,1871,2026-05-27 19:20:00
6766,4,156,SALE,-4,SALE,3828,2026-05-03 18:46:00
6767,3,202,SALE,-1,SALE,3105,2026-08-20 15:23:00
6768,2,46,SALE,-4,SALE,927,2026-04-27 18:39:00
6769,2,18,SALE,-1,SALE,3044,2026-05-17 12:56:00
6770,5,223,SALE,-1,SALE,4818,2026-07-13 14:57:00
6771,1,127,SALE,-3,SALE,1710,2026-09-21 10:59:00
6772,3,98,SALE,-3,SALE,8,2026-09-20 17:31:00
6773,4,172,SALE,-1,SALE,477,2026-08-13 16:11:00
6774,5,141,SALE,-1,SALE,589,2026-04-07 19:45:00
6775,4,172,SALE,-2,SALE,1468,2026-07-29 18:11:00
6776,1,63,SALE,-1,SALE,1375,2026-06-03 17:41:00
6777,5,25,SALE,-3,SALE,1197,2026-07-17 16:22:00
6778,4,69,SALE,-3,SALE,745,2026-05-21 17:53:00
6779,3,21,SALE,-2,SALE,583,2026-06-15 09:01:00
6780,1,144,SALE,-1,SALE,3778,2026-07-31 12:58:00
6781,1,45,SALE,-4,SALE,1596,2026-04-07 16:05:00
6782,1,224,SALE,-3,SALE,1187,2026-07-25 18:28:00
6783,1,46,SALE,-4,SALE,4478,2026-08-26 19:01:00
6784,1,17,SALE,-3,SALE,4732,2026-08-29 17:41:00
6785,2,87,SALE,-1,SALE,1430,2026-07-20 17:30:00
6786,5,115,SALE,-4,SALE,4464,2026-08-03 20:35:00
6787,3,9,SALE,-2,SALE,2051,2026-06-02 15:48:00
6788,2,229,SALE,-2,SALE,1912,2026-08-06 10:09:00
6789,3,46,SALE,-3,SALE,1718,2026-09-14 16:58:00
6790,3,227,SALE,-3,SALE,445,2026-06-20 15:14:00
6791,5,104,SALE,-4,SALE,1434,2026-08-03 14:59:00
6792,4,143,SALE,-3,SALE,1976,2026-06-30 16:36:00
6793,3,58,SALE,-2,SALE,524,2026-05-28 20:14:00
6794,2,102,SALE,-4,SALE,4694,2026-07-16 10:29:00
6795,4,66,SALE,-1,SALE,1284,2026-08-30 17:51:00
6796,4,147,SALE,-4,SALE,4565,2026-07-05 09:41:00
6797,5,131,SALE,-1,SALE,4894,2026-08-04 15:25:00
6798,3,118,SALE,-1,SALE,1981,2026-05-31 14:45:00
6799,3,73,SALE,-1,SALE,3587,2026-07-31 13:50:00
6800,4,175,SALE,-1,SALE,4162,2026-09-28 17:18:00
6801,5,15,SALE,-1,SALE,149,2026-04-11 20:31:00
6802,5,123,SALE,-3,SALE,597,2026-04-17 13:45:00
6803,3,58,SALE,-4,SALE,4062,2026-08-31 12:35:00
6804,2,176,SALE,-4,SALE,4528,2026-04-01 18:24:00
6805,3,50,SALE,-2,SALE,4937,2026-06-02 13:40:00
6806,3,104,SALE,-4,SALE,3074,2026-06-19 11:39:00
6807,5,87,SALE,-4,SALE,116,2026-08-23 20:58:00
6808,5,151,SALE,-4,SALE,2994,2026-08-23 18:40:00
6809,4,202,SALE,-2,SALE,3013,2026-09-26 17:50:00
6810,5,107,SALE,-2,SALE,1408,2026-05-23 15:42:00
6811,1,158,SALE,-3,SALE,4092,2026-07-21 09:27:00
6812,4,19,SALE,-2,SALE,2988,2026-05-11 17:29:00
6813,4,175,SALE,-4,SALE,4788,2026-04-20 09:55:00
6814,2,57,SALE,-1,SALE,1709,2026-08-04 20:06:00
6815,4,118,SALE,-4,SALE,2095,2026-08-29 18:02:00
6816,2,47,SALE,-3,SALE,2495,2026-06-18 10:40:00
6817,4,120,SALE,-4,SALE,1285,2026-06-01 09:51:00
6818,1,74,SALE,-4,SALE,4780,2026-07-16 20:06:00
6819,4,104,SALE,-1,SALE,3417,2026-04-19 15:03:00
6820,3,26,SALE,-1,SALE,1070,2026-05-24 20:49:00
6821,5,32,SALE,-1,SALE,3849,2026-06-26 09:59:00
6822,5,39,SALE,-2,SALE,4466,2026-06-16 14:57:00
6823,3,81,SALE,-3,SALE,4686,2026-09-23 10:03:00
6824,1,140,SALE,-4,SALE,380,2026-09-16 12:10:00
6825,3,12,SALE,-3,SALE,4763,2026-05-19 19:06:00
6826,3,232,SALE,-4,SALE,2552,2026-09-05 11:21:00
6827,2,65,SALE,-3,SALE,988,2026-07-13 13:48:00
6828,1,140,SALE,-1,SALE,3679,2026-04-04 13:21:00
6829,1,194,SALE,-1,SALE,235,2026-08-05 15:48:00
6830,2,204,SALE,-2,SALE,4844,2026-08-28 16:56:00
6831,2,4,SALE,-1,SALE,2964,2026-06-12 09:43:00
6832,1,141,SALE,-2,SALE,2618,2026-04-13 19:38:00
6833,2,148,SALE,-2,SALE,2653,2026-09-20 19:25:00
6834,5,37,SALE,-4,SALE,2904,2026-08-16 10:58:00
6835,3,102,SALE,-4,SALE,730,2026-05-31 16:13:00
6836,2,55,SALE,-4,SALE,4965,2026-04-04 14:33:00
6837,3,226,SALE,-4,SALE,1198,2026-06-17 15:58:00
6838,5,237,SALE,-4,SALE,1780,2026-06-14 14:22:00
6839,2,69,SALE,-4,SALE,1215,2026-07-16 15:19:00
6840,2,159,SALE,-3,SALE,3583,2026-05-01 12:49:00
6841,2,174,SALE,-2,SALE,1516,2026-07-30 20:30:00
6842,3,28,SALE,-2,SALE,1588,2026-07-10 10:49:00
6843,2,217,SALE,-2,SALE,343,2026-05-17 10:04:00
6844,3,31,SALE,-1,SALE,3563,2026-05-26 15:51:00
6845,4,57,SALE,-2,SALE,681,2026-09-22 17:28:00
6846,3,162,SALE,-2,SALE,4515,2026-04-08 14:46:00
6847,5,205,SALE,-1,SALE,491,2026-08-10 14:01:00
6848,2,230,SALE,-2,SALE,2537,2026-06-20 17:16:00
6849,2,27,SALE,-4,SALE,1715,2026-08-11 10:25:00
6850,4,1,SALE,-3,SALE,985,2026-09-25 19:55:00
6851,1,80,SALE,-1,SALE,1537,2026-05-27 19:30:00
6852,1,206,SALE,-3,SALE,3666,2026-08-14 11:42:00
6853,5,183,SALE,-1,SALE,2930,2026-09-10 09:30:00
6854,1,140,SALE,-3,SALE,3839,2026-05-25 17:39:00
6855,1,145,SALE,-2,SALE,784,2026-05-31 17:49:00
6856,2,165,SALE,-2,SALE,2357,2026-08-05 16:45:00
6857,5,153,SALE,-1,SALE,4618,2026-04-20 17:33:00
6858,1,186,SALE,-1,SALE,3527,2026-04-03 09:33:00
6859,5,207,SALE,-4,SALE,2591,2026-09-12 18:23:00
6860,4,167,SALE,-4,SALE,4688,2026-09-06 17:59:00
6861,5,112,SALE,-3,SALE,4234,2026-08-06 17:21:00
6862,5,201,SALE,-3,SALE,720,2026-09-21 11:27:00
6863,3,8,SALE,-1,SALE,2221,2026-09-18 19:36:00
6864,5,26,SALE,-1,SALE,2884,2026-07-01 16:44:00
6865,4,72,SALE,-2,SALE,2819,2026-04-19 16:19:00
6866,4,210,SALE,-4,SALE,3522,2026-04-21 16:25:00
6867,1,195,SALE,-4,SALE,2855,2026-04-29 13:40:00
6868,5,201,SALE,-3,SALE,2293,2026-06-15 09:28:00
6869,4,210,SALE,-2,SALE,2316,2026-09-14 17:31:00
6870,2,217,SALE,-4,SALE,4955,2026-04-05 15:41:00
6871,2,142,SALE,-3,SALE,3398,2026-06-09 11:54:00
6872,4,176,SALE,-2,SALE,2555,2026-07-27 15:15:00
6873,3,112,SALE,-3,SALE,4645,2026-08-21 13:44:00
6874,5,28,SALE,-2,SALE,4453,2026-08-27 17:22:00
6875,3,181,SALE,-4,SALE,1789,2026-09-04 12:50:00
6876,3,127,SALE,-2,SALE,3264,2026-05-07 18:11:00
6877,2,108,SALE,-1,SALE,4906,2026-04-12 20:07:00
6878,3,93,SALE,-4,SALE,775,2026-04-16 10:01:00
6879,4,190,SALE,-4,SALE,172,2026-06-05 18:05:00
6880,4,17,SALE,-2,SALE,2709,2026-05-25 17:48:00
6881,2,234,SALE,-2,SALE,3211,2026-07-19 16:35:00
6882,2,11,SALE,-1,SALE,3060,2026-06-03 15:26:00
6883,2,11,SALE,-1,SALE,3381,2026-08-14 18:39:00
6884,3,227,SALE,-2,SALE,1145,2026-05-25 15:21:00
6885,4,166,SALE,-1,SALE,1093,2026-04-21 18:01:00
6886,2,112,SALE,-3,SALE,4293,2026-04-29 11:13:00
6887,5,147,SALE,-1,SALE,2067,2026-05-19 10:50:00
6888,4,53,SALE,-2,SALE,943,2026-05-29 11:54:00
6889,5,15,SALE,-1,SALE,3322,2026-09-19 19:12:00
6890,2,196,SALE,-3,SALE,4965,2026-04-04 14:33:00
6891,3,63,SALE,-2,SALE,4062,2026-08-31 12:35:00
6892,5,8,SALE,-4,SALE,732,2026-04-30 17:11:00
6893,3,235,SALE,-1,SALE,3401,2026-08-23 17:36:00
6894,1,2,SALE,-3,SALE,4442,2026-05-12 13:03:00
6895,2,61,SALE,-1,SALE,4911,2026-08-14 20:53:00
6896,2,96,SALE,-4,SALE,2601,2026-06-14 17:49:00
6897,1,240,SALE,-2,SALE,3865,2026-05-17 18:02:00
6898,5,66,SALE,-3,SALE,2337,2026-06-09 17:15:00
6899,2,24,SALE,-4,SALE,921,2026-04-18 18:51:00
6900,4,148,SALE,-2,SALE,3871,2026-07-28 12:10:00
6901,4,71,SALE,-4,SALE,2510,2026-07-10 15:42:00
6902,3,198,SALE,-2,SALE,619,2026-09-16 12:49:00
6903,1,19,SALE,-1,SALE,4084,2026-05-20 15:07:00
6904,1,198,SALE,-1,SALE,3784,2026-07-16 11:40:00
6905,1,96,SALE,-4,SALE,626,2026-09-05 15:53:00
6906,4,75,SALE,-2,SALE,3828,2026-05-03 18:46:00
6907,2,145,SALE,-2,SALE,4895,2026-08-03 17:26:00
6908,2,153,SALE,-2,SALE,1607,2026-08-19 18:23:00
6909,1,73,SALE,-4,SALE,4092,2026-07-21 09:27:00
6910,2,143,SALE,-2,SALE,2372,2026-07-08 18:13:00
6911,3,8,SALE,-1,SALE,4940,2026-08-04 14:01:00
6912,5,17,SALE,-1,SALE,4163,2026-09-11 09:01:00
6913,4,163,SALE,-3,SALE,2425,2026-04-05 12:36:00
6914,5,115,SALE,-2,SALE,3730,2026-05-13 12:14:00
6915,3,91,SALE,-2,SALE,3172,2026-05-10 15:52:00
6916,1,197,SALE,-3,SALE,4548,2026-08-01 12:40:00
6917,1,219,SALE,-3,SALE,2929,2026-07-05 09:58:00
6918,4,99,SALE,-4,SALE,606,2026-04-08 13:44:00
6919,1,24,SALE,-1,SALE,1707,2026-06-15 14:54:00
6920,1,209,SALE,-2,SALE,4099,2026-08-23 15:41:00
6921,1,169,SALE,-3,SALE,2952,2026-05-03 17:48:00
6922,2,11,SALE,-2,SALE,4574,2026-04-14 09:13:00
6923,1,35,SALE,-1,SALE,156,2026-09-12 11:40:00
6924,3,184,SALE,-1,SALE,835,2026-04-23 16:33:00
6925,3,12,SALE,-2,SALE,4495,2026-06-17 20:33:00
6926,1,143,SALE,-2,SALE,4202,2026-06-26 18:20:00
6927,2,222,SALE,-2,SALE,3223,2026-07-17 11:51:00
6928,4,82,SALE,-3,SALE,4397,2026-05-05 19:19:00
6929,1,165,SALE,-1,SALE,3712,2026-09-20 10:55:00
6930,2,176,SALE,-2,SALE,1737,2026-08-19 11:07:00
6931,4,182,SALE,-1,SALE,4540,2026-07-29 17:32:00
6932,2,100,SALE,-2,SALE,1665,2026-07-23 20:55:00
6933,3,65,SALE,-2,SALE,618,2026-08-04 14:34:00
6934,2,182,SALE,-4,SALE,3021,2026-04-26 14:54:00
6935,1,208,SALE,-1,SALE,105,2026-08-08 09:27:00
6936,2,222,SALE,-1,SALE,2479,2026-09-12 12:26:00
6937,1,99,SALE,-4,SALE,2874,2026-07-21 15:40:00
6938,1,89,SALE,-4,SALE,3348,2026-09-12 13:00:00
6939,3,8,SALE,-2,SALE,2539,2026-08-13 09:42:00
6940,1,107,SALE,-1,SALE,3234,2026-08-03 13:56:00
6941,4,115,SALE,-2,SALE,4575,2026-04-20 16:15:00
6942,2,12,SALE,-4,SALE,1957,2026-06-04 15:26:00
6943,5,185,SALE,-4,SALE,4319,2026-04-03 10:11:00
6944,2,170,SALE,-3,SALE,2132,2026-04-05 11:47:00
6945,2,209,SALE,-2,SALE,305,2026-08-05 11:29:00
6946,4,134,SALE,-1,SALE,2816,2026-04-29 10:08:00
6947,5,79,SALE,-1,SALE,3127,2026-07-31 12:14:00
6948,3,232,SALE,-3,SALE,775,2026-04-16 10:01:00
6949,2,173,SALE,-1,SALE,173,2026-04-21 20:38:00
6950,4,23,SALE,-2,SALE,969,2026-06-14 13:55:00
6951,1,237,SALE,-4,SALE,3899,2026-06-11 09:20:00
6952,1,80,SALE,-1,SALE,4322,2026-04-03 20:43:00
6953,1,56,SALE,-3,SALE,4331,2026-08-13 13:55:00
6954,3,176,SALE,-1,SALE,3155,2026-05-22 17:53:00
6955,5,227,SALE,-2,SALE,2391,2026-06-05 11:31:00
6956,4,207,SALE,-4,SALE,845,2026-09-01 19:01:00
6957,4,41,SALE,-2,SALE,3411,2026-05-30 10:19:00
6958,4,232,SALE,-3,SALE,2282,2026-06-18 13:34:00
6959,5,127,SALE,-2,SALE,3837,2026-06-19 13:32:00
6960,5,194,SALE,-1,SALE,1119,2026-04-26 17:27:00
6961,2,168,SALE,-1,SALE,1236,2026-04-23 16:09:00
6962,3,75,SALE,-4,SALE,2864,2026-05-21 09:00:00
6963,3,65,SALE,-3,SALE,897,2026-06-20 20:17:00
6964,1,68,SALE,-3,SALE,3939,2026-05-10 10:49:00
6965,2,63,SALE,-2,SALE,489,2026-06-16 18:12:00
6966,5,67,SALE,-3,SALE,157,2026-06-21 16:30:00
6967,5,17,SALE,-3,SALE,3645,2026-09-16 20:45:00
6968,3,188,SALE,-3,SALE,3776,2026-08-26 10:57:00
6969,4,12,SALE,-1,SALE,1291,2026-06-24 09:47:00
6970,4,53,SALE,-4,SALE,2872,2026-04-21 16:31:00
6971,5,99,SALE,-3,SALE,4448,2026-07-12 20:31:00
6972,1,103,SALE,-3,SALE,3231,2026-04-21 15:12:00
6973,5,178,SALE,-4,SALE,253,2026-05-19 15:10:00
6974,3,143,SALE,-2,SALE,164,2026-05-13 14:47:00
6975,2,148,SALE,-1,SALE,3257,2026-08-13 20:12:00
6976,4,144,SALE,-3,SALE,2505,2026-09-22 10:35:00
6977,2,24,SALE,-4,SALE,3751,2026-09-27 16:20:00
6978,1,186,SALE,-2,SALE,2691,2026-05-03 20:23:00
6979,4,110,SALE,-3,SALE,931,2026-09-07 20:57:00
6980,5,19,SALE,-4,SALE,1533,2026-05-18 19:25:00
6981,4,190,SALE,-2,SALE,429,2026-08-05 13:26:00
6982,3,58,SALE,-3,SALE,4013,2026-05-08 10:56:00
6983,1,102,SALE,-2,SALE,941,2026-05-21 20:10:00
6984,3,106,SALE,-1,SALE,608,2026-09-28 16:13:00
6985,1,6,SALE,-4,SALE,4028,2026-09-26 19:58:00
6986,4,117,SALE,-1,SALE,106,2026-09-28 16:54:00
6987,1,47,SALE,-1,SALE,3462,2026-04-22 19:14:00
6988,1,18,SALE,-1,SALE,3896,2026-07-20 18:28:00
6989,3,187,SALE,-2,SALE,3025,2026-07-09 11:19:00
6990,2,238,SALE,-1,SALE,270,2026-07-19 19:53:00
6991,2,115,SALE,-3,SALE,2506,2026-04-26 17:51:00
6992,1,73,SALE,-1,SALE,1758,2026-05-08 09:45:00
6993,5,54,SALE,-1,SALE,179,2026-07-16 16:19:00
6994,4,108,SALE,-3,SALE,1371,2026-07-10 16:53:00
6995,3,135,SALE,-4,SALE,1383,2026-06-14 20:16:00
6996,5,36,SALE,-4,SALE,2684,2026-06-03 19:20:00
6997,4,117,SALE,-4,SALE,1619,2026-08-07 17:41:00
6998,1,198,SALE,-3,SALE,4636,2026-09-17 12:25:00
6999,1,28,SALE,-4,SALE,4836,2026-06-11 13:07:00
7000,1,24,SALE,-1,SALE,3670,2026-04-26 20:17:00
7001,1,12,SALE,-4,SALE,3270,2026-06-30 14:51:00
7002,5,131,SALE,-2,SALE,3521,2026-05-21 15:51:00
7003,3,235,SALE,-2,SALE,4033,2026-08-28 11:26:00
7004,3,4,SALE,-4,SALE,1746,2026-05-11 10:16:00
7005,1,33,SALE,-3,SALE,1798,2026-08-04 09:02:00
7006,1,89,SALE,-2,SALE,4564,2026-07-02 18:29:00
7007,4,77,SALE,-1,SALE,3977,2026-08-20 18:52:00
7008,5,152,SALE,-3,SALE,2017,2026-06-07 17:49:00
7009,1,40,SALE,-2,SALE,136,2026-09-21 09:11:00
7010,1,2,SALE,-1,SALE,1841,2026-05-14 15:20:00
7011,3,116,SALE,-2,SALE,3993,2026-08-31 12:33:00
7012,1,59,SALE,-3,SALE,4836,2026-06-11 13:07:00
7013,2,85,SALE,-1,SALE,2478,2026-05-21 13:54:00
7014,2,31,SALE,-4,SALE,3078,2026-04-25 17:43:00
7015,5,198,SALE,-4,SALE,1306,2026-04-08 10:58:00
7016,2,118,SALE,-4,SALE,4838,2026-09-25 14:49:00
7017,1,14,SALE,-3,SALE,1187,2026-07-25 18:28:00
7018,5,58,SALE,-1,SALE,1724,2026-05-08 18:17:00
7019,3,196,SALE,-3,SALE,1121,2026-07-17 10:48:00
7020,1,155,SALE,-2,SALE,317,2026-05-10 09:56:00
7021,1,155,SALE,-1,SALE,2192,2026-09-08 17:18:00
7022,4,142,SALE,-2,SALE,558,2026-09-06 15:10:00
7023,1,50,SALE,-1,SALE,3559,2026-08-07 10:48:00
7024,4,166,SALE,-4,SALE,472,2026-07-16 13:56:00
7025,4,110,SALE,-3,SALE,2772,2026-07-16 13:49:00
7026,4,212,SALE,-2,SALE,2018,2026-07-20 13:49:00
7027,3,238,SALE,-4,SALE,361,2026-09-17 17:28:00
7028,3,100,SALE,-3,SALE,4262,2026-07-03 11:58:00
7029,3,202,SALE,-2,SALE,2002,2026-06-15 09:32:00
7030,4,236,SALE,-2,SALE,2507,2026-08-27 09:40:00
7031,2,226,SALE,-3,SALE,4533,2026-04-27 11:15:00
7032,3,131,SALE,-3,SALE,2442,2026-07-21 18:07:00
7033,1,132,SALE,-1,SALE,3010,2026-08-14 13:49:00
7034,4,193,SALE,-4,SALE,3028,2026-07-29 09:38:00
7035,4,175,SALE,-2,SALE,1788,2026-06-01 16:38:00
7036,2,191,SALE,-4,SALE,3823,2026-07-17 13:22:00
7037,2,130,SALE,-2,SALE,4415,2026-04-23 13:04:00
7038,2,169,SALE,-3,SALE,734,2026-09-20 11:05:00
7039,3,52,SALE,-3,SALE,3359,2026-08-01 13:43:00
7040,2,207,SALE,-4,SALE,1829,2026-08-16 15:56:00
7041,2,140,SALE,-3,SALE,1634,2026-04-19 20:10:00
7042,5,55,SALE,-1,SALE,4106,2026-07-01 19:40:00
7043,3,16,SALE,-1,SALE,2267,2026-05-05 14:28:00
7044,2,96,SALE,-3,SALE,620,2026-09-10 14:11:00
7045,1,233,SALE,-4,SALE,869,2026-08-21 14:53:00
7046,3,41,SALE,-1,SALE,3993,2026-08-31 12:33:00
7047,4,83,SALE,-2,SALE,357,2026-08-14 12:36:00
7048,5,125,SALE,-2,SALE,135,2026-09-12 15:22:00
7049,3,172,SALE,-1,SALE,2179,2026-04-24 20:56:00
7050,5,215,SALE,-1,SALE,4941,2026-06-18 14:02:00
7051,2,78,SALE,-1,SALE,3545,2026-06-05 11:52:00
7052,3,93,SALE,-1,SALE,897,2026-06-20 20:17:00
7053,3,108,SALE,-1,SALE,4445,2026-04-25 11:09:00
7054,5,58,SALE,-4,SALE,1868,2026-08-09 10:41:00
7055,5,104,SALE,-4,SALE,3556,2026-06-09 18:29:00
7056,1,101,SALE,-3,SALE,3670,2026-04-26 20:17:00
7057,5,141,SALE,-1,SALE,1513,2026-09-12 13:22:00
7058,3,114,SALE,-1,SALE,2101,2026-04-16 20:46:00
7059,3,37,SALE,-4,SALE,2765,2026-06-18 17:54:00
7060,1,133,SALE,-3,SALE,1858,2026-09-21 11:13:00
7061,1,231,SALE,-1,SALE,540,2026-04-23 13:57:00
7062,1,71,SALE,-3,SALE,1184,2026-09-02 19:56:00
7063,2,219,SALE,-4,SALE,645,2026-05-11 18:20:00
7064,4,6,SALE,-4,SALE,986,2026-08-04 10:29:00
7065,5,106,SALE,-4,SALE,1523,2026-08-08 09:21:00
7066,5,136,SALE,-1,SALE,1633,2026-06-13 15:55:00
7067,1,28,SALE,-4,SALE,403,2026-04-12 18:15:00
7068,2,224,SALE,-4,SALE,4292,2026-09-17 13:00:00
7069,3,150,SALE,-1,SALE,3858,2026-08-09 10:25:00
7070,3,120,SALE,-4,SALE,2109,2026-06-25 15:03:00
7071,1,146,SALE,-1,SALE,2652,2026-09-26 19:13:00
7072,3,66,SALE,-3,SALE,3719,2026-08-21 12:23:00
7073,1,81,SALE,-2,SALE,2785,2026-08-17 13:50:00
7074,4,139,SALE,-4,SALE,1420,2026-06-11 11:08:00
7075,4,59,SALE,-1,SALE,3511,2026-05-11 15:50:00
7076,1,217,SALE,-3,SALE,2607,2026-07-21 11:55:00
7077,2,192,SALE,-4,SALE,4252,2026-08-13 19:21:00
7078,4,84,SALE,-2,SALE,641,2026-08-21 17:56:00
7079,3,12,SALE,-1,SALE,2970,2026-04-26 11:22:00
7080,2,141,SALE,-2,SALE,4259,2026-04-24 16:59:00
7081,1,86,SALE,-4,SALE,3908,2026-09-24 17:13:00
7082,4,29,SALE,-4,SALE,3205,2026-06-15 16:15:00
7083,2,64,SALE,-1,SALE,1554,2026-06-05 13:19:00
7084,1,173,SALE,-4,SALE,4551,2026-09-09 12:35:00
7085,1,172,SALE,-1,SALE,2458,2026-04-23 15:30:00
7086,3,39,SALE,-3,SALE,3820,2026-05-12 11:32:00
7087,5,233,SALE,-3,SALE,2287,2026-09-26 15:43:00
7088,4,193,SALE,-3,SALE,593,2026-06-23 16:25:00
7089,3,108,SALE,-2,SALE,1465,2026-06-14 19:47:00
7090,5,202,SALE,-1,SALE,2668,2026-07-04 18:19:00
7091,2,91,SALE,-1,SALE,1957,2026-06-04 15:26:00
7092,1,39,SALE,-2,SALE,1683,2026-06-25 10:27:00
7093,3,115,SALE,-3,SALE,3919,2026-06-05 20:09:00
7094,1,27,SALE,-2,SALE,3027,2026-09-01 15:35:00
7095,5,63,SALE,-2,SALE,479,2026-04-15 16:36:00
7096,5,222,SALE,-2,SALE,281,2026-08-04 10:33:00
7097,2,106,SALE,-2,SALE,4166,2026-05-07 20:04:00
7098,1,1,SALE,-2,SALE,2788,2026-08-17 20:30:00
7099,2,159,SALE,-4,SALE,2094,2026-04-08 10:05:00
7100,5,49,SALE,-1,SALE,3667,2026-09-16 16:03:00
7101,3,58,SALE,-3,SALE,1016,2026-07-19 15:48:00
7102,1,97,SALE,-2,SALE,928,2026-06-14 11:09:00
7103,5,81,SALE,-2,SALE,226,2026-07-28 14:50:00
7104,5,78,SALE,-3,SALE,2596,2026-04-13 20:20:00
7105,2,68,SALE,-1,SALE,2218,2026-04-29 14:43:00
7106,5,70,SALE,-1,SALE,722,2026-08-29 13:54:00
7107,4,57,SALE,-3,SALE,4349,2026-06-03 20:43:00
7108,4,228,SALE,-4,SALE,1136,2026-04-12 11:46:00
7109,2,9,SALE,-4,SALE,4627,2026-07-21 10:42:00
7110,1,112,SALE,-2,SALE,2111,2026-09-20 09:52:00
7111,2,122,SALE,-1,SALE,1254,2026-07-13 15:38:00
7112,5,3,SALE,-1,SALE,3067,2026-05-13 20:32:00
7113,5,45,SALE,-4,SALE,967,2026-04-10 17:30:00
7114,5,238,SALE,-2,SALE,1810,2026-07-13 13:14:00
7115,1,213,SALE,-3,SALE,3586,2026-09-03 20:22:00
7116,1,16,SALE,-1,SALE,847,2026-07-22 14:50:00
7117,2,68,SALE,-4,SALE,2776,2026-08-27 19:46:00
7118,5,172,SALE,-4,SALE,1527,2026-06-07 10:38:00
7119,5,103,SALE,-1,SALE,144,2026-06-07 09:19:00
7120,5,133,SALE,-2,SALE,4658,2026-05-12 15:05:00
7121,4,21,SALE,-1,SALE,1534,2026-04-23 19:53:00
7122,1,212,SALE,-4,SALE,731,2026-04-24 16:57:00
7123,5,231,SALE,-2,SALE,722,2026-08-29 13:54:00
7124,3,50,SALE,-3,SALE,4771,2026-05-21 18:01:00
7125,3,139,SALE,-4,SALE,4743,2026-09-14 17:33:00
7126,1,30,SALE,-3,SALE,1773,2026-06-15 17:35:00
7127,5,122,SALE,-4,SALE,1734,2026-04-18 20:33:00
7128,4,55,SALE,-3,SALE,1793,2026-07-18 13:40:00
7129,5,171,SALE,-4,SALE,4065,2026-08-30 13:21:00
7130,5,111,SALE,-2,SALE,1618,2026-07-31 11:05:00
7131,3,38,SALE,-3,SALE,266,2026-09-22 16:09:00
7132,2,26,SALE,-4,SALE,1957,2026-06-04 15:26:00
7133,4,125,SALE,-4,SALE,431,2026-07-18 16:10:00
7134,3,60,SALE,-4,SALE,4709,2026-08-04 12:33:00
7135,5,235,SALE,-2,SALE,4691,2026-08-09 11:17:00
7136,1,162,SALE,-4,SALE,2174,2026-04-01 17:31:00
7137,1,161,SALE,-2,SALE,3457,2026-09-21 18:22:00
7138,4,51,SALE,-2,SALE,3433,2026-08-27 20:34:00
7139,1,141,SALE,-1,SALE,3677,2026-05-21 09:25:00
7140,2,213,SALE,-1,SALE,4049,2026-05-10 09:39:00
7141,2,199,SALE,-3,SALE,3751,2026-09-27 16:20:00
7142,5,57,SALE,-2,SALE,3996,2026-05-21 10:35:00
7143,3,143,SALE,-4,SALE,2576,2026-07-01 15:15:00
7144,4,15,SALE,-1,SALE,3444,2026-04-30 13:17:00
7145,1,99,SALE,-1,SALE,4189,2026-09-07 12:39:00
7146,5,120,SALE,-3,SALE,4382,2026-04-25 13:22:00
7147,2,233,SALE,-1,SALE,3217,2026-04-05 14:15:00
7148,5,174,SALE,-2,SALE,3834,2026-08-10 13:36:00
7149,1,85,SALE,-3,SALE,1493,2026-06-08 11:58:00
7150,1,138,SALE,-2,SALE,3016,2026-06-28 18:51:00
7151,4,90,SALE,-2,SALE,22,2026-09-26 16:12:00
7152,4,142,SALE,-4,SALE,637,2026-06-15 14:52:00
7153,3,153,SALE,-3,SALE,4605,2026-04-21 15:42:00
7154,3,101,SALE,-1,SALE,1453,2026-07-11 17:09:00
7155,4,202,SALE,-3,SALE,1313,2026-08-10 12:42:00
7156,2,109,SALE,-1,SALE,3295,2026-06-17 19:38:00
7157,3,182,SALE,-4,SALE,4383,2026-06-15 12:09:00
7158,2,63,SALE,-4,SALE,3053,2026-09-17 14:51:00
7159,2,138,SALE,-3,SALE,1829,2026-08-16 15:56:00
7160,3,152,SALE,-4,SALE,4119,2026-08-12 11:24:00
7161,4,214,SALE,-3,SALE,1759,2026-09-10 16:12:00
7162,5,190,SALE,-2,SALE,1424,2026-09-01 20:09:00
7163,1,239,SALE,-2,SALE,3104,2026-05-11 19:01:00
7164,3,156,SALE,-2,SALE,4633,2026-06-27 19:29:00
7165,5,27,SALE,-2,SALE,215,2026-08-27 18:21:00
7166,1,164,SALE,-3,SALE,3710,2026-06-22 16:19:00
7167,1,223,SALE,-1,SALE,4487,2026-09-05 17:53:00
7168,4,221,SALE,-3,SALE,3098,2026-06-16 14:05:00
7169,2,71,SALE,-4,SALE,1779,2026-06-12 14:07:00
7170,5,93,SALE,-3,SALE,2347,2026-08-23 15:57:00
7171,4,213,SALE,-3,SALE,2990,2026-05-18 09:08:00
7172,3,42,SALE,-3,SALE,1972,2026-06-22 14:00:00
7173,5,153,SALE,-1,SALE,1555,2026-04-22 14:20:00
7174,2,39,SALE,-4,SALE,1217,2026-05-22 20:48:00
7175,2,232,SALE,-4,SALE,4377,2026-08-16 16:20:00
7176,4,87,SALE,-3,SALE,912,2026-07-10 14:33:00
7177,4,39,SALE,-2,SALE,4980,2026-05-22 17:45:00
7178,3,88,SALE,-2,SALE,742,2026-06-26 20:59:00
7179,2,100,SALE,-2,SALE,4073,2026-05-14 15:28:00
7180,1,28,SALE,-1,SALE,3531,2026-04-05 15:32:00
7181,1,72,SALE,-2,SALE,2773,2026-09-01 20:49:00
7182,5,234,SALE,-1,SALE,2967,2026-04-18 10:24:00
7183,3,211,SALE,-1,SALE,1125,2026-09-18 10:58:00
7184,4,114,SALE,-1,SALE,2897,2026-05-12 20:17:00
7185,1,163,SALE,-1,SALE,2240,2026-05-23 20:56:00
7186,5,133,SALE,-3,SALE,3842,2026-09-28 10:27:00
7187,4,26,SALE,-2,SALE,4951,2026-06-26 19:21:00
7188,5,163,SALE,-1,SALE,3671,2026-06-15 19:55:00
7189,4,199,SALE,-2,SALE,62,2026-06-27 16:46:00
7190,3,236,SALE,-3,SALE,32,2026-08-26 15:05:00
7191,4,17,SALE,-2,SALE,134,2026-08-30 10:47:00
7192,1,169,SALE,-2,SALE,2231,2026-07-31 14:56:00
7193,3,152,SALE,-2,SALE,3512,2026-06-22 19:37:00
7194,4,158,SALE,-2,SALE,2217,2026-04-04 20:31:00
7195,5,71,SALE,-3,SALE,4297,2026-08-18 09:12:00
7196,1,99,SALE,-2,SALE,2614,2026-07-30 16:39:00
7197,5,188,SALE,-2,SALE,3183,2026-07-14 19:15:00
7198,2,25,SALE,-4,SALE,1245,2026-08-28 10:42:00
7199,2,67,SALE,-2,SALE,1118,2026-08-03 15:27:00
7200,2,133,SALE,-1,SALE,3085,2026-07-17 13:20:00
7201,2,157,SALE,-1,SALE,2741,2026-04-23 17:27:00
7202,4,104,SALE,-2,SALE,3956,2026-05-02 20:36:00
7203,4,187,SALE,-4,SALE,1153,2026-07-11 15:59:00
7204,4,29,SALE,-3,SALE,1820,2026-08-17 10:35:00
7205,1,91,SALE,-2,SALE,212,2026-08-25 11:40:00
7206,5,225,SALE,-1,SALE,4338,2026-08-28 15:30:00
7207,2,223,SALE,-3,SALE,588,2026-04-11 12:48:00
7208,4,211,SALE,-3,SALE,4352,2026-06-27 19:48:00
7209,5,205,SALE,-3,SALE,1624,2026-08-18 11:35:00
7210,4,164,SALE,-3,SALE,4330,2026-06-01 12:22:00
7211,1,203,SALE,-4,SALE,1437,2026-04-10 15:29:00
7212,4,64,SALE,-1,SALE,4524,2026-06-21 16:34:00
7213,3,28,SALE,-1,SALE,1745,2026-04-25 10:05:00
7214,3,104,SALE,-4,SALE,2696,2026-05-30 16:38:00
7215,2,183,SALE,-1,SALE,4654,2026-07-08 11:46:00
7216,3,12,SALE,-3,SALE,1368,2026-09-01 10:53:00
7217,4,224,SALE,-1,SALE,573,2026-05-07 20:48:00
7218,3,77,SALE,-3,SALE,4118,2026-04-08 19:22:00
7219,5,22,SALE,-2,SALE,4875,2026-07-19 20:48:00
7220,2,190,SALE,-4,SALE,2377,2026-06-30 18:06:00
7221,3,180,SALE,-1,SALE,4286,2026-07-11 11:51:00
7222,4,218,SALE,-3,SALE,2195,2026-06-04 16:05:00
7223,1,154,SALE,-4,SALE,1342,2026-06-15 17:14:00
7224,4,79,SALE,-4,SALE,4808,2026-06-11 18:14:00
7225,3,31,SALE,-2,SALE,682,2026-05-24 10:21:00
7226,3,96,SALE,-3,SALE,3122,2026-04-29 10:49:00
7227,5,155,SALE,-2,SALE,634,2026-04-10 12:04:00
7228,3,139,SALE,-1,SALE,2515,2026-07-29 19:55:00
7229,5,108,SALE,-1,SALE,4288,2026-04-06 10:42:00
7230,2,109,SALE,-4,SALE,2428,2026-09-02 19:27:00
7231,4,238,SALE,-2,SALE,3164,2026-07-30 20:48:00
7232,5,238,SALE,-1,SALE,765,2026-05-09 19:36:00
7233,4,169,SALE,-1,SALE,344,2026-06-16 09:57:00
7234,5,64,SALE,-4,SALE,793,2026-06-30 15:02:00
7235,5,179,SALE,-2,SALE,112,2026-09-13 14:31:00
7236,4,141,SALE,-4,SALE,4126,2026-04-01 14:56:00
7237,1,14,SALE,-1,SALE,3462,2026-04-22 19:14:00
7238,4,37,SALE,-4,SALE,3750,2026-08-13 17:55:00
7239,3,47,SALE,-3,SALE,902,2026-08-10 19:46:00
7240,3,24,SALE,-3,SALE,4605,2026-04-21 15:42:00
7241,2,146,SALE,-3,SALE,3827,2026-07-19 17:06:00
7242,2,99,SALE,-3,SALE,2650,2026-08-16 09:19:00
7243,5,185,SALE,-1,SALE,3508,2026-05-25 16:11:00
7244,1,19,SALE,-3,SALE,3010,2026-08-14 13:49:00
7245,2,235,SALE,-2,SALE,2127,2026-08-20 16:24:00
7246,1,121,SALE,-2,SALE,2077,2026-07-09 19:31:00
7247,4,111,SALE,-3,SALE,2265,2026-04-19 13:50:00
7248,2,122,SALE,-3,SALE,257,2026-09-02 17:48:00
7249,4,205,SALE,-4,SALE,2146,2026-07-23 12:16:00
7250,1,27,SALE,-3,SALE,3654,2026-05-19 15:28:00
7251,2,129,SALE,-1,SALE,255,2026-09-28 11:12:00
7252,3,125,SALE,-4,SALE,4315,2026-05-18 11:14:00
7253,2,45,SALE,-3,SALE,2670,2026-05-27 11:50:00
7254,2,104,SALE,-3,SALE,1236,2026-04-23 16:09:00
7255,5,59,SALE,-4,SALE,3195,2026-05-15 20:57:00
7256,4,75,SALE,-3,SALE,1919,2026-05-06 19:44:00
7257,4,84,SALE,-3,SALE,1765,2026-04-22 15:31:00
7258,1,127,SALE,-4,SALE,2469,2026-07-15 10:39:00
7259,4,220,SALE,-3,SALE,2656,2026-04-17 14:56:00
7260,3,63,SALE,-2,SALE,1926,2026-07-20 12:37:00
7261,3,30,SALE,-3,SALE,958,2026-04-10 15:09:00
7262,1,198,SALE,-1,SALE,4961,2026-04-08 17:47:00
7263,5,2,SALE,-4,SALE,4268,2026-06-21 13:26:00
7264,5,48,SALE,-3,SALE,4198,2026-08-09 20:18:00
7265,1,99,SALE,-2,SALE,795,2026-05-10 17:21:00
7266,2,230,SALE,-3,SALE,1963,2026-04-29 11:39:00
7267,4,170,SALE,-3,SALE,39,2026-09-26 19:01:00
7268,1,139,SALE,-3,SALE,307,2026-04-22 13:09:00
7269,1,222,SALE,-2,SALE,2647,2026-04-09 14:16:00
7270,3,93,SALE,-2,SALE,2116,2026-04-23 16:51:00
7271,4,170,SALE,-4,SALE,357,2026-08-14 12:36:00
7272,5,25,SALE,-3,SALE,1322,2026-07-26 12:15:00
7273,1,92,SALE,-4,SALE,586,2026-05-31 10:48:00
7274,1,139,SALE,-3,SALE,4414,2026-07-10 18:59:00
7275,4,103,SALE,-2,SALE,1387,2026-04-01 13:46:00
7276,3,231,SALE,-2,SALE,1659,2026-06-05 16:23:00
7277,5,51,SALE,-4,SALE,1742,2026-06-06 11:04:00
7278,5,151,SALE,-1,SALE,4485,2026-05-30 11:52:00
7279,4,55,SALE,-1,SALE,2125,2026-08-04 17:40:00
7280,2,20,SALE,-4,SALE,3698,2026-07-05 20:28:00
7281,5,148,SALE,-4,SALE,4217,2026-08-17 09:26:00
7282,2,15,SALE,-1,SALE,692,2026-04-26 16:50:00
7283,4,148,SALE,-3,SALE,909,2026-08-01 20:59:00
7284,3,165,SALE,-2,SALE,4420,2026-08-01 18:43:00
7285,4,211,SALE,-4,SALE,3892,2026-07-30 11:18:00
7286,2,237,SALE,-4,SALE,1217,2026-05-22 20:48:00
7287,3,189,SALE,-2,SALE,267,2026-05-24 20:59:00
7288,4,49,SALE,-1,SALE,3061,2026-09-17 20:15:00
7289,3,56,SALE,-3,SALE,4215,2026-04-19 15:38:00
7290,1,176,SALE,-1,SALE,4474,2026-06-03 15:11:00
7291,3,221,SALE,-4,SALE,651,2026-08-06 16:42:00
7292,4,172,SALE,-2,SALE,4552,2026-06-06 19:30:00
7293,3,198,SALE,-2,SALE,4053,2026-05-13 12:10:00
7294,2,52,SALE,-3,SALE,3526,2026-09-20 11:38:00
7295,2,103,SALE,-1,SALE,532,2026-06-04 16:05:00
7296,4,222,SALE,-1,SALE,3412,2026-05-09 12:31:00
7297,1,142,SALE,-4,SALE,1729,2026-06-03 13:21:00
7298,4,206,SALE,-1,SALE,2269,2026-09-09 15:43:00
7299,5,162,SALE,-3,SALE,448,2026-08-29 09:20:00
7300,4,54,SALE,-4,SALE,4607,2026-04-11 13:58:00
7301,4,35,SALE,-4,SALE,4246,2026-06-16 17:03:00
7302,2,132,SALE,-2,SALE,4528,2026-04-01 18:24:00
7303,4,207,SALE,-3,SALE,4869,2026-07-05 18:54:00
7304,2,15,SALE,-4,SALE,749,2026-06-24 17:51:00
7305,3,102,SALE,-1,SALE,1338,2026-09-03 16:09:00
7306,5,22,SALE,-2,SALE,4100,2026-05-08 17:55:00
7307,4,78,SALE,-3,SALE,1462,2026-06-27 10:49:00
7308,2,82,SALE,-1,SALE,4210,2026-07-10 10:22:00
7309,4,197,SALE,-2,SALE,2903,2026-09-11 12:48:00
7310,1,22,SALE,-2,SALE,1204,2026-09-26 17:30:00
7311,2,43,SALE,-2,SALE,2587,2026-08-07 11:04:00
7312,1,26,SALE,-3,SALE,2126,2026-08-07 18:43:00
7313,5,6,SALE,-2,SALE,4061,2026-05-01 10:05:00
7314,1,138,SALE,-2,SALE,3808,2026-05-30 10:24:00
7315,4,84,SALE,-1,SALE,4622,2026-05-30 15:12:00
7316,2,103,SALE,-1,SALE,4303,2026-05-08 11:15:00
7317,3,101,SALE,-1,SALE,4257,2026-08-21 12:42:00
7318,2,235,SALE,-1,SALE,3023,2026-08-15 10:34:00
7319,3,216,SALE,-2,SALE,2718,2026-05-11 19:16:00
7320,2,86,SALE,-3,SALE,865,2026-05-04 17:05:00
7321,4,86,SALE,-4,SALE,367,2026-07-27 09:52:00
7322,4,124,SALE,-3,SALE,4024,2026-05-06 12:35:00
7323,5,84,SALE,-3,SALE,3050,2026-05-24 15:32:00
7324,3,162,SALE,-3,SALE,1805,2026-05-29 20:58:00
7325,2,171,SALE,-4,SALE,3293,2026-07-28 16:00:00
7326,1,148,SALE,-2,SALE,1376,2026-04-21 11:28:00
7327,1,72,SALE,-3,SALE,2822,2026-09-11 20:43:00
7328,2,161,SALE,-1,SALE,377,2026-08-05 11:14:00
7329,5,72,SALE,-4,SALE,832,2026-04-20 10:34:00
7330,1,71,SALE,-3,SALE,2390,2026-06-01 15:51:00
7331,4,140,SALE,-2,SALE,22,2026-09-26 16:12:00
7332,2,165,SALE,-1,SALE,2728,2026-04-02 20:21:00
7333,4,76,SALE,-2,SALE,2808,2026-07-06 12:14:00
7334,2,229,SALE,-1,SALE,2613,2026-08-31 15:53:00
7335,5,156,SALE,-4,SALE,1513,2026-09-12 13:22:00
7336,1,196,SALE,-4,SALE,1642,2026-09-18 11:30:00
7337,4,48,SALE,-1,SALE,4509,2026-06-05 17:17:00
7338,5,188,SALE,-3,SALE,1359,2026-04-16 15:43:00
7339,4,48,SALE,-3,SALE,4160,2026-06-09 19:18:00
7340,3,206,SALE,-1,SALE,642,2026-07-13 09:37:00
7341,2,127,SALE,-1,SALE,2062,2026-06-21 16:27:00
7342,5,26,SALE,-4,SALE,4001,2026-06-24 16:37:00
7343,3,84,SALE,-3,SALE,4589,2026-04-01 17:31:00
7344,2,4,SALE,-2,SALE,3330,2026-05-26 16:47:00
7345,1,70,SALE,-1,SALE,2412,2026-09-17 17:18:00
7346,5,208,SALE,-3,SALE,1311,2026-06-01 16:50:00
7347,2,93,SALE,-1,SALE,4835,2026-05-04 09:35:00
7348,3,44,SALE,-3,SALE,1981,2026-05-31 14:45:00
7349,4,151,SALE,-3,SALE,2405,2026-08-03 10:15:00
7350,4,138,SALE,-1,SALE,709,2026-06-05 09:44:00
7351,4,96,SALE,-2,SALE,824,2026-08-19 10:52:00
7352,2,20,SALE,-4,SALE,2716,2026-09-02 10:48:00
7353,3,182,SALE,-3,SALE,810,2026-04-08 10:05:00
7354,4,227,SALE,-1,SALE,2627,2026-09-28 17:34:00
7355,3,150,SALE,-2,SALE,2646,2026-06-06 09:14:00
7356,1,145,SALE,-1,SALE,4822,2026-07-12 15:33:00
7357,2,235,SALE,-2,SALE,1056,2026-07-15 16:11:00
7358,3,13,SALE,-2,SALE,2490,2026-05-04 10:41:00
7359,1,148,SALE,-4,SALE,1210,2026-05-24 13:34:00
7360,2,135,SALE,-2,SALE,27,2026-05-30 17:24:00
7361,5,217,SALE,-2,SALE,2124,2026-09-24 20:20:00
7362,1,40,SALE,-3,SALE,3314,2026-09-01 11:37:00
7363,2,20,SALE,-4,SALE,3157,2026-06-06 18:45:00
7364,1,77,SALE,-2,SALE,1084,2026-09-05 18:12:00
7365,5,48,SALE,-3,SALE,2689,2026-08-28 20:33:00
7366,5,159,SALE,-4,SALE,1995,2026-07-05 09:54:00
7367,2,227,SALE,-3,SALE,1310,2026-05-24 10:40:00
7368,4,33,SALE,-1,SALE,78,2026-04-14 19:18:00
7369,3,57,SALE,-2,SALE,117,2026-09-12 12:37:00
7370,4,193,SALE,-2,SALE,4090,2026-08-22 18:42:00
7371,5,136,SALE,-2,SALE,4506,2026-04-01 12:54:00
7372,3,124,SALE,-1,SALE,1876,2026-07-18 17:36:00
7373,1,128,SALE,-2,SALE,3483,2026-06-25 11:55:00
7374,4,186,SALE,-2,SALE,4967,2026-04-12 14:25:00
7375,3,82,SALE,-4,SALE,1557,2026-08-16 09:11:00
7376,1,70,SALE,-4,SALE,391,2026-09-04 10:56:00
7377,4,116,SALE,-1,SALE,3434,2026-04-17 14:40:00
7378,1,125,SALE,-2,SALE,3101,2026-07-21 18:27:00
7379,2,71,SALE,-3,SALE,3561,2026-07-05 10:13:00
7380,5,101,SALE,-1,SALE,4185,2026-06-02 19:22:00
7381,2,165,SALE,-4,SALE,1811,2026-09-08 18:47:00
7382,4,2,SALE,-2,SALE,686,2026-04-17 11:30:00
7383,2,48,SALE,-3,SALE,2725,2026-06-17 14:53:00
7384,2,175,SALE,-1,SALE,3935,2026-04-16 18:51:00
7385,4,164,SALE,-3,SALE,4995,2026-08-27 17:44:00
7386,2,210,SALE,-3,SALE,3737,2026-07-31 19:32:00
7387,5,7,SALE,-2,SALE,3099,2026-09-15 15:25:00
7388,4,27,SALE,-2,SALE,229,2026-08-24 16:40:00
7389,4,192,SALE,-4,SALE,3076,2026-07-17 20:38:00
7390,3,147,SALE,-2,SALE,4795,2026-05-24 12:03:00
7391,4,221,SALE,-1,SALE,2244,2026-05-22 14:41:00
7392,3,127,SALE,-2,SALE,2755,2026-08-02 17:12:00
7393,1,37,SALE,-2,SALE,3957,2026-04-13 15:09:00
7394,3,46,SALE,-2,SALE,3266,2026-08-06 16:39:00
7395,3,73,SALE,-1,SALE,320,2026-04-20 14:38:00
7396,1,177,SALE,-4,SALE,1873,2026-05-15 13:25:00
7397,4,206,SALE,-2,SALE,638,2026-09-04 16:22:00
7398,2,211,SALE,-1,SALE,2071,2026-07-08 09:43:00
7399,3,30,SALE,-3,SALE,2225,2026-08-12 18:45:00
7400,4,99,SALE,-3,SALE,824,2026-08-19 10:52:00
7401,5,39,SALE,-1,SALE,3918,2026-07-15 09:53:00
7402,1,51,SALE,-1,SALE,2657,2026-07-30 19:27:00
7403,4,22,SALE,-4,SALE,4688,2026-09-06 17:59:00
7404,4,213,SALE,-1,SALE,2250,2026-08-26 13:13:00
7405,5,128,SALE,-4,SALE,2281,2026-07-09 18:20:00
7406,4,113,SALE,-2,SALE,3181,2026-07-23 13:58:00
7407,5,96,SALE,-1,SALE,3029,2026-07-26 18:44:00
7408,1,73,SALE,-2,SALE,3923,2026-05-06 17:44:00
7409,4,159,SALE,-1,SALE,707,2026-06-12 18:07:00
7410,2,108,SALE,-1,SALE,4807,2026-06-29 16:01:00
7411,1,90,SALE,-1,SALE,4673,2026-08-30 15:41:00
7412,4,48,SALE,-4,SALE,761,2026-07-24 18:52:00
7413,5,171,SALE,-3,SALE,602,2026-04-27 18:00:00
7414,3,58,SALE,-4,SALE,4034,2026-09-15 17:39:00
7415,5,115,SALE,-2,SALE,4894,2026-08-04 15:25:00
7416,4,205,SALE,-4,SALE,2196,2026-07-04 13:05:00
7417,3,157,SALE,-1,SALE,682,2026-05-24 10:21:00
7418,4,17,SALE,-4,SALE,2510,2026-07-10 15:42:00
7419,4,146,SALE,-3,SALE,344,2026-06-16 09:57:00
7420,5,108,SALE,-1,SALE,215,2026-08-27 18:21:00
7421,1,141,SALE,-4,SALE,1023,2026-09-04 16:49:00
7422,2,135,SALE,-3,SALE,4152,2026-09-11 10:17:00
7423,4,36,SALE,-4,SALE,3511,2026-05-11 15:50:00
7424,1,180,SALE,-3,SALE,3706,2026-09-01 14:08:00
7425,4,96,SALE,-2,SALE,686,2026-04-17 11:30:00
7426,3,4,SALE,-1,SALE,2430,2026-06-15 14:37:00
7427,1,84,SALE,-4,SALE,2174,2026-04-01 17:31:00
7428,2,146,SALE,-2,SALE,3520,2026-06-06 16:16:00
7429,4,61,SALE,-3,SALE,1580,2026-06-02 09:45:00
7430,4,82,SALE,-2,SALE,464,2026-07-09 16:59:00
7431,4,20,SALE,-4,SALE,3814,2026-04-24 11:30:00
7432,3,236,SALE,-1,SALE,3189,2026-07-21 18:40:00
7433,1,85,SALE,-3,SALE,4636,2026-09-17 12:25:00
7434,3,214,SALE,-1,SALE,826,2026-06-24 20:37:00
7435,1,216,SALE,-2,SALE,2871,2026-04-09 17:27:00
7436,3,207,SALE,-1,SALE,2225,2026-08-12 18:45:00
7437,1,238,SALE,-3,SALE,3780,2026-08-13 10:16:00
7438,5,165,SALE,-1,SALE,1971,2026-08-02 19:51:00
7439,4,145,SALE,-2,SALE,1343,2026-04-07 13:24:00
7440,5,36,SALE,-4,SALE,1134,2026-04-01 14:14:00
7441,2,161,SALE,-3,SALE,1775,2026-06-24 13:28:00
7442,2,169,SALE,-2,SALE,3078,2026-04-25 17:43:00
7443,3,4,SALE,-4,SALE,3656,2026-06-06 20:32:00
7444,1,52,SALE,-4,SALE,547,2026-06-04 11:22:00
7445,3,23,SALE,-3,SALE,4605,2026-04-21 15:42:00
7446,2,238,SALE,-4,SALE,2465,2026-06-26 17:14:00
7447,4,233,SALE,-4,SALE,158,2026-04-06 17:41:00
7448,5,124,SALE,-2,SALE,4177,2026-05-11 16:54:00
7449,1,189,SALE,-1,SALE,4541,2026-04-06 12:02:00
7450,2,118,SALE,-2,SALE,4644,2026-07-14 10:54:00
7451,2,217,SALE,-3,SALE,124,2026-05-13 17:20:00
7452,2,112,SALE,-4,SALE,3408,2026-06-01 10:58:00
7453,5,20,SALE,-2,SALE,3757,2026-07-21 19:16:00
7454,2,172,SALE,-3,SALE,505,2026-09-16 13:21:00
7455,2,39,SALE,-4,SALE,625,2026-04-21 15:45:00
7456,1,137,SALE,-4,SALE,3221,2026-05-26 16:27:00
7457,4,143,SALE,-4,SALE,4525,2026-04-03 15:13:00
7458,4,198,SALE,-4,SALE,3411,2026-05-30 10:19:00
7459,3,113,SALE,-4,SALE,3851,2026-05-07 12:35:00
7460,4,56,SALE,-2,SALE,4730,2026-08-21 09:09:00
7461,1,193,SALE,-1,SALE,4830,2026-04-09 15:33:00
7462,3,95,SALE,-3,SALE,4746,2026-05-14 17:44:00
7463,3,193,SALE,-2,SALE,1380,2026-07-27 13:56:00
7464,5,224,SALE,-1,SALE,261,2026-08-06 10:19:00
7465,2,75,SALE,-1,SALE,48,2026-04-11 17:24:00
7466,1,187,SALE,-3,SALE,1133,2026-04-19 18:36:00
7467,2,192,SALE,-3,SALE,4528,2026-04-01 18:24:00
7468,3,87,SALE,-2,SALE,3287,2026-04-29 12:59:00
7469,1,94,SALE,-3,SALE,2470,2026-07-13 14:28:00
7470,2,208,SALE,-3,SALE,3487,2026-07-26 10:24:00
7471,3,132,SALE,-1,SALE,3543,2026-08-06 09:50:00
7472,1,131,SALE,-2,SALE,2458,2026-04-23 15:30:00
7473,4,27,SALE,-3,SALE,3871,2026-07-28 12:10:00
7474,3,62,SALE,-3,SALE,3574,2026-04-05 15:17:00
7475,5,166,SALE,-1,SALE,736,2026-09-01 20:44:00
7476,1,134,SALE,-3,SALE,3869,2026-08-31 19:48:00
7477,5,39,SALE,-1,SALE,4625,2026-08-27 20:06:00
7478,2,80,SALE,-4,SALE,428,2026-05-30 16:23:00
7479,4,191,SALE,-1,SALE,1420,2026-06-11 11:08:00
7480,2,100,SALE,-3,SALE,995,2026-04-11 20:32:00
7481,5,6,SALE,-4,SALE,3730,2026-05-13 12:14:00
7482,3,18,SALE,-1,SALE,3012,2026-09-27 11:55:00
7483,5,168,SALE,-1,SALE,3127,2026-07-31 12:14:00
7484,2,120,SALE,-4,SALE,4893,2026-04-21 11:37:00
7485,5,166,SALE,-3,SALE,1088,2026-09-20 15:03:00
7486,2,202,SALE,-1,SALE,4835,2026-05-04 09:35:00
7487,2,191,SALE,-4,SALE,1378,2026-09-21 15:05:00
7488,1,38,SALE,-4,SALE,1683,2026-06-25 10:27:00
7489,4,1,SALE,-1,SALE,1341,2026-08-05 15:13:00
7490,2,114,SALE,-3,SALE,3583,2026-05-01 12:49:00
7491,4,213,SALE,-3,SALE,2404,2026-05-26 13:49:00
7492,3,16,SALE,-2,SALE,2403,2026-05-26 15:01:00
7493,1,224,SALE,-4,SALE,4934,2026-09-23 19:51:00
7494,5,174,SALE,-4,SALE,2782,2026-04-23 09:45:00
7495,4,14,SALE,-3,SALE,3675,2026-09-11 20:44:00
7496,2,178,SALE,-1,SALE,1762,2026-08-07 16:00:00
7497,2,38,SALE,-4,SALE,2949,2026-09-05 18:27:00
7498,1,22,SALE,-2,SALE,4127,2026-08-04 10:22:00
7499,1,118,SALE,-3,SALE,1952,2026-07-10 11:35:00
7500,5,194,SALE,-3,SALE,2149,2026-04-13 12:09:00
7501,3,120,SALE,-4,SALE,583,2026-06-15 09:01:00
7502,5,233,SALE,-4,SALE,851,2026-04-05 15:36:00
7503,2,158,SALE,-1,SALE,1690,2026-08-25 09:14:00
7504,4,178,SALE,-3,SALE,4967,2026-04-12 14:25:00
7505,4,153,SALE,-2,SALE,1653,2026-06-28 18:38:00
7506,4,197,SALE,-4,SALE,1706,2026-05-28 17:20:00
7507,1,96,SALE,-3,SALE,3631,2026-06-21 14:09:00
7508,3,81,SALE,-2,SALE,4650,2026-08-04 11:37:00
7509,3,73,SALE,-2,SALE,2171,2026-04-30 16:14:00
7510,1,229,SALE,-1,SALE,1822,2026-05-22 09:44:00
7511,2,155,SALE,-4,SALE,1632,2026-06-26 13:58:00
7512,1,129,SALE,-4,SALE,1509,2026-05-09 16:53:00
7513,3,86,SALE,-2,SALE,1317,2026-08-22 09:04:00
7514,2,63,SALE,-4,SALE,460,2026-06-10 14:29:00
7515,5,226,SALE,-2,SALE,3310,2026-09-09 14:46:00
7516,2,239,SALE,-4,SALE,3722,2026-08-10 19:00:00
7517,3,220,SALE,-4,SALE,2144,2026-05-17 13:10:00
7518,5,16,SALE,-1,SALE,2281,2026-07-09 18:20:00
7519,1,113,SALE,-3,SALE,4974,2026-05-15 17:08:00
7520,1,180,SALE,-4,SALE,4046,2026-07-15 16:33:00
7521,3,99,SALE,-4,SALE,3717,2026-05-20 20:43:00
7522,2,168,SALE,-2,SALE,1282,2026-07-03 12:15:00
7523,1,202,SALE,-1,SALE,1815,2026-04-07 11:59:00
7524,1,216,SALE,-1,SALE,869,2026-08-21 14:53:00
7525,5,144,SALE,-4,SALE,3469,2026-09-20 15:44:00
7526,4,155,SALE,-2,SALE,2342,2026-05-06 13:30:00
7527,2,221,SALE,-1,SALE,2460,2026-05-13 19:19:00
7528,2,132,SALE,-2,SALE,3866,2026-06-05 15:01:00
7529,1,68,SALE,-1,SALE,3331,2026-08-08 15:54:00
7530,4,90,SALE,-3,SALE,2726,2026-05-08 10:51:00
7531,1,229,SALE,-1,SALE,3965,2026-06-23 14:32:00
7532,1,56,SALE,-1,SALE,4184,2026-06-12 11:35:00
7533,4,66,SALE,-2,SALE,3412,2026-05-09 12:31:00
7534,3,43,SALE,-3,SALE,3625,2026-08-16 16:44:00
7535,5,174,SALE,-4,SALE,4123,2026-04-18 17:27:00
7536,1,234,SALE,-1,SALE,2501,2026-09-20 09:03:00
7537,2,40,SALE,-2,SALE,588,2026-04-11 12:48:00
7538,4,73,SALE,-3,SALE,1581,2026-07-19 11:24:00
7539,3,90,SALE,-4,SALE,2593,2026-09-22 16:18:00
7540,1,96,SALE,-3,SALE,4508,2026-09-17 12:08:00
7541,4,119,SALE,-4,SALE,4524,2026-06-21 16:34:00
7542,3,58,SALE,-4,SALE,2649,2026-09-14 19:49:00
7543,3,37,SALE,-4,SALE,719,2026-06-28 15:56:00
7544,3,22,SALE,-1,SALE,2299,2026-07-13 09:10:00
7545,3,178,SALE,-4,SALE,3543,2026-08-06 09:50:00
7546,5,150,SALE,-2,SALE,3830,2026-07-05 18:30:00
7547,2,150,SALE,-4,SALE,1713,2026-04-16 11:20:00
7548,3,102,SALE,-4,SALE,133,2026-09-20 16:43:00
7549,3,67,SALE,-3,SALE,4944,2026-04-15 15:06:00
7550,4,13,SALE,-1,SALE,3298,2026-06-26 19:41:00
7551,1,229,SALE,-3,SALE,2263,2026-04-15 19:23:00
7552,2,150,SALE,-4,SALE,4710,2026-07-30 09:13:00
7553,1,166,SALE,-4,SALE,177,2026-09-13 15:56:00
7554,1,28,SALE,-1,SALE,4526,2026-09-10 14:20:00
7555,3,3,SALE,-3,SALE,2912,2026-04-09 09:09:00
7556,5,198,SALE,-3,SALE,3824,2026-05-29 12:14:00
7557,5,231,SALE,-1,SALE,2525,2026-08-02 12:43:00
7558,2,72,SALE,-4,SALE,3305,2026-07-02 18:54:00
7559,2,129,SALE,-3,SALE,3305,2026-07-02 18:54:00
7560,4,217,SALE,-4,SALE,2379,2026-06-17 16:23:00
7561,4,111,SALE,-3,SALE,1371,2026-07-10 16:53:00
7562,1,240,SALE,-1,SALE,3759,2026-06-09 18:00:00
7563,4,188,SALE,-2,SALE,815,2026-08-16 18:48:00
7564,3,119,SALE,-4,SALE,1465,2026-06-14 19:47:00
7565,3,12,SALE,-3,SALE,3489,2026-07-16 15:41:00
7566,4,214,SALE,-2,SALE,387,2026-05-18 19:46:00
7567,5,210,SALE,-3,SALE,2142,2026-04-08 10:47:00
7568,4,44,SALE,-4,SALE,1996,2026-07-31 12:53:00
7569,2,64,SALE,-2,SALE,4006,2026-06-16 19:53:00
7570,5,233,SALE,-1,SALE,3436,2026-09-25 15:23:00
7571,5,143,SALE,-3,SALE,4931,2026-07-25 14:57:00
7572,3,1,SALE,-3,SALE,950,2026-07-22 18:39:00
7573,2,101,SALE,-1,SALE,3962,2026-06-14 17:43:00
7574,2,107,SALE,-3,SALE,2698,2026-08-11 17:06:00
7575,1,84,SALE,-3,SALE,2841,2026-08-05 10:26:00
7576,5,189,SALE,-3,SALE,2443,2026-07-28 18:10:00
7577,3,83,SALE,-3,SALE,4746,2026-05-14 17:44:00
7578,4,1,SALE,-3,SALE,2564,2026-05-20 15:03:00
7579,4,48,SALE,-3,SALE,3907,2026-06-25 20:53:00
7580,5,174,SALE,-2,SALE,4371,2026-09-08 18:05:00
7581,3,217,SALE,-4,SALE,2869,2026-07-21 17:18:00
7582,5,38,SALE,-4,SALE,832,2026-04-20 10:34:00
7583,1,53,SALE,-3,SALE,2604,2026-04-11 19:54:00
7584,4,9,SALE,-2,SALE,1225,2026-09-02 13:46:00
7585,5,73,SALE,-1,SALE,978,2026-08-15 10:54:00
7586,5,158,SALE,-3,SALE,2861,2026-06-30 09:52:00
7587,1,33,SALE,-4,SALE,2193,2026-06-29 12:26:00
7588,1,190,SALE,-1,SALE,2512,2026-08-24 09:03:00
7589,4,90,SALE,-1,SALE,804,2026-09-26 15:56:00
7590,4,1,SALE,-4,SALE,300,2026-07-09 15:38:00
7591,3,1,SALE,-1,SALE,1746,2026-05-11 10:16:00
7592,1,225,SALE,-4,SALE,3712,2026-09-20 10:55:00
7593,5,233,SALE,-2,SALE,4307,2026-05-11 16:16:00
7594,2,76,SALE,-1,SALE,1524,2026-05-03 16:33:00
7595,1,4,SALE,-1,SALE,3063,2026-07-18 15:04:00
7596,5,191,SALE,-4,SALE,4113,2026-04-29 17:46:00
7597,1,146,SALE,-3,SALE,3839,2026-05-25 17:39:00
7598,5,222,SALE,-4,SALE,2391,2026-06-05 11:31:00
7599,5,139,SALE,-2,SALE,2648,2026-07-24 09:17:00
7600,1,20,SALE,-3,SALE,3706,2026-09-01 14:08:00
7601,1,165,SALE,-2,SALE,2827,2026-04-03 20:09:00
7602,3,65,SALE,-3,SALE,3346,2026-05-30 09:18:00
7603,4,101,SALE,-4,SALE,1323,2026-06-05 17:07:00
7604,5,83,SALE,-1,SALE,2120,2026-04-04 17:54:00
7605,4,37,SALE,-3,SALE,4597,2026-08-26 17:37:00
7606,2,103,SALE,-2,SALE,5,2026-05-24 15:44:00
7607,2,42,SALE,-3,SALE,2854,2026-06-26 11:50:00
7608,5,124,SALE,-1,SALE,273,2026-09-25 20:06:00
7609,2,136,SALE,-3,SALE,1947,2026-07-06 14:41:00
7610,2,14,SALE,-3,SALE,4533,2026-04-27 11:15:00
7611,3,116,SALE,-1,SALE,2387,2026-04-30 12:54:00
7612,1,104,SALE,-1,SALE,591,2026-04-08 16:38:00
7613,5,136,SALE,-2,SALE,191,2026-07-27 11:45:00
7614,3,124,SALE,-2,SALE,4750,2026-07-11 19:40:00
7615,4,88,SALE,-1,SALE,2844,2026-08-31 13:27:00
7616,1,8,SALE,-1,SALE,1961,2026-05-26 10:32:00
7617,3,171,SALE,-2,SALE,262,2026-06-05 19:30:00
7618,3,28,SALE,-1,SALE,3279,2026-06-15 14:39:00
7619,4,167,SALE,-4,SALE,4191,2026-09-04 11:48:00
7620,3,207,SALE,-1,SALE,2109,2026-06-25 15:03:00
7621,4,215,SALE,-2,SALE,3814,2026-04-24 11:30:00
7622,4,228,SALE,-2,SALE,3497,2026-06-01 17:31:00
7623,1,144,SALE,-2,SALE,1640,2026-07-03 13:57:00
7624,2,195,SALE,-3,SALE,2463,2026-07-14 09:45:00
7625,4,80,SALE,-4,SALE,4422,2026-06-27 16:53:00
7626,5,122,SALE,-1,SALE,3601,2026-05-14 12:03:00
7627,2,85,SALE,-3,SALE,2011,2026-07-26 15:19:00
7628,1,147,SALE,-3,SALE,3348,2026-09-12 13:00:00
7629,2,131,SALE,-3,SALE,3265,2026-07-08 09:39:00
7630,4,133,SALE,-4,SALE,1788,2026-06-01 16:38:00
7631,3,99,SALE,-1,SALE,4013,2026-05-08 10:56:00
7632,3,202,SALE,-4,SALE,4679,2026-06-25 09:41:00
7633,4,230,SALE,-2,SALE,404,2026-04-07 14:38:00
7634,4,92,SALE,-2,SALE,4231,2026-05-31 17:54:00
7635,4,58,SALE,-3,SALE,67,2026-09-12 20:49:00
7636,5,172,SALE,-2,SALE,4834,2026-06-29 11:23:00
7637,5,208,SALE,-1,SALE,3268,2026-05-07 16:56:00
7638,4,229,SALE,-3,SALE,2998,2026-04-15 17:47:00
7639,5,38,SALE,-2,SALE,1521,2026-05-20 14:06:00
7640,3,60,SALE,-3,SALE,21,2026-08-16 10:08:00
7641,1,14,SALE,-1,SALE,2767,2026-05-24 11:00:00
7642,2,134,SALE,-3,SALE,324,2026-08-07 17:46:00
7643,1,12,SALE,-2,SALE,3854,2026-09-03 09:17:00
7644,3,178,SALE,-2,SALE,4749,2026-06-29 15:20:00
7645,5,190,SALE,-3,SALE,3634,2026-05-17 20:07:00
7646,2,57,SALE,-2,SALE,1245,2026-08-28 10:42:00
7647,4,159,SALE,-1,SALE,3926,2026-06-12 14:29:00
7648,5,24,SALE,-4,SALE,435,2026-05-14 09:50:00
7649,4,218,SALE,-4,SALE,1566,2026-05-23 18:07:00
7650,4,169,SALE,-3,SALE,4424,2026-06-06 19:07:00
7651,1,212,SALE,-3,SALE,3701,2026-07-16 16:00:00
7652,1,54,SALE,-3,SALE,2471,2026-04-16 14:20:00
7653,4,45,SALE,-4,SALE,4729,2026-09-19 13:07:00
7654,3,197,SALE,-1,SALE,3617,2026-05-26 10:27:00
7655,3,12,SALE,-1,SALE,4633,2026-06-27 19:29:00
7656,3,31,SALE,-3,SALE,3266,2026-08-06 16:39:00
7657,2,201,SALE,-1,SALE,4711,2026-06-03 16:59:00
7658,4,185,SALE,-3,SALE,2694,2026-06-17 14:51:00
7659,1,144,SALE,-2,SALE,4699,2026-09-05 15:07:00
7660,1,160,SALE,-2,SALE,3932,2026-07-12 17:21:00
7661,2,86,SALE,-2,SALE,2594,2026-09-17 09:47:00
7662,3,63,SALE,-2,SALE,3997,2026-08-20 20:39:00
7663,3,85,SALE,-2,SALE,1368,2026-09-01 10:53:00
7664,2,5,SALE,-4,SALE,725,2026-07-15 19:08:00
7665,2,120,SALE,-1,SALE,3652,2026-06-09 17:10:00
7666,1,222,SALE,-1,SALE,2166,2026-05-04 15:01:00
7667,4,110,SALE,-4,SALE,4160,2026-06-09 19:18:00
7668,4,34,SALE,-1,SALE,4980,2026-05-22 17:45:00
7669,3,218,SALE,-2,SALE,4812,2026-04-20 15:08:00
7670,2,212,SALE,-4,SALE,2955,2026-04-19 13:18:00
7671,1,236,SALE,-3,SALE,4209,2026-08-06 10:39:00
7672,5,60,SALE,-3,SALE,726,2026-05-20 12:12:00
7673,1,177,SALE,-4,SALE,3123,2026-09-02 18:27:00
7674,3,82,SALE,-2,SALE,1972,2026-06-22 14:00:00
7675,4,57,SALE,-3,SALE,1300,2026-07-27 09:55:00
7676,1,203,SALE,-2,SALE,817,2026-09-10 12:02:00
7677,3,3,SALE,-2,SALE,608,2026-09-28 16:13:00
7678,2,82,SALE,-3,SALE,4906,2026-04-12 20:07:00
7679,3,15,SALE,-2,SALE,3333,2026-06-15 20:14:00
7680,4,79,SALE,-4,SALE,1821,2026-09-05 18:42:00
7681,4,176,SALE,-2,SALE,758,2026-07-30 11:04:00
7682,2,79,SALE,-1,SALE,371,2026-08-30 10:03:00
7683,4,199,SALE,-1,SALE,3277,2026-05-23 10:28:00
7684,4,188,SALE,-3,SALE,1163,2026-04-26 15:20:00
7685,3,37,SALE,-1,SALE,4165,2026-09-27 10:11:00
7686,2,40,SALE,-3,SALE,4631,2026-08-22 13:33:00
7687,3,214,SALE,-3,SALE,1743,2026-08-22 15:04:00
7688,2,128,SALE,-1,SALE,1350,2026-05-24 19:52:00
7689,2,221,SALE,-4,SALE,1237,2026-07-06 17:41:00
7690,1,44,SALE,-3,SALE,4780,2026-07-16 20:06:00
7691,3,134,SALE,-1,SALE,2718,2026-05-11 19:16:00
7692,1,230,SALE,-1,SALE,3915,2026-06-15 19:04:00
7693,1,3,SALE,-1,SALE,2393,2026-08-11 20:22:00
7694,2,225,SALE,-2,SALE,918,2026-08-25 10:13:00
7695,5,118,SALE,-1,SALE,1678,2026-05-23 17:13:00
7696,3,35,SALE,-2,SALE,2792,2026-09-28 19:11:00
7697,2,7,SALE,-2,SALE,2542,2026-04-04 17:00:00
7698,2,116,SALE,-2,SALE,1251,2026-07-06 09:10:00
7699,2,171,SALE,-1,SALE,1834,2026-08-04 10:48:00
7700,4,172,SALE,-2,SALE,909,2026-08-01 20:59:00
7701,1,145,SALE,-1,SALE,3538,2026-07-12 17:52:00
7702,2,240,SALE,-4,SALE,1544,2026-07-10 20:51:00
7703,2,59,SALE,-4,SALE,2257,2026-05-19 13:43:00
7704,1,63,SALE,-1,SALE,4324,2026-05-09 11:24:00
7705,5,70,SALE,-3,SALE,4075,2026-04-12 18:51:00
7706,2,56,SALE,-4,SALE,3722,2026-08-10 19:00:00
7707,1,112,SALE,-4,SALE,3552,2026-08-21 10:55:00
7708,4,38,SALE,-1,SALE,2061,2026-06-16 19:51:00
7709,2,6,SALE,-1,SALE,3618,2026-04-11 15:51:00
7710,3,76,SALE,-2,SALE,833,2026-05-04 10:52:00
7711,1,165,SALE,-3,SALE,156,2026-09-12 11:40:00
7712,2,133,SALE,-4,SALE,1719,2026-07-30 13:43:00
7713,2,32,SALE,-3,SALE,2514,2026-07-26 17:34:00
7714,4,57,SALE,-2,SALE,2196,2026-07-04 13:05:00
7715,2,102,SALE,-1,SALE,1450,2026-08-18 17:54:00
7716,2,2,SALE,-3,SALE,1829,2026-08-16 15:56:00
7717,1,29,SALE,-1,SALE,2874,2026-07-21 15:40:00
7718,3,16,SALE,-4,SALE,2902,2026-07-19 09:12:00
7719,2,164,SALE,-2,SALE,4425,2026-06-25 18:05:00
7720,5,30,SALE,-1,SALE,2140,2026-06-14 19:20:00
7721,1,214,SALE,-2,SALE,3502,2026-06-08 14:19:00
7722,3,234,SALE,-2,SALE,742,2026-06-26 20:59:00
7723,3,49,SALE,-3,SALE,2198,2026-05-14 15:44:00
7724,5,188,SALE,-1,SALE,3534,2026-05-22 17:07:00
7725,5,12,SALE,-2,SALE,1945,2026-04-11 09:02:00
7726,5,158,SALE,-2,SALE,3692,2026-08-25 15:38:00
7727,4,44,SALE,-3,SALE,4774,2026-07-20 19:33:00
7728,1,149,SALE,-3,SALE,4133,2026-05-12 13:09:00
7729,2,19,SALE,-1,SALE,3642,2026-05-26 13:22:00
7730,2,216,SALE,-2,SALE,4890,2026-06-25 11:18:00
7731,4,56,SALE,-2,SALE,1591,2026-08-16 18:51:00
7732,5,184,SALE,-4,SALE,4448,2026-07-12 20:31:00
7733,5,83,SALE,-2,SALE,2254,2026-08-21 11:36:00
7734,4,157,SALE,-3,SALE,2947,2026-05-23 16:14:00
7735,1,152,SALE,-4,SALE,4554,2026-07-14 14:07:00
7736,1,107,SALE,-3,SALE,3041,2026-06-29 18:15:00
7737,4,221,SALE,-3,SALE,3490,2026-06-05 12:23:00
7738,1,152,SALE,-4,SALE,3745,2026-07-21 19:21:00
7739,5,114,SALE,-1,SALE,848,2026-07-22 13:02:00
7740,5,65,SALE,-2,SALE,1322,2026-07-26 12:15:00
7741,3,16,SALE,-2,SALE,2781,2026-04-27 18:41:00
7742,1,142,SALE,-1,SALE,284,2026-06-01 10:10:00
7743,3,82,SALE,-1,SALE,3684,2026-09-23 09:37:00
7744,5,52,SALE,-2,SALE,3248,2026-06-22 09:29:00
7745,2,166,SALE,-3,SALE,997,2026-05-04 11:23:00
7746,4,142,SALE,-3,SALE,1040,2026-05-02 14:30:00
7747,5,98,SALE,-4,SALE,2070,2026-07-24 18:52:00
7748,2,82,SALE,-2,SALE,4468,2026-06-22 11:35:00
7749,4,223,SALE,-3,SALE,1692,2026-08-05 15:30:00
7750,3,33,SALE,-2,SALE,1938,2026-07-22 15:04:00
7751,3,84,SALE,-3,SALE,3486,2026-09-12 15:51:00
7752,5,130,SALE,-1,SALE,2835,2026-05-05 18:59:00
7753,4,32,SALE,-2,SALE,4821,2026-09-11 17:16:00
7754,1,30,SALE,-1,SALE,3063,2026-07-18 15:04:00
7755,1,146,SALE,-4,SALE,1076,2026-05-14 11:15:00
7756,3,180,SALE,-2,SALE,364,2026-04-01 10:11:00
7757,4,148,SALE,-4,SALE,3434,2026-04-17 14:40:00
7758,4,48,SALE,-1,SALE,4978,2026-04-29 10:56:00
7759,3,81,SALE,-4,SALE,1718,2026-09-14 16:58:00
7760,5,40,SALE,-4,SALE,2273,2026-07-13 12:56:00
7761,5,188,SALE,-4,SALE,3589,2026-05-18 17:32:00
7762,3,177,SALE,-3,SALE,2117,2026-04-17 18:31:00
7763,4,122,SALE,-4,SALE,2642,2026-07-25 19:23:00
7764,3,71,SALE,-1,SALE,639,2026-05-21 10:39:00
7765,4,37,SALE,-1,SALE,2130,2026-07-04 19:58:00
7766,2,221,SALE,-4,SALE,3884,2026-06-24 11:55:00
7767,5,6,SALE,-1,SALE,3341,2026-05-18 19:10:00
7768,2,160,SALE,-3,SALE,1290,2026-04-23 18:04:00
7769,4,207,SALE,-4,SALE,3690,2026-04-26 19:25:00
7770,1,225,SALE,-2,SALE,444,2026-04-03 12:40:00
7771,3,102,SALE,-3,SALE,3318,2026-04-29 19:04:00
7772,4,131,SALE,-3,SALE,2985,2026-06-20 13:12:00
7773,3,192,SALE,-2,SALE,1218,2026-09-16 13:26:00
7774,2,70,SALE,-4,SALE,2937,2026-08-12 17:21:00
7775,1,59,SALE,-2,SALE,1344,2026-05-27 16:43:00
7776,2,28,SALE,-1,SALE,2828,2026-06-13 13:51:00
7777,2,215,SALE,-1,SALE,3873,2026-05-24 19:05:00
7778,5,115,SALE,-2,SALE,3570,2026-07-23 14:07:00
7779,5,80,SALE,-2,SALE,247,2026-08-08 10:27:00
7780,5,168,SALE,-4,SALE,1271,2026-05-06 14:07:00
7781,1,62,SALE,-3,SALE,1944,2026-05-09 11:58:00
7782,2,40,SALE,-4,SALE,1499,2026-06-19 10:54:00
7783,1,81,SALE,-4,SALE,3222,2026-04-22 11:57:00
7784,4,87,SALE,-1,SALE,1488,2026-09-02 15:23:00
7785,2,161,SALE,-2,SALE,2290,2026-06-02 16:46:00
7786,3,188,SALE,-1,SALE,4214,2026-05-23 18:54:00
7787,3,177,SALE,-4,SALE,181,2026-08-21 13:57:00
7788,2,134,SALE,-3,SALE,505,2026-09-16 13:21:00
7789,1,28,SALE,-1,SALE,3654,2026-05-19 15:28:00
7790,2,88,SALE,-1,SALE,256,2026-04-22 15:07:00
7791,4,114,SALE,-1,SALE,1175,2026-08-02 13:59:00
7792,4,10,SALE,-2,SALE,222,2026-08-27 15:40:00
7793,3,67,SALE,-4,SALE,1368,2026-09-01 10:53:00
7794,3,13,SALE,-2,SALE,1403,2026-05-04 17:40:00
7795,4,112,SALE,-4,SALE,1449,2026-08-25 09:26:00
7796,3,156,SALE,-3,SALE,4937,2026-06-02 13:40:00
7797,5,141,SALE,-1,SALE,720,2026-09-21 11:27:00
7798,1,161,SALE,-2,SALE,862,2026-05-25 18:18:00
7799,1,105,SALE,-3,SALE,2707,2026-08-30 11:56:00
7800,3,210,SALE,-4,SALE,1572,2026-04-28 10:07:00
7801,1,180,SALE,-1,SALE,2190,2026-05-25 18:58:00
7802,3,97,SALE,-1,SALE,3910,2026-06-24 16:26:00
7803,2,23,SALE,-1,SALE,2879,2026-06-08 13:30:00
7804,5,215,SALE,-2,SALE,1552,2026-07-28 15:17:00
7805,2,193,SALE,-4,SALE,4881,2026-08-26 18:25:00
7806,2,201,SALE,-4,SALE,4810,2026-09-23 10:51:00
7807,3,201,SALE,-2,SALE,4679,2026-06-25 09:41:00
7808,4,195,SALE,-3,SALE,1108,2026-09-28 09:15:00
7809,2,36,SALE,-2,SALE,2717,2026-08-27 10:25:00
7810,3,169,SALE,-1,SALE,1731,2026-07-05 20:08:00
7811,2,235,SALE,-4,SALE,1475,2026-05-02 12:56:00
7812,1,154,SALE,-3,SALE,310,2026-05-09 11:27:00
7813,3,79,SALE,-4,SALE,903,2026-04-13 09:08:00
7814,1,88,SALE,-4,SALE,38,2026-09-06 11:55:00
7815,2,128,SALE,-2,SALE,4711,2026-06-03 16:59:00
7816,3,240,SALE,-2,SALE,5001,2026-08-28 20:24:00
7817,2,46,SALE,-2,SALE,3836,2026-04-21 13:56:00
7818,1,9,SALE,-3,SALE,4158,2026-08-24 15:16:00
7819,1,46,SALE,-1,SALE,412,2026-09-14 16:24:00
7820,4,20,SALE,-1,SALE,1847,2026-04-14 17:44:00
7821,5,84,SALE,-3,SALE,4491,2026-04-29 15:02:00
7822,3,120,SALE,-2,SALE,2437,2026-08-25 18:36:00
7823,1,13,SALE,-2,SALE,1431,2026-07-02 18:29:00
7824,3,229,SALE,-3,SALE,646,2026-08-25 10:02:00
7825,5,122,SALE,-2,SALE,3895,2026-04-27 10:13:00
7826,5,224,SALE,-2,SALE,393,2026-07-15 20:48:00
7827,4,4,SALE,-1,SALE,2386,2026-08-07 11:44:00
7828,2,195,SALE,-4,SALE,4197,2026-06-06 19:46:00
7829,1,185,SALE,-2,SALE,4358,2026-06-06 12:08:00
7830,3,68,SALE,-2,SALE,328,2026-04-22 19:26:00
7831,5,114,SALE,-2,SALE,4100,2026-05-08 17:55:00
7832,1,84,SALE,-3,SALE,4985,2026-04-13 18:37:00
7833,4,221,SALE,-4,SALE,2131,2026-05-05 17:01:00
7834,5,53,SALE,-1,SALE,1567,2026-09-21 13:00:00
7835,2,7,SALE,-1,SALE,723,2026-09-19 12:52:00
7836,2,119,SALE,-2,SALE,1138,2026-04-13 18:45:00
7837,4,2,SALE,-3,SALE,4232,2026-07-11 12:43:00
7838,1,179,SALE,-4,SALE,4556,2026-05-15 10:37:00
7839,5,161,SALE,-1,SALE,2525,2026-08-02 12:43:00
7840,1,88,SALE,-1,SALE,245,2026-06-13 09:14:00
7841,1,46,SALE,-3,SALE,3973,2026-08-06 17:07:00
7842,4,127,SALE,-1,SALE,3893,2026-07-01 20:58:00
7843,4,220,SALE,-2,SALE,1329,2026-06-26 10:58:00
7844,2,204,SALE,-1,SALE,94,2026-09-09 09:57:00
7845,1,71,SALE,-3,SALE,4133,2026-05-12 13:09:00
7846,4,40,SALE,-1,SALE,609,2026-05-12 09:18:00
7847,4,99,SALE,-4,SALE,456,2026-06-21 11:36:00
7848,3,194,SALE,-2,SALE,2116,2026-04-23 16:51:00
7849,2,214,SALE,-3,SALE,1725,2026-05-21 19:53:00
7850,5,114,SALE,-3,SALE,1424,2026-09-01 20:09:00
7851,3,69,SALE,-4,SALE,4515,2026-04-08 14:46:00
7852,5,71,SALE,-4,SALE,487,2026-05-26 18:32:00
7853,1,189,SALE,-2,SALE,1866,2026-08-20 16:31:00
7854,1,230,SALE,-4,SALE,3041,2026-06-29 18:15:00
7855,3,97,SALE,-3,SALE,4897,2026-04-28 14:54:00
7856,4,100,SALE,-4,SALE,4883,2026-06-03 17:10:00
7857,5,31,SALE,-4,SALE,530,2026-04-02 18:03:00
7858,1,102,SALE,-3,SALE,4997,2026-06-15 20:50:00
7859,3,114,SALE,-3,SALE,4386,2026-09-05 13:26:00
7860,5,148,SALE,-4,SALE,2896,2026-07-24 16:06:00
7861,2,59,SALE,-1,SALE,4450,2026-09-15 11:09:00
7862,5,130,SALE,-3,SALE,491,2026-08-10 14:01:00
7863,5,58,SALE,-1,SALE,2921,2026-06-26 15:24:00
7864,4,155,SALE,-1,SALE,3782,2026-07-26 10:12:00
7865,4,198,SALE,-3,SALE,4160,2026-06-09 19:18:00
7866,3,135,SALE,-4,SALE,3292,2026-05-24 10:32:00
7867,3,131,SALE,-1,SALE,4771,2026-05-21 18:01:00
7868,2,71,SALE,-1,SALE,674,2026-07-09 14:12:00
7869,3,9,SALE,-4,SALE,501,2026-04-07 14:01:00
7870,2,128,SALE,-2,SALE,3940,2026-08-24 11:55:00
7871,1,102,SALE,-1,SALE,2647,2026-04-09 14:16:00
7872,1,236,SALE,-3,SALE,2427,2026-08-03 14:02:00
7873,2,148,SALE,-3,SALE,3887,2026-04-17 10:48:00
7874,2,170,SALE,-1,SALE,4140,2026-09-17 20:22:00
7875,1,106,SALE,-4,SALE,2595,2026-09-18 09:57:00
7876,1,236,SALE,-1,SALE,1679,2026-08-12 09:33:00
7877,4,162,SALE,-1,SALE,4871,2026-07-09 15:55:00
7878,5,127,SALE,-3,SALE,3638,2026-04-10 16:26:00
7879,3,13,SALE,-1,SALE,1489,2026-07-30 18:55:00
7880,2,29,SALE,-4,SALE,1988,2026-07-03 10:10:00
7881,4,187,SALE,-4,SALE,3816,2026-05-07 15:10:00
7882,4,203,SALE,-4,SALE,103,2026-06-27 12:56:00
7883,2,28,SALE,-1,SALE,428,2026-05-30 16:23:00
7884,3,213,SALE,-3,SALE,2369,2026-08-02 13:28:00
7885,5,196,SALE,-1,SALE,1995,2026-07-05 09:54:00
7886,1,27,SALE,-2,SALE,3839,2026-05-25 17:39:00
7887,3,144,SALE,-3,SALE,950,2026-07-22 18:39:00
7888,2,140,SALE,-1,SALE,4838,2026-09-25 14:49:00
7889,4,127,SALE,-3,SALE,2100,2026-05-02 17:20:00
7890,2,208,SALE,-1,SALE,4311,2026-05-15 11:54:00
7891,3,75,SALE,-1,SALE,2215,2026-09-23 13:31:00
7892,1,75,SALE,-3,SALE,2126,2026-08-07 18:43:00
7893,1,105,SALE,-1,SALE,4692,2026-08-09 13:08:00
7894,5,160,SALE,-1,SALE,4910,2026-04-24 13:44:00
7895,5,115,SALE,-3,SALE,3787,2026-05-02 17:27:00
7896,1,218,SALE,-3,SALE,3242,2026-06-03 19:09:00
7897,5,39,SALE,-1,SALE,1126,2026-06-03 18:59:00
7898,2,195,SALE,-4,SALE,1282,2026-07-03 12:15:00
7899,2,197,SALE,-3,SALE,2824,2026-06-14 11:40:00
7900,3,109,SALE,-2,SALE,151,2026-08-28 20:24:00
7901,1,63,SALE,-4,SALE,908,2026-05-02 15:36:00
7902,5,22,SALE,-3,SALE,3837,2026-06-19 13:32:00
7903,4,173,SALE,-4,SALE,1558,2026-04-22 10:04:00
7904,4,220,SALE,-3,SALE,2932,2026-08-16 17:23:00
7905,5,216,SALE,-1,SALE,4649,2026-06-05 18:00:00
7906,2,86,SALE,-4,SALE,2155,2026-08-18 15:28:00
7907,3,26,SALE,-1,SALE,3058,2026-06-13 14:32:00
7908,2,73,SALE,-4,SALE,336,2026-07-05 11:35:00
7909,5,39,SALE,-1,SALE,2241,2026-08-07 12:05:00
7910,3,171,SALE,-4,SALE,4920,2026-09-25 13:38:00
7911,3,166,SALE,-4,SALE,1180,2026-08-18 10:09:00
7912,1,33,SALE,-2,SALE,4736,2026-09-28 10:36:00
7913,3,42,SALE,-2,SALE,809,2026-04-14 09:44:00
7914,4,3,SALE,-3,SALE,4470,2026-06-26 16:06:00
7915,4,120,SALE,-1,SALE,223,2026-08-28 09:29:00
7916,1,33,SALE,-1,SALE,4296,2026-08-07 12:50:00
7917,1,50,SALE,-1,SALE,4556,2026-05-15 10:37:00
7918,1,222,SALE,-1,SALE,4659,2026-05-17 16:07:00
7919,4,206,SALE,-1,SALE,4212,2026-09-04 10:29:00
7920,3,214,SALE,-4,SALE,374,2026-08-24 19:29:00
7921,4,80,SALE,-1,SALE,62,2026-06-27 16:46:00
7922,1,142,SALE,-1,SALE,1615,2026-09-21 15:57:00
7923,3,146,SALE,-4,SALE,408,2026-05-29 16:50:00
7924,5,182,SALE,-4,SALE,3730,2026-05-13 12:14:00
7925,5,45,SALE,-1,SALE,2197,2026-06-23 20:10:00
7926,5,129,SALE,-1,SALE,3749,2026-05-29 09:09:00
7927,2,122,SALE,-1,SALE,3987,2026-09-06 20:54:00
7928,1,83,SALE,-4,SALE,3911,2026-05-21 15:23:00
7929,5,120,SALE,-1,SALE,4193,2026-07-22 13:32:00
7930,3,68,SALE,-2,SALE,3391,2026-08-23 16:51:00
7931,2,185,SALE,-3,SALE,1754,2026-08-15 14:59:00
7932,1,48,SALE,-3,SALE,3457,2026-09-21 18:22:00
7933,3,37,SALE,-2,SALE,2547,2026-09-03 10:03:00
7934,1,191,SALE,-4,SALE,284,2026-06-01 10:10:00
7935,3,167,SALE,-1,SALE,2913,2026-07-01 12:55:00
7936,1,14,SALE,-4,SALE,3929,2026-06-15 10:03:00
7937,4,108,SALE,-2,SALE,1931,2026-07-18 18:19:00
7938,1,195,SALE,-2,SALE,207,2026-07-14 13:07:00
7939,1,80,SALE,-3,SALE,2619,2026-07-04 15:59:00
7940,1,225,SALE,-2,SALE,1296,2026-06-26 13:13:00
7941,3,180,SALE,-4,SALE,3167,2026-08-20 18:33:00
7942,3,149,SALE,-1,SALE,4966,2026-05-21 19:12:00
7943,3,2,SALE,-3,SALE,4750,2026-07-11 19:40:00
7944,2,32,SALE,-4,SALE,896,2026-09-19 14:14:00
7945,1,221,SALE,-3,SALE,4592,2026-04-14 18:40:00
7946,1,135,SALE,-2,SALE,1509,2026-05-09 16:53:00
7947,1,97,SALE,-1,SALE,4027,2026-05-22 12:54:00
7948,1,28,SALE,-4,SALE,307,2026-04-22 13:09:00
7949,3,30,SALE,-1,SALE,3391,2026-08-23 16:51:00
7950,5,181,SALE,-4,SALE,671,2026-06-03 18:54:00
7951,1,85,SALE,-1,SALE,1010,2026-04-24 19:38:00
7952,4,15,SALE,-1,SALE,1700,2026-05-30 17:28:00
7953,2,41,SALE,-2,SALE,3936,2026-08-04 12:07:00
7954,5,97,SALE,-2,SALE,189,2026-06-16 13:42:00
7955,2,146,SALE,-4,SALE,3060,2026-06-03 15:26:00
7956,4,103,SALE,-2,SALE,979,2026-09-24 14:32:00
7957,1,237,SALE,-1,SALE,2773,2026-09-01 20:49:00
7958,2,148,SALE,-3,SALE,233,2026-08-24 16:29:00
7959,4,61,SALE,-4,SALE,3608,2026-09-20 18:46:00
7960,2,62,SALE,-2,SALE,4228,2026-04-03 10:19:00
7961,3,156,SALE,-1,SALE,4013,2026-05-08 10:56:00
7962,4,101,SALE,-4,SALE,912,2026-07-10 14:33:00
7963,1,198,SALE,-2,SALE,3694,2026-08-16 15:30:00
7964,2,172,SALE,-2,SALE,1937,2026-09-06 09:29:00
7965,3,70,SALE,-1,SALE,2007,2026-07-21 20:10:00
7966,1,237,SALE,-2,SALE,3438,2026-05-17 15:39:00
7967,2,10,SALE,-3,SALE,4826,2026-08-29 19:22:00
7968,1,91,SALE,-3,SALE,3402,2026-08-23 16:37:00
7969,2,28,SALE,-1,SALE,2205,2026-04-20 15:07:00
7970,2,23,SALE,-1,SALE,1013,2026-05-11 12:22:00
7971,1,235,SALE,-3,SALE,3557,2026-09-27 17:06:00
7972,4,95,SALE,-2,SALE,251,2026-06-29 17:45:00
7973,4,41,SALE,-2,SALE,4904,2026-07-09 20:12:00
7974,5,230,SALE,-4,SALE,667,2026-08-20 19:19:00
7975,4,143,SALE,-3,SALE,548,2026-06-02 18:33:00
7976,5,162,SALE,-2,SALE,2835,2026-05-05 18:59:00
7977,5,208,SALE,-2,SALE,1542,2026-06-24 19:15:00
7978,1,89,SALE,-2,SALE,4929,2026-08-11 19:24:00
7979,3,203,SALE,-3,SALE,4258,2026-09-10 09:18:00
7980,3,116,SALE,-4,SALE,1090,2026-07-05 17:47:00
7981,4,157,SALE,-4,SALE,948,2026-09-26 15:34:00
7982,4,70,SALE,-1,SALE,4801,2026-04-24 11:07:00
7983,3,10,SALE,-1,SALE,1660,2026-05-14 18:28:00
7984,4,171,SALE,-4,SALE,771,2026-09-15 09:51:00
7985,5,96,SALE,-1,SALE,4609,2026-06-28 13:03:00
7986,4,69,SALE,-2,SALE,796,2026-08-18 11:00:00
7987,5,139,SALE,-2,SALE,4767,2026-09-26 09:19:00
7988,2,231,SALE,-1,SALE,1082,2026-04-26 15:22:00
7989,3,21,SALE,-3,SALE,1874,2026-04-06 20:19:00
7990,2,224,SALE,-2,SALE,3309,2026-05-29 19:25:00
7991,5,93,SALE,-2,SALE,1411,2026-07-27 18:46:00
7992,1,200,SALE,-2,SALE,1181,2026-08-29 11:14:00
7993,5,57,SALE,-3,SALE,510,2026-08-08 11:25:00
7994,1,226,SALE,-1,SALE,4782,2026-09-18 11:50:00
7995,5,151,SALE,-2,SALE,708,2026-05-30 15:33:00
7996,1,4,SALE,-1,SALE,4225,2026-06-08 18:49:00
7997,5,70,SALE,-3,SALE,2920,2026-06-07 18:59:00
7998,3,145,SALE,-4,SALE,4716,2026-08-05 14:06:00
7999,5,4,SALE,-3,SALE,2457,2026-07-31 17:29:00
8000,4,236,SALE,-1,SALE,2010,2026-05-17 19:01:00
8001,5,113,SALE,-2,SALE,2992,2026-07-30 12:34:00
8002,4,153,SALE,-1,SALE,1818,2026-08-04 16:12:00
8003,5,134,SALE,-2,SALE,277,2026-08-26 16:44:00
8004,1,8,SALE,-4,SALE,3804,2026-04-22 19:04:00
8005,5,25,SALE,-4,SALE,859,2026-04-02 19:23:00
8006,5,82,SALE,-1,SALE,623,2026-05-31 11:01:00
8007,1,54,SALE,-2,SALE,2219,2026-05-15 15:03:00
8008,2,68,SALE,-1,SALE,2560,2026-07-23 18:32:00
8009,5,111,SALE,-3,SALE,1168,2026-04-18 12:17:00
8010,1,145,SALE,-2,SALE,1066,2026-08-31 13:41:00
8011,2,177,SALE,-1,SALE,127,2026-05-24 11:05:00
8012,3,33,SALE,-1,SALE,608,2026-09-28 16:13:00
8013,5,156,SALE,-3,SALE,55,2026-09-24 18:59:00
8014,4,6,SALE,-2,SALE,1463,2026-04-30 17:05:00
8015,2,179,SALE,-1,SALE,2155,2026-08-18 15:28:00
8016,1,198,SALE,-3,SALE,4027,2026-05-22 12:54:00
8017,5,130,SALE,-2,SALE,1157,2026-09-01 10:16:00
8018,5,122,SALE,-4,SALE,3395,2026-07-07 09:41:00
8019,1,29,SALE,-1,SALE,3096,2026-09-06 10:32:00
8020,3,143,SALE,-4,SALE,4463,2026-05-21 14:19:00
8021,1,62,SALE,-3,SALE,604,2026-05-07 10:44:00
8022,5,74,SALE,-1,SALE,3310,2026-09-09 14:46:00
8023,5,35,SALE,-3,SALE,2140,2026-06-14 19:20:00
8024,2,16,SALE,-3,SALE,3614,2026-06-07 11:33:00
8025,5,17,SALE,-3,SALE,2140,2026-06-14 19:20:00
8026,2,197,SALE,-4,SALE,324,2026-08-07 17:46:00
8027,3,31,SALE,-4,SALE,3171,2026-09-09 10:17:00
8028,4,15,SALE,-2,SALE,2709,2026-05-25 17:48:00
8029,1,91,SALE,-1,SALE,4839,2026-05-29 17:29:00
8030,3,36,SALE,-1,SALE,2970,2026-04-26 11:22:00
8031,4,134,SALE,-1,SALE,415,2026-05-23 13:36:00
8032,4,230,SALE,-3,SALE,222,2026-08-27 15:40:00
8033,1,59,SALE,-2,SALE,3917,2026-09-15 18:52:00
8034,2,160,SALE,-1,SALE,465,2026-06-14 14:28:00
8035,5,1,SALE,-4,SALE,2082,2026-04-29 16:55:00
8036,3,195,SALE,-2,SALE,3820,2026-05-12 11:32:00
8037,5,136,SALE,-3,SALE,112,2026-09-13 14:31:00
8038,2,170,SALE,-2,SALE,3044,2026-05-17 12:56:00
8039,4,40,SALE,-2,SALE,248,2026-07-30 16:27:00
8040,2,166,SALE,-3,SALE,58,2026-06-26 19:30:00
8041,1,174,SALE,-1,SALE,310,2026-05-09 11:27:00
8042,1,175,SALE,-3,SALE,3694,2026-08-16 15:30:00
8043,3,158,SALE,-2,SALE,2020,2026-09-23 13:24:00
8044,3,50,SALE,-4,SALE,483,2026-07-23 14:40:00
8045,5,199,SALE,-2,SALE,1074,2026-08-13 17:12:00
8046,5,1,SALE,-3,SALE,286,2026-06-16 16:18:00
8047,3,89,SALE,-2,SALE,1774,2026-07-15 18:59:00
8048,5,213,SALE,-3,SALE,376,2026-04-14 10:03:00
8049,1,187,SALE,-2,SALE,1331,2026-06-14 14:54:00
8050,5,56,SALE,-1,SALE,1226,2026-04-16 10:55:00
8051,3,196,SALE,-2,SALE,2154,2026-05-23 20:41:00
8052,5,153,SALE,-4,SALE,1012,2026-05-06 19:14:00
8053,4,220,SALE,-3,SALE,3126,2026-04-29 10:21:00
8054,4,88,SALE,-4,SALE,464,2026-07-09 16:59:00
8055,3,177,SALE,-4,SALE,1667,2026-07-31 16:02:00
8056,5,44,SALE,-1,SALE,4950,2026-08-13 10:04:00
8057,1,59,SALE,-2,SALE,817,2026-09-10 12:02:00
8058,3,185,SALE,-1,SALE,3239,2026-08-17 14:55:00
8059,3,176,SALE,-2,SALE,840,2026-05-10 14:49:00
8060,4,48,SALE,-3,SALE,3881,2026-08-17 12:13:00
8061,2,6,SALE,-1,SALE,1593,2026-08-23 16:23:00
8062,3,21,SALE,-2,SALE,8,2026-09-20 17:31:00
8063,5,236,SALE,-1,SALE,1621,2026-09-19 14:26:00
8064,1,144,SALE,-1,SALE,3594,2026-07-08 15:51:00
8065,2,181,SALE,-3,SALE,648,2026-07-25 14:32:00
8066,5,111,SALE,-2,SALE,4060,2026-05-17 12:08:00
8067,2,202,SALE,-2,SALE,4701,2026-08-22 19:37:00
8068,1,25,SALE,-1,SALE,4548,2026-08-01 12:40:00
8069,3,220,SALE,-2,SALE,3388,2026-06-12 15:29:00
8070,4,36,SALE,-2,SALE,3999,2026-04-10 13:51:00
8071,4,186,SALE,-1,SALE,3445,2026-05-15 10:59:00
8072,2,140,SALE,-4,SALE,2653,2026-09-20 19:25:00
8073,1,131,SALE,-2,SALE,3965,2026-06-23 14:32:00
8074,1,110,SALE,-4,SALE,3528,2026-09-09 18:29:00
8075,5,215,SALE,-4,SALE,1192,2026-06-13 10:14:00
8076,1,188,SALE,-1,SALE,4331,2026-08-13 13:55:00
8077,5,92,SALE,-4,SALE,4433,2026-09-08 17:24:00
8078,1,56,SALE,-2,SALE,1493,2026-06-08 11:58:00
8079,2,188,SALE,-2,SALE,1390,2026-08-30 10:16:00
8080,5,96,SALE,-2,SALE,4385,2026-04-26 20:02:00
8081,3,51,SALE,-4,SALE,3794,2026-04-15 16:22:00
8082,1,113,SALE,-3,SALE,2107,2026-05-10 16:36:00
8083,5,7,SALE,-2,SALE,2321,2026-06-12 11:31:00
8084,5,146,SALE,-2,SALE,4779,2026-09-05 12:03:00
8085,5,179,SALE,-2,SALE,1620,2026-04-01 20:21:00
8086,4,195,SALE,-3,SALE,3892,2026-07-30 11:18:00
8087,2,14,SALE,-3,SALE,2559,2026-08-09 16:07:00
8088,5,239,SALE,-3,SALE,1148,2026-05-13 16:30:00
8089,2,168,SALE,-3,SALE,3614,2026-06-07 11:33:00
8090,3,46,SALE,-4,SALE,2953,2026-08-02 13:55:00
8091,3,233,SALE,-3,SALE,1173,2026-06-19 10:32:00
8092,4,76,SALE,-1,SALE,3511,2026-05-11 15:50:00
8093,2,23,SALE,-3,SALE,489,2026-06-16 18:12:00
8094,1,49,SALE,-1,SALE,362,2026-07-07 20:59:00
8095,5,46,SALE,-3,SALE,2102,2026-08-28 15:33:00
8096,4,212,SALE,-4,SALE,2029,2026-04-28 18:05:00
8097,4,19,SALE,-3,SALE,216,2026-05-18 09:23:00
8098,2,39,SALE,-2,SALE,1255,2026-04-12 13:34:00
8099,2,238,SALE,-4,SALE,4161,2026-09-24 17:18:00
8100,4,87,SALE,-3,SALE,2897,2026-05-12 20:17:00
8101,1,45,SALE,-4,SALE,242,2026-09-26 15:43:00
8102,2,213,SALE,-1,SALE,4911,2026-08-14 20:53:00
8103,2,185,SALE,-1,SALE,2202,2026-06-02 11:56:00
8104,2,60,SALE,-3,SALE,3114,2026-06-16 13:42:00
8105,3,50,SALE,-2,SALE,3852,2026-06-01 19:13:00
8106,2,116,SALE,-1,SALE,1607,2026-08-19 18:23:00
8107,4,215,SALE,-3,SALE,3992,2026-07-23 15:56:00
8108,5,77,SALE,-4,SALE,2941,2026-07-21 19:06:00
8109,4,55,SALE,-4,SALE,4783,2026-07-16 09:49:00
8110,1,212,SALE,-4,SALE,3768,2026-08-13 17:52:00
8111,1,107,SALE,-3,SALE,4455,2026-05-02 10:23:00
8112,1,138,SALE,-4,SALE,1374,2026-04-15 19:54:00
8113,5,100,SALE,-1,SALE,392,2026-09-23 20:01:00
8114,2,51,SALE,-4,SALE,71,2026-08-15 13:24:00
8115,4,226,SALE,-4,SALE,338,2026-07-05 12:32:00
8116,3,30,SALE,-1,SALE,1843,2026-06-20 12:50:00
8117,4,222,SALE,-2,SALE,1128,2026-07-21 20:38:00
8118,1,187,SALE,-2,SALE,3064,2026-06-22 09:47:00
8119,3,191,SALE,-3,SALE,2757,2026-08-27 09:12:00
8120,5,173,SALE,-2,SALE,189,2026-06-16 13:42:00
8121,5,196,SALE,-2,SALE,4775,2026-04-18 16:43:00
8122,5,102,SALE,-3,SALE,2705,2026-09-19 14:08:00
8123,3,13,SALE,-2,SALE,1828,2026-04-09 18:09:00
8124,3,98,SALE,-4,SALE,304,2026-04-05 17:42:00
8125,1,21,SALE,-2,SALE,444,2026-04-03 12:40:00
8126,1,10,SALE,-4,SALE,3303,2026-04-08 13:41:00
8127,3,45,SALE,-4,SALE,4486,2026-06-03 18:37:00
8128,5,28,SALE,-4,SALE,487,2026-05-26 18:32:00
8129,4,233,SALE,-3,SALE,2567,2026-06-21 20:54:00
8130,1,208,SALE,-3,SALE,2822,2026-09-11 20:43:00
8131,4,199,SALE,-1,SALE,2616,2026-09-22 17:58:00
8132,1,178,SALE,-2,SALE,3984,2026-09-16 17:52:00
8133,5,87,SALE,-3,SALE,2158,2026-07-15 10:30:00
8134,5,87,SALE,-2,SALE,2823,2026-08-19 09:33:00
8135,2,31,SALE,-4,SALE,3558,2026-06-13 20:40:00
8136,5,182,SALE,-1,SALE,2041,2026-09-08 14:01:00
8137,3,118,SALE,-2,SALE,4771,2026-05-21 18:01:00
8138,5,5,SALE,-2,SALE,2782,2026-04-23 09:45:00
8139,2,76,SALE,-3,SALE,2357,2026-08-05 16:45:00
8140,1,76,SALE,-1,SALE,1781,2026-08-27 10:01:00
8141,5,104,SALE,-4,SALE,2689,2026-08-28 20:33:00
8142,1,119,SALE,-4,SALE,1964,2026-08-27 19:48:00
8143,2,172,SALE,-4,SALE,3642,2026-05-26 13:22:00
8144,2,149,SALE,-4,SALE,3353,2026-05-28 16:40:00
8145,1,24,SALE,-2,SALE,3325,2026-08-29 16:23:00
8146,2,232,SALE,-3,SALE,3257,2026-08-13 20:12:00
8147,5,158,SALE,-1,SALE,3130,2026-08-31 12:01:00
8148,4,171,SALE,-4,SALE,87,2026-09-11 09:59:00
8149,1,62,SALE,-4,SALE,3984,2026-09-16 17:52:00
8150,5,46,SALE,-1,SALE,70,2026-08-21 10:52:00
8151,2,167,SALE,-2,SALE,36,2026-08-22 12:31:00
8152,1,189,SALE,-3,SALE,11,2026-09-06 11:05:00
8153,1,213,SALE,-4,SALE,426,2026-08-08 20:45:00
8154,5,116,SALE,-3,SALE,1369,2026-07-06 17:27:00
8155,1,202,SALE,-4,SALE,878,2026-07-12 18:09:00
8156,3,151,SALE,-1,SALE,1059,2026-08-29 16:16:00
8157,3,28,SALE,-1,SALE,3292,2026-05-24 10:32:00
8158,1,161,SALE,-4,SALE,731,2026-04-24 16:57:00
8159,4,51,SALE,-4,SALE,1888,2026-07-02 13:51:00
8160,3,33,SALE,-1,SALE,1731,2026-07-05 20:08:00
8161,3,10,SALE,-1,SALE,2572,2026-07-13 19:11:00
8162,3,180,SALE,-2,SALE,858,2026-08-19 09:11:00
8163,5,59,SALE,-2,SALE,293,2026-08-30 19:40:00
8164,3,120,SALE,-1,SALE,4227,2026-06-01 18:34:00
8165,5,24,SALE,-2,SALE,1734,2026-04-18 20:33:00
8166,5,62,SALE,-3,SALE,2823,2026-08-19 09:33:00
8167,1,101,SALE,-2,SALE,3732,2026-09-14 20:57:00
8168,1,208,SALE,-4,SALE,3897,2026-04-19 19:46:00
8169,1,36,SALE,-2,SALE,2636,2026-06-15 18:33:00
8170,1,144,SALE,-4,SALE,1785,2026-08-22 19:28:00
8171,2,65,SALE,-2,SALE,4694,2026-07-16 10:29:00
8172,5,70,SALE,-2,SALE,1910,2026-06-06 12:59:00
8173,5,149,SALE,-1,SALE,4297,2026-08-18 09:12:00
8174,1,149,SALE,-4,SALE,2210,2026-04-20 14:55:00
8175,3,119,SALE,-3,SALE,1736,2026-09-23 10:19:00
8176,5,15,SALE,-4,SALE,1235,2026-07-09 18:18:00
8177,1,205,SALE,-1,SALE,1576,2026-08-14 18:29:00
8178,2,40,SALE,-3,SALE,1709,2026-08-04 20:06:00
8179,2,102,SALE,-3,SALE,425,2026-04-06 17:06:00
8180,1,121,SALE,-4,SALE,3606,2026-08-15 17:34:00
8181,2,117,SALE,-2,SALE,2336,2026-06-13 10:42:00
8182,1,140,SALE,-2,SALE,941,2026-05-21 20:10:00
8183,5,214,SALE,-2,SALE,4896,2026-07-11 10:17:00
8184,4,14,SALE,-4,SALE,4470,2026-06-26 16:06:00
8185,4,160,SALE,-3,SALE,2099,2026-09-14 11:16:00
8186,2,100,SALE,-4,SALE,1058,2026-08-17 10:10:00
8187,1,19,SALE,-2,SALE,4727,2026-06-26 12:56:00
8188,5,228,SALE,-1,SALE,2742,2026-06-06 16:16:00
8189,1,83,SALE,-2,SALE,1374,2026-04-15 19:54:00
8190,3,13,SALE,-3,SALE,1423,2026-09-27 11:31:00
8191,3,4,SALE,-1,SALE,2050,2026-06-20 18:50:00
8192,3,168,SALE,-3,SALE,4899,2026-09-27 17:00:00
8193,2,169,SALE,-1,SALE,1160,2026-08-13 19:34:00
8194,1,232,SALE,-2,SALE,2803,2026-05-12 12:38:00
8195,3,95,SALE,-2,SALE,3754,2026-09-03 13:08:00
8196,3,67,SALE,-2,SALE,545,2026-08-16 13:18:00
8197,4,50,SALE,-3,SALE,1225,2026-09-02 13:46:00
8198,5,70,SALE,-2,SALE,1422,2026-08-03 10:59:00
8199,1,112,SALE,-3,SALE,2528,2026-05-22 13:52:00
8200,2,9,SALE,-3,SALE,2962,2026-08-23 20:12:00
8201,2,224,SALE,-1,SALE,4668,2026-04-23 16:59:00
8202,3,123,SALE,-1,SALE,2147,2026-04-24 13:00:00
8203,3,172,SALE,-1,SALE,983,2026-07-05 10:02:00
8204,2,94,SALE,-4,SALE,1474,2026-06-03 16:26:00
8205,4,38,SALE,-2,SALE,2885,2026-08-12 15:34:00
8206,3,216,SALE,-1,SALE,1307,2026-04-24 17:34:00
8207,3,232,SALE,-4,SALE,3585,2026-04-10 14:18:00
8208,1,120,SALE,-1,SALE,443,2026-08-22 14:07:00
8209,4,79,SALE,-3,SALE,2988,2026-05-11 17:29:00
8210,2,199,SALE,-4,SALE,2172,2026-05-30 12:56:00
8211,3,48,SALE,-2,SALE,3401,2026-08-23 17:36:00
8212,4,220,SALE,-1,SALE,4567,2026-06-26 11:35:00
8213,4,197,SALE,-1,SALE,1566,2026-05-23 18:07:00
8214,5,216,SALE,-3,SALE,1008,2026-04-03 17:50:00
8215,2,51,SALE,-2,SALE,2976,2026-08-01 14:35:00
8216,1,58,SALE,-1,SALE,4782,2026-09-18 11:50:00
8217,1,54,SALE,-3,SALE,3869,2026-08-31 19:48:00
8218,3,19,SALE,-4,SALE,2523,2026-07-17 16:12:00
8219,2,171,SALE,-2,SALE,442,2026-04-04 19:25:00
8220,4,162,SALE,-4,SALE,2722,2026-05-16 16:52:00
8221,4,63,SALE,-2,SALE,4108,2026-06-20 19:33:00
8222,4,174,SALE,-4,SALE,633,2026-06-13 16:33:00
8223,1,80,SALE,-4,SALE,2711,2026-04-27 15:46:00
8224,3,177,SALE,-4,SALE,3728,2026-08-26 17:54:00
8225,3,26,SALE,-1,SALE,2925,2026-09-20 19:14:00
8226,3,200,SALE,-3,SALE,483,2026-07-23 14:40:00
8227,5,56,SALE,-4,SALE,1330,2026-08-24 10:50:00
8228,2,18,SALE,-2,SALE,4710,2026-07-30 09:13:00
8229,2,166,SALE,-4,SALE,4893,2026-04-21 11:37:00
8230,2,123,SALE,-4,SALE,1147,2026-05-07 20:45:00
8231,4,74,SALE,-3,SALE,78,2026-04-14 19:18:00
8232,4,64,SALE,-2,SALE,1113,2026-05-18 14:58:00
8233,1,105,SALE,-4,SALE,4556,2026-05-15 10:37:00
8234,1,199,SALE,-3,SALE,1853,2026-07-05 09:46:00
8235,2,75,SALE,-4,SALE,4798,2026-04-25 17:42:00
8236,3,140,SALE,-1,SALE,572,2026-08-06 13:48:00
8237,2,67,SALE,-1,SALE,114,2026-06-21 18:08:00
8238,1,148,SALE,-4,SALE,1133,2026-04-19 18:36:00
8239,3,14,SALE,-2,SALE,451,2026-08-24 11:08:00
8240,3,50,SALE,-2,SALE,2065,2026-06-26 20:30:00
8241,5,175,SALE,-3,SALE,2588,2026-05-12 12:21:00
8242,2,12,SALE,-3,SALE,4409,2026-08-26 12:06:00
8243,2,147,SALE,-4,SALE,4631,2026-08-22 13:33:00
8244,2,71,SALE,-2,SALE,654,2026-09-16 20:47:00
8245,4,156,SALE,-3,SALE,285,2026-09-17 17:43:00
8246,2,201,SALE,-2,SALE,1645,2026-07-14 09:05:00
8247,3,187,SALE,-1,SALE,696,2026-06-19 11:50:00
8248,1,33,SALE,-3,SALE,1064,2026-08-23 20:47:00
8249,2,154,SALE,-2,SALE,3381,2026-08-14 18:39:00
8250,5,22,SALE,-3,SALE,161,2026-06-03 14:37:00
8251,1,55,SALE,-4,SALE,3917,2026-09-15 18:52:00
8252,3,173,SALE,-4,SALE,4136,2026-08-20 10:51:00
8253,3,37,SALE,-2,SALE,1201,2026-09-22 13:56:00
8254,4,38,SALE,-4,SALE,3639,2026-05-08 18:02:00
8255,5,149,SALE,-1,SALE,4876,2026-05-06 16:53:00
8256,4,119,SALE,-3,SALE,4044,2026-09-21 12:29:00
8257,3,65,SALE,-4,SALE,1106,2026-08-31 15:40:00
8258,5,50,SALE,-1,SALE,130,2026-08-27 09:33:00
8259,1,189,SALE,-4,SALE,3942,2026-08-27 17:37:00
8260,2,55,SALE,-3,SALE,2770,2026-07-16 11:06:00
8261,2,206,SALE,-2,SALE,4230,2026-08-24 12:56:00
8262,5,43,SALE,-1,SALE,3824,2026-05-29 12:14:00
8263,3,196,SALE,-4,SALE,2789,2026-07-23 09:42:00
8264,1,172,SALE,-2,SALE,358,2026-08-05 09:13:00
8265,1,44,SALE,-2,SALE,1785,2026-08-22 19:28:00
8266,4,111,SALE,-4,SALE,2751,2026-04-06 12:23:00
8267,1,20,SALE,-1,SALE,4569,2026-07-28 14:16:00
8268,4,78,SALE,-2,SALE,2035,2026-07-10 12:25:00
8269,3,207,SALE,-4,SALE,2184,2026-09-08 17:58:00
8270,2,167,SALE,-4,SALE,4843,2026-09-02 17:56:00
8271,4,192,SALE,-4,SALE,3622,2026-09-18 18:27:00
8272,4,29,SALE,-4,SALE,3653,2026-07-29 13:21:00
8273,3,224,SALE,-1,SALE,4253,2026-07-02 18:11:00
8274,5,180,SALE,-1,SALE,273,2026-09-25 20:06:00
8275,1,56,SALE,-2,SALE,3976,2026-07-14 14:15:00
8276,3,112,SALE,-2,SALE,4704,2026-08-07 20:54:00
8277,3,148,SALE,-2,SALE,2635,2026-06-26 09:44:00
8278,5,125,SALE,-1,SALE,4109,2026-07-24 09:25:00
8279,1,234,SALE,-3,SALE,4851,2026-05-26 11:31:00
8280,5,59,SALE,-3,SALE,3568,2026-05-22 20:51:00
8281,2,84,SALE,-3,SALE,2698,2026-08-11 17:06:00
8282,4,87,SALE,-4,SALE,3876,2026-06-22 14:42:00
8283,2,79,SALE,-3,SALE,3507,2026-04-12 10:54:00
8284,3,195,SALE,-2,SALE,4512,2026-04-20 14:07:00
8285,3,227,SALE,-3,SALE,3993,2026-08-31 12:33:00
8286,5,25,SALE,-4,SALE,3994,2026-09-24 11:34:00
8287,3,217,SALE,-2,SALE,2157,2026-05-11 10:15:00
8288,2,2,SALE,-1,SALE,2238,2026-09-27 16:51:00
8289,4,195,SALE,-1,SALE,1155,2026-09-20 19:55:00
8290,2,27,SALE,-2,SALE,680,2026-08-22 09:44:00
8291,3,211,SALE,-2,SALE,4639,2026-06-16 13:17:00
8292,3,217,SALE,-4,SALE,2771,2026-04-17 18:10:00
8293,1,123,SALE,-2,SALE,3438,2026-05-17 15:39:00
8294,2,174,SALE,-2,SALE,2802,2026-04-01 20:13:00
8295,2,54,SALE,-3,SALE,4917,2026-06-15 18:41:00
8296,4,133,SALE,-2,SALE,1182,2026-07-27 17:39:00
8297,1,50,SALE,-4,SALE,2355,2026-07-05 20:36:00
8298,4,76,SALE,-4,SALE,4977,2026-04-21 13:05:00
8299,1,132,SALE,-1,SALE,3147,2026-08-20 20:50:00
8300,5,224,SALE,-4,SALE,2293,2026-06-15 09:28:00
8301,1,124,SALE,-4,SALE,4603,2026-04-08 16:25:00
8302,2,59,SALE,-3,SALE,1834,2026-08-04 10:48:00
8303,1,236,SALE,-4,SALE,210,2026-06-20 20:04:00
8304,1,140,SALE,-1,SALE,1124,2026-06-30 17:00:00
8305,5,172,SALE,-1,SALE,1631,2026-04-16 11:49:00
8306,5,43,SALE,-3,SALE,3128,2026-04-30 10:00:00
8307,1,198,SALE,-2,SALE,1413,2026-08-09 17:25:00
8308,5,143,SALE,-1,SALE,3516,2026-09-16 20:56:00
8309,2,170,SALE,-4,SALE,3829,2026-09-24 15:58:00
8310,4,104,SALE,-4,SALE,1976,2026-06-30 16:36:00
8311,3,61,SALE,-1,SALE,4041,2026-07-30 18:14:00
8312,5,40,SALE,-4,SALE,2768,2026-07-24 14:22:00
8313,4,83,SALE,-1,SALE,1500,2026-06-01 12:22:00
8314,3,229,SALE,-3,SALE,4921,2026-08-20 10:30:00
8315,5,87,SALE,-3,SALE,4017,2026-04-15 19:19:00
8316,4,141,SALE,-3,SALE,431,2026-07-18 16:10:00
8317,3,7,SALE,-1,SALE,3232,2026-07-12 10:18:00
8318,3,22,SALE,-2,SALE,1191,2026-05-02 14:47:00
8319,1,40,SALE,-1,SALE,1861,2026-04-12 11:04:00
8320,2,26,SALE,-1,SALE,2295,2026-05-17 15:23:00
8321,5,194,SALE,-1,SALE,1057,2026-05-27 18:02:00
8322,2,102,SALE,-1,SALE,3397,2026-04-10 20:52:00
8323,4,56,SALE,-2,SALE,2891,2026-06-02 16:46:00
8324,2,4,SALE,-2,SALE,2916,2026-07-21 18:20:00
8325,3,132,SALE,-2,SALE,145,2026-08-17 14:12:00
8326,1,116,SALE,-4,SALE,193,2026-04-12 15:30:00
8327,2,60,SALE,-1,SALE,407,2026-06-02 14:15:00
8328,2,222,SALE,-4,SALE,3358,2026-07-10 12:03:00
8329,5,165,SALE,-3,SALE,819,2026-09-28 17:06:00
8330,1,125,SALE,-2,SALE,2022,2026-06-08 14:30:00
8331,3,108,SALE,-3,SALE,1099,2026-06-12 14:49:00
8332,2,70,SALE,-1,SALE,4850,2026-09-01 12:58:00
8333,5,11,SALE,-3,SALE,735,2026-08-24 15:29:00
8334,2,167,SALE,-3,SALE,1839,2026-08-28 10:41:00
8335,2,224,SALE,-4,SALE,173,2026-04-21 20:38:00
8336,3,219,SALE,-1,SALE,1814,2026-07-04 16:01:00
8337,2,16,SALE,-1,SALE,442,2026-04-04 19:25:00
8338,1,7,SALE,-4,SALE,1952,2026-07-10 11:35:00
8339,4,7,SALE,-1,SALE,935,2026-09-17 13:39:00
8340,5,192,SALE,-4,SALE,2823,2026-08-19 09:33:00
8341,1,65,SALE,-2,SALE,3739,2026-05-09 14:25:00
8342,4,126,SALE,-3,SALE,357,2026-08-14 12:36:00
8343,1,25,SALE,-3,SALE,1707,2026-06-15 14:54:00
8344,3,47,SALE,-3,SALE,483,2026-07-23 14:40:00
8345,5,58,SALE,-2,SALE,4066,2026-06-29 09:50:00
8346,1,220,SALE,-4,SALE,4366,2026-09-12 17:03:00
8347,2,227,SALE,-3,SALE,4156,2026-08-10 18:16:00
8348,2,170,SALE,-3,SALE,1363,2026-07-07 20:24:00
8349,2,81,SALE,-1,SALE,3097,2026-04-27 17:37:00
8350,2,218,SALE,-4,SALE,3340,2026-07-02 12:41:00
8351,4,29,SALE,-4,SALE,609,2026-05-12 09:18:00
8352,5,7,SALE,-2,SALE,708,2026-05-30 15:33:00
8353,4,81,SALE,-1,SALE,2988,2026-05-11 17:29:00
8354,5,228,SALE,-4,SALE,4077,2026-08-27 20:20:00
8355,3,186,SALE,-4,SALE,1760,2026-04-09 11:48:00
8356,1,95,SALE,-3,SALE,4628,2026-08-09 18:27:00
8357,5,173,SALE,-2,SALE,3570,2026-07-23 14:07:00
8358,3,154,SALE,-2,SALE,2395,2026-08-08 12:11:00
8359,2,19,SALE,-4,SALE,2672,2026-04-01 12:32:00
8360,5,156,SALE,-3,SALE,973,2026-05-06 13:33:00
8361,2,175,SALE,-4,SALE,111,2026-09-08 09:18:00
8362,5,84,SALE,-1,SALE,101,2026-05-31 20:28:00
8363,3,59,SALE,-3,SALE,3754,2026-09-03 13:08:00
8364,2,48,SALE,-4,SALE,114,2026-06-21 18:08:00
8365,5,180,SALE,-3,SALE,281,2026-08-04 10:33:00
8366,2,217,SALE,-3,SALE,129,2026-06-29 09:05:00
8367,2,62,SALE,-1,SALE,3946,2026-07-15 16:04:00
8368,4,161,SALE,-4,SALE,1897,2026-05-13 10:16:00
8369,1,75,SALE,-1,SALE,3755,2026-05-11 15:58:00
8370,2,156,SALE,-1,SALE,4350,2026-08-16 10:15:00
8371,1,83,SALE,-3,SALE,333,2026-09-18 18:39:00
8372,2,6,SALE,-2,SALE,852,2026-06-13 13:37:00
8373,2,132,SALE,-1,SALE,3092,2026-08-06 15:39:00
8374,4,208,SALE,-2,SALE,1476,2026-05-24 18:49:00
8375,4,109,SALE,-3,SALE,2637,2026-04-11 13:45:00
8376,1,179,SALE,-4,SALE,3869,2026-08-31 19:48:00
8377,3,88,SALE,-2,SALE,1030,2026-05-01 10:13:00
8378,4,147,SALE,-2,SALE,1484,2026-09-06 11:22:00
8379,2,198,SALE,-4,SALE,2880,2026-07-07 14:26:00
8380,5,161,SALE,-1,SALE,1333,2026-07-14 19:44:00
8381,5,104,SALE,-4,SALE,900,2026-08-15 18:41:00
8382,5,240,SALE,-2,SALE,602,2026-04-27 18:00:00
8383,1,219,SALE,-2,SALE,1209,2026-06-03 12:54:00
8384,4,157,SALE,-2,SALE,4287,2026-04-29 17:58:00
8385,4,48,SALE,-4,SALE,3693,2026-06-20 10:22:00
8386,3,40,SALE,-4,SALE,2438,2026-04-28 13:15:00
8387,2,110,SALE,-2,SALE,3052,2026-07-28 17:47:00
8388,5,167,SALE,-1,SALE,2944,2026-05-06 16:45:00
8389,5,197,SALE,-1,SALE,3134,2026-07-28 17:06:00
8390,2,186,SALE,-3,SALE,3884,2026-06-24 11:55:00
8391,3,153,SALE,-4,SALE,1107,2026-05-12 19:56:00
8392,2,101,SALE,-3,SALE,3435,2026-07-13 12:38:00
8393,4,56,SALE,-4,SALE,1188,2026-06-16 09:04:00
8394,3,58,SALE,-1,SALE,3233,2026-06-09 18:11:00
8395,5,76,SALE,-4,SALE,2571,2026-07-07 09:49:00
8396,5,121,SALE,-3,SALE,4109,2026-07-24 09:25:00
8397,5,107,SALE,-3,SALE,4787,2026-04-14 15:11:00
8398,4,71,SALE,-2,SALE,2844,2026-08-31 13:27:00
8399,5,51,SALE,-4,SALE,2905,2026-08-11 13:59:00
8400,5,177,SALE,-3,SALE,2853,2026-08-06 13:45:00
8401,3,37,SALE,-4,SALE,1603,2026-08-26 14:40:00
8402,4,27,SALE,-1,SALE,2228,2026-04-23 16:01:00
8403,4,210,SALE,-3,SALE,3296,2026-08-24 15:28:00
8404,3,199,SALE,-3,SALE,1743,2026-08-22 15:04:00
8405,4,8,SALE,-3,SALE,2510,2026-07-10 15:42:00
8406,1,96,SALE,-3,SALE,1281,2026-04-08 14:34:00
8407,5,175,SALE,-2,SALE,732,2026-04-30 17:11:00
8408,4,174,SALE,-4,SALE,2024,2026-06-23 14:53:00
8409,2,54,SALE,-2,SALE,4327,2026-06-18 09:08:00
8410,5,123,SALE,-2,SALE,748,2026-04-16 18:46:00
8411,5,41,SALE,-3,SALE,2321,2026-06-12 11:31:00
8412,1,221,SALE,-1,SALE,4272,2026-06-23 16:19:00
8413,4,12,SALE,-2,SALE,4788,2026-04-20 09:55:00
8414,1,37,SALE,-3,SALE,2074,2026-07-15 12:49:00
8415,5,49,SALE,-1,SALE,3941,2026-09-03 19:45:00
8416,4,216,SALE,-3,SALE,3088,2026-06-15 17:46:00
8417,2,15,SALE,-1,SALE,2422,2026-05-03 09:37:00
8418,3,65,SALE,-3,SALE,1600,2026-07-28 12:28:00
8419,2,153,SALE,-4,SALE,4610,2026-04-19 11:50:00
8420,2,189,SALE,-3,SALE,599,2026-07-05 20:35:00
8421,4,151,SALE,-1,SALE,3252,2026-09-07 13:16:00
8422,1,87,SALE,-1,SALE,941,2026-05-21 20:10:00
8423,1,236,SALE,-2,SALE,1344,2026-05-27 16:43:00
8424,3,185,SALE,-4,SALE,4143,2026-09-15 12:00:00
8425,5,95,SALE,-4,SALE,634,2026-04-10 12:04:00
8426,5,27,SALE,-1,SALE,1464,2026-08-01 15:53:00
8427,2,24,SALE,-2,SALE,2863,2026-09-16 10:27:00
8428,3,74,SALE,-2,SALE,3660,2026-07-07 16:47:00
8429,3,64,SALE,-1,SALE,2156,2026-08-01 09:03:00
8430,2,169,SALE,-3,SALE,1450,2026-08-18 17:54:00
8431,2,115,SALE,-4,SALE,544,2026-09-01 09:40:00
8432,2,125,SALE,-2,SALE,3214,2026-07-05 11:07:00
8433,2,78,SALE,-1,SALE,4072,2026-08-30 20:23:00
8434,4,39,SALE,-2,SALE,3054,2026-06-27 18:39:00
8435,1,177,SALE,-4,SALE,2674,2026-08-20 17:26:00
8436,5,219,SALE,-4,SALE,722,2026-08-29 13:54:00
8437,5,194,SALE,-4,SALE,3290,2026-07-06 15:36:00
8438,2,166,SALE,-4,SALE,4964,2026-08-23 18:53:00
8439,4,197,SALE,-2,SALE,3173,2026-04-08 15:40:00
8440,3,161,SALE,-3,SALE,2665,2026-07-19 10:27:00
8441,3,24,SALE,-2,SALE,1789,2026-09-04 12:50:00
8442,1,223,SALE,-2,SALE,3221,2026-05-26 16:27:00
8443,2,170,SALE,-3,SALE,3583,2026-05-01 12:49:00
8444,3,97,SALE,-1,SALE,1345,2026-04-17 09:58:00
8445,2,123,SALE,-4,SALE,676,2026-08-01 15:17:00
8446,1,151,SALE,-4,SALE,1181,2026-08-29 11:14:00
8447,3,142,SALE,-3,SALE,2179,2026-04-24 20:56:00
8448,3,50,SALE,-3,SALE,1907,2026-04-28 16:56:00
8449,2,193,SALE,-2,SALE,109,2026-06-01 17:07:00
8450,5,208,SALE,-3,SALE,967,2026-04-10 17:30:00
8451,2,211,SALE,-1,SALE,1927,2026-09-26 12:36:00
8452,5,176,SALE,-1,SALE,894,2026-05-10 14:35:00
8453,5,124,SALE,-2,SALE,2134,2026-07-18 15:40:00
8454,2,30,SALE,-3,SALE,3160,2026-07-13 13:42:00
8455,3,63,SALE,-3,SALE,2796,2026-05-25 15:09:00
8456,1,17,SALE,-3,SALE,3929,2026-06-15 10:03:00
8457,3,143,SALE,-4,SALE,1736,2026-09-23 10:19:00
8458,4,172,SALE,-1,SALE,4670,2026-04-01 10:01:00
8459,1,87,SALE,-4,SALE,4541,2026-04-06 12:02:00
8460,5,118,SALE,-4,SALE,717,2026-07-31 11:25:00
8461,5,99,SALE,-1,SALE,3521,2026-05-21 15:51:00
8462,1,113,SALE,-4,SALE,3679,2026-04-04 13:21:00
8463,5,202,SALE,-1,SALE,1744,2026-08-19 19:34:00
8464,3,208,SALE,-4,SALE,3593,2026-04-20 15:40:00
8465,3,225,SALE,-3,SALE,4033,2026-08-28 11:26:00
8466,5,150,SALE,-1,SALE,4712,2026-07-06 12:58:00
8467,4,16,SALE,-1,SALE,3620,2026-06-11 18:20:00
8468,2,46,SALE,-4,SALE,1975,2026-04-08 10:56:00
8469,5,209,SALE,-1,SALE,1932,2026-04-02 11:41:00
8470,5,34,SALE,-3,SALE,3996,2026-05-21 10:35:00
8471,3,96,SALE,-4,SALE,1059,2026-08-29 16:16:00
8472,5,82,SALE,-4,SALE,1929,2026-06-04 14:29:00
8473,2,51,SALE,-4,SALE,3211,2026-07-19 16:35:00
8474,1,121,SALE,-2,SALE,3677,2026-05-21 09:25:00
8475,5,124,SALE,-2,SALE,4535,2026-04-07 20:40:00
8476,4,135,SALE,-2,SALE,1179,2026-06-07 17:32:00
8477,3,145,SALE,-1,SALE,3886,2026-05-15 17:12:00
